Event ID,Event Type ,Event Subtype,Type of Person,Date/Time of Event,Year,Month,Day of the Week,Time,Time interval (6 hours),Date/Time Reported,Location,Specific Location (include RCC Log no if relevant),Details of actual job being done at the time,Part of Body Affected,Injury Type,Was there a vehicle involved in this event?,Work related,Accident Type,Vehicle Motion,Who was Hit,Weather/Visibility,Surface Condition,Roadbed Grade,Lighting Conditions,Was A Police Report Filed?,Name of Law Enforcement Agency,Preventable,Type,Kind of Event,Expected Lost Workdays (Total),Actual Lost Workdays (Total),Expected Restricted Workdays (Total),Actual Restricted Workdays (Total),Return To Work Date,Sign Off 1
26685,Near Miss,Minor or low potential impact,Not Entered,11/11/2016 7:45,2016,Nov,Fri,7:45,6:00,11/14/2016 10:18,,,Construction & Maintenance,,,No,,,,,,,,,No,,,,Incursion due to breakdown,0,0,0,0,,
26686,Near Miss,Minor or low potential impact,Not Entered,11/11/2016 19:47,2016,Nov,Fri,19:47,18:00,11/14/2016 10:20,,,Construction & Maintenance,,,No,,,,,,,,,No,,,,Incursion due to breakdown,0,0,0,0,,
26687,Near Miss,Minor or low potential impact,Not Entered,11/13/2016 23:29,2016,Nov,Sun,23:29,18:00,11/14/2016 10:23,,,Construction & Maintenance,,,No,,,,,,,,,No,,,,Incursion due to breakdown,0,0,0,0,,
26705,Near Miss,Minor or low potential impact,Not Entered,11/15/2016 12:21,2016,Nov,Tue,12:21,12:00,11/15/2016 15:45,,,Construction & Maintenance,,,No,,,,,,,,,No,,,,Incursion due to breakdown,0,0,0,0,,
26711,Near Miss,Minor or low potential impact,Not Entered,11/15/2016 16:28,2016,Nov,Tue,16:28,12:00,11/16/2016 11:56,,,Construction & Maintenance,,,No,,,,,,,,,No,,,,Incursion due to breakdown,0,0,0,0,,
26723,Near Miss,Minor or low potential impact,Not Entered,11/17/2016 9:11,2016,Nov,Thu,9:11,6:00,11/18/2016 8:44,,,Construction & Maintenance,,,No,,,,,,,,,No,,,,Incursion due to breakdown,0,0,0,0,,
26729,Near Miss,Minor or low potential impact,Not Entered,11/18/2016 12:08,2016,Nov,Fri,12:08,12:00,11/21/2016 11:38,,,Construction & Maintenance,,,No,,,,,,,,,No,,,,Incursion unintentional as result of accident,0,0,0,0,,
26730,Near Miss,Minor or low potential impact,Not Entered,11/20/2016 14:09,2016,Nov,Sun,14:09,12:00,11/21/2016 11:40,,,Construction & Maintenance,,,No,,,,,,,,,No,,,,Incursion due to breakdown,0,0,0,0,,
26749,Near Miss,Minor or low potential impact,Not Entered,11/22/2016 10:20,2016,Nov,Tue,10:20,6:00,11/22/2016 14:28,,,Construction & Maintenance,,,No,,,,,,,,,No,,,,Incursion due to breakdown,0,0,0,0,,
26751,Near Miss,Minor or low potential impact,Not Entered,11/22/2016 14:25,2016,Nov,Tue,14:25,12:00,11/22/2016 16:23,,,Construction & Maintenance,,,No,,,,,,,,,No,,,,Incursion due to breakdown,0,0,0,0,,
26754,Near Miss,Minor or low potential impact,Not Entered,11/23/2016 1:52,2016,Nov,Wed,1:52,0:00,11/23/2016 8:06,,,Construction & Maintenance,,,No,,,,,,,,,Yes,,,,Incursion unintentional - confused or follow in,0,0,0,0,,
26755,Near Miss,Minor or low potential impact,Not Entered,11/23/2016 6:48,2016,Nov,Wed,6:48,6:00,11/23/2016 8:08,,,Construction & Maintenance,,,No,,,,,,,,,No,,,,Incursion due to breakdown,0,0,0,0,,
26773,Near Miss,Minor or low potential impact,Not Entered,11/23/2016 12:22,2016,Nov,Wed,12:22,12:00,11/24/2016 8:35,,,Construction & Maintenance,,,No,,,,,,,,,No,,,,Incursion due to breakdown,0,0,0,0,,
26774,Near Miss,Minor or low potential impact,Not Entered,11/23/2016 14:20,2016,Nov,Wed,14:20,12:00,11/24/2016 8:37,,,Construction & Maintenance,,,No,,,,,,,,,No,,,,Incursion due to breakdown,0,0,0,0,,
26775,Near Miss,Minor or low potential impact,Not Entered,11/23/2016 16:45,2016,Nov,Wed,16:45,12:00,11/24/2016 8:39,,,Construction & Maintenance,,,No,,,,,,,,,No,,,,Incursion due to breakdown,0,0,0,0,,
26782,Near Miss,Minor or low potential impact,Not Entered,11/24/2016 12:35,2016,Nov,Thu,12:35,12:00,11/24/2016 15:00,,,Construction & Maintenance,,,No,,,,,,,,,No,,,,Incursion due to breakdown,0,0,0,0,,
26781,Near Miss,Minor or low potential impact,Not Entered,11/24/2016 12:45,2016,Nov,Thu,12:45,12:00,11/24/2016 14:58,,,Construction & Maintenance,,,No,,,,,,,,,No,,,,Incursion due to breakdown,0,0,0,0,,
26796,Near Miss,Minor or low potential impact,Not Entered,11/24/2016 21:40,2016,Nov,Thu,21:40,18:00,11/28/2016 9:21,,,Construction & Maintenance,,,No,,,,,,,,,No,,,,Incursion due to breakdown,0,0,0,0,,
26798,Near Miss,Minor or low potential impact,Not Entered,11/26/2016 9:48,2016,Nov,Sat,9:48,6:00,11/28/2016 9:26,,,Construction & Maintenance,,,No,,,,,,,,,No,,,,Incursion due to breakdown,0,0,0,0,,
26797,Near Miss,Minor or low potential impact,Not Entered,11/26/2016 11:24,2016,Nov,Sat,11:24,6:00,11/28/2016 9:23,,,Construction & Maintenance,,,No,,,,,,,,,No,,,,Incursion due to breakdown,0,0,0,0,,
26799,Near Miss,Minor or low potential impact,Not Entered,11/26/2016 14:45,2016,Nov,Sat,14:45,12:00,11/28/2016 9:28,,,Construction & Maintenance,,,No,,,,,,,,,No,,,,Incursion due to breakdown,0,0,0,0,,
26800,Near Miss,Minor or low potential impact,Not Entered,11/27/2016 20:01,2016,Nov,Sun,20:01,18:00,11/28/2016 9:30,,,Construction & Maintenance,,,No,,,,,,,,,No,,,,Incursion due to breakdown,0,0,0,0,,
26849,Near Miss,Minor or low potential impact,Not Entered,12/1/2016 10:25,2016,Dec,Thu,10:25,6:00,12/1/2016 14:00,,,Construction & Maintenance,,,No,,,,,,,,,No,,,,Incursion due to breakdown,0,0,0,0,,
26853,Near Miss,Minor or low potential impact,Not Entered,12/1/2016 16:43,2016,Dec,Thu,16:43,12:00,12/2/2016 9:13,,,Construction & Maintenance,,,No,,,,,,,,,No,,,,Incursion due to breakdown,0,0,0,0,,
26852,Near Miss,Minor or low potential impact,Not Entered,12/1/2016 16:43,2016,Dec,Thu,16:43,12:00,12/2/2016 9:11,,,Construction & Maintenance,,,No,,,,,,,,,No,,,,Incursion due to breakdown,0,0,0,0,,
26854,Near Miss,Minor or low potential impact,Not Entered,12/2/2016 0:24,2016,Dec,Fri,0:24,0:00,12/2/2016 9:16,,,Construction & Maintenance,,,No,,,,,,,,,No,,,,Incursion due to breakdown,0,0,0,0,,
26855,Near Miss,Minor or low potential impact,Not Entered,12/2/2016 8:06,2016,Dec,Fri,8:06,6:00,12/2/2016 9:17,,,Construction & Maintenance,,,No,,,,,,,,,No,,,,Incursion due to breakdown,0,0,0,0,,
26874,Near Miss,Minor or low potential impact,Not Entered,12/5/2016 23:43,2016,Dec,Mon,23:43,18:00,12/7/2016 11:50,,,Construction & Maintenance,,,No,,,,,,,,,No,,,,Incursion due to breakdown,0,0,0,0,,
26875,Near Miss,Minor or low potential impact,Not Entered,12/6/2016 20:08,2016,Dec,Tue,20:08,18:00,12/7/2016 11:52,,,Construction & Maintenance,,,No,,,,,,,,,No,,,,Incursion due to breakdown,0,0,0,0,,
26886,Near Miss,Minor or low potential impact,Not Entered,12/7/2016 18:16,2016,Dec,Wed,18:16,18:00,12/8/2016 13:38,,,Construction & Maintenance,,,No,,,,,,,,,No,,,,Incursion due to breakdown,0,0,0,0,,
26887,Near Miss,Minor or low potential impact,Not Entered,12/8/2016 8:43,2016,Dec,Thu,8:43,6:00,12/8/2016 13:40,,,Construction & Maintenance,,,No,,,,,,,,,No,,,,Incursion due to breakdown,0,0,0,0,,
26889,Near Miss,Minor or low potential impact,Not Entered,12/8/2016 10:36,2016,Dec,Thu,10:36,6:00,12/8/2016 13:45,,,Construction & Maintenance,,,No,,,,,,,,,No,,,,Incursion due to breakdown,0,0,0,0,,
26888,Near Miss,Minor or low potential impact,Not Entered,12/8/2016 10:50,2016,Dec,Thu,10:50,6:00,12/8/2016 13:42,,,Construction & Maintenance,,,No,,,,,,,,,No,,,,Incursion due to breakdown,0,0,0,0,,
26890,Near Miss,Minor or low potential impact,Not Entered,12/8/2016 11:11,2016,Dec,Thu,11:11,6:00,12/8/2016 13:47,,,Construction & Maintenance,,,No,,,,,,,,,No,,,,Incursion due to breakdown,0,0,0,0,,
26900,Near Miss,Minor or low potential impact,Not Entered,12/9/2016 0:02,2016,Dec,Fri,0:02,0:00,12/9/2016 14:51,,,Construction & Maintenance,,,No,,,,,,,,,No,,,,Incursion due to breakdown,0,0,0,0,,
26901,Near Miss,Minor or low potential impact,Not Entered,12/9/2016 10:21,2016,Dec,Fri,10:21,6:00,12/9/2016 14:53,,,Construction & Maintenance,,,No,,,,,,,,,No,,,,Incursion due to breakdown,0,0,0,0,,
26908,Near Miss,Minor or low potential impact,Not Entered,12/10/2016 1:14,2016,Dec,Sat,1:14,0:00,12/13/2016 9:21,,,Construction & Maintenance,,,No,,,,,,,,,Yes,,,,Incursion due to breakdown,0,0,0,0,,
26909,Near Miss,Minor or low potential impact,Not Entered,12/10/2016 8:43,2016,Dec,Sat,8:43,6:00,12/13/2016 9:24,,,Construction & Maintenance,,,No,,,,,,,,,No,,,,Incursion due to breakdown,0,0,0,0,,
26910,Near Miss,Minor or low potential impact,Not Entered,12/10/2016 10:40,2016,Dec,Sat,10:40,6:00,12/13/2016 9:30,,,Construction & Maintenance,,,No,,,,,,,,,No,,,,Incursion due to breakdown,0,0,0,0,,
26911,Near Miss,Minor or low potential impact,Not Entered,12/12/2016 9:24,2016,Dec,Mon,9:24,6:00,12/13/2016 9:33,,,Construction & Maintenance,,,No,,,,,,,,,No,,,,Incursion due to breakdown,0,0,0,0,,
26912,Near Miss,Minor or low potential impact,Not Entered,12/12/2016 12:22,2016,Dec,Mon,12:22,12:00,12/13/2016 9:34,,,Construction & Maintenance,,,No,,,,,,,,,No,,,,Incursion due to breakdown,0,0,0,0,,
26913,Near Miss,Minor or low potential impact,Not Entered,12/12/2016 14:20,2016,Dec,Mon,14:20,12:00,12/13/2016 9:36,,,Construction & Maintenance,,,No,,,,,,,,,No,,,,Incursion due to breakdown,0,0,0,0,,
26914,Near Miss,Minor or low potential impact,Not Entered,12/12/2016 17:54,2016,Dec,Mon,17:54,12:00,12/13/2016 9:39,,,Construction & Maintenance,,,No,,,,,,,,,No,,,,Incursion due to breakdown,0,0,0,0,,
26927,Near Miss,Minor or low potential impact,Not Entered,12/13/2016 21:24,2016,Dec,Tue,21:24,18:00,12/14/2016 8:17,,,Construction & Maintenance,,,No,,,,,,,,,No,,,,Incursion due to breakdown,0,0,0,0,,
26950,Near Miss,Minor or low potential impact,Not Entered,12/15/2016 5:44,2016,Dec,Thu,5:44,0:00,12/19/2016 15:59,,,Construction & Maintenance,,,No,,,,,,,,,No,,,,Incursion due to breakdown,0,0,0,0,,
26951,Near Miss,Minor or low potential impact,Not Entered,12/16/2016 8:15,2016,Dec,Fri,8:15,6:00,12/19/2016 16:03,,,Construction & Maintenance,,,No,,,,,,,,,No,,,,Incursion due to breakdown,0,0,0,0,,
26952,Near Miss,Minor or low potential impact,Not Entered,12/16/2016 9:51,2016,Dec,Fri,9:51,6:00,12/19/2016 16:05,,,Construction & Maintenance,,,No,,,,,,,,,No,,,,Incursion due to breakdown,0,0,0,0,,
26953,Near Miss,Minor or low potential impact,Not Entered,12/16/2016 17:39,2016,Dec,Fri,17:39,12:00,12/19/2016 16:09,,,Construction & Maintenance,,,No,,,,,,,,,No,,,,Incursion due to breakdown,0,0,0,0,,
26957,Near Miss,Minor or low potential impact,Not Entered,12/16/2016 18:02,2016,Dec,Fri,18:02,18:00,12/19/2016 16:16,,,Construction & Maintenance,,,No,,,,,,,,,No,,,,Incursion due to breakdown,0,0,0,0,,
26955,Near Miss,Minor or low potential impact,Not Entered,12/17/2016 0:27,2016,Dec,Sat,0:27,0:00,12/19/2016 16:11,,,Construction & Maintenance,,,No,,,,,,,,,No,,,,Incursion due to breakdown,0,0,0,0,,
26956,Near Miss,Minor or low potential impact,Not Entered,12/18/2016 3:59,2016,Dec,Sun,3:59,0:00,12/19/2016 16:13,,,Construction & Maintenance,,,No,,,,,,,,,No,,,,Incursion to seek information or benefit,0,0,0,0,,
26958,Near Miss,Minor or low potential impact,Not Entered,12/18/2016 18:40,2016,Dec,Sun,18:40,18:00,12/19/2016 16:18,,,Construction & Maintenance,,,No,,,,,,,,,No,,,,Incursion due to breakdown,0,0,0,0,,
26959,Near Miss,Minor or low potential impact,Not Entered,12/19/2016 8:50,2016,Dec,Mon,8:50,6:00,12/19/2016 16:20,,,Construction & Maintenance,,,No,,,,,,,,,No,,,,Incursion to seek information or benefit,0,0,0,0,,
26962,Near Miss,Minor or low potential impact,Not Entered,12/19/2016 18:30,2016,Dec,Mon,18:30,18:00,12/20/2016 9:05,,,Construction & Maintenance,,,No,,,,,,,,,No,,,,Incursion to seek information or benefit,0,0,0,0,,
26963,Near Miss,Minor or low potential impact,Not Entered,12/20/2016 2:40,2016,Dec,Tue,2:40,0:00,12/20/2016 9:07,,,Construction & Maintenance,,,No,,,,,,,,,Yes,,,,Incursion unintentional as result of accident,0,0,0,0,,
26970,Near Miss,Minor or low potential impact,Not Entered,12/21/2016 17:30,2016,Dec,Wed,17:30,12:00,12/22/2016 8:09,,,Construction & Maintenance,,,No,,,,,,,,,No,,,,Incursion due to breakdown,0,0,0,0,,
26976,Near Miss,Minor or low potential impact,Not Entered,12/23/2016 11:02,2016,Dec,Fri,11:02,6:00,12/23/2016 12:23,,,Construction & Maintenance,,,No,,,,,,,,,No,,,,Incursion due to breakdown,0,0,0,0,,
27017,Near Miss,Minor or low potential impact,Not Entered,12/24/2016 12:30,2016,Dec,Sat,12:30,12:00,1/9/2017 12:58,,,Construction & Maintenance,,,No,,,,,,,,,No,,,,Incursion due to breakdown,0,0,0,0,,
27018,Near Miss,Minor or low potential impact,Not Entered,12/25/2016 12:22,2016,Dec,Sun,12:22,12:00,1/9/2017 13:03,,,Construction & Maintenance,,,No,,,,,,,,,No,,,,Incursion due to breakdown,0,0,0,0,,
27019,Near Miss,Minor or low potential impact,Not Entered,12/25/2016 13:04,2016,Dec,Sun,13:04,12:00,1/9/2017 13:11,,,Construction & Maintenance,,,No,,,,,,,,,No,,,,Incursion due to breakdown,0,0,0,0,,
27020,Near Miss,Minor or low potential impact,Not Entered,12/26/2016 14:26,2016,Dec,Mon,14:26,12:00,1/9/2017 13:13,,,Construction & Maintenance,,,No,,,,,,,,,No,,,,Incursion due to breakdown,0,0,0,0,,
27021,Near Miss,Minor or low potential impact,Not Entered,12/27/2016 14:40,2016,Dec,Tue,14:40,12:00,1/9/2017 13:15,,,Construction & Maintenance,,,No,,,,,,,,,No,,,,Incursion due to breakdown,0,0,0,0,,
27023,Near Miss,Minor or low potential impact,Not Entered,12/28/2016 12:20,2016,Dec,Wed,12:20,12:00,1/9/2017 13:20,,,Construction & Maintenance,,,No,,,,,,,,,No,,,,Incursion due to breakdown,0,0,0,0,,
27022,Near Miss,Minor or low potential impact,Not Entered,12/28/2016 13:29,2016,Dec,Wed,13:29,12:00,1/9/2017 13:17,,,Construction & Maintenance,,,No,,,,,,,,,No,,,,Incursion unintentional as result of accident,0,0,0,0,,
27024,Near Miss,Minor or low potential impact,Not Entered,12/28/2016 17:05,2016,Dec,Wed,17:05,12:00,1/9/2017 13:22,,,Construction & Maintenance,,,No,,,,,,,,,No,,,,Incursion due to breakdown,0,0,0,0,,
27025,Near Miss,Minor or low potential impact,Not Entered,12/28/2016 17:25,2016,Dec,Wed,17:25,12:00,1/9/2017 13:24,,,Construction & Maintenance,,,No,,,,,,,,,No,,,,Incursion due to breakdown,0,0,0,0,,
27026,Near Miss,Minor or low potential impact,Not Entered,12/29/2016 5:50,2016,Dec,Thu,5:50,0:00,1/9/2017 13:26,,,Construction & Maintenance,,,No,,,,,,,,,No,,,,Incursion due to breakdown,0,0,0,0,,
27030,Near Miss,Minor or low potential impact,Not Entered,12/29/2016 10:12,2016,Dec,Thu,10:12,6:00,1/9/2017 13:34,,,Construction & Maintenance,,,No,,,,,,,,,No,,,,Incursion due to breakdown,0,0,0,0,,
27027,Near Miss,Minor or low potential impact,Not Entered,12/29/2016 10:12,2016,Dec,Thu,10:12,6:00,1/9/2017 13:28,,,Construction & Maintenance,,,No,,,,,,,,,No,,,,Incursion due to breakdown,0,0,0,0,,
27028,Near Miss,Minor or low potential impact,Not Entered,12/29/2016 13:30,2016,Dec,Thu,13:30,12:00,1/9/2017 13:30,,,Construction & Maintenance,,,No,,,,,,,,,No,,,,Incursion due to breakdown,0,0,0,0,,
27029,Near Miss,Minor or low potential impact,Not Entered,12/29/2016 14:00,2016,Dec,Thu,14:00,12:00,1/9/2017 13:32,,,Construction & Maintenance,,,No,,,,,,,,,No,,,,Incursion due to breakdown,0,0,0,0,,
27031,Near Miss,Minor or low potential impact,Not Entered,12/30/2016 10:48,2016,Dec,Fri,10:48,6:00,1/9/2017 13:36,,,Construction & Maintenance,,,No,,,,,,,,,No,,,,Incursion due to breakdown,0,0,0,0,,
27032,Near Miss,Minor or low potential impact,Not Entered,12/30/2016 11:46,2016,Dec,Fri,11:46,6:00,1/9/2017 13:38,,,Construction & Maintenance,,,No,,,,,,,,,No,,,,Incursion due to breakdown,0,0,0,0,,
27033,Near Miss,Minor or low potential impact,Not Entered,12/30/2016 12:55,2016,Dec,Fri,12:55,12:00,1/9/2017 13:40,,,Construction & Maintenance,,,No,,,,,,,,,No,,,,Incursion due to breakdown,0,0,0,0,,
27034,Near Miss,Minor or low potential impact,Not Entered,12/30/2016 14:49,2016,Dec,Fri,14:49,12:00,1/9/2017 13:41,,,Construction & Maintenance,,,No,,,,,,,,,No,,,,Incursion due to breakdown,0,0,0,0,,
27035,Near Miss,Minor or low potential impact,Not Entered,12/30/2016 14:50,2016,Dec,Fri,14:50,12:00,1/9/2017 13:43,,,Construction & Maintenance,,,No,,,,,,,,,No,,,,Incursion due to breakdown,0,0,0,0,,
27036,Near Miss,Minor or low potential impact,Not Entered,12/30/2016 15:30,2016,Dec,Fri,15:30,12:00,1/9/2017 13:45,,,Construction & Maintenance,,,No,,,,,,,,,No,,,,Incursion due to breakdown,0,0,0,0,,
27037,Near Miss,Minor or low potential impact,Not Entered,12/30/2016 17:01,2016,Dec,Fri,17:01,12:00,1/9/2017 13:47,,,Construction & Maintenance,,,No,,,,,,,,,No,,,,Incursion due to breakdown,0,0,0,0,,
27038,Near Miss,Minor or low potential impact,Not Entered,1/1/2017 13:00,2017,Jan,Sun,13:00,12:00,1/9/2017 13:49,,,Construction & Maintenance,,,No,,,,,,,,,No,,,,Incursion due to breakdown,0,0,0,0,,
27039,Near Miss,Minor or low potential impact,Not Entered,1/1/2017 14:09,2017,Jan,Sun,14:09,12:00,1/9/2017 13:51,,,Construction & Maintenance,,,No,,,,,,,,,No,,,,Incursion due to breakdown,0,0,0,0,,
27040,Near Miss,Minor or low potential impact,Not Entered,1/3/2017 22:35,2017,Jan,Tue,22:35,18:00,1/9/2017 13:53,,,Construction & Maintenance,,,No,,,,,,,,,No,,,,Incursion due to breakdown,0,0,0,0,,
27041,Near Miss,Minor or low potential impact,Not Entered,1/6/2017 9:18,2017,Jan,Fri,9:18,6:00,1/9/2017 13:56,,,Construction & Maintenance,,,No,,,,,,,,,No,,,,Incursion due to breakdown,0,0,0,0,,
27042,Near Miss,Minor or low potential impact,Not Entered,1/6/2017 14:51,2017,Jan,Fri,14:51,12:00,1/9/2017 13:58,,,Construction & Maintenance,,,No,,,,,,,,,No,,,,Incursion due to breakdown,0,0,0,0,,
27043,Near Miss,Minor or low potential impact,Not Entered,1/6/2017 21:24,2017,Jan,Fri,21:24,18:00,1/9/2017 14:04,,,Construction & Maintenance,,,No,,,,,,,,,No,,,,Incursion due to breakdown,0,0,0,0,,
27044,Near Miss,Minor or low potential impact,Not Entered,1/8/2017 14:30,2017,Jan,Sun,14:30,12:00,1/9/2017 14:10,,,Construction & Maintenance,,,No,,,,,,,,,No,,,,Incursion due to breakdown,0,0,0,0,,
27045,Near Miss,Minor or low potential impact,Not Entered,1/9/2017 10:50,2017,Jan,Mon,10:50,6:00,1/9/2017 14:13,,,Construction & Maintenance,,,No,,,,,,,,,Yes,,,,Incursion unintentional as result of accident,0,0,0,0,,
27046,Near Miss,Minor or low potential impact,Not Entered,1/10/2017 7:20,2017,Jan,Tue,7:20,6:00,1/10/2017 10:05,,,Construction & Maintenance,,,No,,,,,,,,,No,,,,Incursion due to breakdown,0,0,0,0,,
27052,Near Miss,Minor or low potential impact,Not Entered,1/10/2017 17:19,2017,Jan,Tue,17:19,12:00,1/11/2017 9:22,,,Construction & Maintenance,,,No,,,,,,,,,No,,,,Incursion unintentional as result of accident,0,0,0,0,,
27055,Near Miss,Minor or low potential impact,Not Entered,1/12/2017 7:05,2017,Jan,Thu,7:05,6:00,1/12/2017 10:00,,,Construction & Maintenance,,,No,,,,,,,,,No,,,,Incursion due to breakdown,0,0,0,0,,
27056,Near Miss,Minor or low potential impact,Not Entered,1/12/2017 13:21,2017,Jan,Thu,13:21,12:00,1/12/2017 15:40,,,Construction & Maintenance,,,No,,,,,,,,,No,,,,Incursion due to breakdown,0,0,0,0,,
27058,Near Miss,Minor or low potential impact,Not Entered,1/12/2017 15:35,2017,Jan,Thu,15:35,12:00,1/13/2017 9:11,,,Construction & Maintenance,,,No,,,,,,,,,No,,,,Incursion due to breakdown,0,0,0,0,,
27060,Near Miss,Minor or low potential impact,Not Entered,1/13/2017 12:06,2017,Jan,Fri,12:06,12:00,1/13/2017 14:15,,,Construction & Maintenance,,,No,,,,,,,,,No,,,,Incursion due to breakdown,0,0,0,0,,
27063,Near Miss,Minor or low potential impact,Not Entered,1/13/2017 15:47,2017,Jan,Fri,15:47,12:00,1/16/2017 9:44,,,Construction & Maintenance,,,No,,,,,,,,,No,,,,Incursion due to breakdown,0,0,0,0,,
27065,Near Miss,Minor or low potential impact,Not Entered,1/15/2017 8:05,2017,Jan,Sun,8:05,6:00,1/16/2017 9:48,,,Construction & Maintenance,,,No,,,,,,,,,No,,,,Incursion due to breakdown,0,0,0,0,,
27066,Near Miss,Minor or low potential impact,Not Entered,1/15/2017 9:43,2017,Jan,Sun,9:43,6:00,1/16/2017 9:50,,,Construction & Maintenance,,,No,,,,,,,,,Yes,,,,Incursion due to breakdown,0,0,0,0,,
27067,Near Miss,Minor or low potential impact,Not Entered,1/15/2017 9:52,2017,Jan,Sun,9:52,6:00,1/16/2017 9:53,,,Construction & Maintenance,,,No,,,,,,,,,No,,,,Incursion due to breakdown,0,0,0,0,,
27064,Near Miss,Minor or low potential impact,Not Entered,1/15/2017 12:37,2017,Jan,Sun,12:37,12:00,1/16/2017 9:46,,,Construction & Maintenance,,,No,,,,,,,,,No,,,,Incursion due to breakdown,0,0,0,0,,
27070,Near Miss,Minor or low potential impact,Not Entered,1/17/2017 9:00,2017,Jan,Tue,9:00,6:00,1/17/2017 10:22,,,Construction & Maintenance,,,No,,,,,,,,,No,,,,Incursion to seek information or benefit,0,0,0,0,,
27075,Near Miss,Minor or low potential impact,Not Entered,1/17/2017 11:05,2017,Jan,Tue,11:05,6:00,1/17/2017 12:23,,,Construction & Maintenance,,,No,,,,,,,,,No,,,,Incursion due to breakdown,0,0,0,0,,
27081,Near Miss,Minor or low potential impact,Not Entered,1/17/2017 13:30,2017,Jan,Tue,13:30,12:00,1/18/2017 8:46,,,Construction & Maintenance,,,No,,,,,,,,,No,,,,Incursion due to breakdown,0,0,0,0,,
27082,Near Miss,Minor or low potential impact,Not Entered,1/17/2017 16:42,2017,Jan,Tue,16:42,12:00,1/18/2017 8:47,,,Construction & Maintenance,,,No,,,,,,,,,No,,,,Incursion to seek information or benefit,0,0,0,0,,
27147,Near Miss,Minor or low potential impact,Not Entered,1/21/2017 21:00,2017,Jan,Sat,21:00,18:00,1/25/2017 9:04,,,Construction & Maintenance,,,No,,,,,,,,,Yes,,,,Incursion due to breakdown,0,0,0,0,,
27148,Near Miss,Minor or low potential impact,Not Entered,1/22/2017 19:10,2017,Jan,Sun,19:10,18:00,1/25/2017 9:06,,,Construction & Maintenance,,,No,,,,,,,,,No,,,,Incursion due to breakdown,0,0,0,0,,
27149,Near Miss,Minor or low potential impact,Not Entered,1/25/2017 6:57,2017,Jan,Wed,6:57,6:00,1/25/2017 9:09,,,Construction & Maintenance,,,No,,,,,,,,,No,,,,Incursion due to breakdown,0,0,0,0,,
27155,Near Miss,Minor or low potential impact,Not Entered,1/26/2017 10:24,2017,Jan,Thu,10:24,6:00,1/26/2017 14:10,,,Construction & Maintenance,,,No,,,,,,,,,No,,,,Incursion due to breakdown,0,0,0,0,,
27176,Near Miss,Minor or low potential impact,Not Entered,1/31/2017 12:30,2017,Jan,Tue,12:30,12:00,2/1/2017 8:37,,,Construction & Maintenance,,,No,,,,,,,,,No,,,,Incursion due to breakdown,0,0,0,0,,
27199,Near Miss,Minor or low potential impact,Not Entered,2/1/2017 11:45,2017,Feb,Wed,11:45,6:00,2/1/2017 16:53,,,Construction & Maintenance,,,No,,,,,,,,,No,,,,Incursion due to breakdown,0,0,0,0,,Yes
27200,Near Miss,Minor or low potential impact,Not Entered,2/1/2017 15:55,2017,Feb,Wed,15:55,12:00,2/1/2017 17:28,,,Construction & Maintenance,,,No,,,,,,,,,No,,,,Incursion due to breakdown,0,0,0,0,,
27258,Near Miss,Minor or low potential impact,Not Entered,2/3/2017 8:23,2017,Feb,Fri,8:23,6:00,2/3/2017 10:23,,,Construction & Maintenance,,,No,,,,,,,,,No,,,,Incursion to seek information or benefit,0,0,0,0,,
27260,Near Miss,Minor or low potential impact,Not Entered,2/3/2017 12:57,2017,Feb,Fri,12:57,12:00,2/3/2017 14:33,,,Construction & Maintenance,,,No,,,,,,,,,No,,,,Incursion due to breakdown,0,0,0,0,,
27418,Near Miss,Minor or low potential impact,Not Entered,2/3/2017 16:03,2017,Feb,Fri,16:03,12:00,2/14/2017 16:17,,,Construction & Maintenance,,,No,,,,,,,,,No,,,,Incursion to seek information or benefit,0,0,0,0,,
27419,Near Miss,Minor or low potential impact,Not Entered,2/3/2017 16:09,2017,Feb,Fri,16:09,12:00,2/14/2017 16:19,,,Construction & Maintenance,,,No,,,,,,,,,No,,,,Incursion to seek information or benefit,0,0,0,0,,
27420,Near Miss,Minor or low potential impact,Not Entered,2/3/2017 18:41,2017,Feb,Fri,18:41,18:00,2/14/2017 16:20,,,Construction & Maintenance,,,No,,,,,,,,,No,,,,Incursion due to breakdown,0,0,0,0,,
27421,Near Miss,Minor or low potential impact,Not Entered,2/4/2017 15:10,2017,Feb,Sat,15:10,12:00,2/14/2017 16:23,,,Construction & Maintenance,,,No,,,,,,,,,No,,,,Incursion due to breakdown,0,0,0,0,,
27422,Near Miss,Minor or low potential impact,Not Entered,2/6/2017 17:49,2017,Feb,Mon,17:49,12:00,2/14/2017 16:27,,,Construction & Maintenance,,,No,,,,,,,,,No,,,,Incursion to seek information or benefit,0,0,0,0,,
27423,Near Miss,Minor or low potential impact,Not Entered,2/6/2017 17:55,2017,Feb,Mon,17:55,12:00,2/14/2017 16:29,,,Construction & Maintenance,,,No,,,,,,,,,No,,,,Incursion to seek information or benefit,0,0,0,0,,
27425,Near Miss,Minor or low potential impact,Not Entered,2/6/2017 18:00,2017,Feb,Mon,18:00,18:00,2/14/2017 16:33,,,Construction & Maintenance,,,No,,,,,,,,,Yes,,,,Incursion to seek information or benefit,0,0,0,0,,