Event ID,Event Type ,Event Subtype,Type of Person,Date/Time of Event,Year,Month,Day of the Week,Time,Time interval (6 hours),Date/Time Reported,Location,Specific Location (include RCC Log no if relevant),Details of actual job being done at the time,Part of Body Affected,Injury Type,Was there a vehicle involved in this event?,Work related,Accident Type,Vehicle Motion,Who was Hit,Weather/Visibility,Surface Condition,Roadbed Grade,Lighting Conditions,Was A Police Report Filed?,Name of Law Enforcement Agency,Preventable,Type,Kind of Event,Expected Lost Workdays (Total),Actual Lost Workdays (Total),Expected Restricted Workdays (Total),Actual Restricted Workdays (Total),Return To Work Date,Sign Off 1
27424,Near Miss,Minor or low potential impact,Not Entered,2/6/2017 18:18,2017,Feb,Mon,18:18,18:00,2/14/2017 16:30,,,Construction & Maintenance,,,No,,,,,,,,,No,,,,Incursion due to breakdown,0,0,0,0,,
27426,Near Miss,Minor or low potential impact,Not Entered,2/6/2017 20:10,2017,Feb,Mon,20:10,18:00,2/14/2017 16:35,,,Construction & Maintenance,,,No,,,,,,,,,No,,,,Incursion due to breakdown,0,0,0,0,,
27428,Near Miss,Minor or low potential impact,Not Entered,2/10/2017 7:56,2017,Feb,Fri,7:56,6:00,2/14/2017 16:39,,,Construction & Maintenance,,,No,,,,,,,,,No,,,,Incursion due to breakdown,0,0,0,0,,
27429,Near Miss,Minor or low potential impact,Not Entered,2/10/2017 10:01,2017,Feb,Fri,10:01,6:00,2/14/2017 16:41,,,Construction & Maintenance,,,No,,,,,,,,,No,,,,Incursion due to breakdown,0,0,0,0,,
27427,Near Miss,Minor or low potential impact,Not Entered,2/11/2017 11:22,2017,Feb,Sat,11:22,6:00,2/14/2017 16:37,,,Construction & Maintenance,,,No,,,,,,,,,No,,,,Incursion due to breakdown,0,0,0,0,,
27431,Near Miss,Minor or low potential impact,Not Entered,2/11/2017 18:20,2017,Feb,Sat,18:20,18:00,2/14/2017 16:43,,,Construction & Maintenance,,,No,,,,,,,,,No,,,,Incursion due to breakdown,0,0,0,0,,
27432,Near Miss,Minor or low potential impact,Not Entered,2/12/2017 16:30,2017,Feb,Sun,16:30,12:00,2/14/2017 16:45,,,Construction & Maintenance,,,No,,,,,,,,,No,,,,Incursion due to breakdown,0,0,0,0,,
27433,Near Miss,Minor or low potential impact,Not Entered,2/12/2017 17:25,2017,Feb,Sun,17:25,12:00,2/14/2017 16:46,,,Construction & Maintenance,,,No,,,,,,,,,No,,,,Incursion due to breakdown,0,0,0,0,,
27434,Near Miss,Minor or low potential impact,Not Entered,2/13/2017 11:37,2017,Feb,Mon,11:37,6:00,2/14/2017 16:48,,,Construction & Maintenance,,,No,,,,,,,,,No,,,,Incursion due to breakdown,0,0,0,0,,
27437,Near Miss,Minor or low potential impact,Not Entered,2/14/2017 17:41,2017,Feb,Tue,17:41,12:00,2/15/2017 11:42,,,Construction & Maintenance,,,No,,,,,,,,,No,,,,Incursion due to breakdown,0,0,0,0,,
27479,Near Miss,Minor or low potential impact,Not Entered,2/17/2017 11:50,2017,Feb,Fri,11:50,6:00,2/17/2017 13:17,,,Construction & Maintenance,,,No,,,,,,,,,No,,,,Incursion due to breakdown,0,0,0,0,,
27486,Near Miss,Minor or low potential impact,Not Entered,2/17/2017 12:29,2017,Feb,Fri,12:29,12:00,2/20/2017 9:20,,,Construction & Maintenance,,,No,,,,,,,,,No,,,,Incursion to seek information or benefit,0,0,0,0,,
27487,Near Miss,Minor or low potential impact,Not Entered,2/17/2017 15:55,2017,Feb,Fri,15:55,12:00,2/20/2017 9:23,,,Construction & Maintenance,,,No,,,,,,,,,No,,,,Incursion due to breakdown,0,0,0,0,,
27488,Near Miss,Minor or low potential impact,Not Entered,2/17/2017 16:59,2017,Feb,Fri,16:59,12:00,2/20/2017 9:25,,,Construction & Maintenance,,,No,,,,,,,,,No,,,,Incursion due to breakdown,0,0,0,0,,
27489,Near Miss,Minor or low potential impact,Not Entered,2/18/2017 8:25,2017,Feb,Sat,8:25,6:00,2/20/2017 9:27,,,Construction & Maintenance,,,No,,,,,,,,,No,,,,Incursion due to breakdown,0,0,0,0,,
27490,Near Miss,Minor or low potential impact,Not Entered,2/18/2017 12:07,2017,Feb,Sat,12:07,12:00,2/20/2017 9:30,,,Construction & Maintenance,,,No,,,,,,,,,No,,,,Incursion due to breakdown,0,0,0,0,,
27491,Near Miss,Minor or low potential impact,Not Entered,2/19/2017 12:59,2017,Feb,Sun,12:59,12:00,2/20/2017 9:32,,,Construction & Maintenance,,,No,,,,,,,,,Yes,,,,Incursion due to breakdown,0,0,0,0,,
27492,Near Miss,Minor or low potential impact,Not Entered,2/19/2017 16:46,2017,Feb,Sun,16:46,12:00,2/20/2017 9:34,,,Construction & Maintenance,,,No,,,,,,,,,No,,,,Incursion to seek information or benefit,0,0,0,0,,
27523,Near Miss,Minor or low potential impact,Not Entered,2/21/2017 9:40,2017,Feb,Tue,9:40,6:00,2/22/2017 9:16,,,Construction & Maintenance,,,No,,,,,,,,,No,,,,Incursion due to breakdown,0,0,0,0,,
27524,Near Miss,Minor or low potential impact,Not Entered,2/21/2017 12:20,2017,Feb,Tue,12:20,12:00,2/22/2017 9:18,,,Construction & Maintenance,,,No,,,,,,,,,No,,,,Incursion due to breakdown,0,0,0,0,,
27525,Near Miss,Minor or low potential impact,Not Entered,2/21/2017 15:42,2017,Feb,Tue,15:42,12:00,2/22/2017 9:34,,,Construction & Maintenance,,,No,,,,,,,,,No,,,,Incursion due to breakdown,0,0,0,0,,
27526,Near Miss,Minor or low potential impact,Not Entered,2/21/2017 20:12,2017,Feb,Tue,20:12,18:00,2/22/2017 9:36,,,Construction & Maintenance,,,No,,,,,,,,,No,,,,Incursion due to breakdown,0,0,0,0,,
27564,Near Miss,Minor or low potential impact,Not Entered,2/22/2017 15:31,2017,Feb,Wed,15:31,12:00,2/23/2017 8:22,,,Construction & Maintenance,,,No,,,,,,,,,No,,,,Incursion due to breakdown,0,0,0,0,,
27575,Near Miss,Minor or low potential impact,Not Entered,2/23/2017 18:15,2017,Feb,Thu,18:15,18:00,2/24/2017 8:48,,,Construction & Maintenance,,,No,,,,,,,,,No,,,,Incursion due to breakdown,0,0,0,0,,
27585,Near Miss,Minor or low potential impact,Not Entered,2/24/2017 19:54,2017,Feb,Fri,19:54,18:00,2/27/2017 15:18,,,Construction & Maintenance,,,No,,,,,,,,,No,,,,Incursion due to breakdown,0,0,0,0,,
27586,Near Miss,Minor or low potential impact,Not Entered,2/25/2017 11:08,2017,Feb,Sat,11:08,6:00,2/27/2017 15:20,,,Construction & Maintenance,,,No,,,,,,,,,No,,,,Incursion due to breakdown,0,0,0,0,,
27587,Near Miss,Minor or low potential impact,Not Entered,2/25/2017 12:05,2017,Feb,Sat,12:05,12:00,2/27/2017 15:22,,,Construction & Maintenance,,,No,,,,,,,,,No,,,,Incursion due to breakdown,0,0,0,0,,
27588,Near Miss,Minor or low potential impact,Not Entered,2/25/2017 14:18,2017,Feb,Sat,14:18,12:00,2/27/2017 15:23,,,Construction & Maintenance,,,No,,,,,,,,,No,,,,Incursion due to breakdown,0,0,0,0,,
27589,Near Miss,Minor or low potential impact,Not Entered,2/26/2017 20:35,2017,Feb,Sun,20:35,18:00,2/27/2017 15:25,,,Construction & Maintenance,,,No,,,,,,,,,No,,,,Incursion due to breakdown,0,0,0,0,,
27590,Near Miss,Minor or low potential impact,Not Entered,2/27/2017 7:01,2017,Feb,Mon,7:01,6:00,2/27/2017 15:27,,,Construction & Maintenance,,,No,,,,,,,,,No,,,,Incursion due to breakdown,0,0,0,0,,
27596,Near Miss,Minor or low potential impact,Not Entered,2/27/2017 18:04,2017,Feb,Mon,18:04,18:00,2/28/2017 10:41,,,Construction & Maintenance,,,No,,,,,,,,,No,,,,Incursion due to breakdown,0,0,0,0,,
27597,Near Miss,Minor or low potential impact,Not Entered,2/27/2017 18:05,2017,Feb,Mon,18:05,18:00,2/28/2017 10:43,,,Construction & Maintenance,,,No,,,,,,,,,No,,,,Incursion due to breakdown,0,0,0,0,,
27598,Near Miss,Minor or low potential impact,Not Entered,2/27/2017 19:03,2017,Feb,Mon,19:03,18:00,2/28/2017 10:45,,,Construction & Maintenance,,,No,,,,,,,,,Yes,,,,Incursion due to breakdown,0,0,0,0,,
27599,Near Miss,Minor or low potential impact,Not Entered,2/27/2017 19:43,2017,Feb,Mon,19:43,18:00,2/28/2017 10:47,,,Construction & Maintenance,,,No,,,,,,,,,No,,,,Incursion due to breakdown,0,0,0,0,,
27608,Near Miss,Minor or low potential impact,Not Entered,2/28/2017 19:45,2017,Feb,Tue,19:45,18:00,3/1/2017 9:54,,,Construction & Maintenance,,,No,,,,,,,,,No,,,,Incursion to seek information or benefit,0,0,0,0,,
27620,Near Miss,Minor or low potential impact,Not Entered,3/1/2017 12:19,2017,Mar,Wed,12:19,12:00,3/2/2017 10:17,,,Construction & Maintenance,,,No,,,,,,,,,No,,,,Incursion due to breakdown,0,0,0,0,,
27621,Near Miss,Minor or low potential impact,Not Entered,3/1/2017 20:15,2017,Mar,Wed,20:15,18:00,3/2/2017 10:20,,,Construction & Maintenance,,,No,,,,,,,,,No,,,,Incursion to seek information or benefit,0,0,0,0,,
27622,Near Miss,Minor or low potential impact,Not Entered,3/2/2017 9:31,2017,Mar,Thu,9:31,6:00,3/2/2017 10:24,,,Construction & Maintenance,,,No,,,,,,,,,No,,,,Incursion due to breakdown,0,0,0,0,,
27636,Near Miss,Minor or low potential impact,Not Entered,3/2/2017 18:13,2017,Mar,Thu,18:13,18:00,3/3/2017 8:35,,,Construction & Maintenance,,,No,,,,,,,,,No,,,,Incursion due to breakdown,0,0,0,0,,
27637,Near Miss,Minor or low potential impact,Not Entered,3/2/2017 19:41,2017,Mar,Thu,19:41,18:00,3/3/2017 8:37,,,Construction & Maintenance,,,No,,,,,,,,,No,,,,Incursion due to breakdown,0,0,0,0,,
27694,Near Miss,Minor or low potential impact,Not Entered,3/3/2017 16:20,2017,Mar,Fri,16:20,12:00,3/13/2017 9:48,,,Construction & Maintenance,,,No,,,,,,,,,No,,,,Incursion due to breakdown,0,0,0,0,,
27695,Near Miss,Minor or low potential impact,Not Entered,3/3/2017 18:45,2017,Mar,Fri,18:45,18:00,3/13/2017 9:52,,,Construction & Maintenance,,,No,,,,,,,,,No,,,,Incursion due to breakdown,0,0,0,0,,
27696,Near Miss,Minor or low potential impact,Not Entered,3/4/2017 17:35,2017,Mar,Sat,17:35,12:00,3/13/2017 9:53,,,Construction & Maintenance,,,No,,,,,,,,,No,,,,Incursion due to breakdown,0,0,0,0,,
27697,Near Miss,Minor or low potential impact,Not Entered,3/4/2017 21:45,2017,Mar,Sat,21:45,18:00,3/13/2017 9:56,,,Construction & Maintenance,,,No,,,,,,,,,No,,,,Incursion due to breakdown,0,0,0,0,,
27698,Near Miss,Minor or low potential impact,Not Entered,3/7/2017 14:09,2017,Mar,Tue,14:09,12:00,3/13/2017 9:59,,,Construction & Maintenance,,,No,,,,,,,,,Yes,,,,Incursion unintentional as result of accident,0,0,0,0,,
27699,Near Miss,Minor or low potential impact,Not Entered,3/8/2017 10:14,2017,Mar,Wed,10:14,6:00,3/13/2017 10:01,,,Construction & Maintenance,,,No,,,,,,,,,No,,,,Incursion due to breakdown,0,0,0,0,,
27700,Near Miss,Minor or low potential impact,Not Entered,3/9/2017 21:05,2017,Mar,Thu,21:05,18:00,3/13/2017 10:04,,,Construction & Maintenance,,,No,,,,,,,,,Yes,,,,Incursion due to breakdown,0,0,0,0,,
27701,Near Miss,Minor or low potential impact,Not Entered,3/11/2017 10:55,2017,Mar,Sat,10:55,6:00,3/13/2017 10:06,,,Construction & Maintenance,,,No,,,,,,,,,No,,,,Incursion due to breakdown,0,0,0,0,,
27702,Near Miss,Minor or low potential impact,Not Entered,3/11/2017 13:39,2017,Mar,Sat,13:39,12:00,3/13/2017 10:08,,,Construction & Maintenance,,,No,,,,,,,,,No,,,,Incursion due to breakdown,0,0,0,0,,
27703,Near Miss,Minor or low potential impact,Not Entered,3/11/2017 15:50,2017,Mar,Sat,15:50,12:00,3/13/2017 10:16,,,Construction & Maintenance,,,No,,,,,,,,,No,,,,Incursion due to breakdown,0,0,0,0,,
27704,Near Miss,Minor or low potential impact,Not Entered,3/12/2017 7:06,2017,Mar,Sun,7:06,6:00,3/13/2017 10:20,,,Construction & Maintenance,,,No,,,,,,,,,No,,,,Incursion due to breakdown,0,0,0,0,,
27741,Near Miss,Minor or low potential impact,Not Entered,3/14/2017 8:04,2017,Mar,Tue,8:04,6:00,3/15/2017 9:26,,,Construction & Maintenance,,,No,,,,,,,,,No,,,,Incursion due to breakdown,0,0,0,0,,
27742,Near Miss,Minor or low potential impact,Not Entered,3/15/2017 6:06,2017,Mar,Wed,6:06,6:00,3/15/2017 9:27,,,Construction & Maintenance,,,No,,,,,,,,,No,,,,Incursion due to breakdown,0,0,0,0,,
27745,Near Miss,Minor or low potential impact,Not Entered,3/15/2017 12:19,2017,Mar,Wed,12:19,12:00,3/15/2017 14:41,,,Construction & Maintenance,,,No,,,,,,,,,No,,,,Incursion due to breakdown,0,0,0,0,,
27751,Near Miss,Minor or low potential impact,Not Entered,3/16/2017 7:44,2017,Mar,Thu,7:44,6:00,3/17/2017 8:49,,,Construction & Maintenance,,,No,,,,,,,,,No,,,,Incursion due to breakdown,0,0,0,0,,
27763,Near Miss,Minor or low potential impact,Not Entered,3/19/2017 18:15,2017,Mar,Sun,18:15,18:00,3/21/2017 11:39,,,Construction & Maintenance,,,No,,,,,,,,,No,,,,Incursion due to breakdown,0,0,0,0,,
27764,Near Miss,Minor or low potential impact,Not Entered,3/20/2017 21:26,2017,Mar,Mon,21:26,18:00,3/21/2017 11:41,,,Construction & Maintenance,,,No,,,,,,,,,No,,,,Incursion due to breakdown,0,0,0,0,,
27768,Near Miss,Minor or low potential impact,Not Entered,3/21/2017 15:49,2017,Mar,Tue,15:49,12:00,3/22/2017 8:22,,,Construction & Maintenance,,,No,,,,,,,,,No,,,,Incursion due to breakdown,0,0,0,0,,
27769,Near Miss,Minor or low potential impact,Not Entered,3/21/2017 16:45,2017,Mar,Tue,16:45,12:00,3/22/2017 8:30,,,Construction & Maintenance,,,No,,,,,,,,,No,,,,Incursion due to breakdown,0,0,0,0,,
27770,Near Miss,Minor or low potential impact,Not Entered,3/21/2017 17:21,2017,Mar,Tue,17:21,12:00,3/22/2017 8:37,,,Construction & Maintenance,,,No,,,,,,,,,No,,,,Incursion due to breakdown,0,0,0,0,,
27785,Near Miss,Minor or low potential impact,Not Entered,3/24/2017 9:50,2017,Mar,Fri,9:50,6:00,3/27/2017 10:07,,,Construction & Maintenance,,,No,,,,,,,,,No,,,,Incursion to seek information or benefit,0,0,0,0,,
27786,Near Miss,Minor or low potential impact,Not Entered,3/25/2017 14:10,2017,Mar,Sat,14:10,12:00,3/27/2017 10:09,,,Construction & Maintenance,,,No,,,,,,,,,No,,,,Incursion due to breakdown,0,0,0,0,,
27790,Near Miss,Minor or low potential impact,Not Entered,3/27/2017 13:00,2017,Mar,Mon,13:00,12:00,3/27/2017 16:24,,,Construction & Maintenance,,,No,,,,,,,,,No,,,,Incursion due to breakdown,0,0,0,0,,
27793,Near Miss,Minor or low potential impact,Not Entered,3/27/2017 17:13,2017,Mar,Mon,17:13,12:00,3/28/2017 11:23,,,Construction & Maintenance,,,No,,,,,,,,,No,,,,Incursion due to breakdown,0,0,0,0,,
27794,Near Miss,Minor or low potential impact,Not Entered,3/28/2017 8:40,2017,Mar,Tue,8:40,6:00,3/28/2017 11:25,,,Construction & Maintenance,,,No,,,,,,,,,No,,,,Incursion due to breakdown,0,0,0,0,,
27797,Near Miss,Minor or low potential impact,Not Entered,3/29/2017 8:00,2017,Mar,Wed,8:00,6:00,3/29/2017 8:10,,,Construction & Maintenance,,,No,,,,,,,,,No,,,,Incursion due to breakdown,0,0,0,0,,
27799,Near Miss,Minor or low potential impact,Not Entered,3/29/2017 11:40,2017,Mar,Wed,11:40,6:00,3/29/2017 16:19,,,Construction & Maintenance,,,No,,,,,,,,,No,,,,Incursion due to breakdown,0,0,0,0,,
27800,Near Miss,Minor or low potential impact,Not Entered,3/29/2017 17:57,2017,Mar,Wed,17:57,12:00,3/30/2017 8:13,,,Construction & Maintenance,,,No,,,,,,,,,No,,,,Incursion due to breakdown,0,0,0,0,,
27801,Near Miss,Minor or low potential impact,Not Entered,3/30/2017 7:23,2017,Mar,Thu,7:23,6:00,3/30/2017 8:15,,,Construction & Maintenance,,,No,,,,,,,,,No,,,,Incursion due to breakdown,0,0,0,0,,
27843,Near Miss,Minor or low potential impact,Not Entered,3/30/2017 11:57,2017,Mar,Thu,11:57,6:00,4/6/2017 10:45,,,Construction & Maintenance,,,No,,,,,,,,,No,,,,Incursion to seek information or benefit,0,0,0,0,,
27813,Near Miss,Minor or low potential impact,Not Entered,3/31/2017 14:36,2017,Mar,Fri,14:36,12:00,4/4/2017 8:47,,,Construction & Maintenance,,,No,,,,,,,,,No,,,,Incursion due to breakdown,0,0,0,0,,Yes
27812,Near Miss,Minor or low potential impact,Not Entered,4/2/2017 6:31,2017,Apr,Sun,6:31,6:00,4/4/2017 8:43,,,Construction & Maintenance,,,No,,,,,,,,,No,,,,Incursion due to breakdown,0,0,0,0,,
27822,Near Miss,Minor or low potential impact,Not Entered,4/4/2017 14:34,2017,Apr,Tue,14:34,12:00,4/5/2017 7:22,,,Construction & Maintenance,,,No,,,,,,,,,No,,,,Incursion due to breakdown,0,0,0,0,,Yes
27869,Near Miss,Minor or low potential impact,Not Entered,4/4/2017 16:53,2017,Apr,Tue,16:53,12:00,4/10/2017 8:52,,,Construction & Maintenance,,,No,,,,,,,,,No,,,,Incursion due to breakdown,0,0,0,0,,
27842,Near Miss,Minor or low potential impact,Not Entered,4/5/2017 13:50,2017,Apr,Wed,13:50,12:00,4/6/2017 10:38,,,Construction & Maintenance,,,No,,,,,,,,,No,,,,Incursion due to breakdown,0,0,0,0,,
27847,Near Miss,Minor or low potential impact,Not Entered,4/6/2017 9:00,2017,Apr,Thu,9:00,6:00,4/6/2017 13:18,,,Construction & Maintenance,,,No,,,,,,,,,No,,,,Incursion due to breakdown,0,0,0,0,,
27856,Near Miss,Minor or low potential impact,Not Entered,4/6/2017 16:50,2017,Apr,Thu,16:50,12:00,4/7/2017 7:40,,,Construction & Maintenance,,,No,,,,,,,,,No,,,,Incursion due to breakdown,0,0,0,0,,
27864,Near Miss,Minor or low potential impact,Not Entered,4/7/2017 13:58,2017,Apr,Fri,13:58,12:00,4/10/2017 8:38,,,Construction & Maintenance,,,No,,,,,,,,,No,,,,Incursion due to breakdown,0,0,0,0,,
27865,Near Miss,Minor or low potential impact,Not Entered,4/7/2017 14:06,2017,Apr,Fri,14:06,12:00,4/10/2017 8:42,,,Construction & Maintenance,,,No,,,,,,,,,No,,,,Incursion due to breakdown,0,0,0,0,,
27866,Near Miss,Minor or low potential impact,Not Entered,4/7/2017 15:00,2017,Apr,Fri,15:00,12:00,4/10/2017 8:45,,,Construction & Maintenance,,,No,,,,,,,,,No,,,,Incursion due to breakdown,0,0,0,0,,
27867,Near Miss,Minor or low potential impact,Not Entered,4/7/2017 15:32,2017,Apr,Fri,15:32,12:00,4/10/2017 8:47,,,Construction & Maintenance,,,No,,,,,,,,,No,,,,Incursion due to breakdown,0,0,0,0,,
27870,Near Miss,Minor or low potential impact,Not Entered,4/7/2017 18:00,2017,Apr,Fri,18:00,18:00,4/10/2017 9:16,,,Construction & Maintenance,,,Yes,,,,,,,,,Yes,,,Van,Incursion unintentional as result of accident,0,0,0,0,,
27868,Near Miss,Minor or low potential impact,Not Entered,4/7/2017 18:20,2017,Apr,Fri,18:20,18:00,4/10/2017 8:50,,,Construction & Maintenance,,,No,,,,,,,,,No,,,,Incursion due to breakdown,0,0,0,0,,
27871,Near Miss,Minor or low potential impact,Not Entered,4/7/2017 18:32,2017,Apr,Fri,18:32,18:00,4/10/2017 9:18,,,Construction & Maintenance,,,No,,,,,,,,,No,,,,Incursion due to breakdown,0,0,0,0,,
27872,Near Miss,Minor or low potential impact,Not Entered,4/8/2017 19:24,2017,Apr,Sat,19:24,18:00,4/10/2017 9:19,,,Construction & Maintenance,,,No,,,,,,,,,No,,,,Incursion due to breakdown,0,0,0,0,,
27873,Near Miss,Minor or low potential impact,Not Entered,4/8/2017 22:55,2017,Apr,Sat,22:55,18:00,4/10/2017 9:22,,,Construction & Maintenance,,,No,,,,,,,,,Yes,,,,Incursion due to breakdown,0,0,0,0,,
27874,Near Miss,Minor or low potential impact,Not Entered,4/9/2017 20:20,2017,Apr,Sun,20:20,18:00,4/10/2017 9:24,,,Construction & Maintenance,,,No,,,,,,,,,No,,,,Incursion due to breakdown,0,0,0,0,,
27875,Near Miss,Minor or low potential impact,Not Entered,4/10/2017 2:26,2017,Apr,Mon,2:26,0:00,4/10/2017 9:29,,,Construction & Maintenance,,,No,,,,,,,,,Yes,,,,Incursion due to breakdown,0,0,0,0,,
27876,Near Miss,Minor or low potential impact,Not Entered,4/10/2017 6:03,2017,Apr,Mon,6:03,6:00,4/10/2017 9:31,,,Construction & Maintenance,,,No,,,,,,,,,No,,,,Incursion due to breakdown,0,0,0,0,,
27890,Near Miss,Minor or low potential impact,Not Entered,4/10/2017 13:32,2017,Apr,Mon,13:32,12:00,4/11/2017 7:45,,,Construction & Maintenance,,,No,,,,,,,,,No,,,,Incursion due to breakdown,0,0,0,0,,Yes
27913,Near Miss,Minor or low potential impact,Not Entered,4/11/2017 14:59,2017,Apr,Tue,14:59,12:00,4/12/2017 8:54,,,Construction & Maintenance,,,No,,,,,,,,,No,,,,Incursion due to breakdown,0,0,0,0,,
27924,Near Miss,Minor or low potential impact,Not Entered,4/12/2017 13:50,2017,Apr,Wed,13:50,12:00,4/12/2017 15:01,,,Construction & Maintenance,,,No,,,,,,,,,No,,,,Incursion unintentional - confused or follow in,0,0,0,0,,
27925,Near Miss,Minor or low potential impact,Not Entered,4/12/2017 14:47,2017,Apr,Wed,14:47,12:00,4/12/2017 15:03,,,Construction & Maintenance,,,No,,,,,,,,,No,,,,Incursion due to breakdown,0,0,0,0,,
27940,Near Miss,Minor or low potential impact,Not Entered,4/13/2017 13:15,2017,Apr,Thu,13:15,12:00,4/13/2017 13:43,,,Construction & Maintenance,,,No,,,,,,,,,No,,,,Incursion due to breakdown,0,0,0,0,,
27942,Near Miss,Minor or low potential impact,Not Entered,4/13/2017 18:05,2017,Apr,Thu,18:05,18:00,4/18/2017 9:36,,,Construction & Maintenance,,,No,,,,,,,,,No,,,,Incursion due to breakdown,0,0,0,0,,
27943,Near Miss,Minor or low potential impact,Not Entered,4/13/2017 21:52,2017,Apr,Thu,21:52,18:00,4/18/2017 9:49,,,Construction & Maintenance,,,No,,,,,,,,,No,,,,Incursion due to breakdown,0,0,0,0,,
27944,Near Miss,Minor or low potential impact,Not Entered,4/14/2017 11:55,2017,Apr,Fri,11:55,6:00,4/18/2017 9:50,,,Construction & Maintenance,,,No,,,,,,,,,No,,,,Incursion due to breakdown,0,0,0,0,,
27945,Near Miss,Minor or low potential impact,Not Entered,4/14/2017 12:15,2017,Apr,Fri,12:15,12:00,4/18/2017 9:54,,,Construction & Maintenance,,,No,,,,,,,,,No,,,,Incursion due to breakdown,0,0,0,0,,
27946,Near Miss,Minor or low potential impact,Not Entered,4/15/2017 16:24,2017,Apr,Sat,16:24,12:00,4/18/2017 9:56,,,Construction & Maintenance,,,No,,,,,,,,,No,,,,Incursion due to breakdown,0,0,0,0,,
27947,Near Miss,Minor or low potential impact,Not Entered,4/15/2017 18:18,2017,Apr,Sat,18:18,18:00,4/18/2017 9:58,,,Construction & Maintenance,,,No,,,,,,,,,No,,,,Incursion due to breakdown,0,0,0,0,,
27948,Near Miss,Minor or low potential impact,Not Entered,4/16/2017 15:56,2017,Apr,Sun,15:56,12:00,4/18/2017 10:01,,,Construction & Maintenance,,,No,,,,,,,,,Yes,,,,Incursion to seek information or benefit,0,0,0,0,,
27949,Near Miss,Minor or low potential impact,Not Entered,4/16/2017 16:47,2017,Apr,Sun,16:47,12:00,4/18/2017 10:02,,,Construction & Maintenance,,,No,,,,,,,,,No,,,,Incursion due to breakdown,0,0,0,0,,Yes
27951,Near Miss,Minor or low potential impact,Not Entered,4/18/2017 0:25,2017,Apr,Tue,0:25,0:00,4/18/2017 10:10,,,Construction & Maintenance,,,No,,,,,,,,,No,,,,Incursion due to breakdown,0,0,0,0,,Yes
27953,Near Miss,Minor or low potential impact,Not Entered,4/19/2017 7:54,2017,Apr,Wed,7:54,6:00,4/19/2017 9:01,,,Construction & Maintenance,,,No,,,,,,,,,No,,,,Incursion due to breakdown,0,0,0,0,,
27954,Near Miss,Minor or low potential impact,Not Entered,4/20/2017 8:57,2017,Apr,Thu,8:57,6:00,4/20/2017 9:35,,,Construction & Maintenance,,,No,,,,,,,,,No,,,,Incursion due to breakdown,0,0,0,0,,
27971,Near Miss,Minor or low potential impact,Not Entered,4/21/2017 14:02,2017,Apr,Fri,14:02,12:00,4/24/2017 13:24,,,Construction & Maintenance,,,No,,,,,,,,,No,,,,Incursion due to breakdown,0,0,0,0,,
27972,Near Miss,Minor or low potential impact,Not Entered,4/21/2017 16:00,2017,Apr,Fri,16:00,12:00,4/24/2017 13:26,,,Construction & Maintenance,,,No,,,,,,,,,No,,,,Incursion to seek information or benefit,0,0,0,0,,
27973,Near Miss,Minor or low potential impact,Not Entered,4/22/2017 10:28,2017,Apr,Sat,10:28,6:00,4/24/2017 13:29,,,Construction & Maintenance,,,No,,,,,,,,,No,,,,Incursion due to breakdown,0,0,0,0,,
27974,Near Miss,Minor or low potential impact,Not Entered,4/22/2017 12:43,2017,Apr,Sat,12:43,12:00,4/24/2017 13:31,,,Construction & Maintenance,,,No,,,,,,,,,No,,,,Incursion due to breakdown,0,0,0,0,,
27975,Near Miss,Minor or low potential impact,Not Entered,4/22/2017 15:06,2017,Apr,Sat,15:06,12:00,4/24/2017 13:33,,,Construction & Maintenance,,,No,,,,,,,,,No,,,,Incursion due to breakdown,0,0,0,0,,
27976,Near Miss,Minor or low potential impact,Not Entered,4/23/2017 17:03,2017,Apr,Sun,17:03,12:00,4/24/2017 13:34,,,Construction & Maintenance,,,No,,,,,,,,,No,,,,Incursion due to breakdown,0,0,0,0,,
27977,Near Miss,Minor or low potential impact,Not Entered,4/24/2017 10:38,2017,Apr,Mon,10:38,6:00,4/24/2017 13:36,,,Construction & Maintenance,,,No,,,,,,,,,No,,,,Incursion due to breakdown,0,0,0,0,,
27986,Near Miss,Minor or low potential impact,Not Entered,4/24/2017 17:26,2017,Apr,Mon,17:26,12:00,4/25/2017 7:21,,,Construction & Maintenance,,,No,,,,,,,,,No,,,,Incursion due to breakdown,0,0,0,0,,
27987,Near Miss,Minor or low potential impact,Not Entered,4/24/2017 20:34,2017,Apr,Mon,20:34,18:00,4/25/2017 7:23,,,Construction & Maintenance,,,No,,,,,,,,,No,,,,Incursion due to breakdown,0,0,0,0,,
28018,Near Miss,Minor or low potential impact,Not Entered,4/26/2017 17:16,2017,Apr,Wed,17:16,12:00,4/27/2017 7:50,,,Construction & Maintenance,,,No,,,,,,,,,No,,,,Incursion due to breakdown,0,0,0,0,,
28017,Near Miss,Minor or low potential impact,Not Entered,4/26/2017 17:16,2017,Apr,Wed,17:16,12:00,4/27/2017 7:48,,,Construction & Maintenance,,,No,,,,,,,,,No,,,,Incursion due to breakdown,0,0,0,0,,
28025,Near Miss,Minor or low potential impact,Not Entered,4/27/2017 11:13,2017,Apr,Thu,11:13,6:00,4/27/2017 11:07,,,Construction & Maintenance,,,No,,,,,,,,,No,,,,Incursion unintentional as result of accident,0,0,0,0,,
28028,Near Miss,Minor or low potential impact,Not Entered,4/27/2017 12:24,2017,Apr,Thu,12:24,12:00,4/27/2017 13:57,,,Construction & Maintenance,,,No,,,,,,,,,No,,,,Incursion due to breakdown,0,0,0,0,,