Event ID,Event Type ,Event Subtype,Type of Person,Date/Time of Event,Year,Month,Day of the Week,Time,Time interval (6 hours),Date/Time Reported,Location,Specific Location (include RCC Log no if relevant),Details of actual job being done at the time,Part of Body Affected,Injury Type,Was there a vehicle involved in this event?,Work related,Accident Type,Vehicle Motion,Who was Hit,Weather/Visibility,Surface Condition,Roadbed Grade,Lighting Conditions,Was A Police Report Filed?,Name of Law Enforcement Agency,Preventable,Type,Kind of Event,Expected Lost Workdays (Total),Actual Lost Workdays (Total),Expected Restricted Workdays (Total),Actual Restricted Workdays (Total),Return To Work Date,Sign Off 1
28077,Near Miss,Minor or low potential impact,Not Entered,4/28/2017 17:38,2017,Apr,Fri,17:38,12:00,5/4/2017 9:41,,,Construction & Maintenance,,,No,,,,,,,,,No,,,,Incursion due to breakdown,0,0,0,0,,
28081,Near Miss,Minor or low potential impact,Not Entered,5/1/2017 16:21,2017,May,Mon,16:21,12:00,5/4/2017 9:49,,,Construction & Maintenance,,,No,,,,,,,,,No,,,,Incursion due to breakdown,0,0,0,0,,
28079,Near Miss,Minor or low potential impact,Not Entered,5/2/2017 5:07,2017,May,Tue,5:07,0:00,5/4/2017 9:45,,,Construction & Maintenance,,,No,,,,,,,,,No,,,,Incursion due to breakdown,0,0,0,0,,
28082,Near Miss,Minor or low potential impact,Not Entered,5/2/2017 8:32,2017,May,Tue,8:32,6:00,5/4/2017 9:51,,,Construction & Maintenance,,,No,,,,,,,,,No,,,,Incursion due to breakdown,0,0,0,0,,
28080,Near Miss,Minor or low potential impact,Not Entered,5/2/2017 10:47,2017,May,Tue,10:47,6:00,5/4/2017 9:47,,,Construction & Maintenance,,,No,,,,,,,,,No,,,,Incursion due to breakdown,0,0,0,0,,
28083,Near Miss,Minor or low potential impact,Not Entered,5/2/2017 15:10,2017,May,Tue,15:10,12:00,5/4/2017 10:04,,,Construction & Maintenance,,,No,,,,,,,,,No,,,,Incursion due to breakdown,0,0,0,0,,
28084,Near Miss,Minor or low potential impact,Not Entered,5/2/2017 17:40,2017,May,Tue,17:40,12:00,5/4/2017 10:10,,,Construction & Maintenance,,,No,,,,,,,,,No,,,,Incursion due to breakdown,0,0,0,0,,
28078,Near Miss,Minor or low potential impact,Not Entered,5/2/2017 23:07,2017,May,Tue,23:07,18:00,5/4/2017 9:43,,,Construction & Maintenance,,,No,,,,,,,,,No,,,,Incursion due to breakdown,0,0,0,0,,
28085,Near Miss,Minor or low potential impact,Not Entered,5/3/2017 8:36,2017,May,Wed,8:36,6:00,5/4/2017 10:12,,,Construction & Maintenance,,,No,,,,,,,,,No,,,,Incursion to seek information or benefit,0,0,0,0,,
28091,Near Miss,Minor or low potential impact,Not Entered,5/4/2017 14:15,2017,May,Thu,14:15,12:00,5/4/2017 14:06,,,Construction & Maintenance,,,No,,,,,,,,,No,,,,Incursion due to breakdown,0,0,0,0,,
28092,Near Miss,Minor or low potential impact,Not Entered,5/4/2017 15:10,2017,May,Thu,15:10,12:00,5/5/2017 7:48,,,Construction & Maintenance,,,No,,,,,,,,,No,,,,Incursion due to breakdown,0,0,0,0,,
28093,Near Miss,Minor or low potential impact,Not Entered,5/4/2017 15:20,2017,May,Thu,15:20,12:00,5/5/2017 7:50,,,Construction & Maintenance,,,No,,,,,,,,,No,,,,Incursion due to breakdown,0,0,0,0,,
28094,Near Miss,Minor or low potential impact,Not Entered,5/4/2017 20:35,2017,May,Thu,20:35,18:00,5/5/2017 7:59,,,Construction & Maintenance,,,No,,,,,,,,,No,,,,Incursion due to breakdown,0,0,0,0,,
28099,Near Miss,Minor or low potential impact,Not Entered,5/7/2017 20:35,2017,May,Sun,20:35,18:00,5/8/2017 9:13,,,Construction & Maintenance,,,No,,,,,,,,,No,,,,Incursion due to breakdown,0,0,0,0,,
28100,Near Miss,Minor or low potential impact,Not Entered,5/8/2017 8:16,2017,May,Mon,8:16,6:00,5/8/2017 9:15,,,Construction & Maintenance,,,No,,,,,,,,,No,,,,Incursion due to breakdown,0,0,0,0,,
28123,Near Miss,Minor or low potential impact,Not Entered,5/9/2017 14:05,2017,May,Tue,14:05,12:00,5/10/2017 7:50,,,Construction & Maintenance,,,No,,,,,,,,,No,,,,Incursion due to breakdown,0,0,0,0,,
28124,Near Miss,Minor or low potential impact,Not Entered,5/9/2017 15:02,2017,May,Tue,15:02,12:00,5/10/2017 7:53,,,Construction & Maintenance,,,No,,,,,,,,,Yes,,,,Incursion to seek information or benefit,0,0,0,0,,
28126,Near Miss,Minor or low potential impact,Not Entered,5/10/2017 16:16,2017,May,Wed,16:16,12:00,5/11/2017 7:57,,,Construction & Maintenance,,,No,,,,,,,,,No,,,,Incursion due to breakdown,0,0,0,0,,
28127,Near Miss,Minor or low potential impact,Not Entered,5/10/2017 17:55,2017,May,Wed,17:55,12:00,5/11/2017 7:59,,,Construction & Maintenance,,,No,,,,,,,,,No,,,,Incursion due to breakdown,0,0,0,0,,
28137,Near Miss,Minor or low potential impact,Not Entered,5/11/2017 13:47,2017,May,Thu,13:47,12:00,5/12/2017 13:18,,,Construction & Maintenance,,,No,,,,,,,,,No,,,,Incursion due to breakdown,0,0,0,0,,
28139,Near Miss,Minor or low potential impact,Not Entered,5/12/2017 11:52,2017,May,Fri,11:52,6:00,5/12/2017 13:22,,,Construction & Maintenance,,,No,,,,,,,,,No,,,,Incursion due to breakdown,0,0,0,0,,
28138,Near Miss,Minor or low potential impact,Not Entered,5/12/2017 11:59,2017,May,Fri,11:59,6:00,5/12/2017 13:20,,,Construction & Maintenance,,,No,,,,,,,,,No,,,,Incursion due to breakdown,0,0,0,0,,
28142,Near Miss,Minor or low potential impact,Not Entered,5/12/2017 15:24,2017,May,Fri,15:24,12:00,5/15/2017 7:37,,,Construction & Maintenance,,,No,,,,,,,,,No,,,,Incursion due to breakdown,0,0,0,0,,
28143,Near Miss,Minor or low potential impact,Not Entered,5/12/2017 16:18,2017,May,Fri,16:18,12:00,5/15/2017 7:39,,,Construction & Maintenance,,,No,,,,,,,,,No,,,,Incursion due to breakdown,0,0,0,0,,
28144,Near Miss,Minor or low potential impact,Not Entered,5/12/2017 17:49,2017,May,Fri,17:49,12:00,5/15/2017 7:41,,,Construction & Maintenance,,,No,,,,,,,,,No,,,,Incursion due to breakdown,0,0,0,0,,
28155,Near Miss,Minor or low potential impact,Not Entered,5/15/2017 18:15,2017,May,Mon,18:15,18:00,5/16/2017 9:31,,,Construction & Maintenance,,,No,,,,,,,,,No,,,,Incursion due to breakdown,0,0,0,0,,
28187,Near Miss,Minor or low potential impact,Not Entered,5/17/2017 18:11,2017,May,Wed,18:11,18:00,5/18/2017 7:33,,,Construction & Maintenance,,,No,,,,,,,,,No,,,,Incursion due to breakdown,0,0,0,0,,
28188,Near Miss,Minor or low potential impact,Not Entered,5/17/2017 23:00,2017,May,Wed,23:00,18:00,5/18/2017 7:34,,,Construction & Maintenance,,,No,,,,,,,,,No,,,,Incursion due to breakdown,0,0,0,0,,
28193,Near Miss,Minor or low potential impact,Not Entered,5/18/2017 14:24,2017,May,Thu,14:24,12:00,5/19/2017 7:35,,,Construction & Maintenance,,,No,,,,,,,,,No,,,,Incursion due to breakdown,0,0,0,0,,
28194,Near Miss,Minor or low potential impact,Not Entered,5/19/2017 6:42,2017,May,Fri,6:42,6:00,5/19/2017 7:36,,,Construction & Maintenance,,,No,,,,,,,,,No,,,,Incursion due to breakdown,0,0,0,0,,
28210,Near Miss,Minor or low potential impact,Not Entered,5/19/2017 9:30,2017,May,Fri,9:30,6:00,5/23/2017 7:57,,,Construction & Maintenance,,,No,,,,,,,,,No,,,,Incursion due to breakdown,0,0,0,0,,
28211,Near Miss,Minor or low potential impact,Not Entered,5/19/2017 12:27,2017,May,Fri,12:27,12:00,5/23/2017 8:00,,,Construction & Maintenance,,,No,,,,,,,,,No,,,,Incursion due to breakdown,0,0,0,0,,
28212,Near Miss,Minor or low potential impact,Not Entered,5/20/2017 16:35,2017,May,Sat,16:35,12:00,5/23/2017 8:41,,,Construction & Maintenance,,,No,,,,,,,,,No,,,,Incursion due to breakdown,0,0,0,0,,
28213,Near Miss,Minor or low potential impact,Not Entered,5/20/2017 17:56,2017,May,Sat,17:56,12:00,5/23/2017 8:46,,,Construction & Maintenance,,,No,,,,,,,,,No,,,,Incursion due to breakdown,0,0,0,0,,
28214,Near Miss,Minor or low potential impact,Not Entered,5/20/2017 20:45,2017,May,Sat,20:45,18:00,5/23/2017 8:49,,,Construction & Maintenance,,,No,,,,,,,,,No,,,,Incursion due to breakdown,0,0,0,0,,
28215,Near Miss,Minor or low potential impact,Not Entered,5/21/2017 13:03,2017,May,Sun,13:03,12:00,5/23/2017 8:51,,,Construction & Maintenance,,,No,,,,,,,,,No,,,,Incursion due to breakdown,0,0,0,0,,
28216,Near Miss,Minor or low potential impact,Not Entered,5/22/2017 7:10,2017,May,Mon,7:10,6:00,5/23/2017 8:52,,,Construction & Maintenance,,,No,,,,,,,,,No,,,,Incursion due to breakdown,0,0,0,0,,
28217,Near Miss,Minor or low potential impact,Not Entered,5/22/2017 13:55,2017,May,Mon,13:55,12:00,5/23/2017 9:03,,,Construction & Maintenance,,,No,,,,,,,,,No,,,,Incursion due to breakdown,0,0,0,0,,
28225,Near Miss,Minor or low potential impact,Not Entered,5/23/2017 12:31,2017,May,Tue,12:31,12:00,5/23/2017 12:53,,,Construction & Maintenance,,,No,,,,,,,,,No,,,,Incursion due to breakdown,0,0,0,0,,
28231,Near Miss,Minor or low potential impact,Not Entered,5/23/2017 13:20,2017,May,Tue,13:20,12:00,5/23/2017 14:33,,,Construction & Maintenance,,,No,,,,,,,,,No,,,,Incursion due to breakdown,0,0,0,0,,
28246,Near Miss,Minor or low potential impact,Not Entered,5/24/2017 9:46,2017,May,Wed,9:46,6:00,5/25/2017 7:33,,,Construction & Maintenance,,,No,,,,,,,,,No,,,,Incursion due to breakdown,0,0,0,0,,Yes
28247,Near Miss,Minor or low potential impact,Not Entered,5/24/2017 11:00,2017,May,Wed,11:00,6:00,5/25/2017 7:35,,,Construction & Maintenance,,,No,,,,,,,,,No,,,,Incursion due to breakdown,0,0,0,0,,Yes
29264,Near Miss,Minor or low potential impact,Not Entered,5/25/2017 13:05,2017,May,Thu,13:05,12:00,5/30/2017 7:48,,,Construction & Maintenance,,,No,,,,,,,,,No,,,,Incursion unintentional - confused or follow in,0,0,0,0,,
28256,Near Miss,Minor or low potential impact,Not Entered,5/25/2017 15:39,2017,May,Thu,15:39,12:00,5/26/2017 7:52,,,Construction & Maintenance,,,No,,,,,,,,,No,,,,Incursion due to breakdown,0,0,0,0,,
29260,Near Miss,Minor or low potential impact,Not Entered,5/26/2017 2:15,2017,May,Fri,2:15,0:00,5/30/2017 7:40,,,Construction & Maintenance,,,No,,,,,,,,,No,,,,Incursion unintentional - confused or follow in,0,0,0,0,,
29261,Near Miss,Minor or low potential impact,Not Entered,5/26/2017 11:43,2017,May,Fri,11:43,6:00,5/30/2017 7:42,,,Construction & Maintenance,,,No,,,,,,,,,No,,,,Incursion due to breakdown,0,0,0,0,,
29262,Near Miss,Minor or low potential impact,Not Entered,5/26/2017 12:44,2017,May,Fri,12:44,12:00,5/30/2017 7:44,,,Construction & Maintenance,,,No,,,,,,,,,No,,,,Incursion due to breakdown,0,0,0,0,,
29263,Near Miss,Minor or low potential impact,Not Entered,5/26/2017 13:18,2017,May,Fri,13:18,12:00,5/30/2017 7:46,,,Construction & Maintenance,,,No,,,,,,,,,No,,,,Incursion due to breakdown,0,0,0,0,,
29265,Near Miss,Minor or low potential impact,Not Entered,5/26/2017 13:58,2017,May,Fri,13:58,12:00,5/30/2017 7:50,,,Construction & Maintenance,,,No,,,,,,,,,No,,,,Incursion due to breakdown,0,0,0,0,,
29266,Near Miss,Minor or low potential impact,Not Entered,5/26/2017 16:40,2017,May,Fri,16:40,12:00,5/30/2017 7:52,,,Construction & Maintenance,,,No,,,,,,,,,No,,,,Incursion unintentional as result of accident,0,0,0,0,,
29267,Near Miss,Minor or low potential impact,Not Entered,5/26/2017 21:03,2017,May,Fri,21:03,18:00,5/30/2017 7:54,,,Construction & Maintenance,,,No,,,,,,,,,No,,,,Incursion due to breakdown,0,0,0,0,,
29268,Near Miss,Minor or low potential impact,Not Entered,5/27/2017 11:39,2017,May,Sat,11:39,6:00,5/30/2017 7:56,,,Construction & Maintenance,,,No,,,,,,,,,No,,,,Incursion to seek information or benefit,0,0,0,0,,
29269,Near Miss,Minor or low potential impact,Not Entered,5/29/2017 13:00,2017,May,Mon,13:00,12:00,5/30/2017 7:57,,,Construction & Maintenance,,,No,,,,,,,,,No,,,,Incursion due to breakdown,0,0,0,0,,
29280,Near Miss,Minor or low potential impact,Not Entered,5/30/2017 12:00,2017,May,Tue,12:00,12:00,5/30/2017 13:58,,,Construction & Maintenance,,,No,,,,,,,,,No,,,,Incursion due to breakdown,0,0,0,0,,
29290,Near Miss,Minor or low potential impact,Not Entered,5/30/2017 20:34,2017,May,Tue,20:34,18:00,5/31/2017 7:21,,,Construction & Maintenance,,,No,,,,,,,,,No,,,,Incursion due to breakdown,0,0,0,0,,
29291,Near Miss,Minor or low potential impact,Not Entered,5/30/2017 21:07,2017,May,Tue,21:07,18:00,5/31/2017 7:23,,,Construction & Maintenance,,,No,,,,,,,,,No,,,,Incursion to seek information or benefit,0,0,0,0,,
29293,Near Miss,Minor or low potential impact,Not Entered,5/31/2017 14:30,2017,May,Wed,14:30,12:00,6/1/2017 7:35,,,Construction & Maintenance,,,No,,,,,,,,,No,,,,Incursion unintentional - confused or follow in,0,0,0,0,,
29292,Near Miss,Minor or low potential impact,Not Entered,5/31/2017 15:00,2017,May,Wed,15:00,12:00,6/1/2017 7:33,,,Construction & Maintenance,,,No,,,,,,,,,No,,,,Incursion due to breakdown,0,0,0,0,,
29294,Near Miss,Minor or low potential impact,Not Entered,5/31/2017 19:00,2017,May,Wed,19:00,18:00,6/1/2017 7:39,,,Construction & Maintenance,,,No,,,,,,,,,No,,,,Incursion due to breakdown,0,0,0,0,,
29295,Near Miss,Minor or low potential impact,Not Entered,5/31/2017 20:45,2017,May,Wed,20:45,18:00,6/1/2017 7:40,,,Construction & Maintenance,,,No,,,,,,,,,No,,,,Incursion due to breakdown,0,0,0,0,,
29304,Near Miss,Minor or low potential impact,Not Entered,6/1/2017 8:15,2017,Jun,Thu,8:15,6:00,6/1/2017 11:06,,,Construction & Maintenance,,,No,,,,,,,,,No,,,,Incursion due to breakdown,0,0,0,0,,
29331,Near Miss,Minor or low potential impact,Not Entered,6/1/2017 18:25,2017,Jun,Thu,18:25,18:00,6/2/2017 9:51,,,Construction & Maintenance,,,No,,,,,,,,,No,,,,Incursion due to breakdown,0,0,0,0,,
29332,Near Miss,Minor or low potential impact,Not Entered,6/1/2017 20:49,2017,Jun,Thu,20:49,18:00,6/2/2017 9:53,,,Construction & Maintenance,,,No,,,,,,,,,No,,,,Incursion due to breakdown,0,0,0,0,,
29406,Near Miss,Minor or low potential impact,Not Entered,6/3/2017 22:58,2017,Jun,Sat,22:58,18:00,6/6/2017 7:57,,,Construction & Maintenance,,,No,,,,,,,,,No,,,,Incursion due to breakdown,0,0,0,0,,
29407,Near Miss,Minor or low potential impact,Not Entered,6/5/2017 11:25,2017,Jun,Mon,11:25,6:00,6/6/2017 7:59,,,Construction & Maintenance,,,No,,,,,,,,,No,,,,Incursion due to breakdown,0,0,0,0,,
29414,Near Miss,Minor or low potential impact,Not Entered,6/6/2017 9:20,2017,Jun,Tue,9:20,6:00,6/6/2017 14:40,,,Construction & Maintenance,,,No,,,,,,,,,No,,,,Incursion due to breakdown,0,0,0,0,,
29419,Near Miss,Minor or low potential impact,Not Entered,6/7/2017 8:06,2017,Jun,Wed,8:06,6:00,6/7/2017 9:37,,,Construction & Maintenance,,,No,,,,,,,,,No,,,,Incursion to seek information or benefit,0,0,0,0,,
29428,Near Miss,Minor or low potential impact,Not Entered,6/7/2017 15:23,2017,Jun,Wed,15:23,12:00,6/8/2017 7:30,,,Construction & Maintenance,,,No,,,,,,,,,No,,,,Incursion due to breakdown,0,0,0,0,,
29429,Near Miss,Minor or low potential impact,Not Entered,6/8/2017 7:47,2017,Jun,Thu,7:47,6:00,6/8/2017 7:51,,,Construction & Maintenance,,,No,,,,,,,,,No,,,,Incursion due to breakdown,0,0,0,0,,
29436,Near Miss,Minor or low potential impact,Not Entered,6/8/2017 13:55,2017,Jun,Thu,13:55,12:00,6/9/2017 7:48,,,Construction & Maintenance,,,No,,,,,,,,,No,,,,Incursion due to breakdown,0,0,0,0,,
29441,Near Miss,Minor or low potential impact,Not Entered,6/10/2017 16:35,2017,Jun,Sat,16:35,12:00,6/12/2017 8:50,,,Construction & Maintenance,,,No,,,,,,,,,No,,,,Incursion due to breakdown,0,0,0,0,,
29442,Near Miss,Minor or low potential impact,Not Entered,6/11/2017 16:57,2017,Jun,Sun,16:57,12:00,6/12/2017 8:52,,,Construction & Maintenance,,,No,,,,,,,,,No,,,,Incursion due to breakdown,0,0,0,0,,
29574,Near Miss,Minor or low potential impact,Not Entered,6/14/2017 17:51,2017,Jun,Wed,17:51,12:00,6/26/2017 12:46,,,Construction & Maintenance,,,No,,,,,,,,,No,,,,Incursion unintentional as result of accident,0,0,0,0,,
29575,Near Miss,Minor or low potential impact,Not Entered,6/14/2017 18:31,2017,Jun,Wed,18:31,18:00,6/26/2017 12:48,,,Construction & Maintenance,,,No,,,,,,,,,No,,,,Incursion due to breakdown,0,0,0,0,,Yes
29576,Near Miss,Minor or low potential impact,Not Entered,6/15/2017 0:10,2017,Jun,Thu,0:10,0:00,6/26/2017 12:50,,,Construction & Maintenance,,,No,,,,,,,,,No,,,,Incursion due to breakdown,0,0,0,0,,
29578,Near Miss,Minor or low potential impact,Not Entered,6/15/2017 17:20,2017,Jun,Thu,17:20,12:00,6/26/2017 12:56,,,Construction & Maintenance,,,No,,,,,,,,,No,,,,Incursion to seek information or benefit,0,0,0,0,,
29579,Near Miss,Minor or low potential impact,Not Entered,6/16/2017 16:22,2017,Jun,Fri,16:22,12:00,6/26/2017 12:57,,,Construction & Maintenance,,,No,,,,,,,,,No,,,,Incursion due to breakdown,0,0,0,0,,
29580,Near Miss,Minor or low potential impact,Not Entered,6/16/2017 18:24,2017,Jun,Fri,18:24,18:00,6/26/2017 12:59,,,Construction & Maintenance,,,No,,,,,,,,,No,,,,Incursion due to breakdown,0,0,0,0,,
29581,Near Miss,Minor or low potential impact,Not Entered,6/17/2017 17:07,2017,Jun,Sat,17:07,12:00,6/26/2017 13:01,,,Construction & Maintenance,,,No,,,,,,,,,No,,,,Incursion due to breakdown,0,0,0,0,,
29582,Near Miss,Minor or low potential impact,Not Entered,6/18/2017 22:09,2017,Jun,Sun,22:09,18:00,6/26/2017 13:02,,,Construction & Maintenance,,,No,,,,,,,,,No,,,,Incursion due to breakdown,0,0,0,0,,
29583,Near Miss,Minor or low potential impact,Not Entered,6/19/2017 18:43,2017,Jun,Mon,18:43,18:00,6/26/2017 13:04,,,Construction & Maintenance,,,No,,,,,,,,,No,,,,Incursion due to breakdown,0,0,0,0,,
29585,Near Miss,Minor or low potential impact,Not Entered,6/21/2017 17:18,2017,Jun,Wed,17:18,12:00,6/26/2017 13:14,,,Construction & Maintenance,,,No,,,,,,,,,No,,,,Incursion due to breakdown,0,0,0,0,,
29587,Near Miss,Minor or low potential impact,Not Entered,6/23/2017 12:16,2017,Jun,Fri,12:16,12:00,6/26/2017 13:16,,,Construction & Maintenance,,,No,,,,,,,,,No,,,,Incursion due to breakdown,0,0,0,0,,
29588,Near Miss,Minor or low potential impact,Not Entered,6/26/2017 11:35,2017,Jun,Mon,11:35,6:00,6/26/2017 13:18,,,Construction & Maintenance,,,No,,,,,,,,,No,,,,Incursion due to breakdown,0,0,0,0,,
29593,Near Miss,Minor or low potential impact,Not Entered,6/26/2017 16:03,2017,Jun,Mon,16:03,12:00,6/27/2017 7:06,,,Construction & Maintenance,,,No,,,,,,,,,Yes,,,,Incursion due to breakdown,0,0,0,0,,
29599,Near Miss,Minor or low potential impact,Not Entered,6/27/2017 8:12,2017,Jun,Tue,8:12,6:00,6/27/2017 9:48,,,Construction & Maintenance,,,No,,,,,,,,,No,,,,Incursion due to breakdown,0,0,0,0,,
29608,Near Miss,Minor or low potential impact,Not Entered,6/27/2017 13:35,2017,Jun,Tue,13:35,12:00,6/28/2017 7:59,,,Construction & Maintenance,,,No,,,,,,,,,No,,,,Incursion due to breakdown,0,0,0,0,,
29609,Near Miss,Minor or low potential impact,Not Entered,6/28/2017 5:00,2017,Jun,Wed,5:00,0:00,6/28/2017 8:01,,,Construction & Maintenance,,,No,,,,,,,,,No,,,,Incursion due to breakdown,0,0,0,0,,
29677,Near Miss,Minor or low potential impact,Not Entered,7/1/2017 15:39,2017,Jul,Sat,15:39,12:00,7/6/2017 8:43,,,Construction & Maintenance,,,No,,,,,,,,,No,,,,Incursion due to breakdown,0,0,0,0,,
29678,Near Miss,Minor or low potential impact,Not Entered,7/2/2017 16:00,2017,Jul,Sun,16:00,12:00,7/6/2017 8:46,,,Construction & Maintenance,,,No,,,,,,,,,No,,,,Incursion due to breakdown,0,0,0,0,,
29679,Near Miss,Minor or low potential impact,Not Entered,7/3/2017 12:44,2017,Jul,Mon,12:44,12:00,7/6/2017 8:48,,,Construction & Maintenance,,,No,,,,,,,,,No,,,,Incursion due to breakdown,0,0,0,0,,
29680,Near Miss,Minor or low potential impact,Not Entered,7/3/2017 20:35,2017,Jul,Mon,20:35,18:00,7/6/2017 8:50,,,Construction & Maintenance,,,No,,,,,,,,,No,,,,Incursion due to breakdown,0,0,0,0,,
29681,Near Miss,Minor or low potential impact,Not Entered,7/4/2017 9:21,2017,Jul,Tue,9:21,6:00,7/6/2017 8:53,,,Construction & Maintenance,,,No,,,,,,,,,No,,,,Incursion due to breakdown,0,0,0,0,,
29682,Near Miss,Minor or low potential impact,Not Entered,7/4/2017 19:03,2017,Jul,Tue,19:03,18:00,7/6/2017 8:55,,,Construction & Maintenance,,,No,,,,,,,,,No,,,,Incursion due to breakdown,0,0,0,0,,
29683,Near Miss,Minor or low potential impact,Not Entered,7/5/2017 3:06,2017,Jul,Wed,3:06,0:00,7/6/2017 8:56,,,Construction & Maintenance,,,No,,,,,,,,,No,,,,Incursion due to breakdown,0,0,0,0,,
29692,Near Miss,Minor or low potential impact,Not Entered,7/6/2017 19:53,2017,Jul,Thu,19:53,18:00,7/7/2017 11:52,,,Construction & Maintenance,,,No,,,,,,,,,No,,,,Incursion unintentional as result of accident,0,0,0,0,,
29693,Near Miss,Minor or low potential impact,Not Entered,7/7/2017 3:00,2017,Jul,Fri,3:00,0:00,7/7/2017 11:54,,,Construction & Maintenance,,,No,,,,,,,,,No,,,,Incursion due to breakdown,0,0,0,0,,
29711,Near Miss,Minor or low potential impact,Not Entered,7/9/2017 20:20,2017,Jul,Sun,20:20,18:00,7/10/2017 15:40,,,Construction & Maintenance,,,No,,,,,,,,,No,,,,Incursion due to breakdown,0,0,0,0,,
29712,Near Miss,Minor or low potential impact,Not Entered,7/10/2017 14:10,2017,Jul,Mon,14:10,12:00,7/10/2017 15:42,,,Construction & Maintenance,,,No,,,,,,,,,No,,,,Incursion due to breakdown,0,0,0,0,,
29717,Near Miss,Minor or low potential impact,Not Entered,7/10/2017 18:26,2017,Jul,Mon,18:26,18:00,7/11/2017 11:50,,,Construction & Maintenance,,,No,,,,,,,,,No,,,,Incursion due to breakdown,0,0,0,0,,
29759,Near Miss,Minor or low potential impact,Not Entered,7/12/2017 3:56,2017,Jul,Wed,3:56,0:00,7/19/2017 9:38,,,Construction & Maintenance,,,No,,,,,,,,,No,,,,Incursion to seek information or benefit,0,0,0,0,,
29729,Near Miss,Minor or low potential impact,Not Entered,7/12/2017 12:58,2017,Jul,Wed,12:58,12:00,7/14/2017 7:28,,,Construction & Maintenance,,,No,,,,,,,,,No,,,,Incursion due to breakdown,0,0,0,0,,
29730,Near Miss,Minor or low potential impact,Not Entered,7/13/2017 15:15,2017,Jul,Thu,15:15,12:00,7/14/2017 7:30,,,Construction & Maintenance,,,No,,,,,,,,,No,,,,Incursion due to breakdown,0,0,0,0,,
29731,Near Miss,Minor or low potential impact,Not Entered,7/13/2017 22:30,2017,Jul,Thu,22:30,18:00,7/14/2017 7:32,,,Construction & Maintenance,,,No,,,,,,,,,Yes,,,,Incursion due to breakdown,0,0,0,0,,
29732,Near Miss,Minor or low potential impact,Not Entered,7/14/2017 6:29,2017,Jul,Fri,6:29,6:00,7/14/2017 7:34,,,Construction & Maintenance,,,No,,,,,,,,,No,,,,Incursion due to breakdown,0,0,0,0,,
29735,Near Miss,Minor or low potential impact,Not Entered,7/14/2017 11:46,2017,Jul,Fri,11:46,6:00,7/14/2017 12:38,,,Construction & Maintenance,,,No,,,,,,,,,No,,,,Incursion due to breakdown,0,0,0,0,,
29736,Near Miss,Minor or low potential impact,Not Entered,7/14/2017 13:29,2017,Jul,Fri,13:29,12:00,7/14/2017 13:44,,,Construction & Maintenance,,,No,,,,,,,,,No,,,,Incursion due to breakdown,0,0,0,0,,
29740,Near Miss,Minor or low potential impact,Not Entered,7/15/2017 9:05,2017,Jul,Sat,9:05,6:00,7/17/2017 7:15,,,Construction & Maintenance,,,No,,,,,,,,,No,,,,Incursion due to breakdown,0,0,0,0,,
29741,Near Miss,Minor or low potential impact,Not Entered,7/15/2017 19:03,2017,Jul,Sat,19:03,18:00,7/17/2017 7:18,,,Construction & Maintenance,,,No,,,,,,,,,No,,,,Incursion due to breakdown,0,0,0,0,,
29742,Near Miss,Minor or low potential impact,Not Entered,7/15/2017 23:20,2017,Jul,Sat,23:20,18:00,7/17/2017 7:20,,,Construction & Maintenance,,,No,,,,,,,,,No,,,,Incursion due to breakdown,0,0,0,0,,
29743,Near Miss,Minor or low potential impact,Not Entered,7/16/2017 9:05,2017,Jul,Sun,9:05,6:00,7/17/2017 7:21,,,Construction & Maintenance,,,No,,,,,,,,,No,,,,Incursion due to breakdown,0,0,0,0,,
29744,Near Miss,Minor or low potential impact,Not Entered,7/16/2017 15:05,2017,Jul,Sun,15:05,12:00,7/17/2017 7:23,,,Construction & Maintenance,,,No,,,,,,,,,No,,,,Incursion due to breakdown,0,0,0,0,,
29745,Near Miss,Minor or low potential impact,Not Entered,7/16/2017 16:03,2017,Jul,Sun,16:03,12:00,7/17/2017 7:27,,,Construction & Maintenance,,,No,,,,,,,,,No,,,,Incursion due to breakdown,0,0,0,0,,
29746,Near Miss,Minor or low potential impact,Not Entered,7/16/2017 18:04,2017,Jul,Sun,18:04,18:00,7/17/2017 7:28,,,Construction & Maintenance,,,No,,,,,,,,,No,,,,Incursion due to breakdown,0,0,0,0,,
29750,Near Miss,Minor or low potential impact,Not Entered,7/17/2017 14:40,2017,Jul,Mon,14:40,12:00,7/17/2017 14:57,,,Construction & Maintenance,,,No,,,,,,,,,No,,,,Incursion due to breakdown,0,0,0,0,,
29752,Near Miss,Minor or low potential impact,Not Entered,7/17/2017 19:25,2017,Jul,Mon,19:25,18:00,7/18/2017 7:36,,,Construction & Maintenance,,,No,,,,,,,,,No,,,,Incursion due to breakdown,0,0,0,0,,
29753,Near Miss,Minor or low potential impact,Not Entered,7/18/2017 5:22,2017,Jul,Tue,5:22,0:00,7/18/2017 7:37,,,Construction & Maintenance,,,No,,,,,,,,,No,,,,Incursion due to breakdown,0,0,0,0,,
29758,Near Miss,Minor or low potential impact,Not Entered,7/19/2017 6:34,2017,Jul,Wed,6:34,6:00,7/19/2017 7:29,,,Construction & Maintenance,,,No,,,,,,,,,No,,,,Incursion due to breakdown,0,0,0,0,,