Event ID,Event Type ,Event Subtype,Type of Person,Date/Time of Event,Year,Month,Day of the Week,Time,Time interval (6 hours),Date/Time Reported,Location,Specific Location (include RCC Log no if relevant),Details of actual job being done at the time,Part of Body Affected,Injury Type,Was there a vehicle involved in this event?,Work related,Accident Type,Vehicle Motion,Who was Hit,Weather/Visibility,Surface Condition,Roadbed Grade,Lighting Conditions,Was A Police Report Filed?,Name of Law Enforcement Agency,Preventable,Type,Kind of Event,Expected Lost Workdays (Total),Actual Lost Workdays (Total),Expected Restricted Workdays (Total),Actual Restricted Workdays (Total),Return To Work Date,Sign Off 1
29766,Near Miss,Minor or low potential impact,Not Entered,7/20/2017 11:50,2017,Jul,Thu,11:50,6:00,7/20/2017 14:07,,,Construction & Maintenance,,,No,,,,,,,,,No,,,,Incursion to seek information or benefit,0,0,0,0,,
29770,Near Miss,Minor or low potential impact,Not Entered,7/20/2017 17:35,2017,Jul,Thu,17:35,12:00,7/21/2017 8:14,,,Construction & Maintenance,,,No,,,,,,,,,No,,,,Incursion due to breakdown,0,0,0,0,,
29777,Near Miss,Minor or low potential impact,Not Entered,7/21/2017 15:31,2017,Jul,Fri,15:31,12:00,7/24/2017 10:22,,,Construction & Maintenance,,,No,,,,,,,,,No,,,,Incursion due to breakdown,0,0,0,0,,
29778,Near Miss,Minor or low potential impact,Not Entered,7/21/2017 17:01,2017,Jul,Fri,17:01,12:00,7/24/2017 10:25,,,Construction & Maintenance,,,No,,,,,,,,,No,,,,Incursion due to breakdown,0,0,0,0,,
29779,Near Miss,Minor or low potential impact,Not Entered,7/21/2017 19:17,2017,Jul,Fri,19:17,18:00,7/24/2017 10:27,,,Construction & Maintenance,,,No,,,,,,,,,No,,,,Incursion due to breakdown,0,0,0,0,,
29780,Near Miss,Minor or low potential impact,Not Entered,7/22/2017 1:30,2017,Jul,Sat,1:30,0:00,7/24/2017 10:29,,,Construction & Maintenance,,,No,,,,,,,,,No,,,,Incursion due to breakdown,0,0,0,0,,
29782,Near Miss,Minor or low potential impact,Not Entered,7/22/2017 17:45,2017,Jul,Sat,17:45,12:00,7/24/2017 10:30,,,Construction & Maintenance,,,No,,,,,,,,,No,,,,Incursion due to breakdown,0,0,0,0,,
29783,Near Miss,Minor or low potential impact,Not Entered,7/24/2017 1:18,2017,Jul,Mon,1:18,0:00,7/24/2017 10:32,,,Construction & Maintenance,,,No,,,,,,,,,No,,,,Incursion due to breakdown,0,0,0,0,,
29832,Near Miss,Minor or low potential impact,Not Entered,7/25/2017 14:24,2017,Jul,Tue,14:24,12:00,7/26/2017 7:36,,,Construction & Maintenance,,,No,,,,,,,,,No,,,,Incursion due to breakdown,0,0,0,0,,
29833,Near Miss,Minor or low potential impact,Not Entered,7/25/2017 16:24,2017,Jul,Tue,16:24,12:00,7/26/2017 7:38,,,Construction & Maintenance,,,No,,,,,,,,,No,,,,Incursion due to breakdown,0,0,0,0,,
29834,Near Miss,Minor or low potential impact,Not Entered,7/25/2017 17:25,2017,Jul,Tue,17:25,12:00,7/26/2017 7:40,,,Construction & Maintenance,,,No,,,,,,,,,No,,,,Incursion due to breakdown,0,0,0,0,,
29835,Near Miss,Minor or low potential impact,Not Entered,7/26/2017 1:30,2017,Jul,Wed,1:30,0:00,7/26/2017 7:42,,,Construction & Maintenance,,,No,,,,,,,,,No,,,,Incursion to seek information or benefit,0,0,0,0,,
29880,Near Miss,Minor or low potential impact,Not Entered,7/28/2017 6:33,2017,Jul,Fri,6:33,6:00,7/31/2017 9:09,,,Construction & Maintenance,,,No,,,,,,,,,No,,,,Incursion due to breakdown,0,0,0,0,,
29881,Near Miss,Minor or low potential impact,Not Entered,7/28/2017 9:32,2017,Jul,Fri,9:32,6:00,7/31/2017 9:12,,,Construction & Maintenance,,,No,,,,,,,,,No,,,,Incursion due to breakdown,0,0,0,0,,
29882,Near Miss,Minor or low potential impact,Not Entered,7/28/2017 10:11,2017,Jul,Fri,10:11,6:00,7/31/2017 9:14,,,Construction & Maintenance,,,No,,,,,,,,,No,,,,Incursion due to breakdown,0,0,0,0,,
29883,Near Miss,Minor or low potential impact,Not Entered,7/28/2017 12:32,2017,Jul,Fri,12:32,12:00,7/31/2017 9:16,,,Construction & Maintenance,,,No,,,,,,,,,No,,,,Incursion unintentional as result of accident,0,0,0,0,,
29884,Near Miss,Minor or low potential impact,Not Entered,7/29/2017 11:05,2017,Jul,Sat,11:05,6:00,7/31/2017 9:19,,,Construction & Maintenance,,,No,,,,,,,,,No,,,,Incursion due to breakdown,0,0,0,0,,
29885,Near Miss,Minor or low potential impact,Not Entered,7/29/2017 14:09,2017,Jul,Sat,14:09,12:00,7/31/2017 9:21,,,Construction & Maintenance,,,No,,,,,,,,,No,,,,Incursion due to breakdown,0,0,0,0,,
29886,Near Miss,Minor or low potential impact,Not Entered,7/30/2017 7:30,2017,Jul,Sun,7:30,6:00,7/31/2017 9:23,,,Construction & Maintenance,,,No,,,,,,,,,No,,,,Incursion due to breakdown,0,0,0,0,,
29887,Near Miss,Minor or low potential impact,Not Entered,7/30/2017 10:25,2017,Jul,Sun,10:25,6:00,7/31/2017 9:24,,,Construction & Maintenance,,,No,,,,,,,,,No,,,,Incursion due to breakdown,0,0,0,0,,
29914,Near Miss,Minor or low potential impact,Not Entered,7/31/2017 6:21,2017,Jul,Mon,6:21,6:00,8/1/2017 7:46,,,Construction & Maintenance,,,No,,,,,,,,,No,,,,Incursion due to breakdown,0,0,0,0,,
29915,Near Miss,Minor or low potential impact,Not Entered,7/31/2017 11:27,2017,Jul,Mon,11:27,6:00,8/1/2017 7:48,,,Construction & Maintenance,,,No,,,,,,,,,No,,,,Incursion unintentional as result of accident,0,0,0,0,,
29922,Near Miss,Minor or low potential impact,Not Entered,8/1/2017 8:25,2017,Aug,Tue,8:25,6:00,8/1/2017 8:57,,,Construction & Maintenance,,,No,,,,,,,,,No,,,,Incursion unintentional as result of accident,0,0,0,0,,
29923,Near Miss,Minor or low potential impact,Not Entered,8/1/2017 8:26,2017,Aug,Tue,8:26,6:00,8/1/2017 8:58,,,Construction & Maintenance,,,No,,,,,,,,,No,,,,Incursion due to breakdown,0,0,0,0,,
29957,Near Miss,Minor or low potential impact,Not Entered,8/2/2017 14:13,2017,Aug,Wed,14:13,12:00,8/4/2017 8:13,,,Construction & Maintenance,,,No,,,,,,,,,No,,,,Incursion due to breakdown,0,0,0,0,,
29958,Near Miss,Minor or low potential impact,Not Entered,8/3/2017 5:49,2017,Aug,Thu,5:49,0:00,8/4/2017 8:15,,,Construction & Maintenance,,,No,,,,,,,,,No,,,,Incursion due to breakdown,0,0,0,0,,
29959,Near Miss,Minor or low potential impact,Not Entered,8/3/2017 11:27,2017,Aug,Thu,11:27,6:00,8/4/2017 8:17,,,Construction & Maintenance,,,No,,,,,,,,,No,,,,Incursion due to breakdown,0,0,0,0,,
29969,Near Miss,Minor or low potential impact,Not Entered,8/4/2017 21:06,2017,Aug,Fri,21:06,18:00,8/7/2017 7:36,,,Construction & Maintenance,,,No,,,,,,,,,No,,,,Incursion due to breakdown,0,0,0,0,,
29970,Near Miss,Minor or low potential impact,Not Entered,8/5/2017 16:42,2017,Aug,Sat,16:42,12:00,8/7/2017 7:43,,,Construction & Maintenance,,,No,,,,,,,,,No,,,,Incursion due to breakdown,0,0,0,0,,
29971,Near Miss,Minor or low potential impact,Not Entered,8/6/2017 18:04,2017,Aug,Sun,18:04,18:00,8/7/2017 7:45,,,Construction & Maintenance,,,No,,,,,,,,,No,,,,Incursion due to breakdown,0,0,0,0,,
30001,Near Miss,Minor or low potential impact,Not Entered,8/8/2017 17:08,2017,Aug,Tue,17:08,12:00,8/9/2017 8:43,,,Construction & Maintenance,,,No,,,,,,,,,No,,,,Incursion due to breakdown,0,0,0,0,,Yes
30014,Near Miss,Minor or low potential impact,Not Entered,8/9/2017 9:28,2017,Aug,Wed,9:28,6:00,8/10/2017 7:36,,,Construction & Maintenance,,,No,,,,,,,,,No,,,,Incursion due to breakdown,0,0,0,0,,Yes
30015,Near Miss,Minor or low potential impact,Not Entered,8/9/2017 13:08,2017,Aug,Wed,13:08,12:00,8/10/2017 7:37,,,Construction & Maintenance,,,No,,,,,,,,,No,,,,Incursion due to breakdown,0,0,0,0,,Yes
30016,Near Miss,Minor or low potential impact,Not Entered,8/9/2017 17:30,2017,Aug,Wed,17:30,12:00,8/10/2017 7:39,,,Construction & Maintenance,,,No,,,,,,,,,No,,,,Incursion due to breakdown,0,0,0,0,,Yes
30019,Near Miss,Minor or low potential impact,Not Entered,8/10/2017 11:22,2017,Aug,Thu,11:22,6:00,8/11/2017 9:07,,,Construction & Maintenance,,,No,,,,,,,,,No,,,,Incursion due to breakdown,0,0,0,0,,Yes
30021,Near Miss,Minor or low potential impact,Not Entered,8/10/2017 21:07,2017,Aug,Thu,21:07,18:00,8/11/2017 9:10,,,Construction & Maintenance,,,No,,,,,,,,,No,,,,Incursion due to breakdown,0,0,0,0,,Yes
30022,Near Miss,Minor or low potential impact,Not Entered,8/10/2017 21:54,2017,Aug,Thu,21:54,18:00,8/11/2017 9:11,,,Construction & Maintenance,,,No,,,,,,,,,No,,,,Incursion due to breakdown,0,0,0,0,,Yes
30033,Near Miss,Minor or low potential impact,Not Entered,8/11/2017 10:11,2017,Aug,Fri,10:11,6:00,8/14/2017 7:31,,,Construction & Maintenance,,,No,,,,,,,,,No,,,,Incursion due to breakdown,0,0,0,0,,Yes
30034,Near Miss,Minor or low potential impact,Not Entered,8/11/2017 11:22,2017,Aug,Fri,11:22,6:00,8/14/2017 7:33,,,Construction & Maintenance,,,No,,,,,,,,,No,,,,Incursion due to breakdown,0,0,0,0,,Yes
30035,Near Miss,Minor or low potential impact,Not Entered,8/11/2017 15:10,2017,Aug,Fri,15:10,12:00,8/14/2017 7:36,,,Construction & Maintenance,,,No,,,,,,,,,No,,,,Incursion due to breakdown,0,0,0,0,,Yes
30036,Near Miss,Minor or low potential impact,Not Entered,8/11/2017 17:43,2017,Aug,Fri,17:43,12:00,8/14/2017 7:38,,,Construction & Maintenance,,,No,,,,,,,,,No,,,,Incursion to seek information or benefit,0,0,0,0,,Yes
30037,Near Miss,Minor or low potential impact,Not Entered,8/12/2017 9:43,2017,Aug,Sat,9:43,6:00,8/14/2017 7:40,,,Construction & Maintenance,,,No,,,,,,,,,No,,,,Incursion to seek information or benefit,0,0,0,0,,Yes
30038,Near Miss,Minor or low potential impact,Not Entered,8/13/2017 15:05,2017,Aug,Sun,15:05,12:00,8/14/2017 7:41,,,Construction & Maintenance,,,No,,,,,,,,,No,,,,Incursion due to breakdown,0,0,0,0,,
30039,Near Miss,Minor or low potential impact,Not Entered,8/13/2017 15:07,2017,Aug,Sun,15:07,12:00,8/14/2017 7:43,,,Construction & Maintenance,,,No,,,,,,,,,No,,,,Incursion due to breakdown,0,0,0,0,,
30040,Near Miss,Minor or low potential impact,Not Entered,8/13/2017 17:08,2017,Aug,Sun,17:08,12:00,8/14/2017 7:45,,,Construction & Maintenance,,,No,,,,,,,,,No,,,,Incursion due to breakdown,0,0,0,0,,
30043,Near Miss,Minor or low potential impact,Not Entered,8/13/2017 20:26,2017,Aug,Sun,20:26,18:00,8/14/2017 15:17,,,Construction & Maintenance,,,No,,,,,,,,,No,,,,Incursion due to breakdown,0,0,0,0,,
30041,Near Miss,Minor or low potential impact,Not Entered,8/13/2017 20:26,2017,Aug,Sun,20:26,18:00,8/14/2017 7:47,,,Construction & Maintenance,,,No,,,,,,,,,No,,,,Incursion due to breakdown,0,0,0,0,,
30044,Near Miss,Minor or low potential impact,Not Entered,8/14/2017 9:17,2017,Aug,Mon,9:17,6:00,8/14/2017 15:19,,,Construction & Maintenance,,,No,,,,,,,,,No,,,,Incursion due to breakdown,0,0,0,0,,
30045,Near Miss,Minor or low potential impact,Not Entered,8/14/2017 11:02,2017,Aug,Mon,11:02,6:00,8/14/2017 15:21,,,Construction & Maintenance,,,No,,,,,,,,,No,,,,Incursion to seek information or benefit,0,0,0,0,,
30046,Near Miss,Minor or low potential impact,Not Entered,8/14/2017 12:42,2017,Aug,Mon,12:42,12:00,8/14/2017 15:23,,,Construction & Maintenance,,,No,,,,,,,,,No,,,,Incursion due to breakdown,0,0,0,0,,
30048,Near Miss,Minor or low potential impact,Not Entered,8/14/2017 17:07,2017,Aug,Mon,17:07,12:00,8/15/2017 7:32,,,Construction & Maintenance,,,No,,,,,,,,,No,,,,Incursion due to breakdown,0,0,0,0,,
30049,Near Miss,Minor or low potential impact,Not Entered,8/15/2017 0:49,2017,Aug,Tue,0:49,0:00,8/15/2017 7:34,,,Construction & Maintenance,,,No,,,,,,,,,No,,,,Incursion due to breakdown,0,0,0,0,,
30052,Near Miss,Minor or low potential impact,Not Entered,8/15/2017 12:25,2017,Aug,Tue,12:25,12:00,8/16/2017 7:27,,,Construction & Maintenance,,,No,,,,,,,,,No,,,,Incursion due to breakdown,0,0,0,0,,
30053,Near Miss,Minor or low potential impact,Not Entered,8/15/2017 16:30,2017,Aug,Tue,16:30,12:00,8/16/2017 7:29,,,Construction & Maintenance,,,No,,,,,,,,,No,,,,Incursion due to breakdown,0,0,0,0,,
30076,Near Miss,Minor or low potential impact,Not Entered,8/16/2017 14:07,2017,Aug,Wed,14:07,12:00,8/16/2017 14:05,,,Construction & Maintenance,,,No,,,,,,,,,No,,,,Incursion due to breakdown,0,0,0,0,,
30096,Near Miss,Minor or low potential impact,Not Entered,8/17/2017 17:52,2017,Aug,Thu,17:52,12:00,8/18/2017 8:22,,,Construction & Maintenance,,,No,,,,,,,,,No,,,,Incursion due to breakdown,0,0,0,0,,
30097,Near Miss,Minor or low potential impact,Not Entered,8/17/2017 18:40,2017,Aug,Thu,18:40,18:00,8/18/2017 8:24,,,Construction & Maintenance,,,No,,,,,,,,,No,,,,Incursion due to breakdown,0,0,0,0,,
30098,Near Miss,Minor or low potential impact,Not Entered,8/17/2017 19:50,2017,Aug,Thu,19:50,18:00,8/18/2017 8:25,,,Construction & Maintenance,,,No,,,,,,,,,No,,,,Incursion due to breakdown,0,0,0,0,,
30107,Near Miss,Minor or low potential impact,Not Entered,8/18/2017 9:22,2017,Aug,Fri,9:22,6:00,8/21/2017 7:37,,,Construction & Maintenance,,,No,,,,,,,,,No,,,,Incursion due to breakdown,0,0,0,0,,
30108,Near Miss,Minor or low potential impact,Not Entered,8/18/2017 17:05,2017,Aug,Fri,17:05,12:00,8/21/2017 7:39,,,Construction & Maintenance,,,No,,,,,,,,,No,,,,Incursion due to breakdown,0,0,0,0,,
30112,Near Miss,Minor or low potential impact,Not Entered,8/19/2017 18:48,2017,Aug,Sat,18:48,18:00,8/21/2017 7:43,,,Construction & Maintenance,,,No,,,,,,,,,No,,,,Incursion due to breakdown,0,0,0,0,,
30111,Near Miss,Minor or low potential impact,Not Entered,8/19/2017 20:45,2017,Aug,Sat,20:45,18:00,8/21/2017 7:41,,,Construction & Maintenance,,,No,,,,,,,,,No,,,,Incursion due to breakdown,0,0,0,0,,
30113,Near Miss,Minor or low potential impact,Not Entered,8/20/2017 15:36,2017,Aug,Sun,15:36,12:00,8/21/2017 7:44,,,Construction & Maintenance,,,No,,,,,,,,,No,,,,Incursion due to breakdown,0,0,0,0,,
30114,Near Miss,Minor or low potential impact,Not Entered,8/20/2017 20:08,2017,Aug,Sun,20:08,18:00,8/21/2017 7:46,,,Construction & Maintenance,,,No,,,,,,,,,No,,,,Incursion due to breakdown,0,0,0,0,,
30127,Near Miss,Minor or low potential impact,Not Entered,8/21/2017 8:40,2017,Aug,Mon,8:40,6:00,8/21/2017 13:19,,,Construction & Maintenance,,,No,,,,,,,,,No,,,,Incursion due to breakdown,0,0,0,0,,
30133,Near Miss,Minor or low potential impact,Not Entered,8/21/2017 14:50,2017,Aug,Mon,14:50,12:00,8/22/2017 7:22,,,Construction & Maintenance,,,No,,,,,,,,,No,,,,Incursion due to breakdown,0,0,0,0,,
30134,Near Miss,Minor or low potential impact,Not Entered,8/21/2017 19:53,2017,Aug,Mon,19:53,18:00,8/22/2017 7:23,,,Construction & Maintenance,,,No,,,,,,,,,No,,,,Incursion due to breakdown,0,0,0,0,,
30166,Near Miss,Minor or low potential impact,Not Entered,8/23/2017 16:56,2017,Aug,Wed,16:56,12:00,8/24/2017 7:38,,,Construction & Maintenance,,,No,,,,,,,,,No,,,,Incursion due to breakdown,0,0,0,0,,
30167,Near Miss,Minor or low potential impact,Not Entered,8/24/2017 5:43,2017,Aug,Thu,5:43,0:00,8/24/2017 7:40,,,Construction & Maintenance,,,No,,,,,,,,,No,,,,Incursion due to breakdown,0,0,0,0,,
30183,Near Miss,Minor or low potential impact,Not Entered,8/24/2017 14:27,2017,Aug,Thu,14:27,12:00,8/29/2017 10:44,,,Construction & Maintenance,,,No,,,,,,,,,No,,,,Incursion due to breakdown,0,0,0,0,,
30184,Near Miss,Minor or low potential impact,Not Entered,8/24/2017 16:04,2017,Aug,Thu,16:04,12:00,8/29/2017 10:46,,,Construction & Maintenance,,,No,,,,,,,,,No,,,,Incursion due to breakdown,0,0,0,0,,
30185,Near Miss,Minor or low potential impact,Not Entered,8/25/2017 15:50,2017,Aug,Fri,15:50,12:00,8/29/2017 10:47,,,Construction & Maintenance,,,No,,,,,,,,,No,,,,Incursion due to breakdown,0,0,0,0,,
30186,Near Miss,Minor or low potential impact,Not Entered,8/25/2017 18:20,2017,Aug,Fri,18:20,18:00,8/29/2017 10:49,,,Construction & Maintenance,,,No,,,,,,,,,No,,,,Incursion due to breakdown,0,0,0,0,,
30187,Near Miss,Minor or low potential impact,Not Entered,8/25/2017 20:35,2017,Aug,Fri,20:35,18:00,8/29/2017 10:50,,,Construction & Maintenance,,,No,,,,,,,,,No,,,,Incursion due to breakdown,0,0,0,0,,
30188,Near Miss,Minor or low potential impact,Not Entered,8/26/2017 10:47,2017,Aug,Sat,10:47,6:00,8/29/2017 10:52,,,Construction & Maintenance,,,No,,,,,,,,,No,,,,Incursion due to breakdown,0,0,0,0,,
30189,Near Miss,Minor or low potential impact,Not Entered,8/26/2017 18:50,2017,Aug,Sat,18:50,18:00,8/29/2017 11:18,,,Construction & Maintenance,,,No,,,,,,,,,No,,,,Incursion due to breakdown,0,0,0,0,,
30190,Near Miss,Minor or low potential impact,Not Entered,8/27/2017 2:33,2017,Aug,Sun,2:33,0:00,8/29/2017 11:22,,,Construction & Maintenance,,,No,,,,,,,,,No,,,,Incursion due to breakdown,0,0,0,0,,
30191,Near Miss,Minor or low potential impact,Not Entered,8/27/2017 8:39,2017,Aug,Sun,8:39,6:00,8/29/2017 11:24,,,Construction & Maintenance,,,No,,,,,,,,,No,,,,Incursion due to breakdown,0,0,0,0,,
30192,Near Miss,Minor or low potential impact,Not Entered,8/27/2017 11:18,2017,Aug,Sun,11:18,6:00,8/29/2017 11:25,,,Construction & Maintenance,,,No,,,,,,,,,No,,,,Incursion due to breakdown,0,0,0,0,,
30193,Near Miss,Minor or low potential impact,Not Entered,8/28/2017 15:21,2017,Aug,Mon,15:21,12:00,8/29/2017 11:27,,,Construction & Maintenance,,,No,,,,,,,,,No,,,,Incursion due to breakdown,0,0,0,0,,
30195,Near Miss,Minor or low potential impact,Not Entered,8/28/2017 15:55,2017,Aug,Mon,15:55,12:00,8/29/2017 11:28,,,Construction & Maintenance,,,No,,,,,,,,,No,,,,Incursion due to breakdown,0,0,0,0,,
30196,Near Miss,Minor or low potential impact,Not Entered,8/28/2017 20:47,2017,Aug,Mon,20:47,18:00,8/29/2017 11:30,,,Construction & Maintenance,,,No,,,,,,,,,No,,,,Incursion due to breakdown,0,0,0,0,,
30216,Near Miss,Minor or low potential impact,Not Entered,8/29/2017 13:22,2017,Aug,Tue,13:22,12:00,8/30/2017 7:08,,,Construction & Maintenance,,,No,,,,,,,,,No,,,,Incursion due to breakdown,0,0,0,0,,
30217,Near Miss,Minor or low potential impact,Not Entered,8/30/2017 10:16,2017,Aug,Wed,10:16,6:00,8/30/2017 10:35,,,Construction & Maintenance,,,No,,,,,,,,,No,,,,Incursion due to breakdown,0,0,0,0,,
30228,Near Miss,Minor or low potential impact,Not Entered,8/30/2017 16:38,2017,Aug,Wed,16:38,12:00,8/31/2017 7:07,,,Construction & Maintenance,,,No,,,,,,,,,No,,,,Incursion due to breakdown,0,0,0,0,,
30229,Near Miss,Minor or low potential impact,Not Entered,8/31/2017 2:20,2017,Aug,Thu,2:20,0:00,8/31/2017 7:09,,,Construction & Maintenance,,,No,,,,,,,,,No,,,,Incursion due to breakdown,0,0,0,0,,
30240,Near Miss,Minor or low potential impact,Not Entered,9/2/2017 12:05,2017,Sep,Sat,12:05,12:00,9/4/2017 7:23,,,Construction & Maintenance,,,No,,,,,,,,,No,,,,Incursion due to breakdown,0,0,0,0,,
30241,Near Miss,Minor or low potential impact,Not Entered,9/2/2017 14:23,2017,Sep,Sat,14:23,12:00,9/4/2017 7:25,,,Construction & Maintenance,,,No,,,,,,,,,No,,,,Incursion due to breakdown,0,0,0,0,,
30242,Near Miss,Minor or low potential impact,Not Entered,9/3/2017 16:43,2017,Sep,Sun,16:43,12:00,9/4/2017 7:26,,,Construction & Maintenance,,,No,,,,,,,,,No,,,,Incursion due to breakdown,0,0,0,0,,Yes
30244,Near Miss,Minor or low potential impact,Not Entered,9/3/2017 16:50,2017,Sep,Sun,16:50,12:00,9/4/2017 7:30,,,Construction & Maintenance,,,No,,,,,,,,,No,,,,Incursion due to breakdown,0,0,0,0,,
30243,Near Miss,Minor or low potential impact,Not Entered,9/3/2017 17:52,2017,Sep,Sun,17:52,12:00,9/4/2017 7:28,,,Construction & Maintenance,,,No,,,,,,,,,No,,,,Incursion due to breakdown,0,0,0,0,,
30245,Near Miss,Minor or low potential impact,Not Entered,9/3/2017 20:25,2017,Sep,Sun,20:25,18:00,9/4/2017 7:31,,,Construction & Maintenance,,,No,,,,,,,,,No,,,,Incursion due to breakdown,0,0,0,0,,
30252,Near Miss,Minor or low potential impact,Not Entered,9/4/2017 11:43,2017,Sep,Mon,11:43,6:00,9/5/2017 7:11,,,Construction & Maintenance,,,No,,,,,,,,,No,,,,Incursion due to breakdown,0,0,0,0,,
30253,Near Miss,Minor or low potential impact,Not Entered,9/4/2017 17:00,2017,Sep,Mon,17:00,12:00,9/5/2017 7:13,,,Construction & Maintenance,,,No,,,,,,,,,No,,,,Incursion due to breakdown,0,0,0,0,,
30254,Near Miss,Minor or low potential impact,Not Entered,9/4/2017 17:49,2017,Sep,Mon,17:49,12:00,9/5/2017 7:14,,,Construction & Maintenance,,,No,,,,,,,,,No,,,,Incursion due to breakdown,0,0,0,0,,
30255,Near Miss,Minor or low potential impact,Not Entered,9/4/2017 18:20,2017,Sep,Mon,18:20,18:00,9/5/2017 7:16,,,Construction & Maintenance,,,No,,,,,,,,,No,,,,Incursion due to breakdown,0,0,0,0,,
30256,Near Miss,Minor or low potential impact,Not Entered,9/4/2017 20:06,2017,Sep,Mon,20:06,18:00,9/5/2017 7:18,,,Construction & Maintenance,,,No,,,,,,,,,No,,,,Incursion due to breakdown,0,0,0,0,,
30277,Near Miss,Minor or low potential impact,Not Entered,9/5/2017 13:42,2017,Sep,Tue,13:42,12:00,9/6/2017 8:54,,,Construction & Maintenance,,,No,,,,,,,,,No,,,,Incursion due to breakdown,0,0,0,0,,
30278,Near Miss,Minor or low potential impact,Not Entered,9/5/2017 14:46,2017,Sep,Tue,14:46,12:00,9/6/2017 8:56,,,Construction & Maintenance,,,No,,,,,,,,,No,,,,Incursion due to breakdown,0,0,0,0,,
30296,Near Miss,Minor or low potential impact,Not Entered,9/6/2017 20:17,2017,Sep,Wed,20:17,18:00,9/7/2017 8:02,,,Construction & Maintenance,,,No,,,,,,,,,No,,,,Incursion due to breakdown,0,0,0,0,,
30320,Near Miss,Minor or low potential impact,Not Entered,9/8/2017 18:06,2017,Sep,Fri,18:06,18:00,9/11/2017 7:45,,,Construction & Maintenance,,,No,,,,,,,,,No,,,,Incursion due to breakdown,0,0,0,0,,
30321,Near Miss,Minor or low potential impact,Not Entered,9/9/2017 15:39,2017,Sep,Sat,15:39,12:00,9/11/2017 7:48,,,Construction & Maintenance,,,No,,,,,,,,,No,,,,Incursion due to breakdown,0,0,0,0,,
30322,Near Miss,Minor or low potential impact,Not Entered,9/9/2017 17:06,2017,Sep,Sat,17:06,12:00,9/11/2017 7:49,,,Construction & Maintenance,,,No,,,,,,,,,Yes,,,,Incursion due to breakdown,0,0,0,0,,
30323,Near Miss,Minor or low potential impact,Not Entered,9/10/2017 8:39,2017,Sep,Sun,8:39,6:00,9/11/2017 7:51,,,Construction & Maintenance,,,No,,,,,,,,,No,,,,Incursion due to breakdown,0,0,0,0,,
30324,Near Miss,Minor or low potential impact,Not Entered,9/10/2017 10:58,2017,Sep,Sun,10:58,6:00,9/11/2017 7:53,,,Construction & Maintenance,,,No,,,,,,,,,No,,,,Incursion due to breakdown,0,0,0,0,,
30325,Near Miss,Minor or low potential impact,Not Entered,9/10/2017 14:20,2017,Sep,Sun,14:20,12:00,9/11/2017 7:55,,,Construction & Maintenance,,,No,,,,,,,,,No,,,,Incursion due to breakdown,0,0,0,0,,
30326,Near Miss,Minor or low potential impact,Not Entered,9/10/2017 18:44,2017,Sep,Sun,18:44,18:00,9/11/2017 7:57,,,Construction & Maintenance,,,No,,,,,,,,,No,,,,Incursion due to breakdown,0,0,0,0,,
30331,Near Miss,Minor or low potential impact,Not Entered,9/11/2017 9:57,2017,Sep,Mon,9:57,6:00,9/11/2017 11:58,,,Construction & Maintenance,,,No,,,,,,,,,No,,,,Incursion due to breakdown,0,0,0,0,,
30347,Near Miss,Minor or low potential impact,Not Entered,9/11/2017 11:27,2017,Sep,Mon,11:27,6:00,9/12/2017 8:01,,,Construction & Maintenance,,,No,,,,,,,,,No,,,,Incursion due to breakdown,0,0,0,0,,
30333,Near Miss,Minor or low potential impact,Not Entered,9/11/2017 11:27,2017,Sep,Mon,11:27,6:00,9/11/2017 13:34,,,Construction & Maintenance,,,No,,,,,,,,,No,,,,Incursion due to breakdown,0,0,0,0,,
30346,Near Miss,Minor or low potential impact,Not Entered,9/11/2017 13:55,2017,Sep,Mon,13:55,12:00,9/12/2017 7:59,,,Construction & Maintenance,,,No,,,,,,,,,Yes,,,,Incursion unintentional as result of accident,0,0,0,0,,
30348,Near Miss,Minor or low potential impact,Not Entered,9/12/2017 6:20,2017,Sep,Tue,6:20,6:00,9/12/2017 8:02,,,Construction & Maintenance,,,No,,,,,,,,,No,,,,Incursion due to breakdown,0,0,0,0,,
30349,Near Miss,Minor or low potential impact,Not Entered,9/12/2017 7:42,2017,Sep,Tue,7:42,6:00,9/12/2017 8:49,,,Construction & Maintenance,,,No,,,,,,,,,No,,,,Incursion due to breakdown,0,0,0,0,,
30358,Near Miss,Minor or low potential impact,Not Entered,9/12/2017 17:33,2017,Sep,Tue,17:33,12:00,9/13/2017 7:02,,,Construction & Maintenance,,,No,,,,,,,,,No,,,,Incursion due to breakdown,0,0,0,0,,
30359,Near Miss,Minor or low potential impact,Not Entered,9/12/2017 17:50,2017,Sep,Tue,17:50,12:00,9/13/2017 7:17,,,Construction & Maintenance,,,No,,,,,,,,,No,,,,Incursion due to breakdown,0,0,0,0,,
30363,Near Miss,Minor or low potential impact,Not Entered,9/13/2017 11:04,2017,Sep,Wed,11:04,6:00,9/14/2017 7:02,,,Construction & Maintenance,,,No,,,,,,,,,No,,,,Incursion due to breakdown,0,0,0,0,,
30364,Near Miss,Minor or low potential impact,Not Entered,9/13/2017 18:04,2017,Sep,Wed,18:04,18:00,9/14/2017 7:04,,,Construction & Maintenance,,,No,,,,,,,,,No,,,,Incursion due to breakdown,0,0,0,0,,
30365,Near Miss,Minor or low potential impact,Not Entered,9/13/2017 19:14,2017,Sep,Wed,19:14,18:00,9/14/2017 7:06,,,Construction & Maintenance,,,No,,,,,,,,,No,,,,Incursion due to breakdown,0,0,0,0,,