Event ID,Event Type ,Event Subtype,Type of Person,Date/Time of Event,Year,Month,Day of the Week,Time,Time interval (6 hours),Date/Time Reported,Location,Specific Location (include RCC Log no if relevant),Details of actual job being done at the time,Part of Body Affected,Injury Type,Was there a vehicle involved in this event?,Work related,Accident Type,Vehicle Motion,Who was Hit,Weather/Visibility,Surface Condition,Roadbed Grade,Lighting Conditions,Was A Police Report Filed?,Name of Law Enforcement Agency,Preventable,Type,Kind of Event,Expected Lost Workdays (Total),Actual Lost Workdays (Total),Expected Restricted Workdays (Total),Actual Restricted Workdays (Total),Return To Work Date,Sign Off 1
30366,Near Miss,Minor or low potential impact,Not Entered,9/13/2017 19:22,2017,Sep,Wed,19:22,18:00,9/14/2017 7:07,,,Construction & Maintenance,,,No,,,,,,,,,No,,,,Incursion due to breakdown,0,0,0,0,,
30381,Near Miss,Minor or low potential impact,Not Entered,9/14/2017 8:37,2017,Sep,Thu,8:37,6:00,9/14/2017 15:01,,,Construction & Maintenance,,,No,,,,,,,,,No,,,,Incursion due to breakdown,0,0,0,0,,
30382,Near Miss,Minor or low potential impact,Not Entered,9/14/2017 12:18,2017,Sep,Thu,12:18,12:00,9/14/2017 15:02,,,Construction & Maintenance,,,No,,,,,,,,,No,,,,Incursion due to breakdown,0,0,0,0,,
30383,Near Miss,Minor or low potential impact,Not Entered,9/14/2017 13:29,2017,Sep,Thu,13:29,12:00,9/14/2017 15:04,,,Construction & Maintenance,,,No,,,,,,,,,No,,,,Incursion due to breakdown,0,0,0,0,,
30389,Near Miss,Minor or low potential impact,Not Entered,9/15/2017 11:41,2017,Sep,Fri,11:41,6:00,9/18/2017 8:51,,,Construction & Maintenance,,,No,,,,,,,,,No,,,,Incursion due to breakdown,0,0,0,0,,
30390,Near Miss,Minor or low potential impact,Not Entered,9/17/2017 8:02,2017,Sep,Sun,8:02,6:00,9/18/2017 8:53,,,Construction & Maintenance,,,No,,,,,,,,,No,,,,Incursion due to breakdown,0,0,0,0,,
30391,Near Miss,Minor or low potential impact,Not Entered,9/17/2017 12:13,2017,Sep,Sun,12:13,12:00,9/18/2017 8:55,,,Construction & Maintenance,,,No,,,,,,,,,No,,,,Incursion due to breakdown,0,0,0,0,,
30403,Near Miss,Minor or low potential impact,Not Entered,9/18/2017 9:10,2017,Sep,Mon,9:10,6:00,9/18/2017 14:25,,,Construction & Maintenance,,,No,,,,,,,,,No,,,,Incursion due to breakdown,0,0,0,0,,
30407,Near Miss,Minor or low potential impact,Not Entered,9/19/2017 2:46,2017,Sep,Tue,2:46,0:00,9/19/2017 6:07,,,Construction & Maintenance,,,No,,,,,,,,,No,,,,Incursion to seek information or benefit,0,0,0,0,,
30412,Near Miss,Minor or low potential impact,Not Entered,9/19/2017 7:42,2017,Sep,Tue,7:42,6:00,9/19/2017 14:17,,,Construction & Maintenance,,,No,,,,,,,,,No,,,,Incursion due to breakdown,0,0,0,0,,
30419,Near Miss,Minor or low potential impact,Not Entered,9/19/2017 15:14,2017,Sep,Tue,15:14,12:00,9/19/2017 15:38,,,Construction & Maintenance,,,No,,,,,,,,,No,,,,Incursion due to breakdown,0,0,0,0,,
30429,Near Miss,Minor or low potential impact,Not Entered,9/20/2017 7:20,2017,Sep,Wed,7:20,6:00,9/21/2017 6:22,,,Construction & Maintenance,,,No,,,,,,,,,No,,,,Incursion due to breakdown,0,0,0,0,,
30442,Near Miss,Minor or low potential impact,Not Entered,9/21/2017 9:07,2017,Sep,Thu,9:07,6:00,9/22/2017 7:21,,,Construction & Maintenance,,,No,,,,,,,,,No,,,,Incursion due to breakdown,0,0,0,0,,
30441,Near Miss,Minor or low potential impact,Not Entered,9/21/2017 19:24,2017,Sep,Thu,19:24,18:00,9/22/2017 7:19,,,Construction & Maintenance,,,No,,,,,,,,,No,,,,Incursion due to breakdown,0,0,0,0,,
30449,Near Miss,Minor or low potential impact,Not Entered,9/23/2017 6:23,2017,Sep,Sat,6:23,6:00,9/25/2017 8:58,,,Construction & Maintenance,,,No,,,,,,,,,No,,,,Incursion due to breakdown,0,0,0,0,,
30451,Near Miss,Minor or low potential impact,Not Entered,9/24/2017 14:45,2017,Sep,Sun,14:45,12:00,9/25/2017 9:01,,,Construction & Maintenance,,,No,,,,,,,,,No,,,,Incursion to seek information or benefit,0,0,0,0,,
30452,Near Miss,Minor or low potential impact,Not Entered,9/24/2017 15:24,2017,Sep,Sun,15:24,12:00,9/25/2017 9:03,,,Construction & Maintenance,,,No,,,,,,,,,No,,,,Incursion due to breakdown,0,0,0,0,,
30450,Near Miss,Minor or low potential impact,Not Entered,9/24/2017 16:19,2017,Sep,Sun,16:19,12:00,9/25/2017 8:59,,,Construction & Maintenance,,,No,,,,,,,,,No,,,,Incursion due to breakdown,0,0,0,0,,
30453,Near Miss,Minor or low potential impact,Not Entered,9/24/2017 16:42,2017,Sep,Sun,16:42,12:00,9/25/2017 9:04,,,Construction & Maintenance,,,No,,,,,,,,,No,,,,Incursion due to breakdown,0,0,0,0,,
30483,Near Miss,Minor or low potential impact,Not Entered,9/25/2017 19:01,2017,Sep,Mon,19:01,18:00,9/28/2017 6:44,,,Construction & Maintenance,,,No,,,,,,,,,No,,,,Incursion to seek information or benefit,0,0,0,0,,
30484,Near Miss,Minor or low potential impact,Not Entered,9/26/2017 18:44,2017,Sep,Tue,18:44,18:00,9/28/2017 6:45,,,Construction & Maintenance,,,No,,,,,,,,,No,,,,Incursion due to breakdown,0,0,0,0,,
23976,Personal illness or injury ,4 to 7 Day Injury,Employee,1/14/2016 14:20,2016,Jan,Thu,14:20,12:00,1/21/2016 17:41,,,Construction & Maintenance,Ankle/Foot,,No,,,,,,,,,No,,,,"Fell, slipped, or tripped on same level",4,4,0,0,1/19/2016,
26818,Near Miss,Minor or low potential impact,Not Entered,11/21/2016 23:12,2016,Nov,Mon,23:12,18:00,11/29/2016 11:00,"Off Network e.g. Local Authority Road, Footpath",,Construction & Maintenance,,,No,,,,,Clear,,,100%,No,,,,Incursion to seek information or benefit,0,0,0,0,,
27641,Infrastructure asset,"Property, vehicle, plant damage",Not Entered,2/22/2017 4:15,2017,Feb,Wed,4:15,0:00,3/3/2017 11:43,"Off Network e.g. Local Authority Road, Footpath",,Not Applicable,,,No,,,,,,,,,No,,,,Hit by a moving vehicle or plant,0,0,0,0,,
28064,Near Miss,Minor or low potential impact,Not Entered,4/25/2017 12:30,2017,Apr,Tue,12:30,12:00,5/3/2017 9:00,"Off Network e.g. Local Authority Road, Footpath",,Not Applicable,,,No,,,,,,,,,No,,,,N/A,0,0,0,0,,Yes
29824,Near Miss,Minor or low potential impact,Not Entered,7/10/2017 9:30,2017,Jul,Mon,9:30,6:00,7/25/2017 12:25,"Off Network e.g. Local Authority Road, Footpath",,Not Applicable,,,No,,,,,,,,,No,,,,N/A,,,,,,
23977,Near Miss,Minor or low potential impact,Not Entered,1/21/2016 8:50,2016,Jan,Thu,8:50,6:00,1/22/2016 15:41,"Off Network e.g. Local Authority Road, Footpath",,Construction & Maintenance,,,No,,,,,,,,100%,No,,,,Incursion to seek information or benefit,0,0,0,0,,
23978,Near Miss,Minor or low potential impact,Not Entered,1/21/2016 22:13,2016,Jan,Thu,22:13,18:00,1/25/2016 13:15,"Off Network e.g. Local Authority Road, Footpath",,Construction & Maintenance,,,No,,,,,,,,100%,No,,,,Incursion to seek information or benefit,0,0,0,0,,
24013,Near Miss,Minor or low potential impact,Not Entered,1/27/2016 11:00,2016,Jan,Wed,11:00,6:00,2/1/2016 16:43,"Off Network e.g. Local Authority Road, Footpath",,Construction & Maintenance,,,No,,,,,Clear,,,100%,No,,,,Hit by a moving vehicle or plant,0,0,0,0,,
24012,Near Miss,Minor or low potential impact,Not Entered,1/27/2016 15:00,2016,Jan,Wed,15:00,12:00,2/1/2016 16:21,"Off Network e.g. Local Authority Road, Footpath",,Construction & Maintenance,,,No,,,,,Clear,,,100%,No,,,,Hit by a moving vehicle or plant,0,0,0,0,,
24015,Near Miss,Minor or low potential impact,Not Entered,1/28/2016 11:00,2016,Jan,Thu,11:00,6:00,2/1/2016 17:04,"Off Network e.g. Local Authority Road, Footpath",,Construction & Maintenance,,,No,,,,,Clear,,,100%,No,,,,Hit by a moving vehicle or plant,0,0,0,0,,
24008,Near Miss,Minor or low potential impact,Not Entered,1/28/2016 14:45,2016,Jan,Thu,14:45,12:00,2/1/2016 15:03,"Off Network e.g. Local Authority Road, Footpath",,Construction & Maintenance,,,No,,,,,Clear,,,100%,No,,,,Hit by a moving vehicle or plant,0,0,0,0,,
24014,Near Miss,Minor or low potential impact,Not Entered,1/28/2016 15:00,2016,Jan,Thu,15:00,12:00,2/1/2016 16:54,"Off Network e.g. Local Authority Road, Footpath",,Construction & Maintenance,,,No,,,,,Clear,,,100%,No,,,,Hit by a moving vehicle or plant,0,0,0,0,,
24011,Near Miss,Minor or low potential impact,Not Entered,1/29/2016 1:50,2016,Jan,Fri,1:50,0:00,2/1/2016 16:08,"Off Network e.g. Local Authority Road, Footpath",,Construction & Maintenance,,,No,,,,,Clear,,,100%,No,,,,Incursion unintentional - confused or follow in,0,0,0,0,,
24010,Near Miss,Minor or low potential impact,Not Entered,1/29/2016 1:50,2016,Jan,Fri,1:50,0:00,2/1/2016 15:55,"Off Network e.g. Local Authority Road, Footpath",,Construction & Maintenance,,,No,,,,,Clear,,,100%,No,,,,Incursion unintentional - confused or follow in,0,0,0,0,,
23319,Personal illness or injury ,Riddor - Specified Injury,Contractor,6/6/2015 12:00,2015,Jun,Sat,12:00,12:00,7/6/2015 9:41,,,Construction & Maintenance,Finger/Thumb,Fracture,No,,,,,,,,,No,,,,"Fell, slipped, or tripped on same level",1,1,1,1,6/7/2015,Yes
24425,Personal illness or injury ,No Lost Time Injury,Contractor,6/17/2016 12:00,2016,Jun,Fri,12:00,12:00,6/23/2016 8:22,,,Construction & Maintenance,Finger/Thumb,Other,No,,,,,,,,,No,,,,Injured while handling lifting or carrying,0,0,0,0,,
22044,Personal illness or injury ,No Lost Time Injury,Contractor,7/28/2014 11:25,2014,Jul,Mon,11:25,6:00,8/6/2014 13:03,,,Not Applicable,Finger/Thumb,"Cut / laceration, Abrasion",No,,,,,,,,,No,,,,Injured while handling lifting or carrying,0,0,0,0,7/28/2014,
23571,Personal illness or injury ,Taken medically ill,Contractor,9/15/2015 6:55,2015,Sep,Tue,6:55,6:00,9/15/2015 15:54,,,Construction & Maintenance,Head,,No,,,,,,,,,No,,,,"Fell, slipped, or tripped on same level",0,0,0,0,,
21737,Personal illness or injury ,No Lost Time Injury,Contractor,5/19/2014 11:00,2014,May,Mon,11:00,6:00,6/6/2014 15:05,,,Not Applicable,Ankle/Foot,Strain / sprain,No,,,,,,,,,No,,,,"Fell, slipped, or tripped on same level",0,0,0,0,5/19/2014,
21798,Personal illness or injury ,No Lost Time Injury,Contractor,6/20/2014 0:00,2014,Jun,Fri,0:00,0:00,6/23/2014 12:13,,,Not Applicable,Ankle/Foot,Strain / sprain,No,,,,,,,,,No,,,,"Fell, slipped, or tripped on same level",0,0,0,0,,
22337,Personal illness or injury ,No Lost Time Injury,Employee,10/6/2014 14:19,2014,Oct,Mon,14:19,12:00,11/10/2014 8:40,,,Construction & Maintenance,Leg,"Cut / laceration, Abrasion",No,,,,,,,,,No,,,,"Fell, slipped, or tripped on same level",0,0,0,0,,
23321,Personal illness or injury ,No Lost Time Injury,Employee,6/17/2015 12:30,2015,Jun,Wed,12:30,12:00,7/6/2015 10:02,,,Construction & Maintenance,Lower arm,Abrasion,No,,,,,,,,,No,,,,"Fell, slipped, or tripped on same level",0,0,0,0,6/17/2015,
22045,Personal illness or injury ,No Lost Time Injury,Contractor,7/29/2014 10:45,2014,Jul,Tue,10:45,6:00,8/6/2014 13:16,,,Not Applicable,Back/Spine,Strain / sprain,No,,,,,,,,,No,,,,"Fell, slipped, or tripped on same level",0,0,0,0,7/29/2014,
23490,Personal illness or injury ,No Lost Time Injury,Contractor,8/12/2015 11:00,2015,Aug,Wed,11:00,6:00,8/17/2015 12:58,,,Construction & Maintenance,Leg,Strain / sprain,No,,,,,,,,,No,,,,Injured while handling lifting or carrying,0,0,0,0,,
23812,Personal illness or injury ,Riddor > 7 Days,Contractor,11/17/2015 8:30,2015,Nov,Tue,8:30,6:00,11/17/2015 14:34,,,Construction & Maintenance,Finger/Thumb,Abrasion,No,,,,,,,,,No,,,,Hit by a moving or falling object,5,0,5,0,,Yes
22340,Personal illness or injury ,No Lost Time Injury,Employee,11/6/2014 16:21,2014,Nov,Thu,16:21,12:00,11/10/2014 9:01,,,Construction & Maintenance,Back/Spine,Strain / sprain,No,,,,,,,,,No,,,,Injured while handling lifting or carrying,0,0,0,0,,
23800,Personal illness or injury ,No Lost Time Injury,Contractor,10/14/2015 20:30,2015,Oct,Wed,20:30,18:00,11/13/2015 12:58,,,Construction & Maintenance,Lower arm,Abrasion,No,,,,,,,,,No,,,,"Fell, slipped, or tripped on same level",5,6,5,6,10/21/2015,
22338,Personal illness or injury ,No Lost Time Injury,Employee,10/15/2014 10:38,2014,Oct,Wed,10:38,6:00,11/10/2014 8:46,,,Construction & Maintenance,Hand,Abrasion,No,,,,,,,,,No,,,,Injured while handling lifting or carrying,0,0,0,0,,
21291,Personal illness or injury ,No Lost Time Injury,Contractor,3/20/2014 9:30,2014,Mar,Thu,9:30,6:00,3/20/2014 16:00,,,Not Applicable,Head,Other,No,,,,,,,,,No,,,,Hit by a moving or falling object,0,0,0,0,3/20/2014,
22043,Personal illness or injury ,No Lost Time Injury,Contractor,7/1/2014 9:30,2014,Jul,Tue,9:30,6:00,8/6/2014 12:52,,,Not Applicable,Back/Spine,Strain / sprain,No,,,,,,,,,No,,,,"Fell, slipped, or tripped on same level",0,0,0,0,,
21336,Personal illness or injury ,No Lost Time Injury,Contractor,3/24/2014 10:00,2014,Mar,Mon,10:00,6:00,3/27/2014 16:31,,,Not Applicable,Ankle/Foot,Strain / sprain,No,,,,,,,,,No,,,,"Fell, slipped, or tripped on same level",0,0,0,0,3/24/2014,
24254,Personal illness or injury ,No Lost Time Injury,Contractor,5/9/2016 12:45,2016,May,Mon,12:45,12:00,5/10/2016 13:47,,,Construction & Maintenance,Chest/Stomach,Other,No,,,,,,,,,No,,,,Hit by a moving or falling object,0,0,0,0,5/11/2016,
22339,Personal illness or injury ,No Lost Time Injury,Contractor,10/22/2014 12:59,2014,Oct,Wed,12:59,12:00,11/10/2014 8:54,,,Construction & Maintenance,Face,"Cut / laceration, Abrasion",No,,,,,,,,,No,,,,Injured while handling lifting or carrying,0,0,0,0,,
20822,Personal illness or injury ,No Lost Time Injury,Contractor,12/2/2013 18:30,2013,Dec,Mon,18:30,18:00,12/19/2013 17:33,,,Construction & Maintenance,Hand,"Cut / laceration, Abrasion",No,,,,,,,,,No,,,,"Fell, slipped, or tripped on same level",0,0,0,0,12/2/2013,
21149,Personal illness or injury ,1 to 3 Day Injury,Contractor,2/17/2014 11:30,2014,Feb,Mon,11:30,6:00,2/18/2014 16:02,,,Not Applicable,Back/Spine,Abrasion,No,,,,,,,,,No,,,,Fell from a height,2,0,2,0,,
26830,Near Miss,Minor or low potential impact,Not Entered,11/28/2016 14:30,2016,Nov,Mon,14:30,12:00,11/30/2016 9:04,,,Construction & Maintenance,,,,,,,,,,,,,,,,N/A,,,,,,
23320,Near Miss,Minor or low potential impact,Not Entered,6/9/2015 13:20,2015,Jun,Tue,13:20,12:00,7/6/2015 9:55,,,Construction & Maintenance,,,No,,,,,,,,,No,,,,Hit by a moving vehicle or plant,0,0,0,0,,
23457,Near Miss,Minor or low potential impact,Not Entered,7/27/2015 16:30,2015,Jul,Mon,16:30,12:00,8/3/2015 15:05,,,Construction & Maintenance,,,No,,,,,,,,,No,,,,Hit by a moving vehicle or plant,0,0,0,0,,
23489,Near Miss,Minor or low potential impact,Not Entered,8/12/2015 13:27,2015,Aug,Wed,13:27,12:00,8/17/2015 12:49,,,Construction & Maintenance,,,No,,,,,,,,,No,,,,Fell from a height,0,0,0,0,,
21736,Infrastructure asset,Service Strike,Not Entered,6/1/2014 0:00,2014,Jun,Sun,0:00,0:00,6/6/2014 14:46,,,Not Applicable,,,No,,,,,,,,,No,,,,Collision with fixed or stationary object or material,0,0,0,0,,
24277,Near Miss,Minor or low potential impact,Not Entered,5/19/2016 9:30,2016,May,Thu,9:30,6:00,5/20/2016 14:23,,,Construction & Maintenance,,,No,,,,,,,,,No,,,,Collision with fixed or stationary object or material,0,0,0,0,,
26618,Personal illness or injury ,No Lost Time Injury,Contractor,10/13/2016 9:30,2016,Oct,Thu,9:30,6:00,10/25/2016 16:43,,,Construction & Maintenance,Hand,Other,No,,,,,,,,,No,,,,Injured while handling lifting or carrying,0,0,0,0,10/13/2016,
24115,Personal illness or injury ,4 to 7 Day Injury,Contractor,3/3/2016 23:00,2016,Mar,Thu,23:00,18:00,3/8/2016 16:50,,,Construction & Maintenance,Leg,"Cut / laceration, Abrasion",No,,,,,,,,,No,,,,"Fell, slipped, or tripped on same level",6,6,0,0,3/10/2016,
26617,Personal illness or injury ,No Lost Time Injury,Contractor,10/24/2016 15:00,2016,Oct,Mon,15:00,12:00,10/25/2016 16:31,,,Construction & Maintenance,Finger/Thumb,"Cut / laceration, Abrasion",No,,,,,,,,,No,,,,Hit by a moving or falling object,0,0,0,0,10/24/2016,
24480,Near Miss,Minor or low potential impact,Not Entered,7/1/2016 13:30,2016,Jul,Fri,13:30,12:00,7/8/2016 13:16,,,Construction & Maintenance,,,No,,,,,,,,,No,,,,Incursion to seek information or benefit,0,0,0,0,,
25615,Infrastructure asset,Service Strike,Not Entered,8/11/2016 0:00,2016,Aug,Thu,0:00,0:00,8/15/2016 16:03,,,Construction & Maintenance,,,No,,,,,,,,,No,,,,Person contact with electricity,0,0,0,0,,
21338,Infrastructure asset,Service Strike,Not Entered,3/25/2014 17:25,2014,Mar,Tue,17:25,12:00,3/27/2014 16:50,,,Excavation,,,No,,,,,,,,,No,,,,Hit by a moving vehicle or plant,0,0,0,0,,
20821,Personal illness or injury ,No Lost Time Injury,Contractor,12/2/2013 0:00,2013,Dec,Mon,0:00,0:00,12/19/2013 17:25,"Off Network e.g. Local Authority Road, Footpath",,Construction & Maintenance,Neck/Shoulder,Strain / sprain,No,,,,,Clear,,,100%,No,,,,"Fell, slipped, or tripped on same level",0,0,0,0,12/2/2013,
20820,Personal illness or injury ,No Lost Time Injury,Contractor,11/18/2013 0:00,2013,Nov,Mon,0:00,0:00,12/19/2013 16:54,,,Construction & Maintenance,Hand,"Cut / laceration, Abrasion",No,,,,,,,,,No,,,,Injured while handling lifting or carrying,0,0,0,0,11/18/2013,
23447,Personal illness or injury ,Riddor - Specified Injury,Employee,7/18/2015 20:36,2015,Jul,Sat,20:36,18:00,7/31/2015 12:24,,,Construction & Maintenance,Eyes,Abrasion,No,,,,,,,,,No,,,,Hit by a moving or falling object,0,0,0,0,,Yes
23485,Personal illness or injury ,No Lost Time Injury,Contractor,7/29/2015 16:45,2015,Jul,Wed,16:45,12:00,8/14/2015 11:08,,,Construction & Maintenance,Leg,Other,No,,,,,,,,,No,,,,N/A,0,0,0,0,7/30/2015,
21670,Personal illness or injury ,1 to 3 Day Injury,Contractor,5/20/2014 12:30,2014,May,Tue,12:30,12:00,6/4/2014 17:14,,,Construction & Maintenance,Ankle/Foot,Strain / sprain,No,,,,,,,,,No,,,,"Fell, slipped, or tripped on same level",0,2,0,0,5/23/2014,
23484,Personal illness or injury ,No Lost Time Injury,Contractor,7/8/2015 12:30,2015,Jul,Wed,12:30,12:00,8/13/2015 12:44,,,Construction & Maintenance,Finger/Thumb,"Cut / laceration, Abrasion",No,,,,,,,,,No,,,,Injured while handling lifting or carrying,0,0,0,0,7/8/2015,
21658,Personal illness or injury ,Riddor > 7 Days,Contractor,5/30/2014 9:30,2014,May,Fri,9:30,6:00,6/2/2014 15:42,,,Construction & Maintenance,,Fracture,No,,,,,,,,,No,,,,"Fell, slipped, or tripped on same level",70,0,0,0,,
23528,Personal illness or injury ,No Lost Time Injury,Employee,8/19/2015 0:00,2015,Aug,Wed,0:00,0:00,8/28/2015 13:34,,,Construction & Maintenance,Lower arm,Abrasion,No,,,,,,,,,No,,,,N/A,0,0,0,0,8/19/2015,
23919,Personal illness or injury ,Riddor - Specified Injury,Contractor,12/30/2015 14:17,2015,Dec,Wed,14:17,12:00,12/31/2015 12:36,,,Construction & Maintenance,Face,Fracture,No,,,,,,,,,No,,,,"Fell, slipped, or tripped on same level",0,0,0,0,,Yes
22718,Personal illness or injury ,No Lost Time Injury,Contractor,2/9/2015 13:05,2015,Feb,Mon,13:05,12:00,2/11/2015 11:36,,,Construction & Maintenance,Ankle/Foot,,No,,,,,,,,,No,,,,"Fell, slipped, or tripped on same level",0,0,0,0,,
22037,Personal illness or injury ,No Lost Time Injury,Contractor,7/21/2014 16:30,2014,Jul,Mon,16:30,12:00,8/5/2014 11:41,,,Construction & Maintenance,Head,"Cut / laceration, Abrasion",No,,,,,,,,,No,,,,"Fell, slipped, or tripped on same level",0,0,0,0,7/22/2014,
23204,Personal illness or injury ,Riddor > 7 Days,Employee,6/6/2015 9:20,2015,Jun,Sat,9:20,6:00,6/10/2015 19:54,,,Construction & Maintenance,,Crush,No,,,,,,,,,No,,,,Hit by a moving vehicle or plant,14,4,0,0,,Yes
22559,Personal illness or injury ,1 to 3 Day Injury,Contractor,1/14/2015 10:30,2015,Jan,Wed,10:30,6:00,1/16/2015 15:53,,,Construction & Maintenance,Ankle/Foot,Strain / sprain,No,,,,,,,,,No,,,,"Fell, slipped, or tripped on same level",1,1,0,0,1/16/2015,
26876,Personal illness or injury ,Riddor > 7 Days,Contractor,12/6/2016 12:00,2016,Dec,Tue,12:00,12:00,12/7/2016 12:17,,,Construction & Maintenance,Finger/Thumb,Fracture,No,,,,,,,,,No,,,,Hit by a moving or falling object,0,0,0,0,,
22378,Personal illness or injury ,No Lost Time Injury,Contractor,11/10/2014 15:30,2014,Nov,Mon,15:30,12:00,11/19/2014 19:13,,,Construction & Maintenance,Finger/Thumb,"Cut / laceration, Abrasion",No,,,,,,,,,No,,,,Injured while handling lifting or carrying,0,0,0,0,,
22380,Personal illness or injury ,No Lost Time Injury,Contractor,11/10/2014 15:30,2014,Nov,Mon,15:30,12:00,11/19/2014 19:13,,,Construction & Maintenance,Finger/Thumb,"Cut / laceration, Abrasion",No,,,,,,,,,No,,,,Injured while handling lifting or carrying,0,0,0,0,,
22379,Personal illness or injury ,No Lost Time Injury,Contractor,11/10/2014 15:30,2014,Nov,Mon,15:30,12:00,11/19/2014 19:13,,,Construction & Maintenance,Finger/Thumb,"Cut / laceration, Abrasion",No,,,,,,,,,No,,,,Injured while handling lifting or carrying,0,0,0,0,,
22273,Personal illness or injury ,No Lost Time Injury,Contractor,9/29/2014 17:30,2014,Sep,Mon,17:30,12:00,10/20/2014 10:19,,,Construction & Maintenance,Finger/Thumb,Abrasion,No,,,,,,,,,No,,,,Hit by a moving or falling object,0,0,0,0,,
23176,Personal illness or injury ,No Lost Time Injury,Employee,5/26/2015 13:20,2015,May,Tue,13:20,12:00,6/2/2015 13:40,,,Construction & Maintenance,Lower arm,Abrasion,No,,,,,,,,,No,,,,"Fell, slipped, or tripped on same level",0,0,0,0,,
22662,Personal illness or injury ,No Lost Time Injury,Contractor,1/27/2015 13:45,2015,Jan,Tue,13:45,12:00,2/4/2015 12:53,,,Construction & Maintenance,Finger/Thumb,"Cut / laceration, Abrasion",No,,,,,,,,,No,,,,Injured while handling lifting or carrying,0,0,0,0,,
23370,Infrastructure asset,Fire,Not Entered,7/17/2015 2:40,2015,Jul,Fri,2:40,0:00,7/17/2015 15:09,,,Construction & Maintenance,,,No,,,,,,,,,Yes,,,,N/A,0,0,0,0,,
22757,Near Miss,Minor or low potential impact,Not Entered,2/17/2015 14:00,2015,Feb,Tue,14:00,12:00,2/18/2015 10:02,,,Construction & Maintenance,,,No,,,,,,,,,No,,,,Explosion,0,0,0,0,,
22756,Infrastructure asset,Service Strike,Not Entered,2/17/2015 14:00,2015,Feb,Tue,14:00,12:00,2/18/2015 10:02,,,Construction & Maintenance,,,No,,,,,,,,,No,,,,Explosion,0,0,0,0,,
23001,Infrastructure asset,"Property, vehicle, plant damage",Not Entered,3/31/2015 7:00,2015,Mar,Tue,7:00,6:00,4/9/2015 9:42,,,Construction & Maintenance,,,No,,,,,,,,,No,,,,Hit by a moving or falling object,0,0,0,0,,
23625,Infrastructure asset,"Property, vehicle, plant damage",Not Entered,8/17/2015 23:15,2015,Aug,Mon,23:15,18:00,9/30/2015 8:53,,,Construction & Maintenance,,,Yes,,,,,,,,,No,,,Van,Collision with fixed or stationary object or material,0,0,0,0,,
23530,Infrastructure asset,Service Strike,Not Entered,8/25/2015 22:30,2015,Aug,Tue,22:30,18:00,8/28/2015 15:37,,,Construction & Maintenance,,,No,,,,,,,,,No,,,,Person contact with electricity,0,0,0,0,,
23713,Infrastructure asset,"Property, vehicle, plant damage",Not Entered,10/21/2015 7:26,2015,Oct,Wed,7:26,6:00,10/21/2015 17:52,,,Construction & Maintenance,,,Yes,,,,,,,,,Yes,,,Van,"Asset, vehicle or plant failure, damage, or unsafe condition",0,0,0,0,,
23741,Near Miss,Minor or low potential impact,Not Entered,10/22/2015 4:00,2015,Oct,Thu,4:00,0:00,10/29/2015 17:07,,,Construction & Maintenance,,,Yes,,,,,,,,,Yes,,,Motor Bike,Incursion to seek information or benefit,0,0,0,0,,
23804,Infrastructure asset,Service Strike,Not Entered,11/13/2015 16:00,2015,Nov,Fri,16:00,12:00,11/16/2015 16:08,,,Construction & Maintenance,,,No,,,,,,,,,No,,,,Collision with fixed or stationary object or material,0,0,0,0,,
23854,Infrastructure asset,"Property, vehicle, plant damage",Not Entered,11/30/2015 6:40,2015,Nov,Mon,6:40,6:00,11/30/2015 17:58,,,Construction & Maintenance,,,Yes,,,,,,,,,Yes,,,Van,"Asset, vehicle or plant failure, damage, or unsafe condition",0,0,0,0,,Yes
23887,Infrastructure asset,"Property, vehicle, plant damage",Not Entered,12/9/2015 12:30,2015,Dec,Wed,12:30,12:00,12/9/2015 19:16,,,Construction & Maintenance,,,Yes,,,,,,,,,Yes,,,Motor Bike,Hit by a moving vehicle or plant,0,0,0,0,,Yes
23913,Near Miss,Minor or low potential impact,Not Entered,12/17/2015 12:00,2015,Dec,Thu,12:00,12:00,12/21/2015 18:19,,,Construction & Maintenance,,,No,,,,,,,,,No,,,,Person contact with electricity,0,0,0,0,,Yes
24124,Near Miss,Minor or low potential impact,Not Entered,3/10/2016 15:04,2016,Mar,Thu,15:04,12:00,3/11/2016 9:56,,,Construction & Maintenance,,,No,,,,,,,,,No,,,,Hit by a moving vehicle or plant,0,0,0,0,,
24170,Infrastructure asset,"Property, vehicle, plant damage",Not Entered,4/3/2016 19:45,2016,Apr,Sun,19:45,18:00,4/4/2016 16:58,,,Construction & Maintenance,,,Yes,,,,,,,,,No,,,Van,"Asset, vehicle or plant failure, damage, or unsafe condition",0,0,0,0,,
24433,Near Miss,Minor or low potential impact,Not Entered,6/15/2016 2:00,2016,Jun,Wed,2:00,0:00,6/24/2016 16:28,,,Construction & Maintenance,,,Yes,,,,,,,,,No,,,Motor Bike,Incursion unintentional - confused or follow in,0,0,0,0,,