Event ID,Event Type ,Event Subtype,Type of Person,Date/Time of Event,Year,Month,Day of the Week,Time,Time interval (6 hours),Date/Time Reported,Location,Specific Location (include RCC Log no if relevant),Details of actual job being done at the time,Part of Body Affected,Injury Type,Was there a vehicle involved in this event?,Work related,Accident Type,Vehicle Motion,Who was Hit,Weather/Visibility,Surface Condition,Roadbed Grade,Lighting Conditions,Was A Police Report Filed?,Name of Law Enforcement Agency,Preventable,Type,Kind of Event,Expected Lost Workdays (Total),Actual Lost Workdays (Total),Expected Restricted Workdays (Total),Actual Restricted Workdays (Total),Return To Work Date,Sign Off 1
24434,Near Miss,Minor or low potential impact,Not Entered,6/18/2016 14:15,2016,Jun,Sat,14:15,12:00,6/24/2016 16:42,,,Construction & Maintenance,,,Yes,,,,,,,,,No,,,Motor Bike,Incursion to seek information or benefit,0,0,0,0,,
24432,Near Miss,Minor or low potential impact,Not Entered,6/24/2016 15:00,2016,Jun,Fri,15:00,12:00,6/24/2016 16:20,,,Construction & Maintenance,,,Yes,,,,,,,,,No,,,Motor Bike,Incursion to seek information or benefit,0,0,0,0,,
25821,Near Miss,Minor or low potential impact,Not Entered,8/5/2016 8:30,2016,Aug,Fri,8:30,6:00,9/1/2016 17:17,,,Construction & Maintenance,,,No,,,,,,,,,No,,,,Collision with fixed or stationary object or material,0,0,0,0,,
25578,Infrastructure asset,"Property, vehicle, plant damage",Not Entered,8/10/2016 10:05,2016,Aug,Wed,10:05,6:00,8/12/2016 11:19,,,Construction & Maintenance,,,Yes,,,,,,,,,Yes,,,Van,"Asset, vehicle or plant failure, damage, or unsafe condition",0,0,0,0,,
25581,Near Miss,Minor or low potential impact,Not Entered,8/12/2016 1:47,2016,Aug,Fri,1:47,0:00,8/12/2016 12:59,,,Construction & Maintenance,,,Yes,,,,,,,,,Yes,,,Motor Bike,Incursion unintentional - confused or follow in,0,0,0,0,,
25819,Near Miss,Minor or low potential impact,Not Entered,8/21/2016 11:00,2016,Aug,Sun,11:00,6:00,9/1/2016 10:59,,,Construction & Maintenance,,,Yes,,,,,,,,,No,,,Motor Bike,Incursion to seek information or benefit,0,0,0,0,,
25820,Near Miss,Minor or low potential impact,Not Entered,8/29/2016 14:30,2016,Aug,Mon,14:30,12:00,9/1/2016 11:04,,,Construction & Maintenance,,,Yes,,,,,,,,,No,,,Motor Bike,Incursion to seek information or benefit,0,0,0,0,,
27061,Near Miss,Minor or low potential impact,Not Entered,1/12/2017 6:30,2017,Jan,Thu,6:30,6:00,1/13/2017 16:17,,,Construction & Maintenance,,,Yes,,,,,,,,,No,,,Motor Bike,Incursion to seek information or benefit,0,0,0,0,,
27494,Near Miss,Minor or low potential impact,Not Entered,2/16/2017 14:15,2017,Feb,Thu,14:15,12:00,2/20/2017 11:03,,,Construction & Maintenance,,,Yes,,,,,,,,,No,,,Motor Bike,Incursion unintentional - confused or follow in,0,0,0,0,,
27918,Near Miss,Minor or low potential impact,Not Entered,4/11/2017 14:30,2017,Apr,Tue,14:30,12:00,4/12/2017 11:41,,,Construction & Maintenance,,,Yes,,,,,,,,,No,,,Truck,N/A,0,0,0,0,,
27493,Near Miss,Minor or low potential impact,Not Entered,2/16/2017 14:00,2017,Feb,Thu,14:00,12:00,2/20/2017 10:55,,,Construction & Maintenance,,,Yes,,,,,,,,,No,,,Motor Bike,Incursion unintentional - confused or follow in,0,0,0,0,,
27850,Near Miss,Minor or low potential impact,Not Entered,3/24/2017 15:30,2017,Mar,Fri,15:30,12:00,4/6/2017 15:27,,,Construction & Maintenance,,,Yes,,,,,,,,,No,,,Motor Bike,Incursion to seek information or benefit,0,0,0,0,,
27851,Near Miss,Minor or low potential impact,Not Entered,3/25/2017 17:28,2017,Mar,Sat,17:28,12:00,4/6/2017 15:39,,,Construction & Maintenance,,,Yes,,,,,,,,,No,,,Motor Bike,Incursion unintentional - confused or follow in,0,0,0,0,,
27852,Near Miss,Minor or low potential impact,Not Entered,3/27/2017 12:30,2017,Mar,Mon,12:30,12:00,4/6/2017 15:55,,,Construction & Maintenance,,,Yes,,,,,,,,,No,,,Motor Bike,Incursion to seek information or benefit,0,0,0,0,,
27854,Near Miss,Minor or low potential impact,Not Entered,3/30/2017 15:00,2017,Mar,Thu,15:00,12:00,4/6/2017 16:02,,,Construction & Maintenance,,,Yes,,,,,,,,,No,,,Motor Bike,Incursion unintentional - confused or follow in,0,0,0,0,,
27855,Near Miss,Minor or low potential impact,Not Entered,4/1/2017 11:30,2017,Apr,Sat,11:30,6:00,4/6/2017 16:17,,,Construction & Maintenance,,,Yes,,,,,,,,,Yes,,,Motor Bike,Incursion to seek information or benefit,0,0,0,0,,
29565,Personal illness or injury ,Riddor Member of public hospital adm,Member of the Public,6/12/2017 16:30,2017,Jun,Mon,16:30,12:00,6/23/2017 15:40,"Off Network e.g. Local Authority Road, Footpath",,Construction & Maintenance,,,Yes,,,,,Clear,,,100%,Yes,,,Van,Hit by a moving vehicle or plant,0,0,0,0,,
23466,Personal illness or injury ,No Lost Time Injury,Contractor,8/5/2015 12:00,2015,Aug,Wed,12:00,12:00,8/7/2015 12:28,,,Construction & Maintenance,Wrist,Strain / sprain,No,,,,,,,,,No,,,,Injured while handling lifting or carrying,0,0,0,0,8/5/2015,
22558,Personal illness or injury ,No Lost Time Injury,Contractor,1/13/2015 13:30,2015,Jan,Tue,13:30,12:00,1/16/2015 15:36,,,Construction & Maintenance,Head,Abrasion,No,,,,,,,,,No,,,,"Fell, slipped, or tripped on same level",0,0,0,0,1/13/2015,
24409,Personal illness or injury ,4 to 7 Day Injury,Contractor,6/15/2016 8:30,2016,Jun,Wed,8:30,6:00,6/15/2016 13:28,,,Construction & Maintenance,Leg,Abrasion,No,,,,,,,,,No,,,,"Fell, slipped, or tripped on same level",0,0,0,0,,
23207,Personal illness or injury ,No Lost Time Injury,Contractor,5/20/2015 14:20,2015,May,Wed,14:20,12:00,6/11/2015 15:29,,,Construction & Maintenance,Leg,Abrasion,No,,,,,,,,,No,,,,Hit by a moving or falling object,0,0,0,0,5/20/2015,
23202,Personal illness or injury ,No Lost Time Injury,Contractor,5/20/2015 14:20,2015,May,Wed,14:20,12:00,6/10/2015 17:53,,,Construction & Maintenance,Leg,Abrasion,No,,,,,,,,,No,,,,Hit by a moving or falling object,0,0,0,0,5/20/2015,
27185,Personal illness or injury ,Riddor > 7 Days,Contractor,1/17/2017 13:00,2017,Jan,Tue,13:00,12:00,2/1/2017 14:17,,,Construction & Maintenance,Finger/Thumb,Crush,No,,,,,,,,,No,,,,Injured while handling lifting or carrying,14,0,14,0,,Yes
23330,Personal illness or injury ,4 to 7 Day Injury,Contractor,7/2/2015 8:26,2015,Jul,Thu,8:26,6:00,7/8/2015 18:01,,,Construction & Maintenance,Head,Abrasion,No,,,,,,,,,No,,,,Collision with fixed or stationary object or material,7,0,0,0,,Yes
24471,Personal illness or injury ,4 to 7 Day Injury,Contractor,6/16/2016 13:45,2016,Jun,Thu,13:45,12:00,7/5/2016 12:03,,,Construction & Maintenance,Ankle/Foot,Strain / sprain,No,,,,,,,,,No,,,,"Fell, slipped, or tripped on same level",4,4,4,4,6/21/2016,
24450,Personal illness or injury ,No Lost Time Injury,Contractor,6/28/2016 0:00,2016,Jun,Tue,0:00,0:00,6/29/2016 16:23,,,Construction & Maintenance,Chest/Stomach,Abrasion,No,,,,,,,,,No,,,,Hit by a moving or falling object,0,0,0,0,,
29728,Near Miss,Minor or low potential impact,Not Entered,7/13/2017 8:30,2017,Jul,Thu,8:30,6:00,7/13/2017 13:37,,,Construction & Maintenance,,,No,,,,,,,,,No,,,,N/A,0,0,0,0,,
22445,Infrastructure asset,"Property, vehicle, plant damage",Not Entered,11/18/2014 11:00,2014,Nov,Tue,11:00,6:00,12/4/2014 18:57,,,Construction & Maintenance,,,No,,,,,,,,,No,,,,Collision with fixed or stationary object or material,0,0,0,0,,
22804,Infrastructure asset,Service Strike,Not Entered,1/16/2015 11:30,2015,Jan,Fri,11:30,6:00,2/24/2015 14:46,,,Construction & Maintenance,,,No,,,,,,,,,No,,,,Collision with fixed or stationary object or material,0,0,0,0,,
22786,Infrastructure asset,RIDDOR Dangerous Occurrence,Not Entered,2/16/2015 13:30,2015,Feb,Mon,13:30,12:00,2/20/2015 15:03,,,Construction & Maintenance,,,No,,,,,,,,,No,,,,Fell from a height,0,0,0,0,,
23058,Infrastructure asset,Service Strike,Not Entered,4/14/2015 8:20,2015,Apr,Tue,8:20,6:00,4/24/2015 17:23,,,Construction & Maintenance,,,No,,,,,,,,,No,,,,Collision with fixed or stationary object or material,0,0,0,0,,
23203,Near Miss,Minor or low potential impact,Not Entered,5/20/2015 14:20,2015,May,Wed,14:20,12:00,6/10/2015 17:53,,,Construction & Maintenance,,,No,,,,,,,,,No,,,,Hit by a moving or falling object,,,,,,
23315,Infrastructure asset,"Property, vehicle, plant damage",Not Entered,6/19/2015 19:45,2015,Jun,Fri,19:45,18:00,7/2/2015 18:39,,,Construction & Maintenance,,,Yes,,,,,,,,,Yes,N/a,,Truck,Hit by a moving vehicle or plant,0,0,0,0,,
23344,Infrastructure asset,"Property, vehicle, plant damage",Not Entered,7/6/2015 14:17,2015,Jul,Mon,14:17,12:00,7/11/2015 9:20,,,Construction & Maintenance,,,No,,,,,,,,,No,,,,Hit by a moving vehicle or plant,0,0,0,0,,
23343,Infrastructure asset,Service Strike,Not Entered,7/7/2015 15:25,2015,Jul,Tue,15:25,12:00,7/11/2015 9:03,,,Construction & Maintenance,,,No,,,,,,,,,No,,,,Collision with fixed or stationary object or material,0,0,0,0,,
24362,Infrastructure asset,Service Strike,Not Entered,6/2/2016 15:28,2016,Jun,Thu,15:28,12:00,6/3/2016 9:58,,,Construction & Maintenance,,,No,,,,,,,,,No,,,,Person contact with electricity,0,0,0,0,,
24470,Near Miss,Minor or low potential impact,Not Entered,6/22/2016 13:35,2016,Jun,Wed,13:35,12:00,7/5/2016 11:55,,,Construction & Maintenance,,,No,,,,,,,,,No,,,,N/A,0,0,0,0,,
29350,Near Miss,Minor or low potential impact,Not Entered,5/25/2017 4:00,2017,May,Thu,4:00,0:00,6/2/2017 12:07,,,Construction & Maintenance,,,Yes,,,,,,,,,Yes,,,Truck,Incursion unintentional - confused or follow in,0,0,0,0,,
20537,Personal illness or injury ,4 to 7 Day Injury,Employee,11/17/2013 1:50,2013,Nov,Sun,1:50,0:00,12/3/2013 13:20,,,Construction & Maintenance,Head,Abrasion,Yes,,,,,,,,,Yes,,,Motor Bike,Hit by a moving vehicle or plant,3,3,3,3,11/21/2013,
21781,Personal illness or injury ,4 to 7 Day Injury,Employee,6/17/2014 12:45,2014,Jun,Tue,12:45,12:00,6/20/2014 6:01,,,Construction & Maintenance,Ankle/Foot,Strain / sprain,No,,,,,,,,,No,,,,"Fell, slipped, or tripped on same level",6,0,6,0,6/23/2014,
21974,Personal illness or injury ,No Lost Time Injury,Employee,7/18/2014 13:12,2014,Jul,Fri,13:12,12:00,7/21/2014 11:32,,,Construction & Maintenance,Finger/Thumb,Abrasion,No,,,,,,,,,No,,,,Injured while handling lifting or carrying,0,0,0,0,7/18/2014,
22375,Personal illness or injury ,No Lost Time Injury,Employee,11/17/2014 11:30,2014,Nov,Mon,11:30,6:00,11/19/2014 14:35,,,Construction & Maintenance,Hand,"Cut / laceration, Abrasion",No,,,,,,,,,No,,,,Injured while handling lifting or carrying,0,0,0,0,11/18/2014,
18867,Personal illness or injury ,No Lost Time Injury,Employee,4/6/2013 13:04,2013,Apr,Sat,13:04,12:00,4/11/2013 11:01,,,Construction & Maintenance,,Other,No,,,,,,,,,No,,,,Hit by a moving or falling object,0,0,0,0,4/6/2013,
21037,Personal illness or injury ,No Lost Time Injury,Employee,1/8/2014 12:00,2014,Jan,Wed,12:00,12:00,2/3/2014 15:56,,,Construction & Maintenance,Leg,Abrasion,No,,,,,,,,,No,,,,"Fell, slipped, or tripped on same level",0,0,0,0,,
19959,Personal illness or injury ,No Lost Time Injury,Contractor,8/23/2013 12:02,2013,Aug,Fri,12:02,12:00,9/4/2013 16:13,,,Construction & Maintenance,Finger/Thumb,"Cut / laceration, Abrasion",No,,,,,,,,,No,,,,Injured while handling lifting or carrying,0,0,0,0,8/23/2013,
21739,Personal illness or injury ,No Lost Time Injury,Employee,5/8/2014 12:25,2014,May,Thu,12:25,12:00,6/9/2014 12:02,,,Construction & Maintenance,Back/Spine,Strain / sprain,No,,,,,,,,,No,,,,Injured while handling lifting or carrying,0,0,0,0,5/8/2014,
19148,Personal illness or injury ,No Lost Time Injury,Contractor,5/16/2013 0:00,2013,May,Thu,0:00,0:00,5/23/2013 7:12,,,Construction & Maintenance,Neck/Shoulder,Strain / sprain,No,,,,,,,,,No,,,,N/A,0,0,0,0,5/16/2013,
22265,Personal illness or injury ,Riddor > 7 Days,Contractor,10/8/2014 3:15,2014,Oct,Wed,3:15,0:00,10/16/2014 14:26,,,Construction & Maintenance,Lower arm,Scald / burn (non-chemical),No,,,,,,,,,No,,,,Person exposed to harmful substance,14,0,14,0,,
21512,Personal illness or injury ,No Lost Time Injury,Employee,4/28/2014 13:00,2014,Apr,Mon,13:00,12:00,5/8/2014 14:45,,,Construction & Maintenance,Eyes,Puncture Wound,No,,,,,,,,,No,,,,N/A,0,0,0,0,4/29/2014,
20536,Personal illness or injury ,Riddor - Specified Injury,Contractor,11/1/2013 9:17,2013,Nov,Fri,9:17,6:00,12/3/2013 13:11,,,Construction & Maintenance,Ankle/Foot,Fracture,Yes,,,,,,,,,Yes,,,Car,Hit by a moving vehicle or plant,0,0,0,0,,
20535,Personal illness or injury ,Riddor - Specified Injury,Contractor,11/1/2013 9:17,2013,Nov,Fri,9:17,6:00,12/3/2013 13:06,,,Construction & Maintenance,Ankle/Foot,,Yes,,,,,,,,,Yes,,,Car,Hit by a moving vehicle or plant,0,0,0,0,,
20534,Personal illness or injury ,Riddor - Specified Injury,Contractor,11/1/2013 9:17,2013,Nov,Fri,9:17,6:00,12/3/2013 12:54,,,Construction & Maintenance,Leg,Amputation,Yes,,,,,,,,,Yes,,,Motor Bike,Hit by a moving vehicle or plant,0,0,0,0,,
21193,Personal illness or injury ,No Lost Time Injury,Contractor,2/12/2014 20:30,2014,Feb,Wed,20:30,18:00,3/3/2014 10:38,,,Construction & Maintenance,Face,Scald / burn (non-chemical),No,,,,,,,,,No,,,,N/A,0,0,0,0,2/12/2014,
18764,Personal illness or injury ,No Lost Time Injury,Employee,2/6/2013 0:00,2013,Feb,Wed,0:00,0:00,3/12/2013 8:04,,,Construction & Maintenance,Finger/Thumb,Other,No,,,,,,,,,No,,,,N/A,0,0,0,0,2/6/2013,
18775,Personal illness or injury ,No Lost Time Injury,Contractor,3/11/2013 10:00,2013,Mar,Mon,10:00,6:00,3/13/2013 16:11,,,Construction & Maintenance,Finger/Thumb,"Cut / laceration, Abrasion",No,,,,,,,,,No,,,,Injured while handling lifting or carrying,0,0,0,0,3/11/2013,
19391,Personal illness or injury ,No Lost Time Injury,Employee,6/5/2013 14:00,2013,Jun,Wed,14:00,12:00,6/28/2013 10:31,,,Construction & Maintenance,Neck/Shoulder,Other,No,,,,,,,,,No,,,,Hit by a moving or falling object,0,0,0,0,6/5/2013,
19310,Personal illness or injury ,No Lost Time Injury,Employee,6/25/2013 15:00,2013,Jun,Tue,15:00,12:00,6/7/2013 7:33,,,Construction & Maintenance,Eyes,Other,No,,,,,,,,,No,,,,Person exposed to harmful substance,0,0,0,0,6/25/2013,
19173,Near Miss,Minor or low potential impact,Not Entered,5/28/2013 5:13,2013,May,Tue,5:13,0:00,5/28/2013 15:33,,,Construction & Maintenance,,,No,,,,,,,,,No,,,,"Fell, slipped, or tripped on same level",0,0,0,0,,
20091,Near Miss,Minor or low potential impact,Not Entered,9/6/2013 3:40,2013,Sep,Fri,3:40,0:00,10/2/2013 9:20,,,Construction & Maintenance,,,Yes,,,,,,,,,No,,,Truck,Hit by a moving or falling object,0,0,0,0,,
20092,Near Miss,Minor or low potential impact,Not Entered,9/27/2013 1:12,2013,Sep,Fri,1:12,0:00,10/2/2013 9:23,,,Construction & Maintenance,,,No,,,,,,,,,No,,,,Hit by a moving vehicle or plant,0,0,0,0,,
20265,Infrastructure asset,"Property, vehicle, plant damage",Not Entered,10/23/2013 2:14,2013,Oct,Wed,2:14,0:00,11/3/2013 10:01,,,Construction & Maintenance,,,No,,,,,,,,,No,,,,Hit by a moving vehicle or plant,0,0,0,0,,
21126,Near Miss,Minor or low potential impact,Not Entered,1/26/2014 2:05,2014,Jan,Sun,2:05,0:00,2/13/2014 17:01,,,Construction & Maintenance,,,No,,,,,,,,,No,,,,Hit by a moving vehicle or plant,0,0,0,0,,
18337,Personal illness or injury ,No Lost Time Injury,Employee,10/24/2012 10:30,2012,Oct,Wed,10:30,6:00,11/7/2012 11:46,,,Construction & Maintenance,Ankle/Foot,"Cut / laceration, Abrasion",No,,,,,,,,,No,,,,N/A,0,0,1,1,10/24/2012,
19795,Infrastructure asset,"Property, vehicle, plant damage",Not Entered,8/17/2013 3:25,2013,Aug,Sat,3:25,0:00,8/22/2013 11:07,,,Construction & Maintenance,,,Yes,,,,,,,,,No,,,Truck,Collision with fixed or stationary object or material,0,0,0,0,,
21304,Personal illness or injury ,Riddor - Specified Injury,Contractor,3/21/2014 20:30,2014,Mar,Fri,20:30,18:00,3/25/2014 14:57,,,Construction & Maintenance,Toe,Other,No,,,,,,,,,No,,,,Injured while handling lifting or carrying,0,0,0,0,,
22984,Personal illness or injury ,No Lost Time Injury,Contractor,3/26/2015 22:00,2015,Mar,Thu,22:00,18:00,4/2/2015 9:14,,,Construction & Maintenance,Finger/Thumb,"Cut / laceration, Abrasion",No,,,,,,,,,No,,,,Injured while handling lifting or carrying,0,0,0,0,,
20968,Personal illness or injury ,1 to 3 Day Injury,Employee,1/22/2014 10:30,2014,Jan,Wed,10:30,6:00,1/23/2014 13:11,,,Construction & Maintenance,Finger/Thumb,,No,,,,,,,,,No,,,,Injured while handling lifting or carrying,0,0,0,0,,
22715,Personal illness or injury ,No Lost Time Injury,Employee,12/17/2014 8:00,2014,Dec,Wed,8:00,6:00,2/10/2015 17:14,,,Construction & Maintenance,Hand,Scald / burn (non-chemical),No,,,,,,,,,No,,,,Injured while handling lifting or carrying,0,0,0,0,,
19758,Personal illness or injury ,No Lost Time Injury,Employee,7/10/2013 12:30,2013,Jul,Wed,12:30,12:00,8/6/2013 10:57,,,Construction & Maintenance,Finger/Thumb,Abrasion,No,,,,,,,,,No,,,,Collision with fixed or stationary object or material,0,0,0,0,7/10/2013,
22706,Personal illness or injury ,No Lost Time Injury,Employee,10/10/2013 11:30,2013,Oct,Thu,11:30,6:00,2/10/2015 15:16,,,Construction & Maintenance,Back/Spine,Strain / sprain,No,,,,,,,,,No,,,,Injured while handling lifting or carrying,0,0,0,0,,
22707,Personal illness or injury ,1 to 3 Day Injury,Contractor,11/14/2013 17:40,2013,Nov,Thu,17:40,12:00,2/10/2015 15:47,,,Construction & Maintenance,Toe,Fracture,No,,,,,,,,,No,,,,Hit by a moving or falling object,0,0,0,0,,
22710,Personal illness or injury ,1 to 3 Day Injury,Contractor,8/27/2014 7:30,2014,Aug,Wed,7:30,6:00,2/10/2015 16:22,,,Construction & Maintenance,Ankle/Foot,Strain / sprain,No,,,,,,,,,No,,,,"Fell, slipped, or tripped on same level",0,0,0,0,,
22712,Personal illness or injury ,No Lost Time Injury,Contractor,9/3/2014 17:40,2014,Sep,Wed,17:40,12:00,2/10/2015 16:42,,,Construction & Maintenance,,,No,,,,,,,,,No,,,,Collision with fixed or stationary object or material,0,0,0,0,,
22147,Personal illness or injury ,No Lost Time Injury,Employee,9/3/2014 17:40,2014,Sep,Wed,17:40,12:00,9/29/2014 9:43,,,Construction & Maintenance,Face,Abrasion,No,,,,,,,,,No,,,,Hit by a moving or falling object,0,0,0,0,,
22272,Personal illness or injury ,No Lost Time Injury,Employee,10/17/2014 9:15,2014,Oct,Fri,9:15,6:00,10/20/2014 9:46,,,Construction & Maintenance,Ankle/Foot,Abrasion,No,,,,,,,,,No,,,,Injured while handling lifting or carrying,0,0,0,0,,
22854,Personal illness or injury ,No Lost Time Injury,Employee,2/4/2015 16:15,2015,Feb,Wed,16:15,12:00,3/5/2015 11:16,,,Construction & Maintenance,Ankle/Foot,Strain / sprain,No,,,,,,,,,No,,,,"Fell, slipped, or tripped on same level",0,0,0,0,,
23262,Personal illness or injury ,No Lost Time Injury,Contractor,6/17/2015 9:30,2015,Jun,Wed,9:30,6:00,6/22/2015 13:23,,,Construction & Maintenance,,Strain / sprain,No,,,,,,,,,No,,,,Injured while handling lifting or carrying,0,0,0,0,6/17/2015,
19757,Personal illness or injury ,No Lost Time Injury,Employee,7/9/2013 9:00,2013,Jul,Tue,9:00,6:00,8/6/2013 10:50,,,Construction & Maintenance,Ankle/Foot,Strain / sprain,No,,,,,,,,,No,,,,Injured while handling lifting or carrying,0,0,0,0,7/9/2013,
22716,Personal illness or injury ,No Lost Time Injury,Employee,1/28/2015 15:30,2015,Jan,Wed,15:30,12:00,2/10/2015 17:35,,,Construction & Maintenance,Finger/Thumb,Fracture,No,,,,,,,,,No,,,,Hit by a moving or falling object,0,0,0,0,,
22010,Personal illness or injury ,No Lost Time Injury,Employee,7/28/2014 9:55,2014,Jul,Mon,9:55,6:00,8/1/2014 12:21,,,Construction & Maintenance,Leg,Strain / sprain,No,,,,,,,,,No,,,,Injured while handling lifting or carrying,0,0,0,0,7/29/2014,
22705,Personal illness or injury ,No Lost Time Injury,Employee,5/2/2013 8:35,2013,May,Thu,8:35,6:00,2/10/2015 14:55,,,Construction & Maintenance,Leg,Strain / sprain,No,,,,,,,,,No,,,,"Fell, slipped, or tripped on same level",0,0,0,0,,
21168,Personal illness or injury ,Riddor > 7 Days,Employee,2/1/2014 10:00,2014,Feb,Sat,10:00,6:00,2/21/2014 10:33,,,Construction & Maintenance,Leg,Strain / sprain,No,,,,,,,,,No,,,,"Fell, slipped, or tripped on same level",0,0,0,0,,
21172,Personal illness or injury ,No Lost Time Injury,Employee,2/14/2014 0:30,2014,Feb,Fri,0:30,0:00,2/21/2014 15:23,,,Construction & Maintenance,Head,"Cut / laceration, Abrasion",No,,,,,,,,,No,,,,"Fell, slipped, or tripped on same level",0,0,0,0,,
22948,Personal illness or injury ,1 to 3 Day Injury,Contractor,3/19/2015 15:50,2015,Mar,Thu,15:50,12:00,3/26/2015 14:37,,,Construction & Maintenance,Ankle/Foot,Other,No,,,,,,,,,No,,,,"Fell, slipped, or tripped on same level",0,0,0,0,,
19780,Personal illness or injury ,Taken medically ill,Employee,8/2/2013 10:00,2013,Aug,Fri,10:00,6:00,8/19/2013 15:39,,,Construction & Maintenance,,,No,,,,,,,,,No,,,,N/A,0,0,0,0,8/2/2013,
23099,Near Miss,Minor or low potential impact,Not Entered,4/15/2015 20:30,2015,Apr,Wed,20:30,18:00,5/7/2015 15:05,,,Construction & Maintenance,,,Yes,,,,,,,,,No,,,Motor Bike,Incursion to seek information or benefit,0,0,0,0,,Yes
23097,Near Miss,Minor or low potential impact,Not Entered,4/16/2015 0:30,2015,Apr,Thu,0:30,0:00,5/7/2015 14:56,,,Construction & Maintenance,,,Yes,,,,,,,,,No,,,Car,Incursion to seek information or benefit,0,0,0,0,,Yes
23151,Near Miss,Minor or low potential impact,Not Entered,5/11/2015 23:00,2015,May,Mon,23:00,18:00,5/27/2015 8:28,,,Construction & Maintenance,,,Yes,,,,,,,,,No,,,Motor Bike,Incursion to seek information or benefit,0,0,0,0,,Yes
22219,Personal illness or injury ,No Lost Time Injury,Employee,10/2/2014 8:10,2014,Oct,Thu,8:10,6:00,10/9/2014 10:28,,,Construction & Maintenance,Back/Spine,Other,No,,,,,,,,,No,,,,"Fell, slipped, or tripped on same level",0,0,0,0,,
22717,Personal illness or injury ,No Lost Time Injury,Employee,1/28/2015 16:15,2015,Jan,Wed,16:15,12:00,2/10/2015 17:41,,,Construction & Maintenance,Leg,"Cut / laceration, Abrasion",No,,,,,,,,,No,,,,"Fell, slipped, or tripped on same level",0,0,0,0,,
22807,Personal illness or injury ,No Lost Time Injury,Employee,1/31/2015 13:00,2015,Jan,Sat,13:00,12:00,2/25/2015 16:37,,,Construction & Maintenance,Leg,Strain / sprain,No,,,,,,,,,No,,,,Hit by a moving or falling object,0,0,0,0,,
22709,Personal illness or injury ,No Lost Time Injury,Contractor,11/20/2013 12:30,2013,Nov,Wed,12:30,12:00,2/10/2015 16:01,,,Construction & Maintenance,Chest/Stomach,Strain / sprain,No,,,,,,,,,No,,,,Injured while handling lifting or carrying,0,0,0,0,,
22713,Personal illness or injury ,No Lost Time Injury,Employee,10/27/2014 8:30,2014,Oct,Mon,8:30,6:00,2/10/2015 16:55,,,Construction & Maintenance,,,No,,,,,,,,,No,,,,Injured while handling lifting or carrying,0,0,0,0,,
22146,Personal illness or injury ,No Lost Time Injury,Employee,9/17/2014 8:30,2014,Sep,Wed,8:30,6:00,9/26/2014 13:58,,,Construction & Maintenance,Finger/Thumb,Abrasion,No,,,,,,,,,No,,,,Hit by a moving vehicle or plant,0,0,0,0,,
22772,Personal illness or injury ,No Lost Time Injury,Employee,2/18/2015 9:45,2015,Feb,Wed,9:45,6:00,2/19/2015 8:40,,,Construction & Maintenance,Finger/Thumb,Abrasion,No,,,,,,,,,No,,,,Injured while handling lifting or carrying,0,0,0,0,,
20652,Personal illness or injury ,Riddor - Specified Injury,Employee,11/4/2013 11:20,2013,Nov,Mon,11:20,6:00,12/9/2013 16:39,,,Construction & Maintenance,Lower arm,Other,No,,,,,,,,,No,,,,Hit by a moving or falling object,0,0,0,0,,
22714,Personal illness or injury ,No Lost Time Injury,Contractor,12/3/2014 14:30,2014,Dec,Wed,14:30,12:00,2/10/2015 17:07,,,Construction & Maintenance,,,No,,,,,,,,,No,,,,Hit by a moving or falling object,0,0,0,0,,
22631,Personal illness or injury ,No Lost Time Injury,Contractor,1/19/2015 11:30,2015,Jan,Mon,11:30,6:00,1/28/2015 13:34,,,Construction & Maintenance,Upper arm including elbow,Scald / burn (non-chemical),No,,,,,,,,,No,,,,Person exposed to harmful substance,0,0,0,0,,
20861,Near Miss,Minor or low potential impact,Not Entered,12/3/2013 14:00,2013,Dec,Tue,14:00,12:00,1/2/2014 15:56,,,Construction & Maintenance,,,No,,,,,,,,,No,,,,Fell from a height,0,0,0,0,,
20860,Near Miss,Minor or low potential impact,Not Entered,12/3/2013 16:10,2013,Dec,Tue,16:10,12:00,1/2/2014 15:51,,,Construction & Maintenance,,,No,,,,,,,,,No,,,,N/A,0,0,0,0,,
20859,Near Miss,Minor or low potential impact,Not Entered,12/4/2013 8:15,2013,Dec,Wed,8:15,6:00,1/2/2014 15:47,,,Construction & Maintenance,,,No,,,,,,,,,No,,,,N/A,0,0,0,0,,
20862,Near Miss,Minor or low potential impact,Not Entered,12/5/2013 11:00,2013,Dec,Thu,11:00,6:00,1/2/2014 16:01,,,Construction & Maintenance,,,No,,,,,,,,,No,,,,N/A,0,0,0,0,,
20887,Near Miss,Minor or low potential impact,Not Entered,12/10/2013 8:25,2013,Dec,Tue,8:25,6:00,1/7/2014 16:11,,,Construction & Maintenance,,,No,,,,,,,,,No,,,,N/A,0,0,0,0,,