Event ID,Event Type ,Event Subtype,Type of Person,Date/Time of Event,Year,Month,Day of the Week,Time,Time interval (6 hours),Date/Time Reported,Location,Specific Location (include RCC Log no if relevant),Details of actual job being done at the time,Part of Body Affected,Injury Type,Was there a vehicle involved in this event?,Work related,Accident Type,Vehicle Motion,Who was Hit,Weather/Visibility,Surface Condition,Roadbed Grade,Lighting Conditions,Was A Police Report Filed?,Name of Law Enforcement Agency,Preventable,Type,Kind of Event,Expected Lost Workdays (Total),Actual Lost Workdays (Total),Expected Restricted Workdays (Total),Actual Restricted Workdays (Total),Return To Work Date,Sign Off 1
20865,Near Miss,Minor or low potential impact,Not Entered,12/10/2013 16:06,2013,Dec,Tue,16:06,12:00,1/2/2014 16:12,,,Construction & Maintenance,,,No,,,,,,,,,No,,,,N/A,0,0,0,0,,
20882,Near Miss,Minor or low potential impact,Not Entered,12/11/2013 15:50,2013,Dec,Wed,15:50,12:00,1/7/2014 9:29,,,Construction & Maintenance,,,No,,,,,,,,,No,,,,"Fell, slipped, or tripped on same level",0,0,0,0,,
20872,Near Miss,Minor or low potential impact,Not Entered,12/11/2013 16:15,2013,Dec,Wed,16:15,12:00,1/2/2014 16:29,,,Construction & Maintenance,,,No,,,,,,,,,No,,,,Hit by a moving or falling object,0,0,0,0,,
20870,Near Miss,Minor or low potential impact,Not Entered,12/12/2013 8:00,2013,Dec,Thu,8:00,6:00,1/2/2014 16:24,,,Construction & Maintenance,,,No,,,,,,,,,No,,,,N/A,0,0,0,0,,
20888,Near Miss,Minor or low potential impact,Not Entered,12/12/2013 8:20,2013,Dec,Thu,8:20,6:00,1/7/2014 16:16,,,Construction & Maintenance,,,No,,,,,,,,,No,,,,N/A,0,0,0,0,,
20886,Near Miss,Minor or low potential impact,Not Entered,12/12/2013 12:00,2013,Dec,Thu,12:00,12:00,1/7/2014 16:05,,,Construction & Maintenance,,,No,,,,,,,,,No,,,,N/A,0,0,0,0,,
20866,Near Miss,Minor or low potential impact,Not Entered,12/12/2013 12:00,2013,Dec,Thu,12:00,12:00,1/2/2014 16:17,,,Construction & Maintenance,,,No,,,,,,,,,No,,,,Fell from a height,0,0,0,0,,
20855,Near Miss,Minor or low potential impact,Not Entered,12/12/2013 16:00,2013,Dec,Thu,16:00,12:00,1/2/2014 15:07,,,Construction & Maintenance,,,No,,,,,,,,,No,,,,N/A,0,0,0,0,,
20892,Near Miss,Minor or low potential impact,Not Entered,12/13/2013 9:00,2013,Dec,Fri,9:00,6:00,1/7/2014 16:53,,,Construction & Maintenance,,,No,,,,,,,,,No,,,,N/A,0,0,0,0,,
20891,Near Miss,Minor or low potential impact,Not Entered,12/13/2013 9:20,2013,Dec,Fri,9:20,6:00,1/7/2014 16:40,,,Construction & Maintenance,,,No,,,,,,,,,No,,,,N/A,0,0,0,0,,
20890,Near Miss,Minor or low potential impact,Not Entered,12/13/2013 9:25,2013,Dec,Fri,9:25,6:00,1/7/2014 16:28,,,Construction & Maintenance,,,No,,,,,,,,,No,,,,N/A,0,0,0,0,,
20889,Near Miss,Minor or low potential impact,Not Entered,12/13/2013 13:15,2013,Dec,Fri,13:15,12:00,1/7/2014 16:24,,,Construction & Maintenance,,,No,,,,,,,,,No,,,,Injured while handling lifting or carrying,0,0,0,0,,
20893,Near Miss,Minor or low potential impact,Not Entered,12/13/2013 17:11,2013,Dec,Fri,17:11,12:00,1/7/2014 16:57,,,Construction & Maintenance,,,No,,,,,,,,,No,,,,Hit by a moving vehicle or plant,0,0,0,0,,
20863,Near Miss,Minor or low potential impact,Not Entered,12/15/2013 9:00,2013,Dec,Sun,9:00,6:00,1/2/2014 16:05,,,Construction & Maintenance,,,No,,,,,,,,,No,,,,N/A,0,0,0,0,,
20864,Near Miss,Minor or low potential impact,Not Entered,12/15/2013 14:00,2013,Dec,Sun,14:00,12:00,1/2/2014 16:09,,,Construction & Maintenance,,,No,,,,,,,,,No,,,,Hit by a moving or falling object,0,0,0,0,,
20894,Near Miss,Minor or low potential impact,Not Entered,12/16/2013 10:30,2013,Dec,Mon,10:30,6:00,1/7/2014 17:03,,,Construction & Maintenance,,,No,,,,,,,,,No,,,,N/A,0,0,0,0,,
20867,Near Miss,Minor or low potential impact,Not Entered,12/16/2013 13:40,2013,Dec,Mon,13:40,12:00,1/2/2014 16:18,,,Construction & Maintenance,,,No,,,,,,,,,No,,,,N/A,0,0,0,0,,
20869,Near Miss,Minor or low potential impact,Not Entered,12/17/2013 16:17,2013,Dec,Tue,16:17,12:00,1/2/2014 16:22,,,Construction & Maintenance,,,No,,,,,,,,,No,,,,N/A,0,0,0,0,,
20871,Near Miss,Minor or low potential impact,Not Entered,12/18/2013 8:00,2013,Dec,Wed,8:00,6:00,1/2/2014 16:25,,,Construction & Maintenance,,,No,,,,,,,,,No,,,,N/A,0,0,0,0,,
20881,Near Miss,Minor or low potential impact,Not Entered,12/19/2013 8:48,2013,Dec,Thu,8:48,6:00,1/7/2014 9:19,,,Construction & Maintenance,,,No,,,,,,,,,No,,,,N/A,0,0,0,0,,
20873,Near Miss,Minor or low potential impact,Not Entered,12/19/2013 12:00,2013,Dec,Thu,12:00,12:00,1/2/2014 16:29,,,Construction & Maintenance,,,No,,,,,,,,,No,,,,N/A,0,0,0,0,,
20868,Near Miss,Minor or low potential impact,Not Entered,12/19/2013 13:45,2013,Dec,Thu,13:45,12:00,1/2/2014 16:20,,,Construction & Maintenance,,,No,,,,,,,,,No,,,,Person exposed to harmful substance,0,0,0,0,,
20895,Near Miss,Minor or low potential impact,Not Entered,12/19/2013 17:03,2013,Dec,Thu,17:03,12:00,1/7/2014 17:07,,,Construction & Maintenance,,,No,,,,,,,,,No,,,,Drowned or asphyxiated ,0,0,0,0,,
20880,Near Miss,Minor or low potential impact,Not Entered,12/20/2013 8:55,2013,Dec,Fri,8:55,6:00,1/7/2014 9:10,,,Construction & Maintenance,,,No,,,,,,,,,No,,,,N/A,0,0,0,0,,
20983,Near Miss,Minor or low potential impact,Not Entered,12/20/2013 12:36,2013,Dec,Fri,12:36,12:00,1/23/2014 17:18,,,Construction & Maintenance,,,No,,,,,,,,,No,,,,Hit by a moving or falling object,0,0,0,0,,
20948,Near Miss,Minor or low potential impact,Not Entered,1/2/2014 10:50,2014,Jan,Thu,10:50,6:00,1/21/2014 10:29,,,Construction & Maintenance,,,No,,,,,,,,,No,,,,Hit by a moving or falling object,0,0,0,0,,
20896,Near Miss,Minor or low potential impact,Not Entered,1/2/2014 11:00,2014,Jan,Thu,11:00,6:00,1/7/2014 17:11,,,Construction & Maintenance,,,No,,,,,,,,,No,,,,N/A,0,0,0,0,,
20935,Near Miss,Minor or low potential impact,Not Entered,1/3/2014 12:10,2014,Jan,Fri,12:10,12:00,1/17/2014 12:18,,,Construction & Maintenance,,,No,,,,,,,,,No,,,,Hit by a moving or falling object,0,0,0,0,,
20999,Near Miss,Minor or low potential impact,Not Entered,1/4/2014 10:53,2014,Jan,Sat,10:53,6:00,1/24/2014 16:14,,,Construction & Maintenance,,,No,,,,,,,,,No,,,,Hit by a moving or falling object,0,0,0,0,,
20965,Near Miss,Minor or low potential impact,Not Entered,1/6/2014 8:00,2014,Jan,Mon,8:00,6:00,1/23/2014 12:02,,,Construction & Maintenance,,,No,,,,,,,,,No,,,,"Structure, trench, or scaffold collapse",0,0,0,0,,
20978,Near Miss,Minor or low potential impact,Not Entered,1/6/2014 9:00,2014,Jan,Mon,9:00,6:00,1/23/2014 16:57,,,Construction & Maintenance,,,No,,,,,,,,,No,,,,Hit by a moving or falling object,0,0,0,0,,
20950,Near Miss,Minor or low potential impact,Not Entered,1/6/2014 9:00,2014,Jan,Mon,9:00,6:00,1/21/2014 10:41,,,Construction & Maintenance,,,No,,,,,,,,,No,,,,N/A,0,0,0,0,,
20967,Near Miss,Minor or low potential impact,Not Entered,1/6/2014 9:10,2014,Jan,Mon,9:10,6:00,1/23/2014 13:03,,,Construction & Maintenance,,,No,,,,,,,,,No,,,,"Fell, slipped, or tripped on same level",0,0,0,0,,
20951,Near Miss,Minor or low potential impact,Not Entered,1/6/2014 9:30,2014,Jan,Mon,9:30,6:00,1/21/2014 10:49,,,Construction & Maintenance,,,No,,,,,,,,,No,,,,Hit by a moving or falling object,0,0,0,0,,
20952,Near Miss,Minor or low potential impact,Not Entered,1/6/2014 9:50,2014,Jan,Mon,9:50,6:00,1/21/2014 11:36,,,Construction & Maintenance,,,No,,,,,,,,,No,,,,N/A,0,0,0,0,,
20961,Near Miss,Minor or low potential impact,Not Entered,1/6/2014 10:00,2014,Jan,Mon,10:00,6:00,1/23/2014 11:28,,,Construction & Maintenance,,,No,,,,,,,,,No,,,,Hit by a moving or falling object,0,0,0,0,,
20981,Near Miss,Minor or low potential impact,Not Entered,1/6/2014 10:18,2014,Jan,Mon,10:18,6:00,1/23/2014 17:10,,,Construction & Maintenance,,,No,,,,,,,,,No,,,,Hit by a moving or falling object,0,0,0,0,,
21042,Near Miss,Minor or low potential impact,Not Entered,1/6/2014 10:35,2014,Jan,Mon,10:35,6:00,2/4/2014 12:05,,,Construction & Maintenance,,,No,,,,,,,,,No,,,,Hit by a moving or falling object,0,0,0,0,,
21043,Near Miss,Minor or low potential impact,Not Entered,1/6/2014 10:45,2014,Jan,Mon,10:45,6:00,2/4/2014 12:10,,,Construction & Maintenance,,,No,,,,,,,,,No,,,,N/A,0,0,0,0,,
20975,Near Miss,Minor or low potential impact,Not Entered,1/6/2014 10:58,2014,Jan,Mon,10:58,6:00,1/23/2014 16:01,,,Construction & Maintenance,,,No,,,,,,,,,No,,,,N/A,0,0,0,0,,
21056,Near Miss,Minor or low potential impact,Not Entered,1/6/2014 11:00,2014,Jan,Mon,11:00,6:00,2/5/2014 10:33,,,Construction & Maintenance,,,No,,,,,,,,,No,,,,Hit by a moving or falling object,0,0,0,0,,
21047,Near Miss,Minor or low potential impact,Not Entered,1/6/2014 11:00,2014,Jan,Mon,11:00,6:00,2/5/2014 8:54,,,Construction & Maintenance,,,No,,,,,,,,,No,,,,Drowned or asphyxiated ,0,0,0,0,,
21052,Near Miss,Minor or low potential impact,Not Entered,1/6/2014 11:03,2014,Jan,Mon,11:03,6:00,2/5/2014 9:25,,,Construction & Maintenance,,,No,,,,,,,,,No,,,,Hit by a moving or falling object,0,0,0,0,,
20974,Near Miss,Minor or low potential impact,Not Entered,1/6/2014 11:04,2014,Jan,Mon,11:04,6:00,1/23/2014 15:48,,,Construction & Maintenance,,,No,,,,,,,,,No,,,,Drowned or asphyxiated ,0,0,0,0,,
21049,Near Miss,Minor or low potential impact,Not Entered,1/6/2014 11:10,2014,Jan,Mon,11:10,6:00,2/5/2014 9:09,,,Construction & Maintenance,,,No,,,,,,,,,No,,,,Hit by a moving or falling object,0,0,0,0,,
20958,Near Miss,Minor or low potential impact,Not Entered,1/6/2014 11:11,2014,Jan,Mon,11:11,6:00,1/23/2014 11:13,,,Construction & Maintenance,,,No,,,,,,,,,No,,,,N/A,0,0,0,0,,
20988,Near Miss,Minor or low potential impact,Not Entered,1/6/2014 11:30,2014,Jan,Mon,11:30,6:00,1/24/2014 13:22,,,Construction & Maintenance,,,No,,,,,,,,,No,,,,Drowned or asphyxiated ,0,0,0,0,,
20971,Near Miss,Minor or low potential impact,Not Entered,1/6/2014 11:45,2014,Jan,Mon,11:45,6:00,1/23/2014 13:53,,,Construction & Maintenance,,,No,,,,,,,,,No,,,,Hit by a moving or falling object,0,0,0,0,,
20970,Near Miss,Minor or low potential impact,Not Entered,1/6/2014 13:32,2014,Jan,Mon,13:32,12:00,1/23/2014 13:44,,,Construction & Maintenance,,,No,,,,,,,,,No,,,,Drowned or asphyxiated ,0,0,0,0,,
20964,Near Miss,Minor or low potential impact,Not Entered,1/6/2014 15:33,2014,Jan,Mon,15:33,12:00,1/23/2014 11:50,,,Construction & Maintenance,,,No,,,,,,,,,No,,,,Hit by a moving or falling object,0,0,0,0,,
20963,Near Miss,Minor or low potential impact,Not Entered,1/6/2014 15:34,2014,Jan,Mon,15:34,12:00,1/23/2014 11:39,,,Construction & Maintenance,,,No,,,,,,,,,No,,,,Hit by a moving or falling object,0,0,0,0,,
20962,Near Miss,Minor or low potential impact,Not Entered,1/6/2014 15:37,2014,Jan,Mon,15:37,12:00,1/23/2014 11:33,,,Construction & Maintenance,,,No,,,,,,,,,No,,,,"Fell, slipped, or tripped on same level",0,0,0,0,,
21050,Near Miss,Minor or low potential impact,Not Entered,1/6/2014 15:40,2014,Jan,Mon,15:40,12:00,2/5/2014 9:14,,,Construction & Maintenance,,,No,,,,,,,,,No,,,,Hit by a moving or falling object,0,0,0,0,,
20957,Near Miss,Minor or low potential impact,Not Entered,1/6/2014 15:52,2014,Jan,Mon,15:52,12:00,1/23/2014 11:10,,,Construction & Maintenance,,,No,,,,,,,,,No,,,,Hit by a moving or falling object,0,0,0,0,,
20966,Near Miss,Minor or low potential impact,Not Entered,1/7/2014 8:00,2014,Jan,Tue,8:00,6:00,1/23/2014 12:05,,,Construction & Maintenance,,,No,,,,,,,,,No,,,,"Fell, slipped, or tripped on same level",0,0,0,0,,
20973,Near Miss,Minor or low potential impact,Not Entered,1/7/2014 10:00,2014,Jan,Tue,10:00,6:00,1/23/2014 15:40,,,Construction & Maintenance,,,No,,,,,,,,,No,,,,"Structure, trench, or scaffold collapse",0,0,0,0,,
20949,Near Miss,Minor or low potential impact,Not Entered,1/7/2014 10:00,2014,Jan,Tue,10:00,6:00,1/21/2014 10:34,,,Construction & Maintenance,,,No,,,,,,,,,No,,,,"Fell, slipped, or tripped on same level",0,0,0,0,,
20979,Near Miss,Minor or low potential impact,Not Entered,1/7/2014 10:28,2014,Jan,Tue,10:28,6:00,1/23/2014 17:02,,,Construction & Maintenance,,,No,,,,,,,,,No,,,,"Fell, slipped, or tripped on same level",0,0,0,0,,
21055,Near Miss,Minor or low potential impact,Not Entered,1/7/2014 10:30,2014,Jan,Tue,10:30,6:00,2/5/2014 10:26,,,Construction & Maintenance,,,No,,,,,,,,,No,,,,Fire,0,0,0,0,,
20904,Near Miss,Minor or low potential impact,Not Entered,1/7/2014 13:00,2014,Jan,Tue,13:00,12:00,1/10/2014 11:46,,,Construction & Maintenance,,,No,,,,,,,,,No,,,,"Fell, slipped, or tripped on same level",0,0,0,0,,
20992,Near Miss,Minor or low potential impact,Not Entered,1/7/2014 13:40,2014,Jan,Tue,13:40,12:00,1/24/2014 15:20,,,Construction & Maintenance,,,No,,,,,,,,,No,,,,Hit by a moving vehicle or plant,0,0,0,0,,
20960,Near Miss,Minor or low potential impact,Not Entered,1/7/2014 15:40,2014,Jan,Tue,15:40,12:00,1/23/2014 11:24,,,Construction & Maintenance,,,No,,,,,,,,,No,,,,Fell from a height,0,0,0,0,,
20969,Near Miss,Minor or low potential impact,Not Entered,1/8/2014 9:00,2014,Jan,Wed,9:00,6:00,1/23/2014 13:35,,,Construction & Maintenance,,,No,,,,,,,,,No,,,,N/A,0,0,0,0,,
20976,Near Miss,Minor or low potential impact,Not Entered,1/8/2014 10:00,2014,Jan,Wed,10:00,6:00,1/23/2014 16:07,,,Construction & Maintenance,,,No,,,,,,,,,No,,,,N/A,0,0,0,0,,
20980,Near Miss,Minor or low potential impact,Not Entered,1/8/2014 10:30,2014,Jan,Wed,10:30,6:00,1/23/2014 17:07,,,Construction & Maintenance,,,No,,,,,,,,,No,,,,N/A,0,0,0,0,,
20972,Near Miss,Minor or low potential impact,Not Entered,1/8/2014 11:35,2014,Jan,Wed,11:35,6:00,1/23/2014 15:33,,,Construction & Maintenance,,,No,,,,,,,,,No,,,,"Fell, slipped, or tripped on same level",0,0,0,0,,
20906,Near Miss,Minor or low potential impact,Not Entered,1/8/2014 15:00,2014,Jan,Wed,15:00,12:00,1/10/2014 11:58,,,Construction & Maintenance,,,No,,,,,,,,,No,,,,"Fell, slipped, or tripped on same level",0,0,0,0,,
21039,Near Miss,Minor or low potential impact,Not Entered,1/9/2014 10:21,2014,Jan,Thu,10:21,6:00,2/4/2014 11:30,,,Construction & Maintenance,,,No,,,,,,,,,No,,,,N/A,0,0,0,0,,
21038,Near Miss,Minor or low potential impact,Not Entered,1/9/2014 10:48,2014,Jan,Thu,10:48,6:00,2/4/2014 11:12,,,Construction & Maintenance,,,No,,,,,,,,,No,,,,N/A,0,0,0,0,,
20977,Near Miss,Minor or low potential impact,Not Entered,1/9/2014 13:00,2014,Jan,Thu,13:00,12:00,1/23/2014 16:24,,,Construction & Maintenance,,,No,,,,,,,,,No,,,,N/A,0,0,0,0,,
20905,Near Miss,Minor or low potential impact,Not Entered,1/9/2014 13:00,2014,Jan,Thu,13:00,12:00,1/10/2014 11:52,,,Construction & Maintenance,,,No,,,,,,,,,No,,,,Hit by a moving vehicle or plant,0,0,0,0,,
20959,Near Miss,Minor or low potential impact,Not Entered,1/9/2014 15:00,2014,Jan,Thu,15:00,12:00,1/23/2014 11:20,,,Construction & Maintenance,,,No,,,,,,,,,No,,,,N/A,0,0,0,0,,
21021,Near Miss,Minor or low potential impact,Not Entered,1/9/2014 17:00,2014,Jan,Thu,17:00,12:00,1/29/2014 11:11,,,Construction & Maintenance,,,No,,,,,,,,,No,,,,"Fell, slipped, or tripped on same level",0,0,0,0,,
20911,Near Miss,Minor or low potential impact,Not Entered,1/10/2014 1:00,2014,Jan,Fri,1:00,0:00,1/13/2014 15:56,,,Construction & Maintenance,,,No,,,,,,,,,No,,,,Fell from a height,0,0,0,0,,
21015,Near Miss,Minor or low potential impact,Not Entered,1/10/2014 10:48,2014,Jan,Fri,10:48,6:00,1/29/2014 9:19,,,Construction & Maintenance,,,No,,,,,,,,,No,,,,Hit by a moving vehicle or plant,0,0,0,0,,
21013,Near Miss,Minor or low potential impact,Not Entered,1/10/2014 15:15,2014,Jan,Fri,15:15,12:00,1/29/2014 8:58,,,Construction & Maintenance,,,No,,,,,,,,,No,,,,Hit by a moving vehicle or plant,0,0,0,0,,
21018,Near Miss,Minor or low potential impact,Not Entered,1/11/2014 10:28,2014,Jan,Sat,10:28,6:00,1/29/2014 10:17,,,Construction & Maintenance,,,No,,,,,,,,,No,,,,Drowned or asphyxiated ,0,0,0,0,,
21022,Near Miss,Minor or low potential impact,Not Entered,1/13/2014 9:59,2014,Jan,Mon,9:59,6:00,1/29/2014 11:37,,,Construction & Maintenance,,,No,,,,,,,,,No,,,,N/A,0,0,0,0,,
20998,Near Miss,Minor or low potential impact,Not Entered,1/13/2014 11:07,2014,Jan,Mon,11:07,6:00,1/24/2014 16:08,,,Construction & Maintenance,,,No,,,,,,,,,No,,,,Hit by a moving vehicle or plant,0,0,0,0,,
21016,Near Miss,Minor or low potential impact,Not Entered,1/13/2014 11:15,2014,Jan,Mon,11:15,6:00,1/29/2014 9:33,,,Construction & Maintenance,,,No,,,,,,,,,No,,,,Hit by a moving vehicle or plant,0,0,0,0,,
20910,Near Miss,Minor or low potential impact,Not Entered,1/13/2014 13:00,2014,Jan,Mon,13:00,12:00,1/13/2014 15:47,,,Construction & Maintenance,,,No,,,,,,,,,No,,,,Injured while handling lifting or carrying,0,0,0,0,,
20925,Near Miss,Minor or low potential impact,Not Entered,1/14/2014 9:00,2014,Jan,Tue,9:00,6:00,1/17/2014 10:41,,,Construction & Maintenance,,,No,,,,,,,,,No,,,,N/A,0,0,0,0,,
20994,Near Miss,Minor or low potential impact,Not Entered,1/14/2014 9:45,2014,Jan,Tue,9:45,6:00,1/24/2014 15:35,,,Construction & Maintenance,,,No,,,,,,,,,No,,,,"Fell, slipped, or tripped on same level",0,0,0,0,,
20924,Near Miss,Minor or low potential impact,Not Entered,1/14/2014 10:28,2014,Jan,Tue,10:28,6:00,1/17/2014 10:35,,,Construction & Maintenance,,,No,,,,,,,,,No,,,,N/A,0,0,0,0,,
20997,Near Miss,Minor or low potential impact,Not Entered,1/14/2014 11:24,2014,Jan,Tue,11:24,6:00,1/24/2014 16:01,,,Construction & Maintenance,,,No,,,,,,,,,No,,,,Hit by a moving or falling object,0,0,0,0,,
20991,Near Miss,Minor or low potential impact,Not Entered,1/14/2014 12:06,2014,Jan,Tue,12:06,12:00,1/24/2014 13:44,,,Construction & Maintenance,,,No,,,,,,,,,No,,,,Hit by a moving vehicle or plant,0,0,0,0,,
21017,Near Miss,Minor or low potential impact,Not Entered,1/14/2014 14:00,2014,Jan,Tue,14:00,12:00,1/29/2014 10:03,,,Construction & Maintenance,,,No,,,,,,,,,No,,,,Hit by a moving vehicle or plant,0,0,0,0,,
20930,Near Miss,Minor or low potential impact,Not Entered,1/14/2014 15:45,2014,Jan,Tue,15:45,12:00,1/17/2014 11:41,,,Construction & Maintenance,,,No,,,,,,,,,No,,,,N/A,0,0,0,0,,
21101,Near Miss,Minor or low potential impact,Not Entered,1/14/2014 16:15,2014,Jan,Tue,16:15,12:00,2/13/2014 11:38,,,Construction & Maintenance,,,No,,,,,,,,,No,,,,"Fell, slipped, or tripped on same level",0,0,0,0,,
20926,Near Miss,Minor or low potential impact,Not Entered,1/15/2014 8:00,2014,Jan,Wed,8:00,6:00,1/17/2014 11:19,,,Construction & Maintenance,,,No,,,,,,,,,No,,,,Hit by a moving or falling object,0,0,0,0,,
20982,Near Miss,Minor or low potential impact,Not Entered,1/15/2014 9:30,2014,Jan,Wed,9:30,6:00,1/23/2014 17:13,,,Construction & Maintenance,,,No,,,,,,,,,No,,,,N/A,0,0,0,0,,
20931,Near Miss,Minor or low potential impact,Not Entered,1/15/2014 10:00,2014,Jan,Wed,10:00,6:00,1/17/2014 11:54,,,Construction & Maintenance,,,No,,,,,,,,,No,,,,Hit by a moving or falling object,0,0,0,0,,
20990,Near Miss,Minor or low potential impact,Not Entered,1/15/2014 12:10,2014,Jan,Wed,12:10,12:00,1/24/2014 13:40,,,Construction & Maintenance,,,No,,,,,,,,,No,,,,N/A,0,0,0,0,,
20993,Near Miss,Minor or low potential impact,Not Entered,1/15/2014 16:20,2014,Jan,Wed,16:20,12:00,1/24/2014 15:26,,,Construction & Maintenance,,,No,,,,,,,,,No,,,,Hit by a moving vehicle or plant,0,0,0,0,,
20928,Near Miss,Minor or low potential impact,Not Entered,1/16/2014 7:25,2014,Jan,Thu,7:25,6:00,1/17/2014 11:29,,,Construction & Maintenance,,,No,,,,,,,,,No,,,,Hit by a moving vehicle or plant,0,0,0,0,,
21040,Near Miss,Minor or low potential impact,Not Entered,1/16/2014 10:00,2014,Jan,Thu,10:00,6:00,2/4/2014 11:42,,,Construction & Maintenance,,,No,,,,,,,,,No,,,,Hit by a moving or falling object,0,0,0,0,,
20920,Near Miss,Minor or low potential impact,Not Entered,1/16/2014 10:00,2014,Jan,Thu,10:00,6:00,1/17/2014 10:09,,,Construction & Maintenance,,,No,,,,,,,,,No,,,,N/A,0,0,0,0,,
20921,Near Miss,Minor or low potential impact,Not Entered,1/16/2014 10:11,2014,Jan,Thu,10:11,6:00,1/17/2014 10:16,,,Construction & Maintenance,,,No,,,,,,,,,No,,,,N/A,0,0,0,0,,
21020,Near Miss,Minor or low potential impact,Not Entered,1/16/2014 10:12,2014,Jan,Thu,10:12,6:00,1/29/2014 10:49,,,Construction & Maintenance,,,No,,,,,,,,,No,,,,N/A,0,0,0,0,,
20933,Near Miss,Minor or low potential impact,Not Entered,1/16/2014 11:54,2014,Jan,Thu,11:54,6:00,1/17/2014 12:03,,,Construction & Maintenance,,,No,,,,,,,,,No,,,,"Fell, slipped, or tripped on same level",0,0,0,0,,
20996,Near Miss,Minor or low potential impact,Not Entered,1/16/2014 14:30,2014,Jan,Thu,14:30,12:00,1/24/2014 15:50,,,Construction & Maintenance,,,No,,,,,,,,,No,,,,Fell from a height,0,0,0,0,,
20987,Near Miss,Minor or low potential impact,Not Entered,1/17/2014 14:00,2014,Jan,Fri,14:00,12:00,1/24/2014 13:18,,,Construction & Maintenance,,,No,,,,,,,,,No,,,,Person contact with electricity,0,0,0,0,,
21041,Near Miss,Minor or low potential impact,Not Entered,1/18/2014 11:30,2014,Jan,Sat,11:30,6:00,2/4/2014 11:56,,,Construction & Maintenance,,,No,,,,,,,,,No,,,,Hit by a moving or falling object,0,0,0,0,,
21053,Near Miss,Minor or low potential impact,Not Entered,1/18/2014 12:40,2014,Jan,Sat,12:40,12:00,2/5/2014 9:29,,,Construction & Maintenance,,,No,,,,,,,,,No,,,,"Fell, slipped, or tripped on same level",0,0,0,0,,
20956,Near Miss,Minor or low potential impact,Not Entered,1/20/2014 14:00,2014,Jan,Mon,14:00,12:00,1/23/2014 11:03,,,Construction & Maintenance,,,No,,,,,,,,,No,,,,"Fell, slipped, or tripped on same level",0,0,0,0,,
21051,Near Miss,Minor or low potential impact,Not Entered,1/20/2014 15:31,2014,Jan,Mon,15:31,12:00,2/5/2014 9:20,,,Construction & Maintenance,,,No,,,,,,,,,No,,,,"Fell, slipped, or tripped on same level",0,0,0,0,,
21048,Near Miss,Minor or low potential impact,Not Entered,1/20/2014 15:50,2014,Jan,Mon,15:50,12:00,2/5/2014 8:58,,,Construction & Maintenance,,,No,,,,,,,,,No,,,,Hit by a moving or falling object,0,0,0,0,,
20955,Near Miss,Minor or low potential impact,Not Entered,1/20/2014 17:50,2014,Jan,Mon,17:50,12:00,1/23/2014 10:57,,,Construction & Maintenance,,,No,,,,,,,,,No,,,,Hit by a moving vehicle or plant,0,0,0,0,,
20995,Near Miss,Minor or low potential impact,Not Entered,1/21/2014 11:38,2014,Jan,Tue,11:38,6:00,1/24/2014 15:44,,,Construction & Maintenance,,,No,,,,,,,,,No,,,,"Fell, slipped, or tripped on same level",0,0,0,0,,
20954,Near Miss,Minor or low potential impact,Not Entered,1/22/2014 0:01,2014,Jan,Wed,0:01,0:00,1/23/2014 10:43,,,Construction & Maintenance,,,No,,,,,,,,,Yes,,,,"Fell, slipped, or tripped on same level",0,0,0,0,,
20989,Near Miss,Minor or low potential impact,Not Entered,1/22/2014 11:00,2014,Jan,Wed,11:00,6:00,1/24/2014 13:30,,,Construction & Maintenance,,,No,,,,,,,,,No,,,,"Fell, slipped, or tripped on same level",0,0,0,0,,
20984,Near Miss,Minor or low potential impact,Not Entered,1/22/2014 13:00,2014,Jan,Wed,13:00,12:00,1/23/2014 17:28,,,Construction & Maintenance,,,No,,,,,,,,,No,,,,Fell from a height,0,0,0,0,,
20986,Near Miss,Minor or low potential impact,Not Entered,1/22/2014 16:00,2014,Jan,Wed,16:00,12:00,1/24/2014 9:58,,,Construction & Maintenance,,,No,,,,,,,,,No,,,,N/A,0,0,0,0,,
21019,Near Miss,Minor or low potential impact,Not Entered,1/23/2014 11:50,2014,Jan,Thu,11:50,6:00,1/29/2014 10:34,,,Construction & Maintenance,,,No,,,,,,,,,No,,,,Hit by a moving vehicle or plant,0,0,0,0,,
21014,Near Miss,Minor or low potential impact,Not Entered,1/23/2014 11:50,2014,Jan,Thu,11:50,6:00,1/29/2014 9:11,,,Construction & Maintenance,,,No,,,,,,,,,No,,,,Hit by a moving vehicle or plant,0,0,0,0,,
21012,Near Miss,Minor or low potential impact,Not Entered,1/25/2014 17:21,2014,Jan,Sat,17:21,12:00,1/29/2014 8:53,,,Construction & Maintenance,,,No,,,,,,,,,No,,,,N/A,0,0,0,0,,
21059,Near Miss,Minor or low potential impact,Not Entered,1/28/2014 19:00,2014,Jan,Tue,19:00,18:00,2/5/2014 10:51,,,Construction & Maintenance,,,No,,,,,,,,,No,,,,Hit by a moving vehicle or plant,0,0,0,0,,
21148,Near Miss,Minor or low potential impact,Not Entered,1/29/2014 8:15,2014,Jan,Wed,8:15,6:00,2/18/2014 15:59,,,Construction & Maintenance,,,No,,,,,,,,,No,,,,Hit by a moving vehicle or plant,0,0,0,0,,
21060,Near Miss,Minor or low potential impact,Not Entered,1/29/2014 15:00,2014,Jan,Wed,15:00,12:00,2/5/2014 11:09,,,Construction & Maintenance,,,No,,,,,,,,,No,,,,"Fell, slipped, or tripped on same level",0,0,0,0,,
21146,Near Miss,Minor or low potential impact,Not Entered,1/29/2014 15:40,2014,Jan,Wed,15:40,12:00,2/18/2014 15:10,,,Construction & Maintenance,,,No,,,,,,,,,No,,,,Hit by a moving vehicle or plant,0,0,0,0,,