Event ID,Event Type ,Event Subtype,Type of Person,Date/Time of Event,Year,Month,Day of the Week,Time,Time interval (6 hours),Date/Time Reported,Location,Specific Location (include RCC Log no if relevant),Details of actual job being done at the time,Part of Body Affected,Injury Type,Was there a vehicle involved in this event?,Work related,Accident Type,Vehicle Motion,Who was Hit,Weather/Visibility,Surface Condition,Roadbed Grade,Lighting Conditions,Was A Police Report Filed?,Name of Law Enforcement Agency,Preventable,Type,Kind of Event,Expected Lost Workdays (Total),Actual Lost Workdays (Total),Expected Restricted Workdays (Total),Actual Restricted Workdays (Total),Return To Work Date,Sign Off 1
21063,Near Miss,Minor or low potential impact,Not Entered,1/29/2014 16:45,2014,Jan,Wed,16:45,12:00,2/5/2014 11:31,,,Construction & Maintenance,,,No,,,,,,,,,No,,,,Fell from a height,0,0,0,0,,
21062,Near Miss,Minor or low potential impact,Not Entered,1/29/2014 16:45,2014,Jan,Wed,16:45,12:00,2/5/2014 11:22,,,Construction & Maintenance,,,No,,,,,,,,,No,,,,"Fell, slipped, or tripped on same level",0,0,0,0,,
21054,Near Miss,Minor or low potential impact,Not Entered,1/30/2014 0:00,2014,Jan,Thu,0:00,0:00,2/5/2014 10:18,,,Construction & Maintenance,,,No,,,,,,,,,No,,,,Injured while handling lifting or carrying,0,0,0,0,,
21061,Near Miss,Minor or low potential impact,Not Entered,1/30/2014 17:03,2014,Jan,Thu,17:03,12:00,2/5/2014 11:13,,,Construction & Maintenance,,,No,,,,,,,,,No,,,,N/A,0,0,0,0,,
21147,Near Miss,Minor or low potential impact,Not Entered,1/30/2014 18:40,2014,Jan,Thu,18:40,18:00,2/18/2014 15:32,,,Construction & Maintenance,,,No,,,,,,,,,No,,,,Hit by a moving vehicle or plant,0,0,0,0,,
21064,Near Miss,Minor or low potential impact,Not Entered,1/31/2014 10:38,2014,Jan,Fri,10:38,6:00,2/5/2014 11:37,,,Construction & Maintenance,,,No,,,,,,,,,No,,,,Hit by a moving vehicle or plant,0,0,0,0,,
21129,Near Miss,Minor or low potential impact,Not Entered,1/31/2014 13:21,2014,Jan,Fri,13:21,12:00,2/13/2014 17:27,,,Construction & Maintenance,,,No,,,,,,,,,No,,,,N/A,0,0,0,0,,
21130,Near Miss,Minor or low potential impact,Not Entered,1/31/2014 16:30,2014,Jan,Fri,16:30,12:00,2/13/2014 17:30,,,Construction & Maintenance,,,No,,,,,,,,,No,,,,N/A,0,0,0,0,,
21142,Near Miss,Minor or low potential impact,Not Entered,2/1/2014 14:09,2014,Feb,Sat,14:09,12:00,2/17/2014 17:09,,,Construction & Maintenance,,,No,,,,,,,,,No,,,,Hit by a moving vehicle or plant,0,0,0,0,,
21110,Near Miss,Minor or low potential impact,Not Entered,2/1/2014 15:55,2014,Feb,Sat,15:55,12:00,2/13/2014 13:42,,,Construction & Maintenance,,,No,,,,,,,,,No,,,,Hit by a moving vehicle or plant,0,0,0,0,,
21111,Near Miss,Minor or low potential impact,Not Entered,2/2/2014 9:00,2014,Feb,Sun,9:00,6:00,2/13/2014 13:50,,,Construction & Maintenance,,,No,,,,,,,,,No,,,,Hit by a moving or falling object,0,0,0,0,,
21122,Near Miss,Minor or low potential impact,Not Entered,2/2/2014 10:30,2014,Feb,Sun,10:30,6:00,2/13/2014 16:24,,,Construction & Maintenance,,,No,,,,,,,,,No,,,,Hit by a moving or falling object,0,0,0,0,,
21125,Near Miss,Minor or low potential impact,Not Entered,2/2/2014 10:32,2014,Feb,Sun,10:32,6:00,2/13/2014 16:54,,,Construction & Maintenance,,,No,,,,,,,,,No,,,,N/A,0,0,0,0,,
21121,Near Miss,Minor or low potential impact,Not Entered,2/2/2014 14:45,2014,Feb,Sun,14:45,12:00,2/13/2014 16:19,,,Construction & Maintenance,,,No,,,,,,,,,No,,,,Hit by a moving or falling object,0,0,0,0,,
21109,Near Miss,Minor or low potential impact,Not Entered,2/2/2014 16:25,2014,Feb,Sun,16:25,12:00,2/13/2014 13:33,,,Construction & Maintenance,,,No,,,,,,,,,No,,,,Hit by a moving vehicle or plant,0,0,0,0,,
21160,Near Miss,Minor or low potential impact,Not Entered,2/3/2014 14:00,2014,Feb,Mon,14:00,12:00,2/19/2014 14:41,,,Construction & Maintenance,,,No,,,,,,,,,No,,,,"Fell, slipped, or tripped on same level",0,0,0,0,,
21118,Near Miss,Minor or low potential impact,Not Entered,2/4/2014 6:05,2014,Feb,Tue,6:05,6:00,2/13/2014 16:01,,,Construction & Maintenance,,,No,,,,,,,,,No,,,,N/A,0,0,0,0,,
21274,Near Miss,Minor or low potential impact,Not Entered,2/4/2014 8:30,2014,Feb,Tue,8:30,6:00,3/7/2014 15:06,,,Construction & Maintenance,,,No,,,,,,,,,No,,,,Hit by a moving or falling object,0,0,0,0,,
21103,Near Miss,Minor or low potential impact,Not Entered,2/4/2014 8:54,2014,Feb,Tue,8:54,6:00,2/13/2014 11:49,,,Construction & Maintenance,,,No,,,,,,,,,No,,,,"Fell, slipped, or tripped on same level",0,0,0,0,,
21046,Near Miss,Minor or low potential impact,Not Entered,2/4/2014 13:00,2014,Feb,Tue,13:00,12:00,2/5/2014 8:50,,,Construction & Maintenance,,,No,,,,,,,,,No,,,,Hit by a moving vehicle or plant,0,0,0,0,,
21117,Near Miss,Minor or low potential impact,Not Entered,2/5/2014 8:00,2014,Feb,Wed,8:00,6:00,2/13/2014 15:56,,,Construction & Maintenance,,,No,,,,,,,,,No,,,,"Fell, slipped, or tripped on same level",0,0,0,0,,
21116,Near Miss,Minor or low potential impact,Not Entered,2/5/2014 9:20,2014,Feb,Wed,9:20,6:00,2/13/2014 15:42,,,Construction & Maintenance,,,No,,,,,,,,,No,,,,"Fell, slipped, or tripped on same level",0,0,0,0,,
21132,Near Miss,Minor or low potential impact,Not Entered,2/5/2014 9:30,2014,Feb,Wed,9:30,6:00,2/13/2014 17:35,,,Construction & Maintenance,,,No,,,,,,,,,No,,,,N/A,0,0,0,0,,
21131,Near Miss,Minor or low potential impact,Not Entered,2/5/2014 9:30,2014,Feb,Wed,9:30,6:00,2/13/2014 17:32,,,Construction & Maintenance,,,No,,,,,,,,,No,,,,"Fell, slipped, or tripped on same level",0,0,0,0,,
21128,Near Miss,Minor or low potential impact,Not Entered,2/5/2014 9:30,2014,Feb,Wed,9:30,6:00,2/13/2014 17:11,,,Construction & Maintenance,,,No,,,,,,,,,No,,,,Hit by a moving vehicle or plant,0,0,0,0,,
21115,Near Miss,Minor or low potential impact,Not Entered,2/5/2014 9:30,2014,Feb,Wed,9:30,6:00,2/13/2014 15:37,,,Construction & Maintenance,,,No,,,,,,,,,No,,,,Injured while handling lifting or carrying,0,0,0,0,,
21112,Near Miss,Minor or low potential impact,Not Entered,2/5/2014 9:30,2014,Feb,Wed,9:30,6:00,2/13/2014 13:55,,,Construction & Maintenance,,,No,,,,,,,,,No,,,,N/A,0,0,0,0,,
21255,Near Miss,Minor or low potential impact,Not Entered,2/5/2014 10:00,2014,Feb,Wed,10:00,6:00,3/6/2014 12:07,,,Construction & Maintenance,,,No,,,,,,,,,No,,,,"Fell, slipped, or tripped on same level",0,0,0,0,,
21253,Near Miss,Minor or low potential impact,Not Entered,2/5/2014 10:00,2014,Feb,Wed,10:00,6:00,3/6/2014 11:52,,,Construction & Maintenance,,,No,,,,,,,,,No,,,,Fell from a height,0,0,0,0,,
21106,Near Miss,Minor or low potential impact,Not Entered,2/5/2014 10:00,2014,Feb,Wed,10:00,6:00,2/13/2014 13:14,,,Construction & Maintenance,,,No,,,,,,,,,No,,,,Hit by a moving or falling object,0,0,0,0,,
21105,Near Miss,Minor or low potential impact,Not Entered,2/5/2014 10:00,2014,Feb,Wed,10:00,6:00,2/13/2014 12:15,,,Construction & Maintenance,,,No,,,,,,,,,No,,,,"Fell, slipped, or tripped on same level",0,0,0,0,,
21104,Near Miss,Minor or low potential impact,Not Entered,2/5/2014 10:00,2014,Feb,Wed,10:00,6:00,2/13/2014 12:07,,,Construction & Maintenance,,,No,,,,,,,,,No,,,,"Fell, slipped, or tripped on same level",0,0,0,0,,
21254,Near Miss,Minor or low potential impact,Not Entered,2/5/2014 11:00,2014,Feb,Wed,11:00,6:00,3/6/2014 11:57,,,Construction & Maintenance,,,No,,,,,,,,,No,,,,N/A,0,0,0,0,,
21163,Near Miss,Minor or low potential impact,Not Entered,2/5/2014 16:00,2014,Feb,Wed,16:00,12:00,2/20/2014 10:21,,,Construction & Maintenance,,,No,,,,,,,,,No,,,,Fell from a height,0,0,0,0,,
21107,Near Miss,Minor or low potential impact,Not Entered,2/5/2014 16:52,2014,Feb,Wed,16:52,12:00,2/13/2014 13:21,,,Construction & Maintenance,,,No,,,,,,,,,No,,,,Hit by a moving or falling object,0,0,0,0,,
21119,Near Miss,Minor or low potential impact,Not Entered,2/6/2014 7:30,2014,Feb,Thu,7:30,6:00,2/13/2014 16:05,,,Construction & Maintenance,,,No,,,,,,,,,No,,,,N/A,0,0,0,0,,
21114,Near Miss,Minor or low potential impact,Not Entered,2/6/2014 7:30,2014,Feb,Thu,7:30,6:00,2/13/2014 15:33,,,Construction & Maintenance,,,No,,,,,,,,,No,,,,Hit by a moving or falling object,0,0,0,0,,
21120,Near Miss,Minor or low potential impact,Not Entered,2/6/2014 8:15,2014,Feb,Thu,8:15,6:00,2/13/2014 16:11,,,Construction & Maintenance,,,No,,,,,,,,,No,,,,N/A,0,0,0,0,,
21127,Near Miss,Minor or low potential impact,Not Entered,2/6/2014 8:30,2014,Feb,Thu,8:30,6:00,2/13/2014 17:02,,,Construction & Maintenance,,,No,,,,,,,,,No,,,,Hit by a moving or falling object,0,0,0,0,,
21123,Near Miss,Minor or low potential impact,Not Entered,2/6/2014 9:00,2014,Feb,Thu,9:00,6:00,2/13/2014 16:41,,,Construction & Maintenance,,,No,,,,,,,,,No,,,,N/A,0,0,0,0,,
21256,Near Miss,Minor or low potential impact,Not Entered,2/6/2014 10:00,2014,Feb,Thu,10:00,6:00,3/6/2014 12:13,,,Construction & Maintenance,,,No,,,,,,,,,No,,,,"Structure, trench, or scaffold collapse",0,0,0,0,,
21124,Near Miss,Minor or low potential impact,Not Entered,2/6/2014 11:00,2014,Feb,Thu,11:00,6:00,2/13/2014 16:50,,,Construction & Maintenance,,,No,,,,,,,,,No,,,,Fell from a height,0,0,0,0,,
21113,Near Miss,Minor or low potential impact,Not Entered,2/6/2014 13:00,2014,Feb,Thu,13:00,12:00,2/13/2014 15:27,,,Construction & Maintenance,,,No,,,,,,,,,No,,,,N/A,0,0,0,0,,
21108,Near Miss,Minor or low potential impact,Not Entered,2/6/2014 17:30,2014,Feb,Thu,17:30,12:00,2/13/2014 13:27,,,Construction & Maintenance,,,No,,,,,,,,,No,,,,Person exposed to harmful substance,0,0,0,0,,
21071,Near Miss,Minor or low potential impact,Not Entered,2/7/2014 8:02,2014,Feb,Fri,8:02,6:00,2/7/2014 11:05,,,Construction & Maintenance,,,No,,,,,,,,,No,,,,Hit by a moving vehicle or plant,0,0,0,0,,
21162,Near Miss,Minor or low potential impact,Not Entered,2/7/2014 9:00,2014,Feb,Fri,9:00,6:00,2/20/2014 9:27,,,Construction & Maintenance,,,No,,,,,,,,,No,,,,Fell from a height,0,0,0,0,,
21158,Near Miss,Minor or low potential impact,Not Entered,2/7/2014 14:30,2014,Feb,Fri,14:30,12:00,2/19/2014 12:19,,,Construction & Maintenance,,,No,,,,,,,,,No,,,,Hit by a moving or falling object,0,0,0,0,,
21165,Near Miss,Minor or low potential impact,Not Entered,2/8/2014 9:00,2014,Feb,Sat,9:00,6:00,2/20/2014 10:42,,,Construction & Maintenance,,,No,,,,,,,,,No,,,,Fell from a height,0,0,0,0,,
21164,Near Miss,Minor or low potential impact,Not Entered,2/8/2014 9:35,2014,Feb,Sat,9:35,6:00,2/20/2014 10:38,,,Construction & Maintenance,,,No,,,,,,,,,No,,,,N/A,0,0,0,0,,
21258,Near Miss,Minor or low potential impact,Not Entered,2/9/2014 22:45,2014,Feb,Sun,22:45,18:00,3/6/2014 13:36,,,Construction & Maintenance,,,No,,,,,,,,,No,,,,N/A,0,0,0,0,,
21252,Near Miss,Minor or low potential impact,Not Entered,2/10/2014 13:32,2014,Feb,Mon,13:32,12:00,3/6/2014 11:46,,,Construction & Maintenance,,,No,,,,,,,,,No,,,,N/A,0,0,0,0,,
21159,Near Miss,Minor or low potential impact,Not Entered,2/11/2014 11:30,2014,Feb,Tue,11:30,6:00,2/19/2014 12:24,,,Construction & Maintenance,,,No,,,,,,,,,No,,,,N/A,0,0,0,0,,
21102,Near Miss,Minor or low potential impact,Not Entered,2/12/2014 10:00,2014,Feb,Wed,10:00,6:00,2/13/2014 11:44,,,Construction & Maintenance,,,No,,,,,,,,,No,,,,Hit by a moving or falling object,0,0,0,0,,
21156,Near Miss,Minor or low potential impact,Not Entered,2/12/2014 11:35,2014,Feb,Wed,11:35,6:00,2/19/2014 11:41,,,Construction & Maintenance,,,No,,,,,,,,,No,,,,Hit by a moving or falling object,0,0,0,0,,
21169,Near Miss,Minor or low potential impact,Not Entered,2/12/2014 11:40,2014,Feb,Wed,11:40,6:00,2/21/2014 11:41,,,Construction & Maintenance,,,No,,,,,,,,,No,,,,Hit by a moving vehicle or plant,0,0,0,0,,
21144,Near Miss,Minor or low potential impact,Not Entered,2/12/2014 13:30,2014,Feb,Wed,13:30,12:00,2/18/2014 12:12,,,Construction & Maintenance,,,No,,,,,,,,,No,,,,Person contact with electricity,0,0,0,0,,
21155,Near Miss,Minor or low potential impact,Not Entered,2/12/2014 16:20,2014,Feb,Wed,16:20,12:00,2/19/2014 11:22,,,Construction & Maintenance,,,No,,,,,,,,,No,,,,Hit by a moving or falling object,0,0,0,0,,
21151,Near Miss,Minor or low potential impact,Not Entered,2/13/2014 10:30,2014,Feb,Thu,10:30,6:00,2/18/2014 16:12,,,Construction & Maintenance,,,No,,,,,,,,,No,,,,Hit by a moving or falling object,0,0,0,0,,
21166,Near Miss,Minor or low potential impact,Not Entered,2/13/2014 11:00,2014,Feb,Thu,11:00,6:00,2/20/2014 10:49,,,Construction & Maintenance,,,No,,,,,,,,,No,,,,Person contact with electricity,0,0,0,0,,
21157,Near Miss,Minor or low potential impact,Not Entered,2/13/2014 11:25,2014,Feb,Thu,11:25,6:00,2/19/2014 11:50,,,Construction & Maintenance,,,No,,,,,,,,,No,,,,Hit by a moving or falling object,0,0,0,0,,
21141,Near Miss,Minor or low potential impact,Not Entered,2/13/2014 14:00,2014,Feb,Thu,14:00,12:00,2/17/2014 17:00,,,Construction & Maintenance,,,No,,,,,,,,,No,,,,N/A,0,0,0,0,,
21152,Near Miss,Minor or low potential impact,Not Entered,2/13/2014 14:30,2014,Feb,Thu,14:30,12:00,2/18/2014 16:20,,,Construction & Maintenance,,,No,,,,,,,,,No,,,,"Fell, slipped, or tripped on same level",0,0,0,0,,
21145,Near Miss,Minor or low potential impact,Not Entered,2/13/2014 14:50,2014,Feb,Thu,14:50,12:00,2/18/2014 14:59,,,Construction & Maintenance,,,No,,,,,,,,,No,,,,Person contact with electricity,0,0,0,0,,
21161,Near Miss,Minor or low potential impact,Not Entered,2/14/2014 14:00,2014,Feb,Fri,14:00,12:00,2/20/2014 9:11,,,Construction & Maintenance,,,No,,,,,,,,,No,,,,Hit by a moving vehicle or plant,0,0,0,0,,
21260,Near Miss,Minor or low potential impact,Not Entered,2/17/2014 7:30,2014,Feb,Mon,7:30,6:00,3/6/2014 15:31,,,Construction & Maintenance,,,No,,,,,,,,,No,,,,"Fell, slipped, or tripped on same level",0,0,0,0,,
21143,Near Miss,Minor or low potential impact,Not Entered,2/17/2014 10:00,2014,Feb,Mon,10:00,6:00,2/18/2014 11:39,,,Construction & Maintenance,,,No,,,,,,,,,No,,,,Hit by a moving or falling object,0,0,0,0,,
21211,Near Miss,Minor or low potential impact,Not Entered,2/18/2014 9:00,2014,Feb,Tue,9:00,6:00,3/4/2014 11:35,,,Construction & Maintenance,,,No,,,,,,,,,No,,,,N/A,0,0,0,0,,
21257,Near Miss,Minor or low potential impact,Not Entered,2/18/2014 9:30,2014,Feb,Tue,9:30,6:00,3/6/2014 13:17,,,Construction & Maintenance,,,No,,,,,,,,,No,,,,Hit by a moving or falling object,0,0,0,0,,
21212,Near Miss,Minor or low potential impact,Not Entered,2/20/2014 7:55,2014,Feb,Thu,7:55,6:00,3/4/2014 11:46,,,Construction & Maintenance,,,No,,,,,,,,,No,,,,N/A,0,0,0,0,,
21245,Near Miss,Minor or low potential impact,Not Entered,2/20/2014 9:00,2014,Feb,Thu,9:00,6:00,3/6/2014 10:33,,,Construction & Maintenance,,,No,,,,,,,,,No,,,,Person contact with electricity,0,0,0,0,,
21250,Near Miss,Minor or low potential impact,Not Entered,2/20/2014 9:30,2014,Feb,Thu,9:30,6:00,3/6/2014 11:31,,,Construction & Maintenance,,,No,,,,,,,,,No,,,,Person exposed to harmful substance,0,0,0,0,,
21251,Near Miss,Minor or low potential impact,Not Entered,2/20/2014 13:20,2014,Feb,Thu,13:20,12:00,3/6/2014 11:39,,,Construction & Maintenance,,,No,,,,,,,,,No,,,,N/A,0,0,0,0,,
21248,Near Miss,Minor or low potential impact,Not Entered,2/21/2014 8:45,2014,Feb,Fri,8:45,6:00,3/6/2014 10:54,,,Construction & Maintenance,,,No,,,,,,,,,No,,,,N/A,0,0,0,0,,
21243,Near Miss,Minor or low potential impact,Not Entered,2/21/2014 9:00,2014,Feb,Fri,9:00,6:00,3/6/2014 9:18,,,Construction & Maintenance,,,No,,,,,,,,,No,,,,"Fell, slipped, or tripped on same level",0,0,0,0,,
21249,Near Miss,Minor or low potential impact,Not Entered,2/21/2014 10:30,2014,Feb,Fri,10:30,6:00,3/6/2014 11:02,,,Construction & Maintenance,,,No,,,,,,,,,No,,,,N/A,0,0,0,0,,
21247,Near Miss,Minor or low potential impact,Not Entered,2/21/2014 10:45,2014,Feb,Fri,10:45,6:00,3/6/2014 10:47,,,Construction & Maintenance,,,No,,,,,,,,,No,,,,Fell from a height,0,0,0,0,,
21242,Near Miss,Minor or low potential impact,Not Entered,2/21/2014 12:35,2014,Feb,Fri,12:35,12:00,3/6/2014 9:08,,,Construction & Maintenance,,,No,,,,,,,,,No,,,,Person exposed to harmful substance,0,0,0,0,,
21259,Near Miss,Minor or low potential impact,Not Entered,2/21/2014 13:47,2014,Feb,Fri,13:47,12:00,3/6/2014 13:57,,,Construction & Maintenance,,,No,,,,,,,,,No,,,,"Fell, slipped, or tripped on same level",0,0,0,0,,
21262,Near Miss,Minor or low potential impact,Not Entered,2/21/2014 16:02,2014,Feb,Fri,16:02,12:00,3/6/2014 16:20,,,Construction & Maintenance,,,No,,,,,,,,,No,,,,Fell from a height,0,0,0,0,,
21244,Near Miss,Minor or low potential impact,Not Entered,2/21/2014 16:12,2014,Feb,Fri,16:12,12:00,3/6/2014 10:22,,,Construction & Maintenance,,,No,,,,,,,,,No,,,,"Fell, slipped, or tripped on same level",0,0,0,0,,
21273,Near Miss,Minor or low potential impact,Not Entered,2/22/2014 9:00,2014,Feb,Sat,9:00,6:00,3/7/2014 13:16,,,Construction & Maintenance,,,No,,,,,,,,,No,,,,"Fell, slipped, or tripped on same level",0,0,0,0,,
21232,Near Miss,Minor or low potential impact,Not Entered,2/24/2014 17:40,2014,Feb,Mon,17:40,12:00,3/5/2014 13:34,,,Construction & Maintenance,,,No,,,,,,,,,No,,,,Person contact with electricity,0,0,0,0,,
21272,Near Miss,Minor or low potential impact,Not Entered,2/25/2014 11:00,2014,Feb,Tue,11:00,6:00,3/7/2014 13:08,,,Construction & Maintenance,,,No,,,,,,,,,No,,,,"Fell, slipped, or tripped on same level",0,0,0,0,,
21246,Near Miss,Minor or low potential impact,Not Entered,2/25/2014 15:00,2014,Feb,Tue,15:00,12:00,3/6/2014 10:38,,,Construction & Maintenance,,,No,,,,,,,,,No,,,,"Fell, slipped, or tripped on same level",0,0,0,0,,
21271,Near Miss,Minor or low potential impact,Not Entered,2/26/2014 10:30,2014,Feb,Wed,10:30,6:00,3/7/2014 12:58,,,Construction & Maintenance,,,No,,,,,,,,,No,,,,Hit by a moving or falling object,0,0,0,0,,
21265,Near Miss,Minor or low potential impact,Not Entered,2/26/2014 14:00,2014,Feb,Wed,14:00,12:00,3/6/2014 17:04,,,Construction & Maintenance,,,No,,,,,,,,,No,,,,N/A,0,0,0,0,,
21261,Near Miss,Minor or low potential impact,Not Entered,2/27/2014 16:30,2014,Feb,Thu,16:30,12:00,3/6/2014 15:56,,,Construction & Maintenance,,,No,,,,,,,,,No,,,,Hit by a moving vehicle or plant,0,0,0,0,,
21266,Near Miss,Minor or low potential impact,Not Entered,2/27/2014 17:05,2014,Feb,Thu,17:05,12:00,3/6/2014 17:19,,,Construction & Maintenance,,,No,,,,,,,,,No,,,,Hit by a moving vehicle or plant,0,0,0,0,,
21205,Near Miss,Minor or low potential impact,Not Entered,2/27/2014 17:10,2014,Feb,Thu,17:10,12:00,3/3/2014 16:20,,,Construction & Maintenance,,,No,,,,,,,,,No,,,,"Fell, slipped, or tripped on same level",0,0,0,0,,
21264,Near Miss,Minor or low potential impact,Not Entered,2/28/2014 8:00,2014,Feb,Fri,8:00,6:00,3/6/2014 16:37,,,Construction & Maintenance,,,No,,,,,,,,,No,,,,Hit by a moving vehicle or plant,0,0,0,0,,
21287,Near Miss,Minor or low potential impact,Not Entered,3/1/2014 8:30,2014,Mar,Sat,8:30,6:00,3/18/2014 11:39,,,Construction & Maintenance,,,No,,,,,,,,,No,,,,"Fell, slipped, or tripped on same level",0,0,0,0,,
21413,Near Miss,Minor or low potential impact,Not Entered,3/2/2014 15:00,2014,Mar,Sun,15:00,12:00,4/3/2014 12:08,,,Construction & Maintenance,,,No,,,,,,,,,No,,,,N/A,0,0,0,0,,
21395,Near Miss,Minor or low potential impact,Not Entered,3/2/2014 17:15,2014,Mar,Sun,17:15,12:00,4/2/2014 16:21,,,Construction & Maintenance,,,No,,,,,,,,,No,,,,"Fell, slipped, or tripped on same level",0,0,0,0,,
21367,Near Miss,Minor or low potential impact,Not Entered,3/3/2014 8:30,2014,Mar,Mon,8:30,6:00,3/31/2014 15:16,,,Construction & Maintenance,,,No,,,,,,,,,No,,,,"Fell, slipped, or tripped on same level",0,0,0,0,,
21417,Near Miss,Minor or low potential impact,Not Entered,3/3/2014 9:00,2014,Mar,Mon,9:00,6:00,4/3/2014 13:24,,,Construction & Maintenance,,,No,,,,,,,,,No,,,,"Fell, slipped, or tripped on same level",0,0,0,0,,
21416,Near Miss,Minor or low potential impact,Not Entered,3/3/2014 9:00,2014,Mar,Mon,9:00,6:00,4/3/2014 12:48,,,Construction & Maintenance,,,No,,,,,,,,,No,,,,Collision with fixed or stationary object or material,0,0,0,0,,
21365,Near Miss,Minor or low potential impact,Not Entered,3/3/2014 9:00,2014,Mar,Mon,9:00,6:00,3/31/2014 12:57,,,Construction & Maintenance,,,No,,,,,,,,,No,,,,Person exposed to harmful substance,0,0,0,0,,
21415,Near Miss,Minor or low potential impact,Not Entered,3/3/2014 9:30,2014,Mar,Mon,9:30,6:00,4/3/2014 12:31,,,Construction & Maintenance,,,No,,,,,,,,,No,,,,N/A,0,0,0,0,,
21414,Near Miss,Minor or low potential impact,Not Entered,3/3/2014 9:30,2014,Mar,Mon,9:30,6:00,4/3/2014 12:21,,,Construction & Maintenance,,,No,,,,,,,,,No,,,,"Fell, slipped, or tripped on same level",0,0,0,0,,
21368,Near Miss,Minor or low potential impact,Not Entered,3/3/2014 9:30,2014,Mar,Mon,9:30,6:00,3/31/2014 15:22,,,Construction & Maintenance,,,No,,,,,,,,,No,,,,"Fell, slipped, or tripped on same level",0,0,0,0,,
21401,Near Miss,Minor or low potential impact,Not Entered,3/3/2014 10:35,2014,Mar,Mon,10:35,6:00,4/3/2014 9:41,,,Construction & Maintenance,,,No,,,,,,,,,No,,,,N/A,0,0,0,0,,
21408,Near Miss,Minor or low potential impact,Not Entered,3/3/2014 11:30,2014,Mar,Mon,11:30,6:00,4/3/2014 11:15,,,Construction & Maintenance,,,No,,,,,,,,,No,,,,N/A,0,0,0,0,,
21391,Near Miss,Minor or low potential impact,Not Entered,3/3/2014 13:30,2014,Mar,Mon,13:30,12:00,4/2/2014 12:44,,,Construction & Maintenance,,,No,,,,,,,,,No,,,,N/A,0,0,0,0,,
21295,Near Miss,Minor or low potential impact,Not Entered,3/3/2014 15:30,2014,Mar,Mon,15:30,12:00,3/24/2014 11:56,,,Construction & Maintenance,,,No,,,,,,,,,No,,,,N/A,0,0,0,0,,
21405,Near Miss,Minor or low potential impact,Not Entered,3/4/2014 10:00,2014,Mar,Tue,10:00,6:00,4/3/2014 10:49,,,Construction & Maintenance,,,No,,,,,,,,,No,,,,N/A,0,0,0,0,,
21385,Near Miss,Minor or low potential impact,Not Entered,3/4/2014 10:10,2014,Mar,Tue,10:10,6:00,4/2/2014 9:23,,,Construction & Maintenance,,,No,,,,,,,,,No,,,,Fell from a height,0,0,0,0,,
21387,Near Miss,Minor or low potential impact,Not Entered,3/4/2014 11:00,2014,Mar,Tue,11:00,6:00,4/2/2014 10:32,,,Construction & Maintenance,,,No,,,,,,,,,No,,,,N/A,0,0,0,0,,
21389,Near Miss,Minor or low potential impact,Not Entered,3/4/2014 12:00,2014,Mar,Tue,12:00,12:00,4/2/2014 12:32,,,Construction & Maintenance,,,No,,,,,,,,,No,,,,Hit by a moving vehicle or plant,0,0,0,0,,
21450,Near Miss,Minor or low potential impact,Not Entered,3/4/2014 17:10,2014,Mar,Tue,17:10,12:00,4/14/2014 16:17,,,Construction & Maintenance,,,No,,,,,,,,,No,,,,N/A,0,0,0,0,,
21406,Near Miss,Minor or low potential impact,Not Entered,3/4/2014 17:50,2014,Mar,Tue,17:50,12:00,4/3/2014 10:57,,,Construction & Maintenance,,,No,,,,,,,,,No,,,,N/A,0,0,0,0,,
21404,Near Miss,Minor or low potential impact,Not Entered,3/5/2014 7:20,2014,Mar,Wed,7:20,6:00,4/3/2014 10:30,,,Construction & Maintenance,,,No,,,,,,,,,No,,,,N/A,0,0,0,0,,
21407,Near Miss,Minor or low potential impact,Not Entered,3/5/2014 8:00,2014,Mar,Wed,8:00,6:00,4/3/2014 11:05,,,Construction & Maintenance,,,No,,,,,,,,,No,,,,Hit by a moving vehicle or plant,0,0,0,0,,
21308,Near Miss,Minor or low potential impact,Not Entered,3/5/2014 8:15,2014,Mar,Wed,8:15,6:00,3/26/2014 9:59,,,Construction & Maintenance,,,No,,,,,,,,,No,,,,"Fell, slipped, or tripped on same level",0,0,0,0,,
21309,Near Miss,Minor or low potential impact,Not Entered,3/5/2014 10:00,2014,Mar,Wed,10:00,6:00,3/26/2014 10:10,,,Construction & Maintenance,,,No,,,,,,,,,No,,,,"Fell, slipped, or tripped on same level",0,0,0,0,,
21370,Near Miss,Minor or low potential impact,Not Entered,3/5/2014 10:30,2014,Mar,Wed,10:30,6:00,3/31/2014 16:15,,,Construction & Maintenance,,,No,,,,,,,,,No,,,,"Fell, slipped, or tripped on same level",0,0,0,0,,
21342,Near Miss,Minor or low potential impact,Not Entered,3/5/2014 11:45,2014,Mar,Wed,11:45,6:00,3/27/2014 17:27,,,Construction & Maintenance,,,No,,,,,,,,,No,,,,Hit by a moving or falling object,0,0,0,0,,
21392,Near Miss,Minor or low potential impact,Not Entered,3/5/2014 13:30,2014,Mar,Wed,13:30,12:00,4/2/2014 14:53,,,Construction & Maintenance,,,No,,,,,,,,,No,,,,N/A,0,0,0,0,,
21360,Near Miss,Minor or low potential impact,Not Entered,3/5/2014 13:40,2014,Mar,Wed,13:40,12:00,3/28/2014 13:49,,,Construction & Maintenance,,,No,,,,,,,,,No,,,,Hit by a moving vehicle or plant,0,0,0,0,,
21363,Near Miss,Minor or low potential impact,Not Entered,3/5/2014 15:00,2014,Mar,Wed,15:00,12:00,3/31/2014 12:29,,,Construction & Maintenance,,,No,,,,,,,,,No,,,,Fell from a height,0,0,0,0,,
21388,Near Miss,Minor or low potential impact,Not Entered,3/5/2014 17:00,2014,Mar,Wed,17:00,12:00,4/2/2014 10:46,,,Construction & Maintenance,,,No,,,,,,,,,No,,,,Fell from a height,0,0,0,0,,