Event ID,Event Type ,Event Subtype,Type of Person,Date/Time of Event,Year,Month,Day of the Week,Time,Time interval (6 hours),Date/Time Reported,Location,Specific Location (include RCC Log no if relevant),Details of actual job being done at the time,Part of Body Affected,Injury Type,Was there a vehicle involved in this event?,Work related,Accident Type,Vehicle Motion,Who was Hit,Weather/Visibility,Surface Condition,Roadbed Grade,Lighting Conditions,Was A Police Report Filed?,Name of Law Enforcement Agency,Preventable,Type,Kind of Event,Expected Lost Workdays (Total),Actual Lost Workdays (Total),Expected Restricted Workdays (Total),Actual Restricted Workdays (Total),Return To Work Date,Sign Off 1
21386,Near Miss,Minor or low potential impact,Not Entered,3/6/2014 10:20,2014,Mar,Thu,10:20,6:00,4/2/2014 10:08,,,Construction & Maintenance,,,No,,,,,,,,,No,,,,"Fell, slipped, or tripped on same level",0,0,0,0,,
21369,Near Miss,Minor or low potential impact,Not Entered,3/6/2014 13:45,2014,Mar,Thu,13:45,12:00,3/31/2014 16:06,,,Construction & Maintenance,,,No,,,,,,,,,No,,,,Hit by a moving or falling object,0,0,0,0,,
21284,Near Miss,Minor or low potential impact,Not Entered,3/6/2014 14:00,2014,Mar,Thu,14:00,12:00,3/18/2014 11:22,,,Construction & Maintenance,,,No,,,,,,,,,No,,,,"Fell, slipped, or tripped on same level",0,0,0,0,,
21317,Near Miss,Minor or low potential impact,Not Entered,3/6/2014 16:54,2014,Mar,Thu,16:54,12:00,3/26/2014 17:10,,,Construction & Maintenance,,,No,,,,,,,,,No,,,,Person exposed to harmful substance,0,0,0,0,,
21286,Near Miss,Minor or low potential impact,Not Entered,3/7/2014 7:50,2014,Mar,Fri,7:50,6:00,3/18/2014 11:30,,,Construction & Maintenance,,,No,,,,,,,,,No,,,,Hit by a moving vehicle or plant,0,0,0,0,,
21397,Near Miss,Minor or low potential impact,Not Entered,3/7/2014 10:45,2014,Mar,Fri,10:45,6:00,4/3/2014 8:11,,,Construction & Maintenance,,,No,,,,,,,,,No,,,,Hit by a moving vehicle or plant,0,0,0,0,,
21398,Near Miss,Minor or low potential impact,Not Entered,3/7/2014 12:30,2014,Mar,Fri,12:30,12:00,4/3/2014 9:02,,,Construction & Maintenance,,,No,,,,,,,,,No,,,,Hit by a moving vehicle or plant,0,0,0,0,,
21402,Near Miss,Minor or low potential impact,Not Entered,3/8/2014 11:00,2014,Mar,Sat,11:00,6:00,4/3/2014 10:06,,,Construction & Maintenance,,,No,,,,,,,,,No,,,,N/A,0,0,0,0,,
21285,Near Miss,Minor or low potential impact,Not Entered,3/10/2014 8:00,2014,Mar,Mon,8:00,6:00,3/18/2014 11:26,,,Construction & Maintenance,,,No,,,,,,,,,No,,,,Fell from a height,0,0,0,0,,
21346,Near Miss,Minor or low potential impact,Not Entered,3/10/2014 9:00,2014,Mar,Mon,9:00,6:00,3/28/2014 9:22,,,Construction & Maintenance,,,No,,,,,,,,,No,,,,Hit by a moving vehicle or plant,0,0,0,0,,
21393,Near Miss,Minor or low potential impact,Not Entered,3/10/2014 10:45,2014,Mar,Mon,10:45,6:00,4/2/2014 15:30,,,Construction & Maintenance,,,No,,,,,,,,,No,,,,Hit by a moving vehicle or plant,0,0,0,0,,
21399,Near Miss,Minor or low potential impact,Not Entered,3/10/2014 11:00,2014,Mar,Mon,11:00,6:00,4/3/2014 9:24,,,Construction & Maintenance,,,No,,,,,,,,,No,,,,Hit by a moving or falling object,0,0,0,0,,
21312,Near Miss,Minor or low potential impact,Not Entered,3/10/2014 11:00,2014,Mar,Mon,11:00,6:00,3/26/2014 11:03,,,Construction & Maintenance,,,No,,,,,,,,,No,,,,N/A,0,0,0,0,,
21403,Near Miss,Minor or low potential impact,Not Entered,3/10/2014 11:10,2014,Mar,Mon,11:10,6:00,4/3/2014 10:20,,,Construction & Maintenance,,,No,,,,,,,,,No,,,,N/A,0,0,0,0,,
21394,Near Miss,Minor or low potential impact,Not Entered,3/10/2014 17:00,2014,Mar,Mon,17:00,12:00,4/2/2014 16:12,,,Construction & Maintenance,,,No,,,,,,,,,No,,,,Hit by a moving vehicle or plant,0,0,0,0,,
21311,Near Miss,Minor or low potential impact,Not Entered,3/11/2014 7:00,2014,Mar,Tue,7:00,6:00,3/26/2014 10:53,,,Construction & Maintenance,,,No,,,,,,,,,No,,,,"Fell, slipped, or tripped on same level",0,0,0,0,,
21313,Near Miss,Minor or low potential impact,Not Entered,3/11/2014 11:05,2014,Mar,Tue,11:05,6:00,3/26/2014 11:13,,,Construction & Maintenance,,,No,,,,,,,,,No,,,,N/A,0,0,0,0,,
21411,Near Miss,Minor or low potential impact,Not Entered,3/12/2014 8:10,2014,Mar,Wed,8:10,6:00,4/3/2014 11:24,,,Construction & Maintenance,,,No,,,,,,,,,No,,,,N/A,0,0,0,0,,
21335,Near Miss,Minor or low potential impact,Not Entered,3/12/2014 11:00,2014,Mar,Wed,11:00,6:00,3/27/2014 16:18,,,Construction & Maintenance,,,No,,,,,,,,,No,,,,Fell from a height,0,0,0,0,,
21314,Near Miss,Minor or low potential impact,Not Entered,3/12/2014 11:00,2014,Mar,Wed,11:00,6:00,3/26/2014 11:56,,,Construction & Maintenance,,,No,,,,,,,,,No,,,,"Fell, slipped, or tripped on same level",0,0,0,0,,
21302,Near Miss,Minor or low potential impact,Not Entered,3/12/2014 11:20,2014,Mar,Wed,11:20,6:00,3/25/2014 8:58,,,Construction & Maintenance,,,No,,,,,,,,,No,,,,Fell from a height,0,0,0,0,,
21310,Near Miss,Minor or low potential impact,Not Entered,3/12/2014 13:00,2014,Mar,Wed,13:00,12:00,3/26/2014 10:20,,,Construction & Maintenance,,,No,,,,,,,,,No,,,,Hit by a moving or falling object,0,0,0,0,,
21288,Near Miss,Minor or low potential impact,Not Entered,3/12/2014 14:00,2014,Mar,Wed,14:00,12:00,3/18/2014 12:21,,,Construction & Maintenance,,,No,,,,,,,,,No,,,,N/A,0,0,0,0,,
21289,Near Miss,Minor or low potential impact,Not Entered,3/13/2014 11:00,2014,Mar,Thu,11:00,6:00,3/18/2014 15:37,,,Construction & Maintenance,,,No,,,,,,,,,No,,,,Fell from a height,0,0,0,0,,
21412,Near Miss,Minor or low potential impact,Not Entered,3/13/2014 12:50,2014,Mar,Thu,12:50,12:00,4/3/2014 11:57,,,Construction & Maintenance,,,No,,,,,,,,,No,,,,N/A,0,0,0,0,,
21449,Near Miss,Minor or low potential impact,Not Entered,3/13/2014 15:40,2014,Mar,Thu,15:40,12:00,4/14/2014 16:11,,,Construction & Maintenance,,,No,,,,,,,,,No,,,,Hit by a moving vehicle or plant,0,0,0,0,,
21316,Near Miss,Minor or low potential impact,Not Entered,3/13/2014 16:30,2014,Mar,Thu,16:30,12:00,3/26/2014 16:46,,,Construction & Maintenance,,,No,,,,,,,,,No,,,,Fell from a height,0,0,0,0,,
21318,Near Miss,Minor or low potential impact,Not Entered,3/14/2014 8:30,2014,Mar,Fri,8:30,6:00,3/27/2014 8:50,,,Construction & Maintenance,,,No,,,,,,,,,No,,,,Collision with fixed or stationary object or material,0,0,0,0,,
21359,Near Miss,Minor or low potential impact,Not Entered,3/17/2014 8:00,2014,Mar,Mon,8:00,6:00,3/28/2014 13:34,,,Construction & Maintenance,,,No,,,,,,,,,No,,,,Fell from a height,0,0,0,0,,
21349,Near Miss,Minor or low potential impact,Not Entered,3/19/2014 11:20,2014,Mar,Wed,11:20,6:00,3/28/2014 11:23,,,Construction & Maintenance,,,No,,,,,,,,,No,,,,Hit by a moving or falling object,0,0,0,0,,
21353,Near Miss,Minor or low potential impact,Not Entered,3/19/2014 13:30,2014,Mar,Wed,13:30,12:00,3/28/2014 12:05,,,Construction & Maintenance,,,No,,,,,,,,,No,,,,"Fell, slipped, or tripped on same level",0,0,0,0,,
21357,Near Miss,Minor or low potential impact,Not Entered,3/19/2014 15:20,2014,Mar,Wed,15:20,12:00,3/28/2014 13:06,,,Construction & Maintenance,,,No,,,,,,,,,No,,,,"Structure, trench, or scaffold collapse",0,0,0,0,,
21348,Near Miss,Minor or low potential impact,Not Entered,3/20/2014 10:45,2014,Mar,Thu,10:45,6:00,3/28/2014 11:14,,,Construction & Maintenance,,,No,,,,,,,,,No,,,,Hit by a moving or falling object,0,0,0,0,,
21350,Near Miss,Minor or low potential impact,Not Entered,3/20/2014 11:25,2014,Mar,Thu,11:25,6:00,3/28/2014 11:29,,,Construction & Maintenance,,,No,,,,,,,,,No,,,,Hit by a moving or falling object,0,0,0,0,,
21351,Near Miss,Minor or low potential impact,Not Entered,3/20/2014 11:30,2014,Mar,Thu,11:30,6:00,3/28/2014 11:44,,,Construction & Maintenance,,,No,,,,,,,,,No,,,,"Fell, slipped, or tripped on same level",0,0,0,0,,
21352,Near Miss,Minor or low potential impact,Not Entered,3/20/2014 12:30,2014,Mar,Thu,12:30,12:00,3/28/2014 11:55,,,Construction & Maintenance,,,No,,,,,,,,,No,,,,Hit by a moving or falling object,0,0,0,0,,
21307,Near Miss,Minor or low potential impact,Not Entered,3/21/2014 17:45,2014,Mar,Fri,17:45,12:00,3/26/2014 9:11,,,Construction & Maintenance,,,No,,,,,,,,,No,,,,Hit by a moving vehicle or plant,0,0,0,0,,
21377,Near Miss,Minor or low potential impact,Not Entered,3/22/2014 11:30,2014,Mar,Sat,11:30,6:00,4/1/2014 10:50,,,Construction & Maintenance,,,No,,,,,,,,,No,,,,N/A,0,0,0,0,,
21378,Near Miss,Minor or low potential impact,Not Entered,3/23/2014 12:00,2014,Mar,Sun,12:00,12:00,4/1/2014 11:03,,,Construction & Maintenance,,,No,,,,,,,,,No,,,,N/A,0,0,0,0,,
21446,Near Miss,Minor or low potential impact,Not Entered,3/24/2014 8:00,2014,Mar,Mon,8:00,6:00,4/14/2014 15:41,,,Construction & Maintenance,,,No,,,,,,,,,No,,,,Hit by a moving vehicle or plant,0,0,0,0,,
21376,Near Miss,Minor or low potential impact,Not Entered,3/24/2014 12:30,2014,Mar,Mon,12:30,12:00,4/1/2014 9:56,,,Construction & Maintenance,,,No,,,,,,,,,No,,,,Hit by a moving vehicle or plant,0,0,0,0,,
21382,Near Miss,Minor or low potential impact,Not Entered,3/24/2014 13:08,2014,Mar,Mon,13:08,12:00,4/1/2014 15:42,,,Construction & Maintenance,,,No,,,,,,,,,No,,,,"Fell, slipped, or tripped on same level",0,0,0,0,,
21451,Near Miss,Minor or low potential impact,Not Entered,3/25/2014 10:45,2014,Mar,Tue,10:45,6:00,4/14/2014 16:27,,,Construction & Maintenance,,,No,,,,,,,,,No,,,,N/A,0,0,0,0,,
21379,Near Miss,Minor or low potential impact,Not Entered,3/26/2014 10:35,2014,Mar,Wed,10:35,6:00,4/1/2014 12:41,,,Construction & Maintenance,,,No,,,,,,,,,No,,,,Hit by a moving vehicle or plant,0,0,0,0,,
21381,Near Miss,Minor or low potential impact,Not Entered,3/26/2014 15:30,2014,Mar,Wed,15:30,12:00,4/1/2014 15:03,,,Construction & Maintenance,,,No,,,,,,,,,No,,,,"Fell, slipped, or tripped on same level",0,0,0,0,,
21383,Near Miss,Minor or low potential impact,Not Entered,3/26/2014 16:55,2014,Mar,Wed,16:55,12:00,4/1/2014 16:02,,,Construction & Maintenance,,,No,,,,,,,,,No,,,,Collision with fixed or stationary object or material,0,0,0,0,,
21374,Near Miss,Minor or low potential impact,Not Entered,3/27/2014 8:15,2014,Mar,Thu,8:15,6:00,4/1/2014 9:12,,,Construction & Maintenance,,,No,,,,,,,,,No,,,,Hit by a moving vehicle or plant,0,0,0,0,,
21375,Near Miss,Minor or low potential impact,Not Entered,3/27/2014 22:09,2014,Mar,Thu,22:09,18:00,4/1/2014 9:29,,,Construction & Maintenance,,,No,,,,,,,,,No,,,,Hit by a moving vehicle or plant,0,0,0,0,,
21371,Near Miss,Minor or low potential impact,Not Entered,3/28/2014 9:00,2014,Mar,Fri,9:00,6:00,4/1/2014 8:10,,,Construction & Maintenance,,,No,,,,,,,,,No,,,,Fell from a height,0,0,0,0,,
21454,Near Miss,Minor or low potential impact,Not Entered,3/28/2014 12:08,2014,Mar,Fri,12:08,12:00,4/17/2014 11:10,,,Construction & Maintenance,,,No,,,,,,,,,No,,,,N/A,0,0,0,0,,
21418,Near Miss,Minor or low potential impact,Not Entered,3/28/2014 14:00,2014,Mar,Fri,14:00,12:00,4/3/2014 13:28,,,Construction & Maintenance,,,No,,,,,,,,,No,,,,Hit by a moving vehicle or plant,0,0,0,0,,
21380,Near Miss,Minor or low potential impact,Not Entered,3/29/2014 15:10,2014,Mar,Sat,15:10,12:00,4/1/2014 14:18,,,Construction & Maintenance,,,No,,,,,,,,,No,,,,"Fell, slipped, or tripped on same level",0,0,0,0,,
21384,Near Miss,Minor or low potential impact,Not Entered,3/31/2014 23:00,2014,Mar,Mon,23:00,18:00,4/2/2014 9:06,,,Construction & Maintenance,,,No,,,,,,,,,No,,,,"Fell, slipped, or tripped on same level",0,0,0,0,,
21440,Near Miss,Minor or low potential impact,Not Entered,4/1/2014 9:00,2014,Apr,Tue,9:00,6:00,4/14/2014 12:37,,,Construction & Maintenance,,,No,,,,,,,,,No,,,,"Fell, slipped, or tripped on same level",0,0,0,0,,
21530,Near Miss,Minor or low potential impact,Not Entered,4/1/2014 10:20,2014,Apr,Tue,10:20,6:00,5/9/2014 9:26,,,Construction & Maintenance,,,No,,,,,,,,,No,,,,N/A,0,0,0,0,,
21531,Near Miss,Minor or low potential impact,Not Entered,4/2/2014 10:27,2014,Apr,Wed,10:27,6:00,5/9/2014 9:29,,,Construction & Maintenance,,,No,,,,,,,,,No,,,,N/A,0,0,0,0,,
21445,Near Miss,Minor or low potential impact,Not Entered,4/2/2014 11:00,2014,Apr,Wed,11:00,6:00,4/14/2014 15:15,,,Construction & Maintenance,,,No,,,,,,,,,No,,,,Fell from a height,0,0,0,0,,
21444,Near Miss,Minor or low potential impact,Not Entered,4/2/2014 13:00,2014,Apr,Wed,13:00,12:00,4/14/2014 15:06,,,Construction & Maintenance,,,No,,,,,,,,,No,,,,"Fell, slipped, or tripped on same level",0,0,0,0,,
21441,Near Miss,Minor or low potential impact,Not Entered,4/2/2014 15:15,2014,Apr,Wed,15:15,12:00,4/14/2014 12:55,,,Construction & Maintenance,,,No,,,,,,,,,No,,,,Hit by a moving vehicle or plant,0,0,0,0,,
21532,Near Miss,Minor or low potential impact,Not Entered,4/3/2014 9:30,2014,Apr,Thu,9:30,6:00,5/9/2014 9:34,,,Construction & Maintenance,,,No,,,,,,,,,No,,,,"Fell, slipped, or tripped on same level",0,0,0,0,,
21536,Near Miss,Minor or low potential impact,Not Entered,4/3/2014 10:50,2014,Apr,Thu,10:50,6:00,5/9/2014 9:54,,,Construction & Maintenance,,,No,,,,,,,,,No,,,,N/A,0,0,0,0,,
21564,Near Miss,Minor or low potential impact,Not Entered,4/3/2014 13:31,2014,Apr,Thu,13:31,12:00,5/9/2014 12:34,,,Construction & Maintenance,,,No,,,,,,,,,No,,,,N/A,0,0,0,0,,
21447,Near Miss,Minor or low potential impact,Not Entered,4/3/2014 16:40,2014,Apr,Thu,16:40,12:00,4/14/2014 15:50,,,Construction & Maintenance,,,No,,,,,,,,,No,,,,Hit by a moving vehicle or plant,0,0,0,0,,
21448,Near Miss,Minor or low potential impact,Not Entered,4/3/2014 16:50,2014,Apr,Thu,16:50,12:00,4/14/2014 15:59,,,Construction & Maintenance,,,No,,,,,,,,,No,,,,Hit by a moving vehicle or plant,0,0,0,0,,
21525,Near Miss,Minor or low potential impact,Not Entered,4/4/2014 10:00,2014,Apr,Fri,10:00,6:00,5/9/2014 8:58,,,Construction & Maintenance,,,No,,,,,,,,,No,,,,Hit by a moving or falling object,0,0,0,0,,
21518,Near Miss,Minor or low potential impact,Not Entered,4/4/2014 16:49,2014,Apr,Fri,16:49,12:00,5/8/2014 15:52,,,Construction & Maintenance,,,No,,,,,,,,,No,,,,Hit by a moving vehicle or plant,0,0,0,0,,
21534,Near Miss,Minor or low potential impact,Not Entered,4/5/2014 17:45,2014,Apr,Sat,17:45,12:00,5/9/2014 9:44,,,Construction & Maintenance,,,No,,,,,,,,,No,,,,N/A,0,0,0,0,,
21540,Near Miss,Minor or low potential impact,Not Entered,4/5/2014 18:00,2014,Apr,Sat,18:00,18:00,5/9/2014 10:23,,,Construction & Maintenance,,,No,,,,,,,,,No,,,,N/A,0,0,0,0,,
21539,Near Miss,Minor or low potential impact,Not Entered,4/5/2014 18:00,2014,Apr,Sat,18:00,18:00,5/9/2014 10:19,,,Construction & Maintenance,,,No,,,,,,,,,No,,,,N/A,0,0,0,0,,
21526,Near Miss,Minor or low potential impact,Not Entered,4/5/2014 18:00,2014,Apr,Sat,18:00,18:00,5/9/2014 9:03,,,Construction & Maintenance,,,No,,,,,,,,,No,,,,N/A,0,0,0,0,,
21561,Near Miss,Minor or low potential impact,Not Entered,4/7/2014 13:18,2014,Apr,Mon,13:18,12:00,5/9/2014 12:24,,,Construction & Maintenance,,,No,,,,,,,,,No,,,,N/A,0,0,0,0,,
21571,Near Miss,Minor or low potential impact,Not Entered,4/7/2014 15:06,2014,Apr,Mon,15:06,12:00,5/9/2014 14:10,,,Construction & Maintenance,,,No,,,,,,,,,No,,,,Hit by a moving or falling object,0,0,0,0,,
21442,Near Miss,Minor or low potential impact,Not Entered,4/7/2014 15:10,2014,Apr,Mon,15:10,12:00,4/14/2014 14:19,,,Construction & Maintenance,,,No,,,,,,,,,No,,,,Hit by a moving vehicle or plant,0,0,0,0,,
21537,Near Miss,Minor or low potential impact,Not Entered,4/7/2014 17:45,2014,Apr,Mon,17:45,12:00,5/9/2014 10:12,,,Construction & Maintenance,,,No,,,,,,,,,No,,,,"Fell, slipped, or tripped on same level",0,0,0,0,,
21533,Near Miss,Minor or low potential impact,Not Entered,4/9/2014 10:35,2014,Apr,Wed,10:35,6:00,5/9/2014 9:39,,,Construction & Maintenance,,,No,,,,,,,,,No,,,,N/A,0,0,0,0,,
21538,Near Miss,Minor or low potential impact,Not Entered,4/9/2014 14:30,2014,Apr,Wed,14:30,12:00,5/9/2014 10:16,,,Construction & Maintenance,,,No,,,,,,,,,No,,,,"Fell, slipped, or tripped on same level",0,0,0,0,,
21523,Near Miss,Minor or low potential impact,Not Entered,4/9/2014 17:12,2014,Apr,Wed,17:12,12:00,5/8/2014 16:15,,,Construction & Maintenance,,,No,,,,,,,,,No,,,,Person contact with electricity,0,0,0,0,,
21527,Near Miss,Minor or low potential impact,Not Entered,4/9/2014 22:30,2014,Apr,Wed,22:30,18:00,5/9/2014 9:09,,,Construction & Maintenance,,,No,,,,,,,,,No,,,,Hit by a moving vehicle or plant,0,0,0,0,,
21573,Near Miss,Minor or low potential impact,Not Entered,4/10/2014 15:14,2014,Apr,Thu,15:14,12:00,5/9/2014 14:16,,,Construction & Maintenance,,,No,,,,,,,,,No,,,,N/A,0,0,0,0,,
21524,Near Miss,Minor or low potential impact,Not Entered,4/11/2014 17:15,2014,Apr,Fri,17:15,12:00,5/8/2014 16:27,,,Construction & Maintenance,,,No,,,,,,,,,No,,,,Person contact with electricity,0,0,0,0,,
21443,Near Miss,Minor or low potential impact,Not Entered,4/12/2014 9:00,2014,Apr,Sat,9:00,6:00,4/14/2014 14:39,,,Construction & Maintenance,,,No,,,,,,,,,No,,,,Hit by a moving or falling object,0,0,0,0,,
21529,Near Miss,Minor or low potential impact,Not Entered,4/14/2014 10:13,2014,Apr,Mon,10:13,6:00,5/9/2014 9:19,,,Construction & Maintenance,,,No,,,,,,,,,No,,,,Person contact with electricity,0,0,0,0,,
21520,Near Miss,Minor or low potential impact,Not Entered,4/14/2014 16:00,2014,Apr,Mon,16:00,12:00,5/8/2014 16:04,,,Construction & Maintenance,,,No,,,,,,,,,No,,,,N/A,0,0,0,0,,
21519,Near Miss,Minor or low potential impact,Not Entered,4/14/2014 16:53,2014,Apr,Mon,16:53,12:00,5/8/2014 15:58,,,Construction & Maintenance,,,No,,,,,,,,,No,,,,N/A,0,0,0,0,,
21567,Near Miss,Minor or low potential impact,Not Entered,4/15/2014 13:42,2014,Apr,Tue,13:42,12:00,5/9/2014 12:44,,,Construction & Maintenance,,,No,,,,,,,,,No,,,,N/A,0,0,0,0,,
21528,Near Miss,Minor or low potential impact,Not Entered,4/16/2014 0:15,2014,Apr,Wed,0:15,0:00,5/9/2014 9:12,,,Construction & Maintenance,,,No,,,,,,,,,No,,,,N/A,0,0,0,0,,
21570,Near Miss,Minor or low potential impact,Not Entered,4/16/2014 13:51,2014,Apr,Wed,13:51,12:00,5/9/2014 12:54,,,Construction & Maintenance,,,No,,,,,,,,,No,,,,Fell from a height,0,0,0,0,,
21565,Near Miss,Minor or low potential impact,Not Entered,4/17/2014 13:35,2014,Apr,Thu,13:35,12:00,5/9/2014 12:38,,,Construction & Maintenance,,,No,,,,,,,,,No,,,,N/A,0,0,0,0,,
21579,Near Miss,Minor or low potential impact,Not Entered,4/17/2014 15:30,2014,Apr,Thu,15:30,12:00,5/9/2014 14:32,,,Construction & Maintenance,,,No,,,,,,,,,No,,,,N/A,0,0,0,0,,
21566,Near Miss,Minor or low potential impact,Not Entered,4/18/2014 13:40,2014,Apr,Fri,13:40,12:00,5/9/2014 12:41,,,Construction & Maintenance,,,No,,,,,,,,,No,,,,N/A,0,0,0,0,,
21562,Near Miss,Minor or low potential impact,Not Entered,4/21/2014 13:24,2014,Apr,Mon,13:24,12:00,5/9/2014 12:27,,,Construction & Maintenance,,,No,,,,,,,,,No,,,,Fell from a height,0,0,0,0,,
21546,Near Miss,Minor or low potential impact,Not Entered,4/22/2014 11:41,2014,Apr,Tue,11:41,6:00,5/9/2014 10:43,,,Construction & Maintenance,,,No,,,,,,,,,No,,,,N/A,0,0,0,0,,
21548,Near Miss,Minor or low potential impact,Not Entered,4/22/2014 11:47,2014,Apr,Tue,11:47,6:00,5/9/2014 10:50,,,Construction & Maintenance,,,No,,,,,,,,,No,,,,N/A,0,0,0,0,,
21547,Near Miss,Minor or low potential impact,Not Entered,4/23/2014 11:44,2014,Apr,Wed,11:44,6:00,5/9/2014 10:46,,,Construction & Maintenance,,,No,,,,,,,,,No,,,,N/A,0,0,0,0,,
21554,Near Miss,Minor or low potential impact,Not Entered,4/23/2014 12:47,2014,Apr,Wed,12:47,12:00,5/9/2014 11:49,,,Construction & Maintenance,,,No,,,,,,,,,No,,,,Hit by a moving or falling object,0,0,0,0,,
21556,Near Miss,Minor or low potential impact,Not Entered,4/23/2014 12:50,2014,Apr,Wed,12:50,12:00,5/9/2014 11:53,,,Construction & Maintenance,,,No,,,,,,,,,No,,,,Fell from a height,0,0,0,0,,
21557,Near Miss,Minor or low potential impact,Not Entered,4/23/2014 12:54,2014,Apr,Wed,12:54,12:00,5/9/2014 11:57,,,Construction & Maintenance,,,No,,,,,,,,,No,,,,N/A,0,0,0,0,,
21568,Near Miss,Minor or low potential impact,Not Entered,4/23/2014 13:45,2014,Apr,Wed,13:45,12:00,5/9/2014 12:48,,,Construction & Maintenance,,,No,,,,,,,,,No,,,,"Fell, slipped, or tripped on same level",0,0,0,0,,
21521,Near Miss,Minor or low potential impact,Not Entered,4/23/2014 17:06,2014,Apr,Wed,17:06,12:00,5/8/2014 16:09,,,Construction & Maintenance,,,No,,,,,,,,,No,,,,Fell from a height,0,0,0,0,,
21541,Near Miss,Minor or low potential impact,Not Entered,4/24/2014 9:00,2014,Apr,Thu,9:00,6:00,5/9/2014 10:26,,,Construction & Maintenance,,,No,,,,,,,,,No,,,,N/A,0,0,0,0,,
21535,Near Miss,Minor or low potential impact,Not Entered,4/24/2014 10:44,2014,Apr,Thu,10:44,6:00,5/9/2014 9:49,,,Construction & Maintenance,,,No,,,,,,,,,No,,,,Person contact with electricity,0,0,0,0,,
21549,Near Miss,Minor or low potential impact,Not Entered,4/24/2014 11:50,2014,Apr,Thu,11:50,6:00,5/9/2014 10:53,,,Construction & Maintenance,,,No,,,,,,,,,No,,,,"Fell, slipped, or tripped on same level",0,0,0,0,,
21558,Near Miss,Minor or low potential impact,Not Entered,4/24/2014 13:00,2014,Apr,Thu,13:00,12:00,5/9/2014 12:02,,,Construction & Maintenance,,,No,,,,,,,,,No,,,,N/A,0,0,0,0,,
21572,Near Miss,Minor or low potential impact,Not Entered,4/24/2014 15:10,2014,Apr,Thu,15:10,12:00,5/9/2014 14:14,,,Construction & Maintenance,,,No,,,,,,,,,No,,,,Person contact with electricity,0,0,0,0,,
21515,Near Miss,Minor or low potential impact,Not Entered,4/24/2014 16:25,2014,Apr,Thu,16:25,12:00,5/8/2014 15:35,,,Construction & Maintenance,,,No,,,,,,,,,No,,,,Person contact with electricity,0,0,0,0,,
21522,Near Miss,Minor or low potential impact,Not Entered,4/24/2014 17:10,2014,Apr,Thu,17:10,12:00,5/8/2014 16:12,,,Construction & Maintenance,,,No,,,,,,,,,No,,,,N/A,0,0,0,0,,
21617,Near Miss,Minor or low potential impact,Not Entered,4/24/2014 19:45,2014,Apr,Thu,19:45,18:00,5/21/2014 12:07,,,Construction & Maintenance,,,No,,,,,,,,,No,,,,N/A,0,0,0,0,,
21569,Near Miss,Minor or low potential impact,Not Entered,4/25/2014 13:48,2014,Apr,Fri,13:48,12:00,5/9/2014 12:51,,,Construction & Maintenance,,,No,,,,,,,,,No,,,,N/A,0,0,0,0,,
21577,Near Miss,Minor or low potential impact,Not Entered,4/25/2014 15:25,2014,Apr,Fri,15:25,12:00,5/9/2014 14:27,,,Construction & Maintenance,,,No,,,,,,,,,No,,,,"Fell, slipped, or tripped on same level",0,0,0,0,,
21543,Near Miss,Minor or low potential impact,Not Entered,4/26/2014 11:31,2014,Apr,Sat,11:31,6:00,5/9/2014 10:33,,,Construction & Maintenance,,,No,,,,,,,,,No,,,,N/A,0,0,0,0,,
21563,Near Miss,Minor or low potential impact,Not Entered,4/26/2014 13:27,2014,Apr,Sat,13:27,12:00,5/9/2014 12:29,,,Construction & Maintenance,,,No,,,,,,,,,No,,,,Fell from a height,0,0,0,0,,
21576,Near Miss,Minor or low potential impact,Not Entered,4/26/2014 15:22,2014,Apr,Sat,15:22,12:00,5/9/2014 14:25,,,Construction & Maintenance,,,No,,,,,,,,,No,,,,N/A,0,0,0,0,,
21550,Near Miss,Minor or low potential impact,Not Entered,4/28/2014 11:53,2014,Apr,Mon,11:53,6:00,5/9/2014 10:56,,,Construction & Maintenance,,,No,,,,,,,,,No,,,,Fell from a height,0,0,0,0,,
21551,Near Miss,Minor or low potential impact,Not Entered,4/28/2014 12:00,2014,Apr,Mon,12:00,12:00,5/9/2014 11:03,,,Construction & Maintenance,,,No,,,,,,,,,No,,,,N/A,0,0,0,0,,
21553,Near Miss,Minor or low potential impact,Not Entered,4/28/2014 12:43,2014,Apr,Mon,12:43,12:00,5/9/2014 11:46,,,Construction & Maintenance,,,No,,,,,,,,,No,,,,Fell from a height,0,0,0,0,,
21578,Near Miss,Minor or low potential impact,Not Entered,4/28/2014 15:27,2014,Apr,Mon,15:27,12:00,5/9/2014 14:29,,,Construction & Maintenance,,,No,,,,,,,,,No,,,,N/A,0,0,0,0,,
21583,Near Miss,Minor or low potential impact,Not Entered,4/28/2014 15:40,2014,Apr,Mon,15:40,12:00,5/9/2014 14:43,,,Construction & Maintenance,,,No,,,,,,,,,No,,,,N/A,0,0,0,0,,
21574,Near Miss,Minor or low potential impact,Not Entered,4/29/2014 15:17,2014,Apr,Tue,15:17,12:00,5/9/2014 14:19,,,Construction & Maintenance,,,No,,,,,,,,,No,,,,N/A,0,0,0,0,,
21580,Near Miss,Minor or low potential impact,Not Entered,4/29/2014 15:32,2014,Apr,Tue,15:32,12:00,5/9/2014 14:35,,,Construction & Maintenance,,,No,,,,,,,,,No,,,,Person contact with electricity,0,0,0,0,,
21581,Near Miss,Minor or low potential impact,Not Entered,4/29/2014 15:35,2014,Apr,Tue,15:35,12:00,5/9/2014 14:37,,,Construction & Maintenance,,,No,,,,,,,,,No,,,,N/A,0,0,0,0,,
21582,Near Miss,Minor or low potential impact,Not Entered,4/29/2014 15:37,2014,Apr,Tue,15:37,12:00,5/9/2014 14:40,,,Construction & Maintenance,,,No,,,,,,,,,No,,,,N/A,0,0,0,0,,
21542,Near Miss,Minor or low potential impact,Not Entered,4/30/2014 11:26,2014,Apr,Wed,11:26,6:00,5/9/2014 10:29,,,Construction & Maintenance,,,No,,,,,,,,,No,,,,N/A,0,0,0,0,,