Event ID,Event Type ,Event Subtype,Type of Person,Date/Time of Event,Year,Month,Day of the Week,Time,Time interval (6 hours),Date/Time Reported,Location,Specific Location (include RCC Log no if relevant),Details of actual job being done at the time,Part of Body Affected,Injury Type,Was there a vehicle involved in this event?,Work related,Accident Type,Vehicle Motion,Who was Hit,Weather/Visibility,Surface Condition,Roadbed Grade,Lighting Conditions,Was A Police Report Filed?,Name of Law Enforcement Agency,Preventable,Type,Kind of Event,Expected Lost Workdays (Total),Actual Lost Workdays (Total),Expected Restricted Workdays (Total),Actual Restricted Workdays (Total),Return To Work Date,Sign Off 1
21544,Near Miss,Minor or low potential impact,Not Entered,4/30/2014 11:34,2014,Apr,Wed,11:34,6:00,5/9/2014 10:36,,,Construction & Maintenance,,,No,,,,,,,,,No,,,,N/A,0,0,0,0,,
21545,Near Miss,Minor or low potential impact,Not Entered,4/30/2014 11:37,2014,Apr,Wed,11:37,6:00,5/9/2014 10:41,,,Construction & Maintenance,,,No,,,,,,,,,No,,,,N/A,0,0,0,0,,
21575,Near Miss,Minor or low potential impact,Not Entered,4/30/2014 15:19,2014,Apr,Wed,15:19,12:00,5/9/2014 14:22,,,Construction & Maintenance,,,No,,,,,,,,,No,,,,N/A,0,0,0,0,,
21602,Near Miss,Minor or low potential impact,Not Entered,5/1/2014 10:36,2014,May,Thu,10:36,6:00,5/20/2014 9:39,,,Construction & Maintenance,,,No,,,,,,,,,No,,,,Person contact with electricity,0,0,0,0,,
21712,Near Miss,Minor or low potential impact,Not Entered,5/1/2014 10:45,2014,May,Thu,10:45,6:00,6/6/2014 9:54,,,Construction & Maintenance,,,No,,,,,,,,,No,,,,N/A,0,0,0,0,,
21603,Near Miss,Minor or low potential impact,Not Entered,5/1/2014 10:48,2014,May,Thu,10:48,6:00,5/20/2014 9:51,,,Construction & Maintenance,,,No,,,,,,,,,No,,,,Hit by a moving vehicle or plant,0,0,0,0,,
21604,Near Miss,Minor or low potential impact,Not Entered,5/1/2014 10:51,2014,May,Thu,10:51,6:00,5/20/2014 9:54,,,Construction & Maintenance,,,No,,,,,,,,,No,,,,Hit by a moving vehicle or plant,0,0,0,0,,
21614,Near Miss,Minor or low potential impact,Not Entered,5/1/2014 11:51,2014,May,Thu,11:51,6:00,5/20/2014 11:00,,,Construction & Maintenance,,,No,,,,,,,,,No,,,,Hit by a moving vehicle or plant,0,0,0,0,,
21559,Near Miss,Minor or low potential impact,Not Entered,5/1/2014 13:10,2014,May,Thu,13:10,12:00,5/9/2014 12:12,,,Construction & Maintenance,,,No,,,,,,,,,No,,,,N/A,0,0,0,0,,
21560,Near Miss,Minor or low potential impact,Not Entered,5/1/2014 13:12,2014,May,Thu,13:12,12:00,5/9/2014 12:16,,,Construction & Maintenance,,,No,,,,,,,,,No,,,,N/A,0,0,0,0,,
21619,Near Miss,Minor or low potential impact,Not Entered,5/1/2014 13:18,2014,May,Thu,13:18,12:00,5/21/2014 12:24,,,Construction & Maintenance,,,No,,,,,,,,,No,,,,N/A,0,0,0,0,,
21513,Near Miss,Minor or low potential impact,Not Entered,5/1/2014 15:58,2014,May,Thu,15:58,12:00,5/8/2014 15:07,,,Construction & Maintenance,,,No,,,,,,,,,No,,,,Fell from a height,0,0,0,0,,
21514,Near Miss,Minor or low potential impact,Not Entered,5/1/2014 16:15,2014,May,Thu,16:15,12:00,5/8/2014 15:19,,,Construction & Maintenance,,,No,,,,,,,,,No,,,,Fell from a height,0,0,0,0,,
21516,Near Miss,Minor or low potential impact,Not Entered,5/1/2014 16:35,2014,May,Thu,16:35,12:00,5/8/2014 15:44,,,Construction & Maintenance,,,No,,,,,,,,,No,,,,N/A,0,0,0,0,,
21718,Near Miss,Minor or low potential impact,Not Entered,5/2/2014 11:25,2014,May,Fri,11:25,6:00,6/6/2014 10:28,,,Construction & Maintenance,,,No,,,,,,,,,No,,,,N/A,0,0,0,0,,
21612,Near Miss,Minor or low potential impact,Not Entered,5/2/2014 11:43,2014,May,Fri,11:43,6:00,5/20/2014 10:48,,,Construction & Maintenance,,,No,,,,,,,,,No,,,,N/A,0,0,0,0,,
21613,Near Miss,Minor or low potential impact,Not Entered,5/3/2014 11:49,2014,May,Sat,11:49,6:00,5/20/2014 10:51,,,Construction & Maintenance,,,No,,,,,,,,,No,,,,N/A,0,0,0,0,,
21740,Near Miss,Minor or low potential impact,Not Entered,5/4/2014 13:40,2014,May,Sun,13:40,12:00,6/9/2014 12:47,,,Construction & Maintenance,,,No,,,,,,,,,No,,,,"Structure, trench, or scaffold collapse",0,0,0,0,,
21611,Near Miss,Minor or low potential impact,Not Entered,5/5/2014 11:36,2014,May,Mon,11:36,6:00,5/20/2014 10:43,,,Construction & Maintenance,,,No,,,,,,,,,No,,,,N/A,0,0,0,0,,
21711,Near Miss,Minor or low potential impact,Not Entered,5/6/2014 10:40,2014,May,Tue,10:40,6:00,6/6/2014 9:46,,,Construction & Maintenance,,,No,,,,,,,,,No,,,,Fell from a height,0,0,0,0,,
21605,Near Miss,Minor or low potential impact,Not Entered,5/6/2014 10:55,2014,May,Tue,10:55,6:00,5/20/2014 10:00,,,Construction & Maintenance,,,No,,,,,,,,,No,,,,Hit by a moving vehicle or plant,0,0,0,0,,
21607,Near Miss,Minor or low potential impact,Not Entered,5/6/2014 11:14,2014,May,Tue,11:14,6:00,5/20/2014 10:17,,,Construction & Maintenance,,,No,,,,,,,,,No,,,,N/A,0,0,0,0,,
21717,Near Miss,Minor or low potential impact,Not Entered,5/6/2014 11:20,2014,May,Tue,11:20,6:00,6/6/2014 10:25,,,Construction & Maintenance,,,No,,,,,,,,,No,,,,N/A,0,0,0,0,,
21610,Near Miss,Minor or low potential impact,Not Entered,5/6/2014 11:28,2014,May,Tue,11:28,6:00,5/20/2014 10:32,,,Construction & Maintenance,,,No,,,,,,,,,No,,,,N/A,0,0,0,0,,
21719,Near Miss,Minor or low potential impact,Not Entered,5/6/2014 11:30,2014,May,Tue,11:30,6:00,6/6/2014 10:31,,,Construction & Maintenance,,,No,,,,,,,,,No,,,,Hit by a moving vehicle or plant,0,0,0,0,,
21730,Near Miss,Minor or low potential impact,Not Entered,5/6/2014 13:15,2014,May,Tue,13:15,12:00,6/6/2014 12:22,,,Construction & Maintenance,,,No,,,,,,,,,No,,,,N/A,0,0,0,0,,
21735,Near Miss,Minor or low potential impact,Not Entered,5/6/2014 15:25,2014,May,Tue,15:25,12:00,6/6/2014 14:29,,,Construction & Maintenance,,,No,,,,,,,,,No,,,,Hit by a moving vehicle or plant,0,0,0,0,,
21705,Near Miss,Minor or low potential impact,Not Entered,5/7/2014 9:30,2014,May,Wed,9:30,6:00,6/6/2014 8:41,,,Construction & Maintenance,,,No,,,,,,,,,No,,,,"Fell, slipped, or tripped on same level",0,0,0,0,,
21710,Near Miss,Minor or low potential impact,Not Entered,5/7/2014 10:35,2014,May,Wed,10:35,6:00,6/6/2014 9:39,,,Construction & Maintenance,,,No,,,,,,,,,No,,,,Hit by a moving vehicle or plant,0,0,0,0,,
21713,Near Miss,Minor or low potential impact,Not Entered,5/7/2014 10:55,2014,May,Wed,10:55,6:00,6/6/2014 10:05,,,Construction & Maintenance,,,No,,,,,,,,,No,,,,N/A,0,0,0,0,,
21729,Near Miss,Minor or low potential impact,Not Entered,5/7/2014 13:10,2014,May,Wed,13:10,12:00,6/6/2014 12:17,,,Construction & Maintenance,,,No,,,,,,,,,No,,,,Hit by a moving vehicle or plant,0,0,0,0,,
21731,Near Miss,Minor or low potential impact,Not Entered,5/7/2014 14:50,2014,May,Wed,14:50,12:00,6/6/2014 14:07,,,Construction & Maintenance,,,No,,,,,,,,,No,,,,Hit by a moving or falling object,0,0,0,0,,
21606,Near Miss,Minor or low potential impact,Not Entered,5/8/2014 11:01,2014,May,Thu,11:01,6:00,5/20/2014 10:10,,,Construction & Maintenance,,,No,,,,,,,,,No,,,,Hit by a moving vehicle or plant,0,0,0,0,,
21608,Near Miss,Minor or low potential impact,Not Entered,5/8/2014 11:18,2014,May,Thu,11:18,6:00,5/20/2014 10:24,,,Construction & Maintenance,,,No,,,,,,,,,No,,,,N/A,0,0,0,0,,
21716,Near Miss,Minor or low potential impact,Not Entered,5/8/2014 11:20,2014,May,Thu,11:20,6:00,6/6/2014 10:22,,,Construction & Maintenance,,,No,,,,,,,,,No,,,,Fell from a height,0,0,0,0,,
21609,Near Miss,Minor or low potential impact,Not Entered,5/8/2014 11:25,2014,May,Thu,11:25,6:00,5/20/2014 10:28,,,Construction & Maintenance,,,No,,,,,,,,,No,,,,Hit by a moving vehicle or plant,0,0,0,0,,
21720,Near Miss,Minor or low potential impact,Not Entered,5/8/2014 11:30,2014,May,Thu,11:30,6:00,6/6/2014 10:34,,,Construction & Maintenance,,,No,,,,,,,,,No,,,,N/A,0,0,0,0,,
21679,Near Miss,Minor or low potential impact,Not Entered,5/8/2014 12:48,2014,May,Thu,12:48,12:00,6/5/2014 11:55,,,Construction & Maintenance,,,No,,,,,,,,,No,,,,Hit by a moving vehicle or plant,0,0,0,0,,
21621,Near Miss,Minor or low potential impact,Not Entered,5/8/2014 13:33,2014,May,Thu,13:33,12:00,5/21/2014 12:44,,,Construction & Maintenance,,,No,,,,,,,,,No,,,,"Structure, trench, or scaffold collapse",0,0,0,0,,
21733,Near Miss,Minor or low potential impact,Not Entered,5/8/2014 15:19,2014,May,Thu,15:19,12:00,6/6/2014 14:22,,,Construction & Maintenance,,,No,,,,,,,,,No,,,,N/A,0,0,0,0,,
21734,Near Miss,Minor or low potential impact,Not Entered,5/8/2014 15:22,2014,May,Thu,15:22,12:00,6/6/2014 14:26,,,Construction & Maintenance,,,No,,,,,,,,,No,,,,N/A,0,0,0,0,,
21517,Near Miss,Minor or low potential impact,Not Entered,5/8/2014 16:45,2014,May,Thu,16:45,12:00,5/8/2014 15:48,,,Construction & Maintenance,,,No,,,,,,,,,No,,,,Hit by a moving vehicle or plant,0,0,0,0,,
21673,Near Miss,Minor or low potential impact,Not Entered,5/9/2014 11:12,2014,May,Fri,11:12,6:00,6/5/2014 10:19,,,Construction & Maintenance,,,No,,,,,,,,,No,,,,N/A,0,0,0,0,,
21732,Near Miss,Minor or low potential impact,Not Entered,5/9/2014 11:40,2014,May,Fri,11:40,6:00,6/6/2014 14:16,,,Construction & Maintenance,,,No,,,,,,,,,No,,,,N/A,0,0,0,0,,
21722,Near Miss,Minor or low potential impact,Not Entered,5/10/2014 11:35,2014,May,Sat,11:35,6:00,6/6/2014 10:44,,,Construction & Maintenance,,,No,,,,,,,,,No,,,,N/A,0,0,0,0,,
21708,Near Miss,Minor or low potential impact,Not Entered,5/11/2014 10:20,2014,May,Sun,10:20,6:00,6/6/2014 9:25,,,Construction & Maintenance,,,No,,,,,,,,,No,,,,N/A,0,0,0,0,,
21707,Near Miss,Minor or low potential impact,Not Entered,5/12/2014 10:10,2014,May,Mon,10:10,6:00,6/6/2014 9:15,,,Construction & Maintenance,,,No,,,,,,,,,No,,,,Person contact with electricity,0,0,0,0,,
21672,Near Miss,Minor or low potential impact,Not Entered,5/12/2014 11:07,2014,May,Mon,11:07,6:00,6/5/2014 10:12,,,Construction & Maintenance,,,No,,,,,,,,,No,,,,"Fell, slipped, or tripped on same level",0,0,0,0,,
21681,Near Miss,Minor or low potential impact,Not Entered,5/12/2014 13:06,2014,May,Mon,13:06,12:00,6/5/2014 12:23,,,Construction & Maintenance,,,No,,,,,,,,,No,,,,Fell from a height,0,0,0,0,,
21683,Near Miss,Minor or low potential impact,Not Entered,5/12/2014 13:30,2014,May,Mon,13:30,12:00,6/5/2014 12:35,,,Construction & Maintenance,,,No,,,,,,,,,No,,,,Hit by a moving or falling object,0,0,0,0,,
21693,Near Miss,Minor or low potential impact,Not Entered,5/12/2014 15:42,2014,May,Mon,15:42,12:00,6/5/2014 14:54,,,Construction & Maintenance,,,No,,,,,,,,,No,,,,Fire,0,0,0,0,,
21697,Near Miss,Minor or low potential impact,Not Entered,5/12/2014 16:15,2014,May,Mon,16:15,12:00,6/5/2014 15:26,,,Construction & Maintenance,,,No,,,,,,,,,No,,,,N/A,0,0,0,0,,
21699,Near Miss,Minor or low potential impact,Not Entered,5/12/2014 16:45,2014,May,Mon,16:45,12:00,6/5/2014 15:55,,,Construction & Maintenance,,,No,,,,,,,,,No,,,,Hit by a moving or falling object,0,0,0,0,,
21721,Near Miss,Minor or low potential impact,Not Entered,5/13/2014 15:00,2014,May,Tue,15:00,12:00,6/6/2014 10:37,,,Construction & Maintenance,,,No,,,,,,,,,No,,,,Hit by a moving or falling object,0,0,0,0,,
21691,Near Miss,Minor or low potential impact,Not Entered,5/13/2014 15:30,2014,May,Tue,15:30,12:00,6/5/2014 14:41,,,Construction & Maintenance,,,No,,,,,,,,,No,,,,"Structure, trench, or scaffold collapse",0,0,0,0,,
21700,Near Miss,Minor or low potential impact,Not Entered,5/13/2014 16:55,2014,May,Tue,16:55,12:00,6/5/2014 16:11,,,Construction & Maintenance,,,No,,,,,,,,,No,,,,Hit by a moving vehicle or plant,0,0,0,0,,
21714,Near Miss,Minor or low potential impact,Not Entered,5/14/2014 11:10,2014,May,Wed,11:10,6:00,6/6/2014 10:13,,,Construction & Maintenance,,,No,,,,,,,,,No,,,,N/A,0,0,0,0,,
21620,Near Miss,Minor or low potential impact,Not Entered,5/14/2014 13:25,2014,May,Wed,13:25,12:00,5/21/2014 12:33,,,Construction & Maintenance,,,No,,,,,,,,,No,,,,N/A,0,0,0,0,,
21675,Near Miss,Minor or low potential impact,Not Entered,5/15/2014 8:30,2014,May,Thu,8:30,6:00,6/5/2014 10:36,,,Construction & Maintenance,,,No,,,,,,,,,No,,,,Fell from a height,0,0,0,0,,
21703,Near Miss,Minor or low potential impact,Not Entered,5/15/2014 8:49,2014,May,Thu,8:49,6:00,6/6/2014 7:54,,,Construction & Maintenance,,,No,,,,,,,,,No,,,,N/A,0,0,0,0,,
21704,Near Miss,Minor or low potential impact,Not Entered,5/15/2014 8:54,2014,May,Thu,8:54,6:00,6/6/2014 8:03,,,Construction & Maintenance,,,No,,,,,,,,,No,,,,Drowned or asphyxiated ,0,0,0,0,,
21706,Near Miss,Minor or low potential impact,Not Entered,5/15/2014 9:40,2014,May,Thu,9:40,6:00,6/6/2014 8:45,,,Construction & Maintenance,,,No,,,,,,,,,No,,,,N/A,0,0,0,0,,
21709,Near Miss,Minor or low potential impact,Not Entered,5/15/2014 10:30,2014,May,Thu,10:30,6:00,6/6/2014 9:35,,,Construction & Maintenance,,,No,,,,,,,,,No,,,,N/A,0,0,0,0,,
21684,Near Miss,Minor or low potential impact,Not Entered,5/15/2014 13:35,2014,May,Thu,13:35,12:00,6/5/2014 12:41,,,Construction & Maintenance,,,No,,,,,,,,,No,,,,N/A,0,0,0,0,,
21686,Near Miss,Minor or low potential impact,Not Entered,5/16/2014 13:46,2014,May,Fri,13:46,12:00,6/5/2014 12:54,,,Construction & Maintenance,,,No,,,,,,,,,No,,,,Hit by a moving or falling object,0,0,0,0,,
21618,Near Miss,Minor or low potential impact,Not Entered,5/17/2014 13:09,2014,May,Sat,13:09,12:00,5/21/2014 12:18,,,Construction & Maintenance,,,No,,,,,,,,,No,,,,N/A,0,0,0,0,,
21680,Near Miss,Minor or low potential impact,Not Entered,5/19/2014 13:00,2014,May,Mon,13:00,12:00,6/5/2014 12:06,,,Construction & Maintenance,,,No,,,,,,,,,No,,,,Hit by a moving vehicle or plant,0,0,0,0,,
21685,Near Miss,Minor or low potential impact,Not Entered,5/19/2014 13:40,2014,May,Mon,13:40,12:00,6/5/2014 12:46,,,Construction & Maintenance,,,No,,,,,,,,,No,,,,N/A,0,0,0,0,,
21696,Near Miss,Minor or low potential impact,Not Entered,5/19/2014 16:10,2014,May,Mon,16:10,12:00,6/5/2014 15:16,,,Construction & Maintenance,,,No,,,,,,,,,No,,,,N/A,0,0,0,0,,
21687,Near Miss,Minor or low potential impact,Not Entered,5/20/2014 13:54,2014,May,Tue,13:54,12:00,6/5/2014 12:59,,,Construction & Maintenance,,,No,,,,,,,,,No,,,,Hit by a moving vehicle or plant,0,0,0,0,,
21671,Near Miss,Minor or low potential impact,Not Entered,5/21/2014 11:01,2014,May,Wed,11:01,6:00,6/5/2014 10:07,,,Construction & Maintenance,,,No,,,,,,,,,No,,,,"Fell, slipped, or tripped on same level",0,0,0,0,,
21725,Near Miss,Minor or low potential impact,Not Entered,5/21/2014 12:45,2014,May,Wed,12:45,12:00,6/6/2014 11:50,,,Construction & Maintenance,,,No,,,,,,,,,No,,,,Fell from a height,0,0,0,0,,
21690,Near Miss,Minor or low potential impact,Not Entered,5/21/2014 15:25,2014,May,Wed,15:25,12:00,6/5/2014 14:29,,,Construction & Maintenance,,,No,,,,,,,,,No,,,,N/A,0,0,0,0,,
21694,Near Miss,Minor or low potential impact,Not Entered,5/21/2014 15:54,2014,May,Wed,15:54,12:00,6/5/2014 15:00,,,Construction & Maintenance,,,No,,,,,,,,,No,,,,Hit by a moving vehicle or plant,0,0,0,0,,
21702,Near Miss,Minor or low potential impact,Not Entered,5/22/2014 8:23,2014,May,Thu,8:23,6:00,6/6/2014 7:48,,,Construction & Maintenance,,,No,,,,,,,,,No,,,,N/A,0,0,0,0,,
21750,Near Miss,Minor or low potential impact,Not Entered,5/22/2014 8:30,2014,May,Thu,8:30,6:00,6/10/2014 7:46,,,Construction & Maintenance,,,No,,,,,,,,,No,,,,"Fell, slipped, or tripped on same level",0,0,0,0,,
21724,Near Miss,Minor or low potential impact,Not Entered,5/22/2014 11:55,2014,May,Thu,11:55,6:00,6/6/2014 11:03,,,Construction & Maintenance,,,No,,,,,,,,,No,,,,N/A,0,0,0,0,,
21726,Near Miss,Minor or low potential impact,Not Entered,5/22/2014 12:50,2014,May,Thu,12:50,12:00,6/6/2014 11:54,,,Construction & Maintenance,,,No,,,,,,,,,No,,,,N/A,0,0,0,0,,
21727,Near Miss,Minor or low potential impact,Not Entered,5/22/2014 12:55,2014,May,Thu,12:55,12:00,6/6/2014 12:04,,,Construction & Maintenance,,,No,,,,,,,,,No,,,,Hit by a moving or falling object,0,0,0,0,,
21728,Near Miss,Minor or low potential impact,Not Entered,5/22/2014 13:05,2014,May,Thu,13:05,12:00,6/6/2014 12:12,,,Construction & Maintenance,,,No,,,,,,,,,No,,,,Hit by a moving or falling object,0,0,0,0,,
21682,Near Miss,Minor or low potential impact,Not Entered,5/22/2014 13:24,2014,May,Thu,13:24,12:00,6/5/2014 12:30,,,Construction & Maintenance,,,No,,,,,,,,,No,,,,Hit by a moving or falling object,0,0,0,0,,
21689,Near Miss,Minor or low potential impact,Not Entered,5/22/2014 15:15,2014,May,Thu,15:15,12:00,6/5/2014 14:24,,,Construction & Maintenance,,,No,,,,,,,,,No,,,,Person exposed to harmful substance,0,0,0,0,,
21746,Near Miss,Minor or low potential impact,Not Entered,5/22/2014 15:46,2014,May,Thu,15:46,12:00,6/9/2014 14:49,,,Construction & Maintenance,,,No,,,,,,,,,No,,,,Drowned or asphyxiated ,0,0,0,0,,
21698,Near Miss,Minor or low potential impact,Not Entered,5/22/2014 16:25,2014,May,Thu,16:25,12:00,6/5/2014 15:38,,,Construction & Maintenance,,,No,,,,,,,,,No,,,,"Fell, slipped, or tripped on same level",0,0,0,0,,
21723,Near Miss,Minor or low potential impact,Not Entered,5/23/2014 11:45,2014,May,Fri,11:45,6:00,6/6/2014 10:53,,,Construction & Maintenance,,,No,,,,,,,,,No,,,,Hit by a moving or falling object,0,0,0,0,,
21715,Near Miss,Minor or low potential impact,Not Entered,5/28/2014 11:15,2014,May,Wed,11:15,6:00,6/6/2014 10:17,,,Construction & Maintenance,,,No,,,,,,,,,No,,,,N/A,0,0,0,0,,
21677,Near Miss,Minor or low potential impact,Not Entered,5/28/2014 11:45,2014,May,Wed,11:45,6:00,6/5/2014 11:10,,,Construction & Maintenance,,,No,,,,,,,,,No,,,,Hit by a moving vehicle or plant,0,0,0,0,,
21747,Near Miss,Minor or low potential impact,Not Entered,5/28/2014 15:50,2014,May,Wed,15:50,12:00,6/9/2014 14:55,,,Construction & Maintenance,,,No,,,,,,,,,No,,,,Fell from a height,0,0,0,0,,
21695,Near Miss,Minor or low potential impact,Not Entered,5/28/2014 16:00,2014,May,Wed,16:00,12:00,6/5/2014 15:10,,,Construction & Maintenance,,,No,,,,,,,,,No,,,,Hit by a moving or falling object,0,0,0,0,,
21674,Near Miss,Minor or low potential impact,Not Entered,5/29/2014 11:20,2014,May,Thu,11:20,6:00,6/5/2014 10:24,,,Construction & Maintenance,,,No,,,,,,,,,No,,,,N/A,0,0,0,0,,
21676,Near Miss,Minor or low potential impact,Not Entered,5/29/2014 11:36,2014,May,Thu,11:36,6:00,6/5/2014 10:44,,,Construction & Maintenance,,,No,,,,,,,,,No,,,,N/A,0,0,0,0,,
21678,Near Miss,Minor or low potential impact,Not Entered,5/29/2014 12:43,2014,May,Thu,12:43,12:00,6/5/2014 11:48,,,Construction & Maintenance,,,No,,,,,,,,,No,,,,Hit by a moving vehicle or plant,0,0,0,0,,
21744,Near Miss,Minor or low potential impact,Not Entered,5/29/2014 15:30,2014,May,Thu,15:30,12:00,6/9/2014 14:42,,,Construction & Maintenance,,,No,,,,,,,,,No,,,,Hit by a moving vehicle or plant,0,0,0,0,,
21745,Near Miss,Minor or low potential impact,Not Entered,5/29/2014 15:42,2014,May,Thu,15:42,12:00,6/9/2014 14:46,,,Construction & Maintenance,,,No,,,,,,,,,No,,,,Hit by a moving vehicle or plant,0,0,0,0,,
21801,Near Miss,Minor or low potential impact,Not Entered,5/30/2014 13:30,2014,May,Fri,13:30,12:00,6/23/2014 12:40,,,Construction & Maintenance,,,No,,,,,,,,,No,,,,N/A,0,0,0,0,,
21802,Near Miss,Minor or low potential impact,Not Entered,5/30/2014 13:40,2014,May,Fri,13:40,12:00,6/23/2014 12:48,,,Construction & Maintenance,,,No,,,,,,,,,No,,,,"Fell, slipped, or tripped on same level",0,0,0,0,,
21902,Near Miss,Minor or low potential impact,Not Entered,5/30/2014 15:30,2014,May,Fri,15:30,12:00,7/8/2014 14:41,,,Construction & Maintenance,,,No,,,,,,,,,No,,,,Hit by a moving vehicle or plant,0,0,0,0,,
21748,Near Miss,Minor or low potential impact,Not Entered,5/30/2014 15:55,2014,May,Fri,15:55,12:00,6/9/2014 14:59,,,Construction & Maintenance,,,No,,,,,,,,,No,,,,Hit by a moving or falling object,0,0,0,0,,
21796,Near Miss,Minor or low potential impact,Not Entered,6/2/2014 7:55,2014,Jun,Mon,7:55,6:00,6/23/2014 12:06,,,Construction & Maintenance,,,No,,,,,,,,,No,,,,N/A,0,0,0,0,,
21803,Near Miss,Minor or low potential impact,Not Entered,6/2/2014 15:10,2014,Jun,Mon,15:10,12:00,6/23/2014 14:32,,,Construction & Maintenance,,,No,,,,,,,,,No,,,,N/A,0,0,0,0,,
21790,Near Miss,Minor or low potential impact,Not Entered,6/3/2014 11:25,2014,Jun,Tue,11:25,6:00,6/23/2014 10:31,,,Construction & Maintenance,,,No,,,,,,,,,No,,,,N/A,0,0,0,0,,
21743,Near Miss,Minor or low potential impact,Not Entered,6/3/2014 13:55,2014,Jun,Tue,13:55,12:00,6/9/2014 12:59,,,Construction & Maintenance,,,No,,,,,,,,,No,,,,"Fell, slipped, or tripped on same level",0,0,0,0,,
21903,Near Miss,Minor or low potential impact,Not Entered,6/3/2014 15:40,2014,Jun,Tue,15:40,12:00,7/8/2014 15:00,,,Construction & Maintenance,,,No,,,,,,,,,No,,,,Injured while handling lifting or carrying,0,0,0,0,,
21898,Near Miss,Minor or low potential impact,Not Entered,6/3/2014 15:50,2014,Jun,Tue,15:50,12:00,7/7/2014 15:44,,,Construction & Maintenance,,,No,,,,,,,,,No,,,,Hit by a moving vehicle or plant,0,0,0,0,,
21910,Near Miss,Minor or low potential impact,Not Entered,6/3/2014 16:40,2014,Jun,Tue,16:40,12:00,7/8/2014 15:50,,,Construction & Maintenance,,,No,,,,,,,,,No,,,,Hit by a moving or falling object,0,0,0,0,,
21861,Near Miss,Minor or low potential impact,Not Entered,6/4/2014 10:30,2014,Jun,Wed,10:30,6:00,7/2/2014 9:37,,,Construction & Maintenance,,,No,,,,,,,,,No,,,,Hit by a moving or falling object,0,0,0,0,,
21862,Near Miss,Minor or low potential impact,Not Entered,6/4/2014 10:35,2014,Jun,Wed,10:35,6:00,7/2/2014 9:43,,,Construction & Maintenance,,,No,,,,,,,,,No,,,,Hit by a moving or falling object,0,0,0,0,,
21863,Near Miss,Minor or low potential impact,Not Entered,6/4/2014 10:40,2014,Jun,Wed,10:40,6:00,7/2/2014 9:49,,,Construction & Maintenance,,,No,,,,,,,,,No,,,,Hit by a moving vehicle or plant,0,0,0,0,,
21932,Near Miss,Minor or low potential impact,Not Entered,6/4/2014 12:00,2014,Jun,Wed,12:00,12:00,7/11/2014 12:34,,,Construction & Maintenance,,,No,,,,,,,,,No,,,,Hit by a moving or falling object,0,0,0,0,,
21742,Near Miss,Minor or low potential impact,Not Entered,6/4/2014 13:40,2014,Jun,Wed,13:40,12:00,6/9/2014 12:50,,,Construction & Maintenance,,,No,,,,,,,,,No,,,,"Structure, trench, or scaffold collapse",,,,,,
21841,Near Miss,Minor or low potential impact,Not Entered,6/4/2014 15:20,2014,Jun,Wed,15:20,12:00,7/1/2014 14:52,,,Construction & Maintenance,,,No,,,,,,,,,No,,,,Hit by a moving vehicle or plant,0,0,0,0,,
21904,Near Miss,Minor or low potential impact,Not Entered,6/4/2014 16:00,2014,Jun,Wed,16:00,12:00,7/8/2014 15:11,,,Construction & Maintenance,,,No,,,,,,,,,No,,,,Person exposed to harmful substance,0,0,0,0,,
21905,Near Miss,Minor or low potential impact,Not Entered,6/4/2014 16:10,2014,Jun,Wed,16:10,12:00,7/8/2014 15:15,,,Construction & Maintenance,,,No,,,,,,,,,No,,,,"Fell, slipped, or tripped on same level",0,0,0,0,,
21909,Near Miss,Minor or low potential impact,Not Entered,6/4/2014 16:35,2014,Jun,Wed,16:35,12:00,7/8/2014 15:42,,,Construction & Maintenance,,,No,,,,,,,,,No,,,,Fell from a height,0,0,0,0,,
21913,Near Miss,Minor or low potential impact,Not Entered,6/4/2014 17:20,2014,Jun,Wed,17:20,12:00,7/8/2014 16:24,,,Construction & Maintenance,,,No,,,,,,,,,No,,,,Hit by a moving vehicle or plant,0,0,0,0,,
21848,Near Miss,Minor or low potential impact,Not Entered,6/5/2014 8:40,2014,Jun,Thu,8:40,6:00,7/2/2014 7:52,,,Construction & Maintenance,,,No,,,,,,,,,No,,,,N/A,0,0,0,0,,
21837,Near Miss,Minor or low potential impact,Not Entered,6/5/2014 13:25,2014,Jun,Thu,13:25,12:00,7/1/2014 12:34,,,Construction & Maintenance,,,No,,,,,,,,,No,,,,N/A,0,0,0,0,,
21890,Near Miss,Minor or low potential impact,Not Entered,6/5/2014 15:45,2014,Jun,Thu,15:45,12:00,7/3/2014 14:51,,,Construction & Maintenance,,,No,,,,,,,,,No,,,,"Structure, trench, or scaffold collapse",0,0,0,0,,
21907,Near Miss,Minor or low potential impact,Not Entered,6/5/2014 16:15,2014,Jun,Thu,16:15,12:00,7/8/2014 15:23,,,Construction & Maintenance,,,No,,,,,,,,,No,,,,Person exposed to harmful substance,0,0,0,0,,
21908,Near Miss,Minor or low potential impact,Not Entered,6/5/2014 16:20,2014,Jun,Thu,16:20,12:00,7/8/2014 15:31,,,Construction & Maintenance,,,No,,,,,,,,,No,,,,Fell from a height,0,0,0,0,,
21752,Near Miss,Minor or low potential impact,Not Entered,6/6/2014 8:50,2014,Jun,Fri,8:50,6:00,6/10/2014 7:56,,,Construction & Maintenance,,,No,,,,,,,,,No,,,,Fell from a height,,,,,,
21753,Near Miss,Minor or low potential impact,Not Entered,6/6/2014 9:10,2014,Jun,Fri,9:10,6:00,6/10/2014 8:14,,,Construction & Maintenance,,,No,,,,,,,,,No,,,,"Fell, slipped, or tripped on same level",0,0,0,0,,
21804,Near Miss,Minor or low potential impact,Not Entered,6/6/2014 15:35,2014,Jun,Fri,15:35,12:00,6/23/2014 14:39,,,Construction & Maintenance,,,No,,,,,,,,,No,,,,N/A,0,0,0,0,,