Event ID,Event Type ,Event Subtype,Type of Person,Date/Time of Event,Year,Month,Day of the Week,Time,Time interval (6 hours),Date/Time Reported,Location,Specific Location (include RCC Log no if relevant),Details of actual job being done at the time,Part of Body Affected,Injury Type,Was there a vehicle involved in this event?,Work related,Accident Type,Vehicle Motion,Who was Hit,Weather/Visibility,Surface Condition,Roadbed Grade,Lighting Conditions,Was A Police Report Filed?,Name of Law Enforcement Agency,Preventable,Type,Kind of Event,Expected Lost Workdays (Total),Actual Lost Workdays (Total),Expected Restricted Workdays (Total),Actual Restricted Workdays (Total),Return To Work Date,Sign Off 1
21806,Near Miss,Minor or low potential impact,Not Entered,6/6/2014 15:40,2014,Jun,Fri,15:40,12:00,6/23/2014 14:47,,,Construction & Maintenance,,,No,,,,,,,,,No,,,,"Fell, slipped, or tripped on same level",0,0,0,0,,
21872,Near Miss,Minor or low potential impact,Not Entered,6/6/2014 16:30,2014,Jun,Fri,16:30,12:00,7/2/2014 15:38,,,Construction & Maintenance,,,No,,,,,,,,,No,,,,"Fell, slipped, or tripped on same level",0,0,0,0,,
21791,Near Miss,Minor or low potential impact,Not Entered,6/7/2014 11:30,2014,Jun,Sat,11:30,6:00,6/23/2014 10:35,,,Construction & Maintenance,,,No,,,,,,,,,No,,,,Fell from a height,0,0,0,0,,
21754,Near Miss,Minor or low potential impact,Not Entered,6/8/2014 10:00,2014,Jun,Sun,10:00,6:00,6/10/2014 9:04,,,Construction & Maintenance,,,No,,,,,,,,,No,,,,"Fell, slipped, or tripped on same level",0,0,0,0,,
21755,Near Miss,Minor or low potential impact,Not Entered,6/9/2014 10:05,2014,Jun,Mon,10:05,6:00,6/10/2014 9:07,,,Construction & Maintenance,,,No,,,,,,,,,No,,,,"Fell, slipped, or tripped on same level",0,0,0,0,,
21833,Near Miss,Minor or low potential impact,Not Entered,6/9/2014 11:25,2014,Jun,Mon,11:25,6:00,7/1/2014 10:39,,,Construction & Maintenance,,,No,,,,,,,,,No,,,,Hit by a moving vehicle or plant,0,0,0,0,,
21793,Near Miss,Minor or low potential impact,Not Entered,6/9/2014 11:40,2014,Jun,Mon,11:40,6:00,6/23/2014 10:48,,,Construction & Maintenance,,,No,,,,,,,,,No,,,,N/A,0,0,0,0,,
21805,Near Miss,Minor or low potential impact,Not Entered,6/10/2014 15:40,2014,Jun,Tue,15:40,12:00,6/23/2014 14:42,,,Construction & Maintenance,,,No,,,,,,,,,No,,,,N/A,0,0,0,0,,
21850,Near Miss,Minor or low potential impact,Not Entered,6/11/2014 8:55,2014,Jun,Wed,8:55,6:00,7/2/2014 7:59,,,Construction & Maintenance,,,No,,,,,,,,,No,,,,"Fell, slipped, or tripped on same level",0,0,0,0,,
21835,Near Miss,Minor or low potential impact,Not Entered,6/11/2014 11:55,2014,Jun,Wed,11:55,6:00,7/1/2014 11:03,,,Construction & Maintenance,,,No,,,,,,,,,No,,,,Hit by a moving vehicle or plant,0,0,0,0,,
21800,Near Miss,Minor or low potential impact,Not Entered,6/11/2014 13:15,2014,Jun,Wed,13:15,12:00,6/23/2014 12:30,,,Construction & Maintenance,,,No,,,,,,,,,No,,,,N/A,0,0,0,0,,
21906,Near Miss,Minor or low potential impact,Not Entered,6/11/2014 16:15,2014,Jun,Wed,16:15,12:00,7/8/2014 15:18,,,Construction & Maintenance,,,No,,,,,,,,,No,,,,Person exposed to harmful substance,0,0,0,0,,
21851,Near Miss,Minor or low potential impact,Not Entered,6/12/2014 9:00,2014,Jun,Thu,9:00,6:00,7/2/2014 8:03,,,Construction & Maintenance,,,No,,,,,,,,,No,,,,N/A,0,0,0,0,,
21797,Near Miss,Minor or low potential impact,Not Entered,6/12/2014 13:05,2014,Jun,Thu,13:05,12:00,6/23/2014 12:12,,,Construction & Maintenance,,,No,,,,,,,,,No,,,,Fell from a height,0,0,0,0,,
21839,Near Miss,Minor or low potential impact,Not Entered,6/12/2014 14:30,2014,Jun,Thu,14:30,12:00,7/1/2014 13:45,,,Construction & Maintenance,,,No,,,,,,,,,No,,,,"Fell, slipped, or tripped on same level",0,0,0,0,,
21840,Near Miss,Minor or low potential impact,Not Entered,6/12/2014 14:50,2014,Jun,Thu,14:50,12:00,7/1/2014 14:00,,,Construction & Maintenance,,,No,,,,,,,,,No,,,,Person contact with electricity,0,0,0,0,,
21844,Near Miss,Minor or low potential impact,Not Entered,6/13/2014 8:20,2014,Jun,Fri,8:20,6:00,7/2/2014 7:29,,,Construction & Maintenance,,,No,,,,,,,,,No,,,,Hit by a moving vehicle or plant,0,0,0,0,,
21880,Near Miss,Minor or low potential impact,Not Entered,6/13/2014 13:25,2014,Jun,Fri,13:25,12:00,7/3/2014 12:45,,,Construction & Maintenance,,,No,,,,,,,,,No,,,,Person exposed to harmful substance,0,0,0,0,,
21911,Near Miss,Minor or low potential impact,Not Entered,6/13/2014 16:50,2014,Jun,Fri,16:50,12:00,7/8/2014 16:05,,,Construction & Maintenance,,,No,,,,,,,,,No,,,,"Structure, trench, or scaffold collapse",0,0,0,0,,
21912,Near Miss,Minor or low potential impact,Not Entered,6/13/2014 17:05,2014,Jun,Fri,17:05,12:00,7/8/2014 16:20,,,Construction & Maintenance,,,No,,,,,,,,,No,,,,"Fell, slipped, or tripped on same level",0,0,0,0,,
21787,Near Miss,Minor or low potential impact,Not Entered,6/15/2014 10:40,2014,Jun,Sun,10:40,6:00,6/23/2014 9:47,,,Construction & Maintenance,,,No,,,,,,,,,No,,,,Hit by a moving vehicle or plant,0,0,0,0,,
21845,Near Miss,Minor or low potential impact,Not Entered,6/16/2014 8:30,2014,Jun,Mon,8:30,6:00,7/2/2014 7:33,,,Construction & Maintenance,,,No,,,,,,,,,No,,,,Hit by a moving vehicle or plant,0,0,0,0,,
21794,Near Miss,Minor or low potential impact,Not Entered,6/16/2014 11:45,2014,Jun,Mon,11:45,6:00,6/23/2014 10:54,,,Construction & Maintenance,,,No,,,,,,,,,No,,,,"Structure, trench, or scaffold collapse",0,0,0,0,,
21795,Near Miss,Minor or low potential impact,Not Entered,6/16/2014 11:50,2014,Jun,Mon,11:50,6:00,6/23/2014 11:02,,,Construction & Maintenance,,,No,,,,,,,,,No,,,,Hit by a moving vehicle or plant,0,0,0,0,,
21917,Near Miss,Minor or low potential impact,Not Entered,6/16/2014 14:50,2014,Jun,Mon,14:50,12:00,7/9/2014 14:10,,,Construction & Maintenance,,,No,,,,,,,,,No,,,,Hit by a moving vehicle or plant,0,0,0,0,,
21870,Near Miss,Minor or low potential impact,Not Entered,6/16/2014 16:25,2014,Jun,Mon,16:25,12:00,7/2/2014 15:31,,,Construction & Maintenance,,,No,,,,,,,,,No,,,,Hit by a moving vehicle or plant,0,0,0,0,,
21807,Near Miss,Minor or low potential impact,Not Entered,6/18/2014 15:45,2014,Jun,Wed,15:45,12:00,6/23/2014 14:53,,,Construction & Maintenance,,,No,,,,,,,,,No,,,,Hit by a moving vehicle or plant,0,0,0,0,,
21876,Near Miss,Minor or low potential impact,Not Entered,6/18/2014 17:05,2014,Jun,Wed,17:05,12:00,7/2/2014 16:14,,,Construction & Maintenance,,,No,,,,,,,,,No,,,,"Fell, slipped, or tripped on same level",0,0,0,0,,
21852,Near Miss,Minor or low potential impact,Not Entered,6/19/2014 9:00,2014,Jun,Thu,9:00,6:00,7/2/2014 8:09,,,Construction & Maintenance,,,No,,,,,,,,,No,,,,N/A,0,0,0,0,,
21788,Near Miss,Minor or low potential impact,Not Entered,6/19/2014 10:45,2014,Jun,Thu,10:45,6:00,6/23/2014 9:56,,,Construction & Maintenance,,,No,,,,,,,,,No,,,,N/A,0,0,0,0,,
21789,Near Miss,Minor or low potential impact,Not Entered,6/19/2014 10:55,2014,Jun,Thu,10:55,6:00,6/23/2014 9:58,,,Construction & Maintenance,,,No,,,,,,,,,No,,,,Fell from a height,0,0,0,0,,
21815,Near Miss,Minor or low potential impact,Not Entered,6/19/2014 14:20,2014,Jun,Thu,14:20,12:00,6/27/2014 13:31,,,Construction & Maintenance,,,No,,,,,,,,,No,,,,N/A,0,0,0,0,,
21884,Near Miss,Minor or low potential impact,Not Entered,6/19/2014 14:50,2014,Jun,Thu,14:50,12:00,7/3/2014 13:58,,,Construction & Maintenance,,,No,,,,,,,,,No,,,,"Structure, trench, or scaffold collapse",0,0,0,0,,
21885,Near Miss,Minor or low potential impact,Not Entered,6/19/2014 15:05,2014,Jun,Thu,15:05,12:00,7/3/2014 14:19,,,Construction & Maintenance,,,No,,,,,,,,,No,,,,"Fell, slipped, or tripped on same level",0,0,0,0,,
21886,Near Miss,Minor or low potential impact,Not Entered,6/19/2014 15:20,2014,Jun,Thu,15:20,12:00,7/3/2014 14:24,,,Construction & Maintenance,,,No,,,,,,,,,No,,,,Hit by a moving vehicle or plant,0,0,0,0,,
21919,Near Miss,Minor or low potential impact,Not Entered,6/19/2014 16:20,2014,Jun,Thu,16:20,12:00,7/9/2014 15:42,,,Construction & Maintenance,,,No,,,,,,,,,No,,,,Injured while handling lifting or carrying,0,0,0,0,,
21873,Near Miss,Minor or low potential impact,Not Entered,6/19/2014 16:40,2014,Jun,Thu,16:40,12:00,7/2/2014 15:48,,,Construction & Maintenance,,,No,,,,,,,,,No,,,,N/A,0,0,0,0,,
21867,Near Miss,Minor or low potential impact,Not Entered,6/19/2014 21:30,2014,Jun,Thu,21:30,18:00,7/2/2014 13:44,,,Construction & Maintenance,,,No,,,,,,,,,No,,,,Physical assault,0,0,0,0,,
21854,Near Miss,Minor or low potential impact,Not Entered,6/20/2014 3:42,2014,Jun,Fri,3:42,0:00,7/2/2014 8:20,,,Construction & Maintenance,,,No,,,,,,,,,No,,,,Hit by a moving vehicle or plant,0,0,0,0,,
21834,Near Miss,Minor or low potential impact,Not Entered,6/20/2014 11:40,2014,Jun,Fri,11:40,6:00,7/1/2014 10:55,,,Construction & Maintenance,,,No,,,,,,,,,No,,,,Hit by a moving vehicle or plant,0,0,0,0,,
21875,Near Miss,Minor or low potential impact,Not Entered,6/20/2014 16:45,2014,Jun,Fri,16:45,12:00,7/2/2014 15:57,,,Construction & Maintenance,,,No,,,,,,,,,No,,,,N/A,0,0,0,0,,
21792,Near Miss,Minor or low potential impact,Not Entered,6/21/2014 11:35,2014,Jun,Sat,11:35,6:00,6/23/2014 10:42,,,Construction & Maintenance,,,No,,,,,,,,,No,,,,N/A,0,0,0,0,,
21799,Near Miss,Minor or low potential impact,Not Entered,6/21/2014 13:10,2014,Jun,Sat,13:10,12:00,6/23/2014 12:17,,,Construction & Maintenance,,,No,,,,,,,,,No,,,,Hit by a moving vehicle or plant,0,0,0,0,,
21853,Near Miss,Minor or low potential impact,Not Entered,6/23/2014 9:10,2014,Jun,Mon,9:10,6:00,7/2/2014 8:13,,,Construction & Maintenance,,,No,,,,,,,,,No,,,,N/A,0,0,0,0,,
21838,Near Miss,Minor or low potential impact,Not Entered,6/23/2014 13:35,2014,Jun,Mon,13:35,12:00,7/1/2014 13:34,,,Construction & Maintenance,,,No,,,,,,,,,No,,,,N/A,0,0,0,0,,
21881,Near Miss,Minor or low potential impact,Not Entered,6/23/2014 14:30,2014,Jun,Mon,14:30,12:00,7/3/2014 13:35,,,Construction & Maintenance,,,No,,,,,,,,,No,,,,Hit by a moving vehicle or plant,0,0,0,0,,
21816,Near Miss,Minor or low potential impact,Not Entered,6/23/2014 14:30,2014,Jun,Mon,14:30,12:00,6/27/2014 14:15,,,Construction & Maintenance,,,No,,,,,,,,,No,,,,N/A,0,0,0,0,,
21887,Near Miss,Minor or low potential impact,Not Entered,6/23/2014 15:25,2014,Jun,Mon,15:25,12:00,7/3/2014 14:28,,,Construction & Maintenance,,,No,,,,,,,,,No,,,,"Fell, slipped, or tripped on same level",0,0,0,0,,
21922,Near Miss,Minor or low potential impact,Not Entered,6/23/2014 16:45,2014,Jun,Mon,16:45,12:00,7/9/2014 15:51,,,Construction & Maintenance,,,No,,,,,,,,,No,,,,"Fell, slipped, or tripped on same level",0,0,0,0,,
21855,Near Miss,Minor or low potential impact,Not Entered,6/24/2014 9:20,2014,Jun,Tue,9:20,6:00,7/2/2014 8:26,,,Construction & Maintenance,,,No,,,,,,,,,No,,,,Hit by a moving vehicle or plant,0,0,0,0,,
21858,Near Miss,Minor or low potential impact,Not Entered,6/24/2014 10:05,2014,Jun,Tue,10:05,6:00,7/2/2014 9:15,,,Construction & Maintenance,,,No,,,,,,,,,No,,,,Hit by a moving or falling object,0,0,0,0,,
21860,Near Miss,Minor or low potential impact,Not Entered,6/24/2014 10:20,2014,Jun,Tue,10:20,6:00,7/2/2014 9:30,,,Construction & Maintenance,,,No,,,,,,,,,No,,,,"Fell, slipped, or tripped on same level",0,0,0,0,,
21814,Near Miss,Minor or low potential impact,Not Entered,6/24/2014 14:00,2014,Jun,Tue,14:00,12:00,6/27/2014 13:22,,,Construction & Maintenance,,,No,,,,,,,,,No,,,,N/A,0,0,0,0,,
21889,Near Miss,Minor or low potential impact,Not Entered,6/24/2014 15:30,2014,Jun,Tue,15:30,12:00,7/3/2014 14:45,,,Construction & Maintenance,,,No,,,,,,,,,No,,,,Hit by a moving vehicle or plant,0,0,0,0,,
21846,Near Miss,Minor or low potential impact,Not Entered,6/25/2014 8:30,2014,Jun,Wed,8:30,6:00,7/2/2014 7:40,,,Construction & Maintenance,,,No,,,,,,,,,No,,,,Hit by a moving vehicle or plant,0,0,0,0,,
21849,Near Miss,Minor or low potential impact,Not Entered,6/25/2014 8:50,2014,Jun,Wed,8:50,6:00,7/2/2014 7:55,,,Construction & Maintenance,,,No,,,,,,,,,No,,,,"Fell, slipped, or tripped on same level",0,0,0,0,,
21856,Near Miss,Minor or low potential impact,Not Entered,6/25/2014 9:55,2014,Jun,Wed,9:55,6:00,7/2/2014 9:05,,,Construction & Maintenance,,,No,,,,,,,,,No,,,,N/A,0,0,0,0,,
21857,Near Miss,Minor or low potential impact,Not Entered,6/25/2014 10:05,2014,Jun,Wed,10:05,6:00,7/2/2014 9:08,,,Construction & Maintenance,,,No,,,,,,,,,No,,,,N/A,0,0,0,0,,
21859,Near Miss,Minor or low potential impact,Not Entered,6/25/2014 10:15,2014,Jun,Wed,10:15,6:00,7/2/2014 9:19,,,Construction & Maintenance,,,No,,,,,,,,,No,,,,N/A,0,0,0,0,,
21836,Near Miss,Minor or low potential impact,Not Entered,6/25/2014 13:05,2014,Jun,Wed,13:05,12:00,7/1/2014 12:27,,,Construction & Maintenance,,,No,,,,,,,,,No,,,,"Fell, slipped, or tripped on same level",0,0,0,0,,
21944,Near Miss,Minor or low potential impact,Not Entered,6/25/2014 15:40,2014,Jun,Wed,15:40,12:00,7/11/2014 14:43,,,Construction & Maintenance,,,No,,,,,,,,,No,,,,"Fell, slipped, or tripped on same level",0,0,0,0,,
21882,Near Miss,Minor or low potential impact,Not Entered,6/26/2014 14:35,2014,Jun,Thu,14:35,12:00,7/3/2014 13:46,,,Construction & Maintenance,,,No,,,,,,,,,No,,,,Person exposed to harmful substance,0,0,0,0,,
21883,Near Miss,Minor or low potential impact,Not Entered,6/26/2014 14:45,2014,Jun,Thu,14:45,12:00,7/3/2014 13:53,,,Construction & Maintenance,,,No,,,,,,,,,No,,,,Person exposed to harmful substance,0,0,0,0,,
21847,Near Miss,Minor or low potential impact,Not Entered,6/27/2014 8:40,2014,Jun,Fri,8:40,6:00,7/2/2014 7:44,,,Construction & Maintenance,,,No,,,,,,,,,No,,,,N/A,0,0,0,0,,
21879,Near Miss,Minor or low potential impact,Not Entered,6/28/2014 11:05,2014,Jun,Sat,11:05,6:00,7/3/2014 10:12,,,Construction & Maintenance,,,No,,,,,,,,,No,,,,N/A,0,0,0,0,,
21842,Near Miss,Minor or low potential impact,Not Entered,6/28/2014 16:50,2014,Jun,Sat,16:50,12:00,7/1/2014 16:03,,,Construction & Maintenance,,,No,,,,,,,,,No,,,,N/A,0,0,0,0,,
21843,Near Miss,Minor or low potential impact,Not Entered,6/29/2014 17:04,2014,Jun,Sun,17:04,12:00,7/1/2014 16:21,,,Construction & Maintenance,,,No,,,,,,,,,No,,,,Fell from a height,0,0,0,0,,
21915,Near Miss,Minor or low potential impact,Not Entered,6/30/2014 13:55,2014,Jun,Mon,13:55,12:00,7/9/2014 13:06,,,Construction & Maintenance,,,No,,,,,,,,,No,,,,"Fell, slipped, or tripped on same level",0,0,0,0,,
21920,Near Miss,Minor or low potential impact,Not Entered,6/30/2014 16:40,2014,Jun,Mon,16:40,12:00,7/9/2014 15:48,,,Construction & Maintenance,,,No,,,,,,,,,No,,,,"Fell, slipped, or tripped on same level",0,0,0,0,,
21930,Near Miss,Minor or low potential impact,Not Entered,7/1/2014 11:00,2014,Jul,Tue,11:00,6:00,7/11/2014 10:53,,,Construction & Maintenance,,,No,,,,,,,,,No,,,,Hit by a moving vehicle or plant,0,0,0,0,,
21914,Near Miss,Minor or low potential impact,Not Entered,7/1/2014 13:30,2014,Jul,Tue,13:30,12:00,7/9/2014 12:38,,,Construction & Maintenance,,,No,,,,,,,,,No,,,,Fell from a height,0,0,0,0,,
21916,Near Miss,Minor or low potential impact,Not Entered,7/1/2014 14:10,2014,Jul,Tue,14:10,12:00,7/9/2014 13:53,,,Construction & Maintenance,,,No,,,,,,,,,No,,,,Hit by a moving vehicle or plant,0,0,0,0,,
21934,Near Miss,Minor or low potential impact,Not Entered,7/1/2014 14:50,2014,Jul,Tue,14:50,12:00,7/11/2014 13:58,,,Construction & Maintenance,,,No,,,,,,,,,No,,,,Hit by a moving vehicle or plant,0,0,0,0,,
21940,Near Miss,Minor or low potential impact,Not Entered,7/1/2014 15:25,2014,Jul,Tue,15:25,12:00,7/11/2014 14:30,,,Construction & Maintenance,,,No,,,,,,,,,No,,,,Hit by a moving vehicle or plant,0,0,0,0,,
21933,Near Miss,Minor or low potential impact,Not Entered,7/2/2014 14:45,2014,Jul,Wed,14:45,12:00,7/11/2014 13:52,,,Construction & Maintenance,,,No,,,,,,,,,No,,,,Fell from a height,0,0,0,0,,
21937,Near Miss,Minor or low potential impact,Not Entered,7/2/2014 15:10,2014,Jul,Wed,15:10,12:00,7/11/2014 14:18,,,Construction & Maintenance,,,No,,,,,,,,,No,,,,"Fell, slipped, or tripped on same level",0,0,0,0,,
21942,Near Miss,Minor or low potential impact,Not Entered,7/2/2014 15:30,2014,Jul,Wed,15:30,12:00,7/11/2014 14:37,,,Construction & Maintenance,,,No,,,,,,,,,No,,,,Collision with fixed or stationary object or material,0,0,0,0,,
21943,Near Miss,Minor or low potential impact,Not Entered,7/2/2014 15:35,2014,Jul,Wed,15:35,12:00,7/11/2014 14:40,,,Construction & Maintenance,,,No,,,,,,,,,No,,,,"Fell, slipped, or tripped on same level",0,0,0,0,,
21929,Near Miss,Minor or low potential impact,Not Entered,7/3/2014 11:40,2014,Jul,Thu,11:40,6:00,7/11/2014 10:47,,,Construction & Maintenance,,,No,,,,,,,,,No,,,,Hit by a moving vehicle or plant,0,0,0,0,,
21931,Near Miss,Minor or low potential impact,Not Entered,7/3/2014 13:00,2014,Jul,Thu,13:00,12:00,7/11/2014 12:06,,,Construction & Maintenance,,,No,,,,,,,,,No,,,,Hit by a moving vehicle or plant,0,0,0,0,,
21936,Near Miss,Minor or low potential impact,Not Entered,7/3/2014 15:00,2014,Jul,Thu,15:00,12:00,7/11/2014 14:13,,,Construction & Maintenance,,,No,,,,,,,,,No,,,,"Structure, trench, or scaffold collapse",0,0,0,0,,
21939,Near Miss,Minor or low potential impact,Not Entered,7/3/2014 15:20,2014,Jul,Thu,15:20,12:00,7/11/2014 14:25,,,Construction & Maintenance,,,No,,,,,,,,,No,,,,Hit by a moving vehicle or plant,0,0,0,0,,
21941,Near Miss,Minor or low potential impact,Not Entered,7/3/2014 15:30,2014,Jul,Thu,15:30,12:00,7/11/2014 14:33,,,Construction & Maintenance,,,No,,,,,,,,,No,,,,Hit by a moving or falling object,0,0,0,0,,
21946,Near Miss,Minor or low potential impact,Not Entered,7/4/2014 11:13,2014,Jul,Fri,11:13,6:00,7/11/2014 14:50,,,Construction & Maintenance,,,No,,,,,,,,,No,,,,Hit by a moving vehicle or plant,0,0,0,0,,
21945,Near Miss,Minor or low potential impact,Not Entered,7/4/2014 15:40,2014,Jul,Fri,15:40,12:00,7/11/2014 14:48,,,Construction & Maintenance,,,No,,,,,,,,,No,,,,Hit by a moving vehicle or plant,0,0,0,0,,
21918,Near Miss,Minor or low potential impact,Not Entered,7/4/2014 16:00,2014,Jul,Fri,16:00,12:00,7/9/2014 15:18,,,Construction & Maintenance,,,No,,,,,,,,,No,,,,Person exposed to harmful substance,0,0,0,0,,
21938,Near Miss,Minor or low potential impact,Not Entered,7/7/2014 12:30,2014,Jul,Mon,12:30,12:00,7/11/2014 14:22,,,Construction & Maintenance,,,No,,,,,,,,,No,,,,Hit by a moving vehicle or plant,0,0,0,0,,
21935,Near Miss,Minor or low potential impact,Not Entered,7/8/2014 7:00,2014,Jul,Tue,7:00,6:00,7/11/2014 14:07,,,Construction & Maintenance,,,No,,,,,,,,,No,,,,Person exposed to harmful substance,0,0,0,0,,
21928,Near Miss,Minor or low potential impact,Not Entered,7/8/2014 14:30,2014,Jul,Tue,14:30,12:00,7/11/2014 10:41,,,Construction & Maintenance,,,No,,,,,,,,,No,,,,Hit by a moving vehicle or plant,0,0,0,0,,
22372,Near Miss,Minor or low potential impact,Not Entered,9/29/2014 15:00,2014,Sep,Mon,15:00,12:00,11/18/2014 16:25,,,Construction & Maintenance,,,Yes,,,,,,,,,No,,,Motor Bike,Incursion unintentional - confused or follow in,0,0,0,0,,
22267,Near Miss,Minor or low potential impact,Not Entered,10/17/2014 2:30,2014,Oct,Fri,2:30,0:00,10/17/2014 9:08,,,Construction & Maintenance,,,Yes,,,,,,,,,Yes,,,Motor Bike,Incursion unintentional as result of accident,0,0,0,0,,
22371,Near Miss,Minor or low potential impact,Not Entered,11/11/2014 23:00,2014,Nov,Tue,23:00,18:00,11/18/2014 16:07,,,Construction & Maintenance,,,Yes,,,,,,,,,No,,,Motor Bike,Incursion to seek information or benefit,0,0,0,0,,
22370,Near Miss,Minor or low potential impact,Not Entered,11/12/2014 10:00,2014,Nov,Wed,10:00,6:00,11/18/2014 13:37,,,Construction & Maintenance,,,Yes,,,,,,,,,No,,,Motor Bike,Incursion to seek information or benefit,0,0,0,0,,
22474,Near Miss,Minor or low potential impact,Not Entered,12/11/2014 12:35,2014,Dec,Thu,12:35,12:00,12/11/2014 16:24,,,Construction & Maintenance,,,Yes,,,,,,,,,No,,,Motor Bike,Incursion to seek information or benefit,0,0,0,0,,
22491,Infrastructure asset,"Property, vehicle, plant damage",Not Entered,12/13/2014 7:30,2014,Dec,Sat,7:30,6:00,12/15/2014 13:43,,,Construction & Maintenance,,,No,,,,,,,,,Yes,nottingham,,,Hit by a moving vehicle or plant,0,0,0,0,,
22492,Infrastructure asset,"Property, vehicle, plant damage",Not Entered,12/13/2014 9:55,2014,Dec,Sat,9:55,6:00,12/15/2014 17:03,,,Construction & Maintenance,,,No,,,,,,,,,Yes,,,,Hit by a moving vehicle or plant,0,0,0,0,,
22755,Near Miss,Minor or low potential impact,Not Entered,1/19/2015 1:30,2015,Jan,Mon,1:30,0:00,2/18/2015 9:53,,,Construction & Maintenance,,,Yes,,,,,,,,,No,,,Motor Bike,Incursion to seek information or benefit,0,0,0,0,,
22632,Near Miss,Minor or low potential impact,Not Entered,1/19/2015 20:00,2015,Jan,Mon,20:00,18:00,1/28/2015 13:46,,,Construction & Maintenance,,,Yes,,,,,,,,,No,,,Motor Bike,Incursion to seek information or benefit,0,0,0,0,,
22758,Near Miss,Minor or low potential impact,Not Entered,1/25/2015 0:00,2015,Jan,Sun,0:00,0:00,2/18/2015 10:02,,,Construction & Maintenance,,,Yes,,,,,,,,,No,,,Motor Bike,Incursion to seek information or benefit,0,0,0,0,,
22759,Near Miss,Minor or low potential impact,Not Entered,1/26/2015 0:00,2015,Jan,Mon,0:00,0:00,2/18/2015 10:11,,,Construction & Maintenance,,,Yes,,,,,,,,,No,,,Motor Bike,Incursion to seek information or benefit,0,0,0,0,,
22760,Near Miss,Minor or low potential impact,Not Entered,1/26/2015 11:25,2015,Jan,Mon,11:25,6:00,2/18/2015 10:34,,,Construction & Maintenance,,,Yes,,,,,,,,,No,,,Motor Bike,Incursion to seek information or benefit,0,0,0,0,,
22761,Near Miss,Minor or low potential impact,Not Entered,1/28/2015 7:30,2015,Jan,Wed,7:30,6:00,2/18/2015 10:40,,,Construction & Maintenance,,,Yes,,,,,,,,,No,,,Motor Bike,Incursion due to breakdown,0,0,0,0,,
22762,Near Miss,Minor or low potential impact,Not Entered,1/28/2015 11:00,2015,Jan,Wed,11:00,6:00,2/18/2015 10:49,,,Construction & Maintenance,,,Yes,,,,,,,,,No,,,Motor Bike,Incursion to seek information or benefit,0,0,0,0,,
22765,Near Miss,Minor or low potential impact,Not Entered,2/13/2015 5:19,2015,Feb,Fri,5:19,0:00,2/18/2015 11:32,,,Construction & Maintenance,,,Yes,,,,,,,,,No,,,Motor Bike,Incursion to seek information or benefit,0,0,0,0,,
22764,Near Miss,Minor or low potential impact,Not Entered,2/13/2015 5:20,2015,Feb,Fri,5:20,0:00,2/18/2015 11:14,,,Construction & Maintenance,,,Yes,,,,,,,,,No,,,Motor Bike,Incursion to seek information or benefit,0,0,0,0,,
22763,Near Miss,Minor or low potential impact,Not Entered,2/13/2015 17:05,2015,Feb,Fri,17:05,12:00,2/18/2015 10:58,,,Construction & Maintenance,,,Yes,,,,,,,,,No,,,Motor Bike,Hit by a moving vehicle or plant,0,0,0,0,,
22766,Near Miss,Minor or low potential impact,Not Entered,2/13/2015 17:10,2015,Feb,Fri,17:10,12:00,2/18/2015 11:41,,,Construction & Maintenance,,,No,,,,,,,,,No,,,,Incursion to seek information or benefit,0,0,0,0,,
22767,Near Miss,Minor or low potential impact,Not Entered,2/14/2015 23:50,2015,Feb,Sat,23:50,18:00,2/18/2015 11:47,,,Construction & Maintenance,,,Yes,,,,,,,,,No,,,Motor Bike,Incursion to seek information or benefit,0,0,0,0,,
22768,Near Miss,Minor or low potential impact,Not Entered,2/15/2015 22:30,2015,Feb,Sun,22:30,18:00,2/18/2015 11:52,,,Construction & Maintenance,,,Yes,,,,,,,,,No,,,Motor Bike,Incursion due to breakdown,0,0,0,0,,
22802,Near Miss,Minor or low potential impact,Not Entered,2/20/2015 3:30,2015,Feb,Fri,3:30,0:00,2/23/2015 16:13,,,Construction & Maintenance,,,Yes,,,,,,,,,No,,,Motor Bike,Incursion to seek information or benefit,0,0,0,0,,
22808,Near Miss,Minor or low potential impact,Not Entered,2/24/2015 21:30,2015,Feb,Tue,21:30,18:00,2/25/2015 16:45,,,Construction & Maintenance,,,Yes,,,,,,,,,No,,,Motor Bike,Incursion to seek information or benefit,0,0,0,0,,
22915,Near Miss,Minor or low potential impact,Not Entered,3/19/2015 2:55,2015,Mar,Thu,2:55,0:00,3/19/2015 16:40,,,Construction & Maintenance,,,Yes,,,,,,,,,No,,,Motor Bike,Hit by a moving vehicle or plant,0,0,0,0,,
22917,Near Miss,Minor or low potential impact,Not Entered,3/19/2015 20:45,2015,Mar,Thu,20:45,18:00,3/20/2015 9:10,,,Construction & Maintenance,,,No,,,,,,,,,No,,,,Hit by a moving vehicle or plant,0,0,0,0,,
18635,Near Miss,Minor or low potential impact,Not Entered,1/29/2013 13:28,2013,Jan,Tue,13:28,12:00,2/8/2013 15:43,,,Construction & Maintenance,,,No,,,,,,,,,No,,,,N/A,0,0,0,0,,
18631,Near Miss,Minor or low potential impact,Not Entered,1/30/2013 9:45,2013,Jan,Wed,9:45,6:00,2/8/2013 14:40,,,Construction & Maintenance,,,No,,,,,,,,,No,,,,Person contact with electricity,0,0,0,0,,
18634,Near Miss,Minor or low potential impact,Not Entered,1/30/2013 16:36,2013,Jan,Wed,16:36,12:00,2/8/2013 15:08,,,Construction & Maintenance,,,No,,,,,,,,,No,,,,Hit by a moving vehicle or plant,0,0,0,0,,