Event ID,Event Type ,Event Subtype,Type of Person,Date/Time of Event,Year,Month,Day of the Week,Time,Time interval (6 hours),Date/Time Reported,Location,Specific Location (include RCC Log no if relevant),Details of actual job being done at the time,Part of Body Affected,Injury Type,Was there a vehicle involved in this event?,Work related,Accident Type,Vehicle Motion,Who was Hit,Weather/Visibility,Surface Condition,Roadbed Grade,Lighting Conditions,Was A Police Report Filed?,Name of Law Enforcement Agency,Preventable,Type,Kind of Event,Expected Lost Workdays (Total),Actual Lost Workdays (Total),Expected Restricted Workdays (Total),Actual Restricted Workdays (Total),Return To Work Date,Sign Off 1
18739,Near Miss,Minor or low potential impact,Not Entered,2/12/2013 15:30,2013,Feb,Tue,15:30,12:00,3/6/2013 22:26,,,Construction & Maintenance,,,Yes,,,,,,,,,No,,,Motor Bike,N/A,0,0,0,0,,
18740,Near Miss,Minor or low potential impact,Not Entered,2/18/2013 13:21,2013,Feb,Mon,13:21,12:00,3/6/2013 22:48,,,Construction & Maintenance,,,Yes,,,,,,,,,No,,,Truck,"Structure, trench, or scaffold collapse",0,0,0,0,,
18741,Near Miss,Minor or low potential impact,Not Entered,2/19/2013 13:00,2013,Feb,Tue,13:00,12:00,3/6/2013 22:56,,,Construction & Maintenance,,,No,,,,,,,,,No,,,,"Fell, slipped, or tripped on same level",0,0,0,0,,
18743,Near Miss,Minor or low potential impact,Not Entered,2/19/2013 15:30,2013,Feb,Tue,15:30,12:00,3/6/2013 23:18,,,Construction & Maintenance,,,No,,,,,,,,,No,,,,Hit by a moving vehicle or plant,0,0,0,0,,
18744,Near Miss,Minor or low potential impact,Not Entered,2/20/2013 8:30,2013,Feb,Wed,8:30,6:00,3/6/2013 23:28,,,Construction & Maintenance,,,No,,,,,,,,,No,,,,"Fell, slipped, or tripped on same level",0,0,0,0,,
18746,Near Miss,Minor or low potential impact,Not Entered,2/20/2013 9:30,2013,Feb,Wed,9:30,6:00,3/6/2013 23:42,,,Construction & Maintenance,,,No,,,,,,,,,No,,,,Fell from a height,0,0,0,0,,
18751,Infrastructure asset,Service Strike,Not Entered,2/20/2013 14:10,2013,Feb,Wed,14:10,12:00,3/7/2013 0:20,,,Construction & Maintenance,,,No,,,,,,,,,No,,,,Person contact with electricity,0,0,0,0,,
18745,Near Miss,Minor or low potential impact,Not Entered,2/22/2013 9:10,2013,Feb,Fri,9:10,6:00,3/6/2013 23:35,,,Construction & Maintenance,,,Yes,,,,,,,,,No,,,Truck,Hit by a moving vehicle or plant,0,0,0,0,,
18747,Near Miss,Minor or low potential impact,Not Entered,2/22/2013 10:00,2013,Feb,Fri,10:00,6:00,3/6/2013 23:47,,,Construction & Maintenance,,,No,,,,,,,,,No,,,,Person exposed to harmful substance,0,0,0,0,,
18748,Near Miss,Minor or low potential impact,Not Entered,2/22/2013 12:30,2013,Feb,Fri,12:30,12:00,3/6/2013 23:52,,,Construction & Maintenance,,,No,,,,,,,,,No,,,,"Fell, slipped, or tripped on same level",0,0,0,0,,
18749,Near Miss,Minor or low potential impact,Not Entered,2/22/2013 14:58,2013,Feb,Fri,14:58,12:00,3/7/2013 0:02,,,Construction & Maintenance,,,Yes,,,,,,,,,No,,,Truck,Hit by a moving vehicle or plant,0,0,0,0,,
18742,Near Miss,Minor or low potential impact,Not Entered,2/22/2013 15:00,2013,Feb,Fri,15:00,12:00,3/6/2013 23:06,,,Construction & Maintenance,,,No,,,,,,,,,No,,,,Hit by a moving vehicle or plant,0,0,0,0,,
18750,Near Miss,Minor or low potential impact,Not Entered,2/26/2013 15:30,2013,Feb,Tue,15:30,12:00,3/7/2013 0:08,,,Construction & Maintenance,,,No,,,,,,,,,No,,,,Hit by a moving vehicle or plant,0,0,0,0,,
18829,Near Miss,Minor or low potential impact,Not Entered,3/4/2013 7:20,2013,Mar,Mon,7:20,6:00,3/28/2013 17:48,,,Construction & Maintenance,,,No,,,,,,,,,No,,,,N/A,0,0,0,0,,
18828,Near Miss,Minor or low potential impact,Not Entered,3/6/2013 15:00,2013,Mar,Wed,15:00,12:00,3/28/2013 17:43,,,Construction & Maintenance,,,No,,,,,,,,,No,,,,N/A,0,0,0,0,,
18824,Near Miss,Minor or low potential impact,Not Entered,3/7/2013 8:00,2013,Mar,Thu,8:00,6:00,3/28/2013 17:05,,,Construction & Maintenance,,,No,,,,,,,,,No,,,,Collision with fixed or stationary object or material,0,0,0,0,,
18827,Near Miss,Minor or low potential impact,Not Entered,3/7/2013 10:30,2013,Mar,Thu,10:30,6:00,3/28/2013 17:31,,,Construction & Maintenance,,,No,,,,,,,,,No,,,,N/A,0,0,0,0,,
18876,Near Miss,Minor or low potential impact,Not Entered,3/8/2013 7:30,2013,Mar,Fri,7:30,6:00,4/15/2013 13:09,,,Construction & Maintenance,,,No,,,,,,,,,No,,,,Person contact with electricity,0,0,0,0,,
18856,Near Miss,Minor or low potential impact,Not Entered,3/8/2013 7:30,2013,Mar,Fri,7:30,6:00,4/8/2013 9:32,,,Construction & Maintenance,,,No,,,,,,,,,No,,,,Person contact with electricity,0,0,0,0,,
18825,Near Miss,Minor or low potential impact,Not Entered,3/8/2013 12:18,2013,Mar,Fri,12:18,12:00,3/28/2013 17:10,,,Construction & Maintenance,,,No,,,,,,,,,No,,,,Person contact with electricity,0,0,0,0,,
18807,Near Miss,Minor or low potential impact,Not Entered,3/8/2013 12:29,2013,Mar,Fri,12:29,12:00,3/28/2013 14:22,,,Construction & Maintenance,,,No,,,,,,,,,No,,,,Person exposed to harmful substance,0,0,0,0,,
18826,Near Miss,Minor or low potential impact,Not Entered,3/11/2013 15:00,2013,Mar,Mon,15:00,12:00,3/28/2013 17:24,,,Construction & Maintenance,,,No,,,,,,,,,No,,,,N/A,0,0,0,0,,
18823,Near Miss,Minor or low potential impact,Not Entered,3/14/2013 11:00,2013,Mar,Thu,11:00,6:00,3/28/2013 16:58,,,Construction & Maintenance,,,No,,,,,,,,,No,,,,Hit by a moving or falling object,0,0,0,0,,
18808,Near Miss,Minor or low potential impact,Not Entered,3/15/2013 9:00,2013,Mar,Fri,9:00,6:00,3/28/2013 14:33,,,Construction & Maintenance,,,No,,,,,,,,,No,,,,Collision with fixed or stationary object or material,0,0,0,0,,
18821,Near Miss,Minor or low potential impact,Not Entered,3/18/2013 9:01,2013,Mar,Mon,9:01,6:00,3/28/2013 16:42,,,Construction & Maintenance,,,No,,,,,,,,,No,,,,"Fell, slipped, or tripped on same level",0,0,0,0,,
18815,Near Miss,Minor or low potential impact,Not Entered,3/18/2013 17:30,2013,Mar,Mon,17:30,12:00,3/28/2013 15:39,,,Construction & Maintenance,,,No,,,,,,,,,No,,,,"Fell, slipped, or tripped on same level",0,0,0,0,,
18816,Near Miss,Minor or low potential impact,Not Entered,3/18/2013 17:40,2013,Mar,Mon,17:40,12:00,3/28/2013 15:47,,,Construction & Maintenance,,,No,,,,,,,,,No,,,,N/A,0,0,0,0,,
18817,Near Miss,Minor or low potential impact,Not Entered,3/19/2013 9:30,2013,Mar,Tue,9:30,6:00,3/28/2013 16:04,,,Construction & Maintenance,,,No,,,,,,,,,No,,,,Person contact with electricity,0,0,0,0,,
18814,Near Miss,Minor or low potential impact,Not Entered,3/19/2013 10:00,2013,Mar,Tue,10:00,6:00,3/28/2013 15:26,,,Construction & Maintenance,,,No,,,,,,,,,No,,,,N/A,0,0,0,0,,
18819,Near Miss,Minor or low potential impact,Not Entered,3/19/2013 11:00,2013,Mar,Tue,11:00,6:00,3/28/2013 16:30,,,Construction & Maintenance,,,Yes,,,,,,,,,No,,,Truck,Hit by a moving or falling object,0,0,0,0,,
18820,Near Miss,Minor or low potential impact,Not Entered,3/19/2013 13:15,2013,Mar,Tue,13:15,12:00,3/28/2013 16:35,,,Construction & Maintenance,,,No,,,,,,,,,No,,,,N/A,0,0,0,0,,
18809,Near Miss,Minor or low potential impact,Not Entered,3/20/2013 8:00,2013,Mar,Wed,8:00,6:00,3/28/2013 14:55,,,Construction & Maintenance,,,No,,,,,,,,,No,,,,Hit by a moving or falling object,0,0,0,0,,
18822,Near Miss,Minor or low potential impact,Not Entered,3/20/2013 12:00,2013,Mar,Wed,12:00,12:00,3/28/2013 16:48,,,Construction & Maintenance,,,No,,,,,,,,,No,,,,N/A,0,0,0,0,,
18813,Near Miss,Minor or low potential impact,Not Entered,3/21/2013 0:30,2013,Mar,Thu,0:30,0:00,3/28/2013 15:16,,,Construction & Maintenance,,,No,,,,,,,,,No,,,,N/A,0,0,0,0,,
18818,Near Miss,Minor or low potential impact,Not Entered,3/21/2013 6:55,2013,Mar,Thu,6:55,6:00,3/28/2013 16:19,,,Construction & Maintenance,,,Yes,,,,,,,,,No,,,Motor Bike,Injured while handling lifting or carrying,0,0,0,0,,
18877,Near Miss,Minor or low potential impact,Not Entered,3/25/2013 0:00,2013,Mar,Mon,0:00,0:00,4/15/2013 13:23,,,Construction & Maintenance,,,No,,,,,,,,,No,,,,Hit by a moving vehicle or plant,0,0,0,0,,
18806,Near Miss,Minor or low potential impact,Not Entered,3/25/2013 16:15,2013,Mar,Mon,16:15,12:00,3/28/2013 14:02,,,Construction & Maintenance,,,No,,,,,,,,,No,,,,Hit by a moving or falling object,0,0,0,0,,
18810,Near Miss,Minor or low potential impact,Not Entered,3/27/2013 7:20,2013,Mar,Wed,7:20,6:00,3/28/2013 15:03,,,Construction & Maintenance,,,No,,,,,,,,,No,,,,N/A,0,0,0,0,,
18955,Near Miss,Minor or low potential impact,Not Entered,4/2/2013 15:22,2013,Apr,Tue,15:22,12:00,4/29/2013 13:22,,,Construction & Maintenance,,,No,,,,,,,,,No,,,,Hit by a moving vehicle or plant,0,0,0,0,,
19022,Near Miss,Minor or low potential impact,Not Entered,4/3/2013 9:10,2013,Apr,Wed,9:10,6:00,5/2/2013 9:38,,,Construction & Maintenance,,,No,,,,,,,,,No,,,,Collision with fixed or stationary object or material,0,0,0,0,,
19023,Near Miss,Minor or low potential impact,Not Entered,4/4/2013 8:00,2013,Apr,Thu,8:00,6:00,5/2/2013 9:44,,,Construction & Maintenance,,,No,,,,,,,,,No,,,,Person exposed to harmful substance,0,0,0,0,,
19024,Near Miss,Minor or low potential impact,Not Entered,4/4/2013 9:45,2013,Apr,Thu,9:45,6:00,5/2/2013 9:50,,,Construction & Maintenance,,,No,,,,,,,,,No,,,,Hit by a moving or falling object,0,0,0,0,,
19021,Near Miss,Minor or low potential impact,Not Entered,4/4/2013 13:00,2013,Apr,Thu,13:00,12:00,5/2/2013 9:29,,,Construction & Maintenance,,,No,,,,,,,,,No,,,,Person contact with electricity,0,0,0,0,,
18885,Near Miss,Minor or low potential impact,Not Entered,4/4/2013 14:00,2013,Apr,Thu,14:00,12:00,4/18/2013 12:26,,,Construction & Maintenance,,,No,,,,,,,,,No,,,,Hit by a moving or falling object,0,0,0,0,,
19020,Near Miss,Minor or low potential impact,Not Entered,4/4/2013 15:00,2013,Apr,Thu,15:00,12:00,5/2/2013 9:21,,,Construction & Maintenance,,,No,,,,,,,,,No,,,,Hit by a moving or falling object,0,0,0,0,,
19066,Near Miss,Minor or low potential impact,Not Entered,4/5/2013 8:04,2013,Apr,Fri,8:04,6:00,5/3/2013 14:39,,,Construction & Maintenance,,,No,,,,,,,,,No,,,,Hit by a moving vehicle or plant,0,0,0,0,,
18958,Near Miss,Minor or low potential impact,Not Entered,4/5/2013 12:00,2013,Apr,Fri,12:00,12:00,4/29/2013 14:10,,,Construction & Maintenance,,,No,,,,,,,,,No,,,,Hit by a moving or falling object,0,0,0,0,,
18959,Near Miss,Minor or low potential impact,Not Entered,4/5/2013 13:40,2013,Apr,Fri,13:40,12:00,4/29/2013 14:20,,,Construction & Maintenance,,,No,,,,,,,,,No,,,,Hit by a moving vehicle or plant,0,0,0,0,,
19067,Near Miss,Minor or low potential impact,Not Entered,4/5/2013 15:20,2013,Apr,Fri,15:20,12:00,5/3/2013 14:47,,,Construction & Maintenance,,,No,,,,,,,,,No,,,,Hit by a moving vehicle or plant,0,0,0,0,,
19009,Near Miss,Minor or low potential impact,Not Entered,4/5/2013 15:30,2013,Apr,Fri,15:30,12:00,5/2/2013 8:02,,,Construction & Maintenance,,,No,,,,,,,,,No,,,,N/A,0,0,0,0,,
18961,Near Miss,Minor or low potential impact,Not Entered,4/5/2013 15:30,2013,Apr,Fri,15:30,12:00,4/29/2013 14:49,,,Construction & Maintenance,,,No,,,,,,,,,No,,,,Person exposed to harmful substance,0,0,0,0,,
19011,Near Miss,Minor or low potential impact,Not Entered,4/6/2013 18:40,2013,Apr,Sat,18:40,18:00,5/2/2013 8:15,,,Construction & Maintenance,,,No,,,,,,,,,No,,,,N/A,0,0,0,0,,
18949,Near Miss,Minor or low potential impact,Not Entered,4/7/2013 9:10,2013,Apr,Sun,9:10,6:00,4/29/2013 11:36,,,Construction & Maintenance,,,No,,,,,,,,,No,,,,N/A,0,0,0,0,,
18982,Near Miss,Minor or low potential impact,Not Entered,4/9/2013 10:10,2013,Apr,Tue,10:10,6:00,4/30/2013 16:14,,,Construction & Maintenance,,,No,,,,,,,,,No,,,,N/A,0,0,0,0,,
19010,Near Miss,Minor or low potential impact,Not Entered,4/10/2013 9:03,2013,Apr,Wed,9:03,6:00,5/2/2013 8:08,,,Construction & Maintenance,,,No,,,,,,,,,No,,,,"Fell, slipped, or tripped on same level",0,0,0,0,,
18968,Near Miss,Minor or low potential impact,Not Entered,4/10/2013 10:20,2013,Apr,Wed,10:20,6:00,4/29/2013 16:39,,,Construction & Maintenance,,,No,,,,,,,,,No,,,,Hit by a moving vehicle or plant,0,0,0,0,,
19013,Near Miss,Minor or low potential impact,Not Entered,4/10/2013 11:15,2013,Apr,Wed,11:15,6:00,5/2/2013 8:29,,,Construction & Maintenance,,,No,,,,,,,,,No,,,,N/A,0,0,0,0,,
18956,Near Miss,Minor or low potential impact,Not Entered,4/10/2013 13:00,2013,Apr,Wed,13:00,12:00,4/29/2013 13:40,,,Construction & Maintenance,,,No,,,,,,,,,No,,,,Person contact with electricity,0,0,0,0,,
18922,Near Miss,Minor or low potential impact,Not Entered,4/10/2013 15:43,2013,Apr,Wed,15:43,12:00,4/24/2013 13:58,,,Construction & Maintenance,,,No,,,,,,,,,No,,,,Hit by a moving vehicle or plant,0,0,0,0,,
18917,Near Miss,Minor or low potential impact,Not Entered,4/10/2013 15:50,2013,Apr,Wed,15:50,12:00,4/24/2013 10:18,,,Construction & Maintenance,,,No,,,,,,,,,No,,,,Hit by a moving vehicle or plant,0,0,0,0,,
19019,Near Miss,Minor or low potential impact,Not Entered,4/10/2013 16:30,2013,Apr,Wed,16:30,12:00,5/2/2013 9:13,,,Construction & Maintenance,,,No,,,,,,,,,No,,,,"Fell, slipped, or tripped on same level",0,0,0,0,,
19017,Near Miss,Minor or low potential impact,Not Entered,4/10/2013 16:30,2013,Apr,Wed,16:30,12:00,5/2/2013 9:03,,,Construction & Maintenance,,,No,,,,,,,,,No,,,,Fell from a height,0,0,0,0,,
18887,Near Miss,Minor or low potential impact,Not Entered,4/10/2013 19:00,2013,Apr,Wed,19:00,18:00,4/18/2013 13:03,,,Construction & Maintenance,,,No,,,,,,,,,No,,,,Injured while handling lifting or carrying,0,0,0,0,,
18923,Near Miss,Minor or low potential impact,Not Entered,4/11/2013 2:00,2013,Apr,Thu,2:00,0:00,4/24/2013 14:16,,,Construction & Maintenance,,,Yes,,,,,,,,,No,,,Motor Bike,Hit by a moving vehicle or plant,0,0,0,0,,
18889,Near Miss,Minor or low potential impact,Not Entered,4/11/2013 6:50,2013,Apr,Thu,6:50,6:00,4/18/2013 13:25,,,Construction & Maintenance,,,Yes,,,,,,,,,No,,,Motor Bike,Hit by a moving vehicle or plant,0,0,0,0,,
18894,Near Miss,Minor or low potential impact,Not Entered,4/11/2013 8:53,2013,Apr,Thu,8:53,6:00,4/18/2013 14:15,,,Construction & Maintenance,,,No,,,,,,,,,No,,,,Hit by a moving or falling object,0,0,0,0,,
18895,Near Miss,Minor or low potential impact,Not Entered,4/11/2013 9:15,2013,Apr,Thu,9:15,6:00,4/18/2013 14:25,,,Construction & Maintenance,,,Yes,,,,,,,,,No,,,Truck,Hit by a moving vehicle or plant,0,0,0,0,,
18919,Near Miss,Minor or low potential impact,Not Entered,4/11/2013 9:41,2013,Apr,Thu,9:41,6:00,4/24/2013 10:56,,,Construction & Maintenance,,,No,,,,,,,,,No,,,,Hit by a moving vehicle or plant,0,0,0,0,,
18918,Near Miss,Minor or low potential impact,Not Entered,4/11/2013 9:45,2013,Apr,Thu,9:45,6:00,4/24/2013 10:37,,,Construction & Maintenance,,,No,,,,,,,,,No,,,,Hit by a moving vehicle or plant,0,0,0,0,,
18891,Near Miss,Minor or low potential impact,Not Entered,4/11/2013 10:15,2013,Apr,Thu,10:15,6:00,4/18/2013 13:42,,,Construction & Maintenance,,,Yes,,,,,,,,,No,,,Truck,Hit by a moving vehicle or plant,0,0,0,0,,
18972,Near Miss,Minor or low potential impact,Not Entered,4/11/2013 10:25,2013,Apr,Thu,10:25,6:00,4/30/2013 8:03,,,Construction & Maintenance,,,No,,,,,,,,,No,,,,Hit by a moving vehicle or plant,0,0,0,0,,
19012,Near Miss,Minor or low potential impact,Not Entered,4/11/2013 11:15,2013,Apr,Thu,11:15,6:00,5/2/2013 8:20,,,Construction & Maintenance,,,No,,,,,,,,,No,,,,N/A,0,0,0,0,,
18973,Near Miss,Minor or low potential impact,Not Entered,4/11/2013 11:15,2013,Apr,Thu,11:15,6:00,4/30/2013 8:38,,,Construction & Maintenance,,,No,,,,,,,,,No,,,,Hit by a moving vehicle or plant,0,0,0,0,,
18974,Near Miss,Minor or low potential impact,Not Entered,4/11/2013 14:00,2013,Apr,Thu,14:00,12:00,4/30/2013 8:51,,,Construction & Maintenance,,,No,,,,,,,,,No,,,,"Fell, slipped, or tripped on same level",0,0,0,0,,
19026,Near Miss,Minor or low potential impact,Not Entered,4/11/2013 16:00,2013,Apr,Thu,16:00,12:00,5/2/2013 10:15,,,Construction & Maintenance,,,No,,,,,,,,,No,,,,Fell from a height,0,0,0,0,,
18916,Near Miss,Minor or low potential impact,Not Entered,4/11/2013 16:00,2013,Apr,Thu,16:00,12:00,4/24/2013 9:43,,,Construction & Maintenance,,,No,,,,,,,,,No,,,,Fell from a height,0,0,0,0,,
18886,Near Miss,Minor or low potential impact,Not Entered,4/11/2013 16:00,2013,Apr,Thu,16:00,12:00,4/18/2013 12:48,,,Construction & Maintenance,,,No,,,,,,,,,No,,,,Person contact with electricity,0,0,0,0,,
18893,Near Miss,Minor or low potential impact,Not Entered,4/11/2013 16:15,2013,Apr,Thu,16:15,12:00,4/18/2013 13:57,,,Construction & Maintenance,,,No,,,,,,,,,No,,,,N/A,0,0,0,0,,
18890,Near Miss,Minor or low potential impact,Not Entered,4/11/2013 17:50,2013,Apr,Thu,17:50,12:00,4/18/2013 13:35,,,Construction & Maintenance,,,Yes,,,,,,,,,No,,,Truck,Hit by a moving vehicle or plant,0,0,0,0,,
18910,Near Miss,Minor or low potential impact,Not Entered,4/11/2013 23:30,2013,Apr,Thu,23:30,18:00,4/22/2013 16:38,,,Construction & Maintenance,,,Yes,,,,,,,,,No,,,Truck,Hit by a moving vehicle or plant,0,0,0,0,,
18969,Near Miss,Minor or low potential impact,Not Entered,4/12/2013 7:15,2013,Apr,Fri,7:15,6:00,4/30/2013 7:25,,,Construction & Maintenance,,,No,,,,,,,,,No,,,,Person contact with electricity,0,0,0,0,,
18911,Near Miss,Minor or low potential impact,Not Entered,4/12/2013 8:00,2013,Apr,Fri,8:00,6:00,4/22/2013 16:47,,,Construction & Maintenance,,,No,,,,,,,,,No,,,,N/A,0,0,0,0,,
19004,Near Miss,Minor or low potential impact,Not Entered,4/12/2013 14:45,2013,Apr,Fri,14:45,12:00,5/2/2013 7:18,,,Construction & Maintenance,,,No,,,,,,,,,No,,,,Hit by a moving vehicle or plant,0,0,0,0,,
18970,Near Miss,Minor or low potential impact,Not Entered,4/12/2013 16:30,2013,Apr,Fri,16:30,12:00,4/30/2013 7:43,,,Construction & Maintenance,,,No,,,,,,,,,No,,,,Hit by a moving vehicle or plant,0,0,0,0,,
19035,Near Miss,Minor or low potential impact,Not Entered,4/12/2013 20:00,2013,Apr,Fri,20:00,18:00,5/3/2013 9:01,,,Construction & Maintenance,,,No,,,,,,,,,No,,,,N/A,0,0,0,0,,
19025,Near Miss,Minor or low potential impact,Not Entered,4/15/2013 1:00,2013,Apr,Mon,1:00,0:00,5/2/2013 10:05,,,Construction & Maintenance,,,No,,,,,,,,,No,,,,Fell from a height,0,0,0,0,,
18906,Near Miss,Minor or low potential impact,Not Entered,4/15/2013 15:00,2013,Apr,Mon,15:00,12:00,4/22/2013 16:12,,,Construction & Maintenance,,,No,,,,,,,,,No,,,,N/A,0,0,0,0,,
19014,Near Miss,Minor or low potential impact,Not Entered,4/16/2013 0:15,2013,Apr,Tue,0:15,0:00,5/2/2013 8:36,,,Construction & Maintenance,,,No,,,,,,,,,No,,,,N/A,0,0,0,0,,
18950,Near Miss,Minor or low potential impact,Not Entered,4/16/2013 2:30,2013,Apr,Tue,2:30,0:00,4/29/2013 12:21,,,Construction & Maintenance,,,No,,,,,,,,,No,,,,Hit by a moving vehicle or plant,0,0,0,0,,
18920,Near Miss,Minor or low potential impact,Not Entered,4/16/2013 7:25,2013,Apr,Tue,7:25,6:00,4/24/2013 11:10,,,Construction & Maintenance,,,No,,,,,,,,,No,,,,Hit by a moving vehicle or plant,0,0,0,0,,
19003,Near Miss,Minor or low potential impact,Not Entered,4/16/2013 10:30,2013,Apr,Tue,10:30,6:00,5/1/2013 16:31,,,Construction & Maintenance,,,No,,,,,,,,,No,,,,Hit by a moving vehicle or plant,0,0,0,0,,
18963,Near Miss,Minor or low potential impact,Not Entered,4/16/2013 11:50,2013,Apr,Tue,11:50,6:00,4/29/2013 14:59,,,Construction & Maintenance,,,No,,,,,,,,,No,,,,Hit by a moving vehicle or plant,0,0,0,0,,
18903,Near Miss,Minor or low potential impact,Not Entered,4/16/2013 18:40,2013,Apr,Tue,18:40,18:00,4/22/2013 15:37,,,Construction & Maintenance,,,No,,,,,,,,,No,,,,N/A,0,0,0,0,,
18884,Near Miss,Minor or low potential impact,Not Entered,4/17/2013 4:00,2013,Apr,Wed,4:00,0:00,4/18/2013 12:18,,,Construction & Maintenance,,,No,,,,,,,,,No,,,,Hit by a moving or falling object,0,0,0,0,,
19008,Near Miss,Minor or low potential impact,Not Entered,4/17/2013 8:00,2013,Apr,Wed,8:00,6:00,5/2/2013 7:48,,,Construction & Maintenance,,,No,,,,,,,,,No,,,,N/A,0,0,0,0,,
19002,Near Miss,Minor or low potential impact,Not Entered,4/17/2013 9:20,2013,Apr,Wed,9:20,6:00,5/1/2013 16:17,,,Construction & Maintenance,,,No,,,,,,,,,No,,,,Fell from a height,0,0,0,0,,
18926,Near Miss,Minor or low potential impact,Not Entered,4/17/2013 9:30,2013,Apr,Wed,9:30,6:00,4/24/2013 15:09,,,Construction & Maintenance,,,Yes,,,,,,,,,No,,,Truck,N/A,0,0,0,0,,
19007,Near Miss,Minor or low potential impact,Not Entered,4/17/2013 9:45,2013,Apr,Wed,9:45,6:00,5/2/2013 7:40,,,Construction & Maintenance,,,No,,,,,,,,,No,,,,Hit by a moving or falling object,0,0,0,0,,
19085,Near Miss,Minor or low potential impact,Not Entered,4/17/2013 9:50,2013,Apr,Wed,9:50,6:00,5/3/2013 17:29,,,Construction & Maintenance,,,No,,,,,,,,,No,,,,N/A,0,0,0,0,,
19005,Near Miss,Minor or low potential impact,Not Entered,4/17/2013 9:50,2013,Apr,Wed,9:50,6:00,5/2/2013 7:24,,,Construction & Maintenance,,,No,,,,,,,,,No,,,,"Fell, slipped, or tripped on same level",0,0,0,0,,
18925,Near Miss,Minor or low potential impact,Not Entered,4/17/2013 10:15,2013,Apr,Wed,10:15,6:00,4/24/2013 14:55,,,Construction & Maintenance,,,No,,,,,,,,,No,,,,Person contact with electricity,0,0,0,0,,
18957,Near Miss,Minor or low potential impact,Not Entered,4/17/2013 12:00,2013,Apr,Wed,12:00,12:00,4/29/2013 13:51,,,Construction & Maintenance,,,No,,,,,,,,,No,,,,N/A,0,0,0,0,,
18908,Near Miss,Minor or low potential impact,Not Entered,4/17/2013 12:15,2013,Apr,Wed,12:15,12:00,4/22/2013 16:24,,,Construction & Maintenance,,,No,,,,,,,,,No,,,,N/A,0,0,0,0,,
18909,Near Miss,Minor or low potential impact,Not Entered,4/17/2013 13:20,2013,Apr,Wed,13:20,12:00,4/22/2013 16:30,,,Construction & Maintenance,,,No,,,,,,,,,No,,,,Hit by a moving or falling object,0,0,0,0,,
18967,Near Miss,Minor or low potential impact,Not Entered,4/17/2013 14:00,2013,Apr,Wed,14:00,12:00,4/29/2013 15:58,,,Construction & Maintenance,,,No,,,,,,,,,No,,,,Fell from a height,0,0,0,0,,
18921,Near Miss,Minor or low potential impact,Not Entered,4/17/2013 16:00,2013,Apr,Wed,16:00,12:00,4/24/2013 12:47,,,Construction & Maintenance,,,No,,,,,,,,,No,,,,Hit by a moving vehicle or plant,0,0,0,0,,
19015,Near Miss,Minor or low potential impact,Not Entered,4/18/2013 4:15,2013,Apr,Thu,4:15,0:00,5/2/2013 8:55,,,Construction & Maintenance,,,No,,,,,,,,,No,,,,Hit by a moving or falling object,0,0,0,0,,
18907,Near Miss,Minor or low potential impact,Not Entered,4/18/2013 7:30,2013,Apr,Thu,7:30,6:00,4/22/2013 16:18,,,Construction & Maintenance,,,No,,,,,,,,,No,,,,Hit by a moving or falling object,0,0,0,0,,
18904,Near Miss,Minor or low potential impact,Not Entered,4/18/2013 7:30,2013,Apr,Thu,7:30,6:00,4/22/2013 15:47,,,Construction & Maintenance,,,No,,,,,,,,,No,,,,Hit by a moving or falling object,0,0,0,0,,
18966,Near Miss,Minor or low potential impact,Not Entered,4/18/2013 8:00,2013,Apr,Thu,8:00,6:00,4/29/2013 15:48,,,Construction & Maintenance,,,No,,,,,,,,,No,,,,Hit by a moving or falling object,0,0,0,0,,
18964,Near Miss,Minor or low potential impact,Not Entered,4/18/2013 8:30,2013,Apr,Thu,8:30,6:00,4/29/2013 15:11,,,Construction & Maintenance,,,No,,,,,,,,,No,,,,Hit by a moving or falling object,0,0,0,0,,
18978,Near Miss,Minor or low potential impact,Not Entered,4/18/2013 9:15,2013,Apr,Thu,9:15,6:00,4/30/2013 9:24,,,Construction & Maintenance,,,No,,,,,,,,,No,,,,Hit by a moving or falling object,0,0,0,0,,
18924,Near Miss,Minor or low potential impact,Not Entered,4/18/2013 9:20,2013,Apr,Thu,9:20,6:00,4/24/2013 14:30,,,Construction & Maintenance,,,No,,,,,,,,,No,,,,Hit by a moving or falling object,0,0,0,0,,
19001,Near Miss,Minor or low potential impact,Not Entered,4/18/2013 9:45,2013,Apr,Thu,9:45,6:00,5/1/2013 16:05,,,Construction & Maintenance,,,No,,,,,,,,,No,,,,Person contact with electricity,0,0,0,0,,
19006,Near Miss,Minor or low potential impact,Not Entered,4/18/2013 9:55,2013,Apr,Thu,9:55,6:00,5/2/2013 7:31,,,Construction & Maintenance,,,No,,,,,,,,,No,,,,Hit by a moving vehicle or plant,0,0,0,0,,
18976,Near Miss,Minor or low potential impact,Not Entered,4/18/2013 10:00,2013,Apr,Thu,10:00,6:00,4/30/2013 9:16,,,Construction & Maintenance,,,No,,,,,,,,,No,,,,Hit by a moving or falling object,0,0,0,0,,
18905,Near Miss,Minor or low potential impact,Not Entered,4/18/2013 10:00,2013,Apr,Thu,10:00,6:00,4/22/2013 16:04,,,Construction & Maintenance,,,No,,,,,,,,,No,,,,Hit by a moving or falling object,0,0,0,0,,
18981,Near Miss,Minor or low potential impact,Not Entered,4/18/2013 10:20,2013,Apr,Thu,10:20,6:00,4/30/2013 16:03,,,Construction & Maintenance,,,No,,,,,,,,,No,,,,N/A,0,0,0,0,,