Event ID,Event Type ,Event Subtype,Type of Person,Date/Time of Event,Year,Month,Day of the Week,Time,Time interval (6 hours),Date/Time Reported,Location,Specific Location (include RCC Log no if relevant),Details of actual job being done at the time,Part of Body Affected,Injury Type,Was there a vehicle involved in this event?,Work related,Accident Type,Vehicle Motion,Who was Hit,Weather/Visibility,Surface Condition,Roadbed Grade,Lighting Conditions,Was A Police Report Filed?,Name of Law Enforcement Agency,Preventable,Type,Kind of Event,Expected Lost Workdays (Total),Actual Lost Workdays (Total),Expected Restricted Workdays (Total),Actual Restricted Workdays (Total),Return To Work Date,Sign Off 1
18902,Near Miss,Minor or low potential impact,Not Entered,4/18/2013 13:45,2013,Apr,Thu,13:45,12:00,4/22/2013 15:22,,,Construction & Maintenance,,,No,,,,,,,,,No,,,,Hit by a moving or falling object,0,0,0,0,,
18965,Near Miss,Minor or low potential impact,Not Entered,4/18/2013 17:30,2013,Apr,Thu,17:30,12:00,4/29/2013 15:38,,,Construction & Maintenance,,,No,,,,,,,,,No,,,,Hit by a moving or falling object,0,0,0,0,,
18975,Near Miss,Minor or low potential impact,Not Entered,4/19/2013 7:30,2013,Apr,Fri,7:30,6:00,4/30/2013 9:08,,,Construction & Maintenance,,,No,,,,,,,,,No,,,,Hit by a moving or falling object,0,0,0,0,,
19060,Near Miss,Minor or low potential impact,Not Entered,4/19/2013 15:15,2013,Apr,Fri,15:15,12:00,5/3/2013 13:43,,,Construction & Maintenance,,,No,,,,,,,,,No,,,,Hit by a moving vehicle or plant,0,0,0,0,,
19073,Near Miss,Minor or low potential impact,Not Entered,4/19/2013 15:30,2013,Apr,Fri,15:30,12:00,5/3/2013 15:48,,,Construction & Maintenance,,,No,,,,,,,,,No,,,,Person exposed to harmful substance,0,0,0,0,,
19034,Near Miss,Minor or low potential impact,Not Entered,4/19/2013 17:00,2013,Apr,Fri,17:00,12:00,5/3/2013 8:41,,,Construction & Maintenance,,,No,,,,,,,,,No,,,,Hit by a moving vehicle or plant,0,0,0,0,,
18999,Near Miss,Minor or low potential impact,Not Entered,4/22/2013 6:40,2013,Apr,Mon,6:40,6:00,5/1/2013 15:56,,,Construction & Maintenance,,,No,,,,,,,,,No,,,,N/A,0,0,0,0,,
18932,Near Miss,Minor or low potential impact,Not Entered,4/22/2013 6:40,2013,Apr,Mon,6:40,6:00,4/25/2013 12:45,,,Construction & Maintenance,,,No,,,,,,,,,No,,,,N/A,0,0,0,0,,
19070,Near Miss,Minor or low potential impact,Not Entered,4/22/2013 8:00,2013,Apr,Mon,8:00,6:00,5/3/2013 15:16,,,Construction & Maintenance,,,No,,,,,,,,,No,,,,Hit by a moving vehicle or plant,0,0,0,0,,
18951,Near Miss,Minor or low potential impact,Not Entered,4/22/2013 10:40,2013,Apr,Mon,10:40,6:00,4/29/2013 12:34,,,Construction & Maintenance,,,No,,,,,,,,,No,,,,N/A,0,0,0,0,,
19040,Near Miss,Minor or low potential impact,Not Entered,4/22/2013 11:00,2013,Apr,Mon,11:00,6:00,5/3/2013 10:05,,,Construction & Maintenance,,,No,,,,,,,,,No,,,,N/A,0,0,0,0,,
18954,Near Miss,Minor or low potential impact,Not Entered,4/22/2013 12:00,2013,Apr,Mon,12:00,12:00,4/29/2013 13:07,,,Construction & Maintenance,,,No,,,,,,,,,No,,,,Hit by a moving vehicle or plant,0,0,0,0,,
18998,Near Miss,Minor or low potential impact,Not Entered,4/22/2013 17:05,2013,Apr,Mon,17:05,12:00,5/1/2013 15:44,,,Construction & Maintenance,,,No,,,,,,,,,No,,,,N/A,0,0,0,0,,
18931,Near Miss,Minor or low potential impact,Not Entered,4/22/2013 17:05,2013,Apr,Mon,17:05,12:00,4/25/2013 12:21,,,Construction & Maintenance,,,No,,,,,,,,,No,,,,N/A,0,0,0,0,,
19086,Near Miss,Minor or low potential impact,Not Entered,4/22/2013 18:10,2013,Apr,Mon,18:10,18:00,5/3/2013 17:35,,,Construction & Maintenance,,,No,,,,,,,,,No,,,,Hit by a moving vehicle or plant,0,0,0,0,,
19063,Near Miss,Minor or low potential impact,Not Entered,4/23/2013 8:45,2013,Apr,Tue,8:45,6:00,5/3/2013 14:05,,,Construction & Maintenance,,,No,,,,,,,,,No,,,,N/A,0,0,0,0,,
19045,Near Miss,Minor or low potential impact,Not Entered,4/23/2013 12:00,2013,Apr,Tue,12:00,12:00,5/3/2013 10:47,,,Construction & Maintenance,,,No,,,,,,,,,No,,,,Hit by a moving or falling object,0,0,0,0,,
19072,Near Miss,Minor or low potential impact,Not Entered,4/23/2013 12:01,2013,Apr,Tue,12:01,12:00,5/3/2013 15:34,,,Construction & Maintenance,,,No,,,,,,,,,No,,,,Hit by a moving vehicle or plant,0,0,0,0,,
19039,Near Miss,Minor or low potential impact,Not Entered,4/23/2013 12:05,2013,Apr,Tue,12:05,12:00,5/3/2013 9:46,,,Construction & Maintenance,,,No,,,,,,,,,No,,,,Fell from a height,0,0,0,0,,
19032,Near Miss,Minor or low potential impact,Not Entered,4/23/2013 16:30,2013,Apr,Tue,16:30,12:00,5/3/2013 8:16,,,Construction & Maintenance,,,No,,,,,,,,,No,,,,Person contact with electricity,0,0,0,0,,
19084,Near Miss,Minor or low potential impact,Not Entered,4/23/2013 17:15,2013,Apr,Tue,17:15,12:00,5/3/2013 17:22,,,Construction & Maintenance,,,No,,,,,,,,,No,,,,Hit by a moving vehicle or plant,0,0,0,0,,
19069,Near Miss,Minor or low potential impact,Not Entered,4/23/2013 20:15,2013,Apr,Tue,20:15,18:00,5/3/2013 15:07,,,Construction & Maintenance,,,No,,,,,,,,,No,,,,Hit by a moving vehicle or plant,0,0,0,0,,
19036,Near Miss,Minor or low potential impact,Not Entered,4/24/2013 9:00,2013,Apr,Wed,9:00,6:00,5/3/2013 9:09,,,Construction & Maintenance,,,No,,,,,,,,,No,,,,Person exposed to harmful substance,0,0,0,0,,
19031,Near Miss,Minor or low potential impact,Not Entered,4/24/2013 11:10,2013,Apr,Wed,11:10,6:00,5/3/2013 8:06,,,Construction & Maintenance,,,No,,,,,,,,,No,,,,Hit by a moving vehicle or plant,0,0,0,0,,
19044,Near Miss,Minor or low potential impact,Not Entered,4/24/2013 12:00,2013,Apr,Wed,12:00,12:00,5/3/2013 10:36,,,Construction & Maintenance,,,No,,,,,,,,,No,,,,Hit by a moving vehicle or plant,0,0,0,0,,
19078,Near Miss,Minor or low potential impact,Not Entered,4/24/2013 17:00,2013,Apr,Wed,17:00,12:00,5/3/2013 16:31,,,Construction & Maintenance,,,No,,,,,,,,,No,,,,"Fell, slipped, or tripped on same level",0,0,0,0,,
19492,Near Miss,Minor or low potential impact,Not Entered,4/25/2013 2:30,2013,Apr,Thu,2:30,0:00,7/5/2013 7:47,,,Construction & Maintenance,,,No,,,,,,,,,No,,,,Hit by a moving or falling object,0,0,0,0,,
19062,Near Miss,Minor or low potential impact,Not Entered,4/25/2013 9:00,2013,Apr,Thu,9:00,6:00,5/3/2013 13:56,,,Construction & Maintenance,,,No,,,,,,,,,No,,,,Person contact with electricity,0,0,0,0,,
19071,Near Miss,Minor or low potential impact,Not Entered,4/25/2013 12:00,2013,Apr,Thu,12:00,12:00,5/3/2013 15:25,,,Construction & Maintenance,,,No,,,,,,,,,No,,,,Hit by a moving vehicle or plant,0,0,0,0,,
19038,Near Miss,Minor or low potential impact,Not Entered,4/25/2013 12:00,2013,Apr,Thu,12:00,12:00,5/3/2013 9:33,,,Construction & Maintenance,,,No,,,,,,,,,No,,,,Hit by a moving vehicle or plant,0,0,0,0,,
19087,Near Miss,Minor or low potential impact,Not Entered,4/25/2013 13:30,2013,Apr,Thu,13:30,12:00,5/3/2013 17:42,,,Construction & Maintenance,,,No,,,,,,,,,No,,,,N/A,0,0,0,0,,
19083,Near Miss,Minor or low potential impact,Not Entered,4/25/2013 13:30,2013,Apr,Thu,13:30,12:00,5/3/2013 17:14,,,Construction & Maintenance,,,No,,,,,,,,,No,,,,Hit by a moving vehicle or plant,0,0,0,0,,
19057,Near Miss,Minor or low potential impact,Not Entered,4/25/2013 14:00,2013,Apr,Thu,14:00,12:00,5/3/2013 12:54,,,Construction & Maintenance,,,No,,,,,,,,,No,,,,N/A,0,0,0,0,,
19080,Near Miss,Minor or low potential impact,Not Entered,4/25/2013 14:23,2013,Apr,Thu,14:23,12:00,5/3/2013 16:49,,,Construction & Maintenance,,,No,,,,,,,,,No,,,,"Fell, slipped, or tripped on same level",0,0,0,0,,
19037,Near Miss,Minor or low potential impact,Not Entered,4/25/2013 15:00,2013,Apr,Thu,15:00,12:00,5/3/2013 9:22,,,Construction & Maintenance,,,No,,,,,,,,,No,,,,N/A,0,0,0,0,,
19043,Near Miss,Minor or low potential impact,Not Entered,4/25/2013 15:30,2013,Apr,Thu,15:30,12:00,5/3/2013 10:28,,,Construction & Maintenance,,,No,,,,,,,,,No,,,,Hit by a moving vehicle or plant,0,0,0,0,,
19082,Near Miss,Minor or low potential impact,Not Entered,4/25/2013 15:47,2013,Apr,Thu,15:47,12:00,5/3/2013 17:08,,,Construction & Maintenance,,,No,,,,,,,,,No,,,,Hit by a moving vehicle or plant,0,0,0,0,,
19075,Near Miss,Minor or low potential impact,Not Entered,4/25/2013 16:13,2013,Apr,Thu,16:13,12:00,5/3/2013 16:03,,,Construction & Maintenance,,,No,,,,,,,,,No,,,,N/A,0,0,0,0,,
19074,Near Miss,Minor or low potential impact,Not Entered,4/25/2013 16:13,2013,Apr,Thu,16:13,12:00,5/3/2013 15:55,,,Construction & Maintenance,,,No,,,,,,,,,No,,,,"Fell, slipped, or tripped on same level",0,0,0,0,,
19033,Near Miss,Minor or low potential impact,Not Entered,4/25/2013 16:50,2013,Apr,Thu,16:50,12:00,5/3/2013 8:28,,,Construction & Maintenance,,,No,,,,,,,,,No,,,,Hit by a moving vehicle or plant,0,0,0,0,,
19041,Near Miss,Minor or low potential impact,Not Entered,4/25/2013 18:00,2013,Apr,Thu,18:00,18:00,5/3/2013 10:16,,,Construction & Maintenance,,,No,,,,,,,,,No,,,,Hit by a moving vehicle or plant,0,0,0,0,,
19081,Near Miss,Minor or low potential impact,Not Entered,4/26/2013 7:58,2013,Apr,Fri,7:58,6:00,5/3/2013 17:01,,,Construction & Maintenance,,,No,,,,,,,,,No,,,,Hit by a moving vehicle or plant,0,0,0,0,,
19053,Near Miss,Minor or low potential impact,Not Entered,4/26/2013 10:45,2013,Apr,Fri,10:45,6:00,5/3/2013 12:00,,,Construction & Maintenance,,,No,,,,,,,,,No,,,,Hit by a moving vehicle or plant,0,0,0,0,,
19052,Near Miss,Minor or low potential impact,Not Entered,4/26/2013 14:30,2013,Apr,Fri,14:30,12:00,5/3/2013 11:46,,,Construction & Maintenance,,,No,,,,,,,,,No,,,,N/A,0,0,0,0,,
19079,Near Miss,Minor or low potential impact,Not Entered,4/26/2013 15:00,2013,Apr,Fri,15:00,12:00,5/3/2013 16:40,,,Construction & Maintenance,,,No,,,,,,,,,No,,,,N/A,0,0,0,0,,
19059,Near Miss,Minor or low potential impact,Not Entered,4/28/2013 2:00,2013,Apr,Sun,2:00,0:00,5/3/2013 13:28,,,Construction & Maintenance,,,No,,,,,,,,,No,,,,N/A,0,0,0,0,,
19029,Near Miss,Minor or low potential impact,Not Entered,4/28/2013 16:00,2013,Apr,Sun,16:00,12:00,5/3/2013 7:52,,,Construction & Maintenance,,,No,,,,,,,,,No,,,,Hit by a moving vehicle or plant,0,0,0,0,,
19068,Near Miss,Minor or low potential impact,Not Entered,4/29/2013 9:20,2013,Apr,Mon,9:20,6:00,5/3/2013 14:55,,,Construction & Maintenance,,,No,,,,,,,,,No,,,,Hit by a moving vehicle or plant,0,0,0,0,,
19055,Near Miss,Minor or low potential impact,Not Entered,4/29/2013 9:30,2013,Apr,Mon,9:30,6:00,5/3/2013 12:24,,,Construction & Maintenance,,,No,,,,,,,,,No,,,,Hit by a moving vehicle or plant,0,0,0,0,,
19076,Near Miss,Minor or low potential impact,Not Entered,4/29/2013 9:45,2013,Apr,Mon,9:45,6:00,5/3/2013 16:10,,,Construction & Maintenance,,,No,,,,,,,,,No,,,,Hit by a moving vehicle or plant,0,0,0,0,,
19077,Near Miss,Minor or low potential impact,Not Entered,4/29/2013 10:00,2013,Apr,Mon,10:00,6:00,5/3/2013 16:20,,,Construction & Maintenance,,,No,,,,,,,,,No,,,,Hit by a moving vehicle or plant,0,0,0,0,,
19064,Near Miss,Minor or low potential impact,Not Entered,4/29/2013 10:00,2013,Apr,Mon,10:00,6:00,5/3/2013 14:19,,,Construction & Maintenance,,,No,,,,,,,,,No,,,,N/A,0,0,0,0,,
19047,Near Miss,Minor or low potential impact,Not Entered,4/29/2013 11:15,2013,Apr,Mon,11:15,6:00,5/3/2013 11:22,,,Construction & Maintenance,,,No,,,,,,,,,No,,,,"Fell, slipped, or tripped on same level",0,0,0,0,,
19065,Near Miss,Minor or low potential impact,Not Entered,4/29/2013 13:15,2013,Apr,Mon,13:15,12:00,5/3/2013 14:30,,,Construction & Maintenance,,,No,,,,,,,,,No,,,,N/A,0,0,0,0,,
19046,Near Miss,Minor or low potential impact,Not Entered,4/29/2013 13:45,2013,Apr,Mon,13:45,12:00,5/3/2013 10:57,,,Construction & Maintenance,,,No,,,,,,,,,No,,,,"Fell, slipped, or tripped on same level",0,0,0,0,,
19049,Near Miss,Minor or low potential impact,Not Entered,4/29/2013 14:00,2013,Apr,Mon,14:00,12:00,5/3/2013 11:29,,,Construction & Maintenance,,,No,,,,,,,,,No,,,,Hit by a moving or falling object,0,0,0,0,,
19056,Near Miss,Minor or low potential impact,Not Entered,4/30/2013 8:00,2013,Apr,Tue,8:00,6:00,5/3/2013 12:41,,,Construction & Maintenance,,,No,,,,,,,,,No,,,,N/A,0,0,0,0,,
19028,Near Miss,Minor or low potential impact,Not Entered,4/30/2013 8:15,2013,Apr,Tue,8:15,6:00,5/3/2013 7:26,,,Construction & Maintenance,,,No,,,,,,,,,No,,,,N/A,0,0,0,0,,
19058,Near Miss,Minor or low potential impact,Not Entered,4/30/2013 11:30,2013,Apr,Tue,11:30,6:00,5/3/2013 13:11,,,Construction & Maintenance,,,No,,,,,,,,,No,,,,Hit by a moving vehicle or plant,0,0,0,0,,
19050,Near Miss,Minor or low potential impact,Not Entered,4/30/2013 12:00,2013,Apr,Tue,12:00,12:00,5/3/2013 11:38,,,Construction & Maintenance,,,No,,,,,,,,,No,,,,N/A,0,0,0,0,,
19054,Near Miss,Minor or low potential impact,Not Entered,4/30/2013 13:05,2013,Apr,Tue,13:05,12:00,5/3/2013 12:10,,,Construction & Maintenance,,,No,,,,,,,,,No,,,,"Fell, slipped, or tripped on same level",0,0,0,0,,
19100,Near Miss,Minor or low potential impact,Not Entered,5/1/2013 8:00,2013,May,Wed,8:00,6:00,5/9/2013 15:49,,,Construction & Maintenance,,,No,,,,,,,,,No,,,,"Fell, slipped, or tripped on same level",0,0,0,0,,
19181,Near Miss,Minor or low potential impact,Not Entered,5/1/2013 8:20,2013,May,Wed,8:20,6:00,5/29/2013 10:33,,,Construction & Maintenance,,,No,,,,,,,,,No,,,,"Fell, slipped, or tripped on same level",0,0,0,0,,
19117,Near Miss,Minor or low potential impact,Not Entered,5/1/2013 9:00,2013,May,Wed,9:00,6:00,5/16/2013 10:20,,,Construction & Maintenance,,,No,,,,,,,,,No,,,,"Fell, slipped, or tripped on same level",0,0,0,0,,
19116,Near Miss,Minor or low potential impact,Not Entered,5/1/2013 10:20,2013,May,Wed,10:20,6:00,5/16/2013 10:09,,,Construction & Maintenance,,,No,,,,,,,,,No,,,,Hit by a moving or falling object,0,0,0,0,,
19169,Near Miss,Minor or low potential impact,Not Entered,5/1/2013 11:15,2013,May,Wed,11:15,6:00,5/23/2013 15:56,,,Construction & Maintenance,,,No,,,,,,,,,No,,,,Hit by a moving vehicle or plant,0,0,0,0,,
19119,Near Miss,Minor or low potential impact,Not Entered,5/1/2013 12:00,2013,May,Wed,12:00,12:00,5/16/2013 10:46,,,Construction & Maintenance,,,No,,,,,,,,,No,,,,"Fell, slipped, or tripped on same level",0,0,0,0,,
19126,Near Miss,Minor or low potential impact,Not Entered,5/1/2013 12:30,2013,May,Wed,12:30,12:00,5/16/2013 14:38,,,Construction & Maintenance,,,No,,,,,,,,,No,,,,N/A,0,0,0,0,,
19101,Near Miss,Minor or low potential impact,Not Entered,5/1/2013 13:30,2013,May,Wed,13:30,12:00,5/9/2013 16:05,,,Construction & Maintenance,,,No,,,,,,,,,No,,,,Hit by a moving vehicle or plant,0,0,0,0,,
19120,Near Miss,Minor or low potential impact,Not Entered,5/1/2013 15:00,2013,May,Wed,15:00,12:00,5/16/2013 11:03,,,Construction & Maintenance,,,No,,,,,,,,,No,,,,"Fell, slipped, or tripped on same level",0,0,0,0,,
19174,Near Miss,Minor or low potential impact,Not Entered,5/2/2013 7:50,2013,May,Thu,7:50,6:00,5/28/2013 16:34,,,Construction & Maintenance,,,Yes,,,,,,,,,No,,,Motor Bike,N/A,0,0,0,0,,
19099,Near Miss,Minor or low potential impact,Not Entered,5/2/2013 8:00,2013,May,Thu,8:00,6:00,5/9/2013 15:39,,,Construction & Maintenance,,,No,,,,,,,,,No,,,,Person exposed to harmful substance,0,0,0,0,,
19111,Near Miss,Minor or low potential impact,Not Entered,5/2/2013 8:15,2013,May,Thu,8:15,6:00,5/16/2013 8:12,,,Construction & Maintenance,,,No,,,,,,,,,No,,,,Hit by a moving or falling object,0,0,0,0,,
19115,Near Miss,Minor or low potential impact,Not Entered,5/2/2013 8:30,2013,May,Thu,8:30,6:00,5/16/2013 9:54,,,Construction & Maintenance,,,No,,,,,,,,,No,,,,Hit by a moving or falling object,0,0,0,0,,
19102,Near Miss,Minor or low potential impact,Not Entered,5/2/2013 8:30,2013,May,Thu,8:30,6:00,5/9/2013 16:22,,,Construction & Maintenance,,,No,,,,,,,,,No,,,,Hit by a moving vehicle or plant,0,0,0,0,,
19122,Near Miss,Minor or low potential impact,Not Entered,5/2/2013 9:30,2013,May,Thu,9:30,6:00,5/16/2013 13:28,,,Construction & Maintenance,,,No,,,,,,,,,No,,,,N/A,0,0,0,0,,
19123,Near Miss,Minor or low potential impact,Not Entered,5/2/2013 9:40,2013,May,Thu,9:40,6:00,5/16/2013 13:45,,,Construction & Maintenance,,,No,,,,,,,,,No,,,,N/A,0,0,0,0,,
19180,Near Miss,Minor or low potential impact,Not Entered,5/2/2013 9:45,2013,May,Thu,9:45,6:00,5/29/2013 10:24,,,Construction & Maintenance,,,No,,,,,,,,,No,,,,N/A,0,0,0,0,,
19127,Near Miss,Minor or low potential impact,Not Entered,5/2/2013 10:30,2013,May,Thu,10:30,6:00,5/16/2013 15:11,,,Construction & Maintenance,,,No,,,,,,,,,No,,,,N/A,0,0,0,0,,
19112,Near Miss,Minor or low potential impact,Not Entered,5/2/2013 14:00,2013,May,Thu,14:00,12:00,5/16/2013 8:46,,,Construction & Maintenance,,,No,,,,,,,,,No,,,,N/A,0,0,0,0,,
19506,Near Miss,Minor or low potential impact,Not Entered,5/2/2013 15:00,2013,May,Thu,15:00,12:00,7/5/2013 14:47,,,Construction & Maintenance,,,No,,,,,,,,,No,,,,Hit by a moving vehicle or plant,0,0,0,0,,
19236,Near Miss,Minor or low potential impact,Not Entered,5/2/2013 16:00,2013,May,Thu,16:00,12:00,5/31/2013 13:21,,,Construction & Maintenance,,,No,,,,,,,,,No,,,,N/A,0,0,0,0,,
19207,Near Miss,Minor or low potential impact,Not Entered,5/2/2013 16:30,2013,May,Thu,16:30,12:00,5/30/2013 8:52,,,Construction & Maintenance,,,No,,,,,,,,,No,,,,N/A,0,0,0,0,,
19205,Near Miss,Minor or low potential impact,Not Entered,5/2/2013 16:30,2013,May,Thu,16:30,12:00,5/30/2013 8:28,,,Construction & Maintenance,,,No,,,,,,,,,No,,,,N/A,0,0,0,0,,
19235,Near Miss,Minor or low potential impact,Not Entered,5/2/2013 17:30,2013,May,Thu,17:30,12:00,5/31/2013 12:48,,,Construction & Maintenance,,,No,,,,,,,,,No,,,,Hit by a moving vehicle or plant,0,0,0,0,,
19237,Near Miss,Minor or low potential impact,Not Entered,5/3/2013 10:00,2013,May,Fri,10:00,6:00,5/31/2013 13:45,,,Construction & Maintenance,,,No,,,,,,,,,No,,,,Hit by a moving or falling object,0,0,0,0,,
19167,Near Miss,Minor or low potential impact,Not Entered,5/3/2013 11:00,2013,May,Fri,11:00,6:00,5/23/2013 15:21,,,Construction & Maintenance,,,No,,,,,,,,,No,,,,N/A,0,0,0,0,,
19141,Near Miss,Minor or low potential impact,Not Entered,5/3/2013 11:03,2013,May,Fri,11:03,6:00,5/22/2013 16:10,,,Construction & Maintenance,,,No,,,,,,,,,No,,,,Hit by a moving vehicle or plant,0,0,0,0,,
19168,Near Miss,Minor or low potential impact,Not Entered,5/3/2013 16:29,2013,May,Fri,16:29,12:00,5/23/2013 15:41,,,Construction & Maintenance,,,No,,,,,,,,,No,,,,Fell from a height,0,0,0,0,,
19130,Near Miss,Minor or low potential impact,Not Entered,5/4/2013 7:45,2013,May,Sat,7:45,6:00,5/16/2013 16:02,,,Construction & Maintenance,,,Yes,,,,,,,,,No,,,Van,Hit by a moving vehicle or plant,0,0,0,0,,
19166,Near Miss,Minor or low potential impact,Not Entered,5/6/2013 13:05,2013,May,Mon,13:05,12:00,5/23/2013 14:50,,,Construction & Maintenance,,,No,,,,,,,,,No,,,,N/A,0,0,0,0,,
19494,Near Miss,Minor or low potential impact,Not Entered,5/7/2013 7:15,2013,May,Tue,7:15,6:00,7/5/2013 8:34,,,Construction & Maintenance,,,No,,,,,,,,,No,,,,Hit by a moving vehicle or plant,0,0,0,0,,
19239,Near Miss,Minor or low potential impact,Not Entered,5/7/2013 9:20,2013,May,Tue,9:20,6:00,5/31/2013 14:12,,,Construction & Maintenance,,,No,,,,,,,,,No,,,,N/A,0,0,0,0,,
19252,Near Miss,Minor or low potential impact,Not Entered,5/7/2013 10:00,2013,May,Tue,10:00,6:00,6/3/2013 9:31,,,Construction & Maintenance,,,No,,,,,,,,,No,,,,N/A,0,0,0,0,,
19131,Near Miss,Minor or low potential impact,Not Entered,5/7/2013 14:30,2013,May,Tue,14:30,12:00,5/16/2013 16:25,,,Construction & Maintenance,,,No,,,,,,,,,No,,,,Fire,0,0,0,0,,
19238,Near Miss,Minor or low potential impact,Not Entered,5/7/2013 14:45,2013,May,Tue,14:45,12:00,5/31/2013 13:54,,,Construction & Maintenance,,,No,,,,,,,,,No,,,,N/A,0,0,0,0,,
19124,Near Miss,Minor or low potential impact,Not Entered,5/7/2013 14:50,2013,May,Tue,14:50,12:00,5/16/2013 14:01,,,Construction & Maintenance,,,No,,,,,,,,,No,,,,Hit by a moving vehicle or plant,0,0,0,0,,
19125,Near Miss,Minor or low potential impact,Not Entered,5/7/2013 15:00,2013,May,Tue,15:00,12:00,5/16/2013 14:18,,,Construction & Maintenance,,,No,,,,,,,,,No,,,,Hit by a moving vehicle or plant,0,0,0,0,,
19162,Near Miss,Minor or low potential impact,Not Entered,5/8/2013 7:30,2013,May,Wed,7:30,6:00,5/23/2013 13:07,,,Construction & Maintenance,,,No,,,,,,,,,No,,,,N/A,0,0,0,0,,
19195,Near Miss,Minor or low potential impact,Not Entered,5/8/2013 10:15,2013,May,Wed,10:15,6:00,5/29/2013 14:33,,,Construction & Maintenance,,,No,,,,,,,,,No,,,,N/A,0,0,0,0,,
19113,Near Miss,Minor or low potential impact,Not Entered,5/8/2013 11:30,2013,May,Wed,11:30,6:00,5/16/2013 9:14,,,Construction & Maintenance,,,No,,,,,,,,,No,,,,Hit by a moving vehicle or plant,0,0,0,0,,
19121,Near Miss,Minor or low potential impact,Not Entered,5/8/2013 11:35,2013,May,Wed,11:35,6:00,5/16/2013 13:08,,,Construction & Maintenance,,,No,,,,,,,,,No,,,,N/A,0,0,0,0,,
19175,Near Miss,Minor or low potential impact,Not Entered,5/8/2013 14:00,2013,May,Wed,14:00,12:00,5/28/2013 16:56,,,Construction & Maintenance,,,No,,,,,,,,,No,,,,N/A,0,0,0,0,,
19139,Near Miss,Minor or low potential impact,Not Entered,5/8/2013 18:40,2013,May,Wed,18:40,18:00,5/22/2013 15:43,,,Construction & Maintenance,,,No,,,,,,,,,No,,,,N/A,0,0,0,0,,
19274,Near Miss,Minor or low potential impact,Not Entered,5/9/2013 7:30,2013,May,Thu,7:30,6:00,6/5/2013 7:36,,,Construction & Maintenance,,,No,,,,,,,,,No,,,,Hit by a moving vehicle or plant,0,0,0,0,,
19140,Near Miss,Minor or low potential impact,Not Entered,5/9/2013 7:35,2013,May,Thu,7:35,6:00,5/22/2013 15:57,,,Construction & Maintenance,,,No,,,,,,,,,No,,,,N/A,0,0,0,0,,
19496,Near Miss,Minor or low potential impact,Not Entered,5/9/2013 7:45,2013,May,Thu,7:45,6:00,7/5/2013 9:05,,,Construction & Maintenance,,,No,,,,,,,,,No,,,,Hit by a moving vehicle or plant,0,0,0,0,,
19114,Near Miss,Minor or low potential impact,Not Entered,5/9/2013 9:00,2013,May,Thu,9:00,6:00,5/16/2013 9:38,,,Construction & Maintenance,,,No,,,,,,,,,No,,,,Hit by a moving or falling object,0,0,0,0,,
19118,Near Miss,Minor or low potential impact,Not Entered,5/9/2013 9:30,2013,May,Thu,9:30,6:00,5/16/2013 10:34,,,Construction & Maintenance,,,No,,,,,,,,,No,,,,Hit by a moving or falling object,0,0,0,0,,
19240,Near Miss,Minor or low potential impact,Not Entered,5/9/2013 10:00,2013,May,Thu,10:00,6:00,5/31/2013 14:30,,,Construction & Maintenance,,,No,,,,,,,,,No,,,,N/A,0,0,0,0,,
19276,Near Miss,Minor or low potential impact,Not Entered,5/9/2013 11:15,2013,May,Thu,11:15,6:00,6/5/2013 7:54,,,Construction & Maintenance,,,No,,,,,,,,,No,,,,N/A,0,0,0,0,,
19200,Near Miss,Minor or low potential impact,Not Entered,5/9/2013 12:30,2013,May,Thu,12:30,12:00,5/29/2013 16:02,,,Construction & Maintenance,,,No,,,,,,,,,No,,,,N/A,0,0,0,0,,
19198,Near Miss,Minor or low potential impact,Not Entered,5/10/2013 8:00,2013,May,Fri,8:00,6:00,5/29/2013 15:36,,,Construction & Maintenance,,,No,,,,,,,,,No,,,,Hit by a moving or falling object,0,0,0,0,,
19241,Near Miss,Minor or low potential impact,Not Entered,5/10/2013 8:15,2013,May,Fri,8:15,6:00,5/31/2013 14:53,,,Construction & Maintenance,,,No,,,,,,,,,No,,,,N/A,0,0,0,0,,
19183,Near Miss,Minor or low potential impact,Not Entered,5/10/2013 9:30,2013,May,Fri,9:30,6:00,5/29/2013 11:16,,,Construction & Maintenance,,,No,,,,,,,,,No,,,,Hit by a moving vehicle or plant,0,0,0,0,,
19163,Near Miss,Minor or low potential impact,Not Entered,5/10/2013 10:15,2013,May,Fri,10:15,6:00,5/23/2013 13:18,,,Construction & Maintenance,,,No,,,,,,,,,No,,,,N/A,0,0,0,0,,
19193,Near Miss,Minor or low potential impact,Not Entered,5/10/2013 11:00,2013,May,Fri,11:00,6:00,5/29/2013 13:59,,,Construction & Maintenance,,,No,,,,,,,,,No,,,,N/A,0,0,0,0,,
19196,Near Miss,Minor or low potential impact,Not Entered,5/10/2013 11:15,2013,May,Fri,11:15,6:00,5/29/2013 15:05,,,Construction & Maintenance,,,No,,,,,,,,,No,,,,N/A,0,0,0,0,,
19243,Near Miss,Minor or low potential impact,Not Entered,5/10/2013 12:00,2013,May,Fri,12:00,12:00,5/31/2013 15:29,,,Construction & Maintenance,,,No,,,,,,,,,No,,,,N/A,0,0,0,0,,
19242,Near Miss,Minor or low potential impact,Not Entered,5/10/2013 15:50,2013,May,Fri,15:50,12:00,5/31/2013 15:01,,,Construction & Maintenance,,,No,,,,,,,,,No,,,,N/A,0,0,0,0,,
19197,Near Miss,Minor or low potential impact,Not Entered,5/13/2013 8:30,2013,May,Mon,8:30,6:00,5/29/2013 15:18,,,Construction & Maintenance,,,No,,,,,,,,,No,,,,"Fell, slipped, or tripped on same level",0,0,0,0,,
19159,Near Miss,Minor or low potential impact,Not Entered,5/13/2013 9:30,2013,May,Mon,9:30,6:00,5/23/2013 12:12,,,Construction & Maintenance,,,No,,,,,,,,,No,,,,N/A,0,0,0,0,,
19152,Near Miss,Minor or low potential impact,Not Entered,5/13/2013 18:00,2013,May,Mon,18:00,18:00,5/23/2013 9:14,,,Construction & Maintenance,,,No,,,,,,,,,No,,,,Hit by a moving vehicle or plant,0,0,0,0,,