Event ID,Event Type ,Event Subtype,Type of Person,Date/Time of Event,Year,Month,Day of the Week,Time,Time interval (6 hours),Date/Time Reported,Location,Specific Location (include RCC Log no if relevant),Details of actual job being done at the time,Part of Body Affected,Injury Type,Was there a vehicle involved in this event?,Work related,Accident Type,Vehicle Motion,Who was Hit,Weather/Visibility,Surface Condition,Roadbed Grade,Lighting Conditions,Was A Police Report Filed?,Name of Law Enforcement Agency,Preventable,Type,Kind of Event,Expected Lost Workdays (Total),Actual Lost Workdays (Total),Expected Restricted Workdays (Total),Actual Restricted Workdays (Total),Return To Work Date,Sign Off 1
19161,Near Miss,Minor or low potential impact,Not Entered,5/14/2013 9:00,2013,May,Tue,9:00,6:00,5/23/2013 13:01,,,Construction & Maintenance,,,No,,,,,,,,,No,,,,N/A,0,0,0,0,,
19142,Near Miss,Minor or low potential impact,Not Entered,5/14/2013 10:35,2013,May,Tue,10:35,6:00,5/22/2013 16:27,,,Construction & Maintenance,,,No,,,,,,,,,No,,,,Hit by a moving vehicle or plant,0,0,0,0,,
19253,Near Miss,Minor or low potential impact,Not Entered,5/14/2013 12:00,2013,May,Tue,12:00,12:00,6/3/2013 9:51,,,Construction & Maintenance,,,No,,,,,,,,,No,,,,N/A,0,0,0,0,,
19256,Near Miss,Minor or low potential impact,Not Entered,5/14/2013 14:00,2013,May,Tue,14:00,12:00,6/3/2013 10:07,,,Construction & Maintenance,,,No,,,,,,,,,No,,,,Hit by a moving vehicle or plant,0,0,0,0,,
19199,Near Miss,Minor or low potential impact,Not Entered,5/14/2013 15:30,2013,May,Tue,15:30,12:00,5/29/2013 15:47,,,Construction & Maintenance,,,No,,,,,,,,,No,,,,"Fell, slipped, or tripped on same level",0,0,0,0,,
19156,Near Miss,Minor or low potential impact,Not Entered,5/14/2013 22:00,2013,May,Tue,22:00,18:00,5/23/2013 10:17,,,Construction & Maintenance,,,No,,,,,,,,,No,,,,Hit by a moving or falling object,0,0,0,0,,
19301,Near Miss,Minor or low potential impact,Not Entered,5/14/2013 23:30,2013,May,Tue,23:30,18:00,6/5/2013 10:33,,,Construction & Maintenance,,,No,,,,,,,,,No,,,,Hit by a moving vehicle or plant,0,0,0,0,,
19151,Near Miss,Minor or low potential impact,Not Entered,5/15/2013 1:30,2013,May,Wed,1:30,0:00,5/23/2013 8:38,,,Construction & Maintenance,,,No,,,,,,,,,No,,,,N/A,0,0,0,0,,
19259,Near Miss,Minor or low potential impact,Not Entered,5/15/2013 7:55,2013,May,Wed,7:55,6:00,6/3/2013 10:45,,,Construction & Maintenance,,,No,,,,,,,,,No,,,,Hit by a moving vehicle or plant,0,0,0,0,,
19258,Near Miss,Minor or low potential impact,Not Entered,5/15/2013 8:00,2013,May,Wed,8:00,6:00,6/3/2013 10:35,,,Construction & Maintenance,,,No,,,,,,,,,No,,,,N/A,0,0,0,0,,
19191,Near Miss,Minor or low potential impact,Not Entered,5/15/2013 8:00,2013,May,Wed,8:00,6:00,5/29/2013 13:29,,,Construction & Maintenance,,,No,,,,,,,,,No,,,,N/A,0,0,0,0,,
19129,Near Miss,Minor or low potential impact,Not Entered,5/15/2013 9:00,2013,May,Wed,9:00,6:00,5/16/2013 15:40,,,Construction & Maintenance,,,No,,,,,,,,,No,,,,Hit by a moving vehicle or plant,0,0,0,0,,
19160,Near Miss,Minor or low potential impact,Not Entered,5/15/2013 10:20,2013,May,Wed,10:20,6:00,5/23/2013 12:34,,,Construction & Maintenance,,,No,,,,,,,,,No,,,,N/A,0,0,0,0,,
19201,Near Miss,Minor or low potential impact,Not Entered,5/16/2013 9:30,2013,May,Thu,9:30,6:00,5/29/2013 16:15,,,Construction & Maintenance,,,No,,,,,,,,,No,,,,N/A,0,0,0,0,,
19164,Near Miss,Minor or low potential impact,Not Entered,5/16/2013 10:00,2013,May,Thu,10:00,6:00,5/23/2013 13:41,,,Construction & Maintenance,,,No,,,,,,,,,No,,,,Hit by a moving vehicle or plant,0,0,0,0,,
19202,Near Miss,Minor or low potential impact,Not Entered,5/16/2013 11:45,2013,May,Thu,11:45,6:00,5/30/2013 7:25,,,Construction & Maintenance,,,No,,,,,,,,,No,,,,"Fell, slipped, or tripped on same level",0,0,0,0,,
19203,Near Miss,Minor or low potential impact,Not Entered,5/16/2013 12:10,2013,May,Thu,12:10,12:00,5/30/2013 7:41,,,Construction & Maintenance,,,No,,,,,,,,,No,,,,Person exposed to harmful substance,0,0,0,0,,
19204,Near Miss,Minor or low potential impact,Not Entered,5/16/2013 13:30,2013,May,Thu,13:30,12:00,5/30/2013 8:09,,,Construction & Maintenance,,,No,,,,,,,,,No,,,,N/A,0,0,0,0,,
19182,Near Miss,Minor or low potential impact,Not Entered,5/16/2013 14:00,2013,May,Thu,14:00,12:00,5/29/2013 10:54,,,Construction & Maintenance,,,No,,,,,,,,,No,,,,Drowned or asphyxiated ,0,0,0,0,,
19498,Near Miss,Minor or low potential impact,Not Entered,5/16/2013 14:10,2013,May,Thu,14:10,12:00,7/5/2013 12:18,,,Construction & Maintenance,,,No,,,,,,,,,No,,,,"Fell, slipped, or tripped on same level",0,0,0,0,,
19157,Near Miss,Minor or low potential impact,Not Entered,5/16/2013 14:30,2013,May,Thu,14:30,12:00,5/23/2013 10:30,,,Construction & Maintenance,,,No,,,,,,,,,No,,,,N/A,0,0,0,0,,
19262,Near Miss,Minor or low potential impact,Not Entered,5/16/2013 15:30,2013,May,Thu,15:30,12:00,6/3/2013 11:14,,,Construction & Maintenance,,,No,,,,,,,,,No,,,,Hit by a moving or falling object,0,0,0,0,,
19153,Near Miss,Minor or low potential impact,Not Entered,5/16/2013 21:00,2013,May,Thu,21:00,18:00,5/23/2013 10:01,,,Construction & Maintenance,,,No,,,,,,,,,No,,,,N/A,0,0,0,0,,
19260,Near Miss,Minor or low potential impact,Not Entered,5/16/2013 23:00,2013,May,Thu,23:00,18:00,6/3/2013 10:59,,,Construction & Maintenance,,,No,,,,,,,,,No,,,,"Fell, slipped, or tripped on same level",0,0,0,0,,
19165,Near Miss,Minor or low potential impact,Not Entered,5/17/2013 7:30,2013,May,Fri,7:30,6:00,5/23/2013 14:15,,,Construction & Maintenance,,,No,,,,,,,,,No,,,,Hit by a moving vehicle or plant,0,0,0,0,,
19264,Near Miss,Minor or low potential impact,Not Entered,5/17/2013 8:00,2013,May,Fri,8:00,6:00,6/3/2013 11:36,,,Construction & Maintenance,,,No,,,,,,,,,No,,,,"Fell, slipped, or tripped on same level",0,0,0,0,,
19265,Near Miss,Minor or low potential impact,Not Entered,5/17/2013 10:00,2013,May,Fri,10:00,6:00,6/3/2013 12:26,,,Construction & Maintenance,,,No,,,,,,,,,No,,,,Fell from a height,0,0,0,0,,
19209,Near Miss,Minor or low potential impact,Not Entered,5/17/2013 13:00,2013,May,Fri,13:00,12:00,5/30/2013 9:27,,,Construction & Maintenance,,,No,,,,,,,,,No,,,,Fell from a height,0,0,0,0,,
19263,Near Miss,Minor or low potential impact,Not Entered,5/17/2013 16:00,2013,May,Fri,16:00,12:00,6/3/2013 11:28,,,Construction & Maintenance,,,No,,,,,,,,,No,,,,Hit by a moving vehicle or plant,0,0,0,0,,
19210,Near Miss,Minor or low potential impact,Not Entered,5/20/2013 7:30,2013,May,Mon,7:30,6:00,5/30/2013 10:14,,,Construction & Maintenance,,,No,,,,,,,,,No,,,,N/A,0,0,0,0,,
19158,Near Miss,Minor or low potential impact,Not Entered,5/20/2013 8:50,2013,May,Mon,8:50,6:00,5/23/2013 10:55,,,Construction & Maintenance,,,No,,,,,,,,,No,,,,Hit by a moving vehicle or plant,0,0,0,0,,
19214,Near Miss,Minor or low potential impact,Not Entered,5/20/2013 9:00,2013,May,Mon,9:00,6:00,5/30/2013 12:25,,,Construction & Maintenance,,,No,,,,,,,,,No,,,,"Fell, slipped, or tripped on same level",0,0,0,0,,
19213,Near Miss,Minor or low potential impact,Not Entered,5/20/2013 14:00,2013,May,Mon,14:00,12:00,5/30/2013 12:05,,,Construction & Maintenance,,,No,,,,,,,,,No,,,,N/A,0,0,0,0,,
19225,Near Miss,Minor or low potential impact,Not Entered,5/21/2013 7:30,2013,May,Tue,7:30,6:00,5/31/2013 7:52,,,Construction & Maintenance,,,No,,,,,,,,,No,,,,N/A,0,0,0,0,,
19224,Near Miss,Minor or low potential impact,Not Entered,5/21/2013 8:13,2013,May,Tue,8:13,6:00,5/31/2013 7:29,,,Construction & Maintenance,,,No,,,,,,,,,No,,,,N/A,0,0,0,0,,
19223,Near Miss,Minor or low potential impact,Not Entered,5/21/2013 8:20,2013,May,Tue,8:20,6:00,5/31/2013 7:02,,,Construction & Maintenance,,,No,,,,,,,,,No,,,,N/A,0,0,0,0,,
19226,Near Miss,Minor or low potential impact,Not Entered,5/21/2013 8:30,2013,May,Tue,8:30,6:00,5/31/2013 8:06,,,Construction & Maintenance,,,No,,,,,,,,,No,,,,Hit by a moving or falling object,0,0,0,0,,
19218,Near Miss,Minor or low potential impact,Not Entered,5/21/2013 9:30,2013,May,Tue,9:30,6:00,5/30/2013 13:54,,,Construction & Maintenance,,,No,,,,,,,,,No,,,,N/A,0,0,0,0,,
19302,Near Miss,Minor or low potential impact,Not Entered,5/21/2013 10:30,2013,May,Tue,10:30,6:00,6/5/2013 10:38,,,Construction & Maintenance,,,No,,,,,,,,,No,,,,Hit by a moving vehicle or plant,0,0,0,0,,
19501,Near Miss,Minor or low potential impact,Not Entered,5/21/2013 11:00,2013,May,Tue,11:00,6:00,7/5/2013 13:07,,,Construction & Maintenance,,,No,,,,,,,,,No,,,,Hit by a moving vehicle or plant,0,0,0,0,,
19208,Near Miss,Minor or low potential impact,Not Entered,5/21/2013 11:00,2013,May,Tue,11:00,6:00,5/30/2013 9:13,,,Construction & Maintenance,,,No,,,,,,,,,No,,,,Hit by a moving vehicle or plant,0,0,0,0,,
19216,Near Miss,Minor or low potential impact,Not Entered,5/21/2013 11:45,2013,May,Tue,11:45,6:00,5/30/2013 12:47,,,Construction & Maintenance,,,No,,,,,,,,,No,,,,N/A,0,0,0,0,,
19227,Near Miss,Minor or low potential impact,Not Entered,5/21/2013 12:00,2013,May,Tue,12:00,12:00,5/31/2013 8:21,,,Construction & Maintenance,,,No,,,,,,,,,No,,,,N/A,0,0,0,0,,
19217,Near Miss,Minor or low potential impact,Not Entered,5/21/2013 12:15,2013,May,Tue,12:15,12:00,5/30/2013 13:32,,,Construction & Maintenance,,,No,,,,,,,,,No,,,,N/A,0,0,0,0,,
19219,Near Miss,Minor or low potential impact,Not Entered,5/21/2013 12:30,2013,May,Tue,12:30,12:00,5/30/2013 14:09,,,Construction & Maintenance,,,No,,,,,,,,,No,,,,N/A,0,0,0,0,,
19504,Near Miss,Minor or low potential impact,Not Entered,5/21/2013 16:00,2013,May,Tue,16:00,12:00,7/5/2013 13:33,,,Construction & Maintenance,,,No,,,,,,,,,No,,,,N/A,0,0,0,0,,
19221,Near Miss,Minor or low potential impact,Not Entered,5/21/2013 16:00,2013,May,Tue,16:00,12:00,5/30/2013 14:21,,,Construction & Maintenance,,,No,,,,,,,,,No,,,,N/A,0,0,0,0,,
19303,Near Miss,Minor or low potential impact,Not Entered,5/22/2013 9:30,2013,May,Wed,9:30,6:00,6/5/2013 10:45,,,Construction & Maintenance,,,No,,,,,,,,,No,,,,N/A,0,0,0,0,,
19275,Near Miss,Minor or low potential impact,Not Entered,5/22/2013 10:00,2013,May,Wed,10:00,6:00,6/5/2013 7:42,,,Construction & Maintenance,,,No,,,,,,,,,No,,,,"Fell, slipped, or tripped on same level",0,0,0,0,,
19228,Near Miss,Minor or low potential impact,Not Entered,5/22/2013 10:00,2013,May,Wed,10:00,6:00,5/31/2013 8:48,,,Construction & Maintenance,,,No,,,,,,,,,No,,,,Fell from a height,0,0,0,0,,
19500,Near Miss,Minor or low potential impact,Not Entered,5/22/2013 10:30,2013,May,Wed,10:30,6:00,7/5/2013 12:46,,,Construction & Maintenance,,,No,,,,,,,,,No,,,,Hit by a moving vehicle or plant,0,0,0,0,,
19232,Near Miss,Minor or low potential impact,Not Entered,5/22/2013 13:30,2013,May,Wed,13:30,12:00,5/31/2013 9:59,,,Construction & Maintenance,,,No,,,,,,,,,No,,,,N/A,0,0,0,0,,
19230,Near Miss,Minor or low potential impact,Not Entered,5/22/2013 13:30,2013,May,Wed,13:30,12:00,5/31/2013 9:33,,,Construction & Maintenance,,,No,,,,,,,,,No,,,,Fell from a height,0,0,0,0,,
19525,Near Miss,Minor or low potential impact,Not Entered,5/22/2013 15:00,2013,May,Wed,15:00,12:00,7/12/2013 8:24,,,Construction & Maintenance,,,No,,,,,,,,,No,,,,Hit by a moving vehicle or plant,0,0,0,0,,
19499,Near Miss,Minor or low potential impact,Not Entered,5/22/2013 16:00,2013,May,Wed,16:00,12:00,7/5/2013 12:29,,,Construction & Maintenance,,,No,,,,,,,,,No,,,,N/A,0,0,0,0,,
19229,Near Miss,Minor or low potential impact,Not Entered,5/22/2013 17:30,2013,May,Wed,17:30,12:00,5/31/2013 9:13,,,Construction & Maintenance,,,No,,,,,,,,,No,,,,N/A,0,0,0,0,,
19231,Near Miss,Minor or low potential impact,Not Entered,5/22/2013 20:30,2013,May,Wed,20:30,18:00,5/31/2013 9:46,,,Construction & Maintenance,,,Yes,,,,,,,,,No,,,Van,Hit by a moving or falling object,0,0,0,0,,
19251,Near Miss,Minor or low potential impact,Not Entered,5/23/2013 8:20,2013,May,Thu,8:20,6:00,6/3/2013 9:16,,,Construction & Maintenance,,,No,,,,,,,,,No,,,,Hit by a moving vehicle or plant,0,0,0,0,,
19278,Near Miss,Minor or low potential impact,Not Entered,5/23/2013 13:00,2013,May,Thu,13:00,12:00,6/5/2013 8:11,,,Construction & Maintenance,,,No,,,,,,,,,No,,,,Hit by a moving vehicle or plant,0,0,0,0,,
19233,Near Miss,Minor or low potential impact,Not Entered,5/23/2013 13:30,2013,May,Thu,13:30,12:00,5/31/2013 10:38,,,Construction & Maintenance,,,No,,,,,,,,,No,,,,N/A,0,0,0,0,,
19273,Near Miss,Minor or low potential impact,Not Entered,5/23/2013 16:52,2013,May,Thu,16:52,12:00,6/5/2013 7:23,,,Construction & Maintenance,,,No,,,,,,,,,No,,,,N/A,0,0,0,0,,
19279,Near Miss,Minor or low potential impact,Not Entered,5/24/2013 17:00,2013,May,Fri,17:00,12:00,6/5/2013 8:18,,,Construction & Maintenance,,,No,,,,,,,,,No,,,,N/A,0,0,0,0,,
19271,Near Miss,Minor or low potential impact,Not Entered,5/25/2013 10:30,2013,May,Sat,10:30,6:00,6/3/2013 14:02,,,Construction & Maintenance,,,No,,,,,,,,,No,,,,Hit by a moving or falling object,0,0,0,0,,
19234,Near Miss,Minor or low potential impact,Not Entered,5/26/2013 8:50,2013,May,Sun,8:50,6:00,5/31/2013 11:02,,,Construction & Maintenance,,,No,,,,,,,,,No,,,,Hit by a moving vehicle or plant,0,0,0,0,,
19211,Near Miss,Minor or low potential impact,Not Entered,5/26/2013 13:30,2013,May,Sun,13:30,12:00,5/30/2013 10:46,,,Construction & Maintenance,,,No,,,,,,,,,No,,,,Hit by a moving or falling object,0,0,0,0,,
19299,Near Miss,Minor or low potential impact,Not Entered,5/28/2013 8:00,2013,May,Tue,8:00,6:00,6/5/2013 10:22,,,Construction & Maintenance,,,No,,,,,,,,,No,,,,N/A,0,0,0,0,,
19295,Near Miss,Minor or low potential impact,Not Entered,5/28/2013 8:30,2013,May,Tue,8:30,6:00,6/5/2013 9:56,,,Construction & Maintenance,,,No,,,,,,,,,No,,,,N/A,0,0,0,0,,
19300,Near Miss,Minor or low potential impact,Not Entered,5/28/2013 10:00,2013,May,Tue,10:00,6:00,6/5/2013 10:28,,,Construction & Maintenance,,,No,,,,,,,,,No,,,,Hit by a moving vehicle or plant,0,0,0,0,,
19297,Near Miss,Minor or low potential impact,Not Entered,5/28/2013 10:00,2013,May,Tue,10:00,6:00,6/5/2013 10:09,,,Construction & Maintenance,,,No,,,,,,,,,No,,,,Hit by a moving or falling object,0,0,0,0,,
19267,Near Miss,Minor or low potential impact,Not Entered,5/28/2013 16:30,2013,May,Tue,16:30,12:00,6/3/2013 12:49,,,Construction & Maintenance,,,No,,,,,,,,,No,,,,Fell from a height,0,0,0,0,,
19298,Near Miss,Minor or low potential impact,Not Entered,5/29/2013 7:30,2013,May,Wed,7:30,6:00,6/5/2013 10:16,,,Construction & Maintenance,,,No,,,,,,,,,No,,,,N/A,0,0,0,0,,
19268,Near Miss,Minor or low potential impact,Not Entered,5/29/2013 8:00,2013,May,Wed,8:00,6:00,6/3/2013 13:01,,,Construction & Maintenance,,,No,,,,,,,,,No,,,,N/A,0,0,0,0,,
19285,Near Miss,Minor or low potential impact,Not Entered,5/29/2013 9:30,2013,May,Wed,9:30,6:00,6/5/2013 8:54,,,Construction & Maintenance,,,No,,,,,,,,,No,,,,N/A,0,0,0,0,,
19296,Near Miss,Minor or low potential impact,Not Entered,5/29/2013 11:00,2013,May,Wed,11:00,6:00,6/5/2013 10:02,,,Construction & Maintenance,,,No,,,,,,,,,No,,,,Hit by a moving or falling object,0,0,0,0,,
19293,Near Miss,Minor or low potential impact,Not Entered,5/29/2013 12:20,2013,May,Wed,12:20,12:00,6/5/2013 9:41,,,Construction & Maintenance,,,No,,,,,,,,,No,,,,Hit by a moving vehicle or plant,0,0,0,0,,
19291,Near Miss,Minor or low potential impact,Not Entered,5/29/2013 15:00,2013,May,Wed,15:00,12:00,6/5/2013 9:36,,,Construction & Maintenance,,,No,,,,,,,,,No,,,,N/A,0,0,0,0,,
19288,Near Miss,Minor or low potential impact,Not Entered,5/30/2013 8:30,2013,May,Thu,8:30,6:00,6/5/2013 9:13,,,Construction & Maintenance,,,No,,,,,,,,,No,,,,Hit by a moving or falling object,0,0,0,0,,
19287,Near Miss,Minor or low potential impact,Not Entered,5/30/2013 8:30,2013,May,Thu,8:30,6:00,6/5/2013 9:09,,,Construction & Maintenance,,,No,,,,,,,,,No,,,,Hit by a moving or falling object,0,0,0,0,,
19290,Near Miss,Minor or low potential impact,Not Entered,5/30/2013 9:00,2013,May,Thu,9:00,6:00,6/5/2013 9:32,,,Construction & Maintenance,,,No,,,,,,,,,No,,,,Hit by a moving vehicle or plant,0,0,0,0,,
19286,Near Miss,Minor or low potential impact,Not Entered,5/30/2013 9:00,2013,May,Thu,9:00,6:00,6/5/2013 9:01,,,Construction & Maintenance,,,Yes,,,,,,,,,No,,,Car,Hit by a moving vehicle or plant,0,0,0,0,,
19505,Near Miss,Minor or low potential impact,Not Entered,5/31/2013 7:45,2013,May,Fri,7:45,6:00,7/5/2013 14:22,,,Construction & Maintenance,,,No,,,,,,,,,No,,,,N/A,0,0,0,0,,
19289,Near Miss,Minor or low potential impact,Not Entered,5/31/2013 8:30,2013,May,Fri,8:30,6:00,6/5/2013 9:21,,,Construction & Maintenance,,,No,,,,,,,,,No,,,,N/A,0,0,0,0,,
19269,Near Miss,Minor or low potential impact,Not Entered,5/31/2013 9:10,2013,May,Fri,9:10,6:00,6/3/2013 13:17,,,Construction & Maintenance,,,No,,,,,,,,,No,,,,Hit by a moving vehicle or plant,0,0,0,0,,
19294,Near Miss,Minor or low potential impact,Not Entered,5/31/2013 9:30,2013,May,Fri,9:30,6:00,6/5/2013 9:51,,,Construction & Maintenance,,,No,,,,,,,,,No,,,,Hit by a moving or falling object,0,0,0,0,,
19270,Near Miss,Minor or low potential impact,Not Entered,5/31/2013 11:05,2013,May,Fri,11:05,6:00,6/3/2013 13:38,,,Construction & Maintenance,,,No,,,,,,,,,No,,,,Hit by a moving vehicle or plant,0,0,0,0,,
19550,Near Miss,Minor or low potential impact,Not Entered,5/31/2013 11:10,2013,May,Fri,11:10,6:00,7/15/2013 16:14,,,Construction & Maintenance,,,No,,,,,,,,,No,,,,N/A,0,0,0,0,,
19493,Near Miss,Minor or low potential impact,Not Entered,5/31/2013 12:33,2013,May,Fri,12:33,12:00,7/5/2013 8:02,,,Construction & Maintenance,,,No,,,,,,,,,No,,,,Hit by a moving vehicle or plant,0,0,0,0,,
19281,Near Miss,Minor or low potential impact,Not Entered,5/31/2013 13:30,2013,May,Fri,13:30,12:00,6/5/2013 8:24,,,Construction & Maintenance,,,No,,,,,,,,,No,,,,Person exposed to harmful substance,0,0,0,0,,
19283,Near Miss,Minor or low potential impact,Not Entered,5/31/2013 16:00,2013,May,Fri,16:00,12:00,6/5/2013 8:30,,,Construction & Maintenance,,,No,,,,,,,,,No,,,,N/A,0,0,0,0,,
19312,Near Miss,Minor or low potential impact,Not Entered,6/3/2013 8:00,2013,Jun,Mon,8:00,6:00,6/7/2013 13:40,,,Construction & Maintenance,,,No,,,,,,,,,No,,,,N/A,0,0,0,0,,
19460,Near Miss,Minor or low potential impact,Not Entered,6/3/2013 11:00,2013,Jun,Mon,11:00,6:00,7/3/2013 12:07,,,Construction & Maintenance,,,No,,,,,,,,,No,,,,Hit by a moving vehicle or plant,0,0,0,0,,
19314,Near Miss,Minor or low potential impact,Not Entered,6/3/2013 14:30,2013,Jun,Mon,14:30,12:00,6/7/2013 13:58,,,Construction & Maintenance,,,No,,,,,,,,,No,,,,Hit by a moving or falling object,0,0,0,0,,
19530,Near Miss,Minor or low potential impact,Not Entered,6/4/2013 8:00,2013,Jun,Tue,8:00,6:00,7/12/2013 10:02,,,Construction & Maintenance,,,No,,,,,,,,,No,,,,Fell from a height,0,0,0,0,,
19357,Near Miss,Minor or low potential impact,Not Entered,6/4/2013 8:00,2013,Jun,Tue,8:00,6:00,6/21/2013 11:23,,,Construction & Maintenance,,,No,,,,,,,,,No,,,,N/A,0,0,0,0,,
19536,Near Miss,Minor or low potential impact,Not Entered,6/4/2013 8:30,2013,Jun,Tue,8:30,6:00,7/12/2013 11:25,,,Construction & Maintenance,,,No,,,,,,,,,No,,,,Hit by a moving vehicle or plant,0,0,0,0,,
19462,Near Miss,Minor or low potential impact,Not Entered,6/4/2013 8:45,2013,Jun,Tue,8:45,6:00,7/3/2013 12:30,,,Construction & Maintenance,,,No,,,,,,,,,No,,,,N/A,0,0,0,0,,
19449,Near Miss,Minor or low potential impact,Not Entered,6/4/2013 9:30,2013,Jun,Tue,9:30,6:00,7/3/2013 8:13,,,Construction & Maintenance,,,No,,,,,,,,,No,,,,N/A,0,0,0,0,,
19472,Near Miss,Minor or low potential impact,Not Entered,6/4/2013 10:00,2013,Jun,Tue,10:00,6:00,7/3/2013 14:37,,,Construction & Maintenance,,,No,,,,,,,,,No,,,,"Fell, slipped, or tripped on same level",0,0,0,0,,
19463,Near Miss,Minor or low potential impact,Not Entered,6/4/2013 10:30,2013,Jun,Tue,10:30,6:00,7/3/2013 12:45,,,Construction & Maintenance,,,No,,,,,,,,,No,,,,N/A,0,0,0,0,,
19311,Near Miss,Minor or low potential impact,Not Entered,6/4/2013 10:30,2013,Jun,Tue,10:30,6:00,6/7/2013 13:28,,,Construction & Maintenance,,,No,,,,,,,,,No,,,,"Fell, slipped, or tripped on same level",0,0,0,0,,
19532,Near Miss,Minor or low potential impact,Not Entered,6/4/2013 10:45,2013,Jun,Tue,10:45,6:00,7/12/2013 10:29,,,Construction & Maintenance,,,No,,,,,,,,,No,,,,N/A,0,0,0,0,,
19313,Near Miss,Minor or low potential impact,Not Entered,6/4/2013 11:25,2013,Jun,Tue,11:25,6:00,6/7/2013 13:49,,,Construction & Maintenance,,,No,,,,,,,,,No,,,,Hit by a moving vehicle or plant,0,0,0,0,,
19486,Near Miss,Minor or low potential impact,Not Entered,6/4/2013 13:30,2013,Jun,Tue,13:30,12:00,7/3/2013 17:24,,,Construction & Maintenance,,,No,,,,,,,,,No,,,,N/A,0,0,0,0,,
19359,Near Miss,Minor or low potential impact,Not Entered,6/4/2013 16:30,2013,Jun,Tue,16:30,12:00,6/21/2013 12:29,,,Construction & Maintenance,,,No,,,,,,,,,No,,,,N/A,0,0,0,0,,
19485,Near Miss,Minor or low potential impact,Not Entered,6/4/2013 16:35,2013,Jun,Tue,16:35,12:00,7/3/2013 17:17,,,Construction & Maintenance,,,No,,,,,,,,,No,,,,N/A,0,0,0,0,,
19452,Near Miss,Minor or low potential impact,Not Entered,6/5/2013 7:47,2013,Jun,Wed,7:47,6:00,7/3/2013 9:16,,,Construction & Maintenance,,,No,,,,,,,,,No,,,,N/A,0,0,0,0,,
19365,Near Miss,Minor or low potential impact,Not Entered,6/5/2013 8:00,2013,Jun,Wed,8:00,6:00,6/21/2013 13:55,,,Construction & Maintenance,,,No,,,,,,,,,No,,,,N/A,0,0,0,0,,
19478,Near Miss,Minor or low potential impact,Not Entered,6/5/2013 10:30,2013,Jun,Wed,10:30,6:00,7/3/2013 15:46,,,Construction & Maintenance,,,No,,,,,,,,,No,,,,N/A,0,0,0,0,,
19459,Near Miss,Minor or low potential impact,Not Entered,6/5/2013 10:30,2013,Jun,Wed,10:30,6:00,7/3/2013 11:29,,,Construction & Maintenance,,,No,,,,,,,,,No,,,,Hit by a moving or falling object,0,0,0,0,,
19369,Near Miss,Minor or low potential impact,Not Entered,6/5/2013 11:00,2013,Jun,Wed,11:00,6:00,6/21/2013 14:29,,,Construction & Maintenance,,,No,,,,,,,,,No,,,,N/A,0,0,0,0,,
19457,Near Miss,Minor or low potential impact,Not Entered,6/5/2013 11:15,2013,Jun,Wed,11:15,6:00,7/3/2013 10:50,,,Construction & Maintenance,,,No,,,,,,,,,No,,,,N/A,0,0,0,0,,
19534,Near Miss,Minor or low potential impact,Not Entered,6/5/2013 11:30,2013,Jun,Wed,11:30,6:00,7/12/2013 11:16,,,Construction & Maintenance,,,No,,,,,,,,,No,,,,N/A,0,0,0,0,,
19583,Near Miss,Minor or low potential impact,Not Entered,6/5/2013 12:00,2013,Jun,Wed,12:00,12:00,7/19/2013 11:16,,,Construction & Maintenance,,,No,,,,,,,,,No,,,,N/A,0,0,0,0,,
19466,Near Miss,Minor or low potential impact,Not Entered,6/5/2013 12:00,2013,Jun,Wed,12:00,12:00,7/3/2013 13:02,,,Construction & Maintenance,,,No,,,,,,,,,No,,,,Hit by a moving or falling object,0,0,0,0,,
19315,Near Miss,Minor or low potential impact,Not Entered,6/5/2013 15:00,2013,Jun,Wed,15:00,12:00,6/7/2013 14:39,,,Construction & Maintenance,,,No,,,,,,,,,No,,,,N/A,0,0,0,0,,
19471,Near Miss,Minor or low potential impact,Not Entered,6/5/2013 15:14,2013,Jun,Wed,15:14,12:00,7/3/2013 14:22,,,Construction & Maintenance,,,No,,,,,,,,,No,,,,Hit by a moving vehicle or plant,0,0,0,0,,
19363,Near Miss,Minor or low potential impact,Not Entered,6/6/2013 6:50,2013,Jun,Thu,6:50,6:00,6/21/2013 13:34,,,Construction & Maintenance,,,No,,,,,,,,,No,,,,Hit by a moving vehicle or plant,0,0,0,0,,
19458,Near Miss,Minor or low potential impact,Not Entered,6/6/2013 7:30,2013,Jun,Thu,7:30,6:00,7/3/2013 11:13,,,Construction & Maintenance,,,No,,,,,,,,,No,,,,Hit by a moving or falling object,0,0,0,0,,
19461,Near Miss,Minor or low potential impact,Not Entered,6/6/2013 12:15,2013,Jun,Thu,12:15,12:00,7/3/2013 12:19,,,Construction & Maintenance,,,No,,,,,,,,,No,,,,N/A,0,0,0,0,,
19768,Near Miss,Minor or low potential impact,Not Entered,6/6/2013 13:20,2013,Jun,Thu,13:20,12:00,8/9/2013 14:19,,,Construction & Maintenance,,,No,,,,,,,,,No,,,,Hit by a moving vehicle or plant,0,0,0,0,,
19766,Near Miss,Minor or low potential impact,Not Entered,6/6/2013 15:40,2013,Jun,Thu,15:40,12:00,8/9/2013 10:51,,,Construction & Maintenance,,,No,,,,,,,,,No,,,,N/A,0,0,0,0,,
19367,Near Miss,Minor or low potential impact,Not Entered,6/6/2013 17:00,2013,Jun,Thu,17:00,12:00,6/21/2013 14:14,,,Construction & Maintenance,,,No,,,,,,,,,No,,,,Hit by a moving vehicle or plant,0,0,0,0,,
19356,Near Miss,Minor or low potential impact,Not Entered,6/6/2013 21:30,2013,Jun,Thu,21:30,18:00,6/21/2013 11:06,,,Construction & Maintenance,,,No,,,,,,,,,No,,,,Hit by a moving vehicle or plant,0,0,0,0,,
19553,Near Miss,Minor or low potential impact,Not Entered,6/7/2013 8:00,2013,Jun,Fri,8:00,6:00,7/16/2013 7:55,,,Construction & Maintenance,,,No,,,,,,,,,No,,,,Hit by a moving vehicle or plant,0,0,0,0,,