Event ID,Event Type ,Event Subtype,Type of Person,Date/Time of Event,Year,Month,Day of the Week,Time,Time interval (6 hours),Date/Time Reported,Location,Specific Location (include RCC Log no if relevant),Details of actual job being done at the time,Part of Body Affected,Injury Type,Was there a vehicle involved in this event?,Work related,Accident Type,Vehicle Motion,Who was Hit,Weather/Visibility,Surface Condition,Roadbed Grade,Lighting Conditions,Was A Police Report Filed?,Name of Law Enforcement Agency,Preventable,Type,Kind of Event,Expected Lost Workdays (Total),Actual Lost Workdays (Total),Expected Restricted Workdays (Total),Actual Restricted Workdays (Total),Return To Work Date,Sign Off 1
19467,Near Miss,Minor or low potential impact,Not Entered,6/7/2013 10:00,2013,Jun,Fri,10:00,6:00,7/3/2013 13:23,,,Construction & Maintenance,,,No,,,,,,,,,No,,,,N/A,0,0,0,0,,
19454,Near Miss,Minor or low potential impact,Not Entered,6/7/2013 10:15,2013,Jun,Fri,10:15,6:00,7/3/2013 9:53,,,Construction & Maintenance,,,No,,,,,,,,,No,,,,N/A,0,0,0,0,,
19557,Near Miss,Minor or low potential impact,Not Entered,6/7/2013 12:00,2013,Jun,Fri,12:00,12:00,7/16/2013 12:53,,,Construction & Maintenance,,,No,,,,,,,,,No,,,,Hit by a moving vehicle or plant,0,0,0,0,,
19337,Near Miss,Minor or low potential impact,Not Entered,6/7/2013 13:30,2013,Jun,Fri,13:30,12:00,6/18/2013 9:43,,,Construction & Maintenance,,,No,,,,,,,,,No,,,,"Fell, slipped, or tripped on same level",0,0,0,0,,
19479,Near Miss,Minor or low potential impact,Not Entered,6/8/2013 7:40,2013,Jun,Sat,7:40,6:00,7/3/2013 15:56,,,Construction & Maintenance,,,No,,,,,,,,,No,,,,N/A,0,0,0,0,,
19577,Near Miss,Minor or low potential impact,Not Entered,6/8/2013 13:50,2013,Jun,Sat,13:50,12:00,7/19/2013 9:17,,,Construction & Maintenance,,,No,,,,,,,,,No,,,,Person exposed to harmful substance,0,0,0,0,,
19455,Near Miss,Minor or low potential impact,Not Entered,6/10/2013 10:20,2013,Jun,Mon,10:20,6:00,7/3/2013 10:04,,,Construction & Maintenance,,,No,,,,,,,,,No,,,,N/A,0,0,0,0,,
19347,Near Miss,Minor or low potential impact,Not Entered,6/10/2013 10:30,2013,Jun,Mon,10:30,6:00,6/20/2013 11:34,,,Construction & Maintenance,,,No,,,,,,,,,No,,,,N/A,0,0,0,0,,
19476,Near Miss,Minor or low potential impact,Not Entered,6/10/2013 10:45,2013,Jun,Mon,10:45,6:00,7/3/2013 15:26,,,Construction & Maintenance,,,No,,,,,,,,,No,,,,N/A,0,0,0,0,,
19473,Near Miss,Minor or low potential impact,Not Entered,6/10/2013 11:30,2013,Jun,Mon,11:30,6:00,7/3/2013 14:51,,,Construction & Maintenance,,,No,,,,,,,,,No,,,,N/A,0,0,0,0,,
19556,Near Miss,Minor or low potential impact,Not Entered,6/11/2013 8:00,2013,Jun,Tue,8:00,6:00,7/16/2013 9:41,,,Construction & Maintenance,,,No,,,,,,,,,No,,,,Person exposed to harmful substance,0,0,0,0,,
19484,Near Miss,Minor or low potential impact,Not Entered,6/11/2013 12:35,2013,Jun,Tue,12:35,12:00,7/3/2013 17:05,,,Construction & Maintenance,,,No,,,,,,,,,No,,,,N/A,0,0,0,0,,
19352,Near Miss,Minor or low potential impact,Not Entered,6/12/2013 7:00,2013,Jun,Wed,7:00,6:00,6/21/2013 7:31,,,Construction & Maintenance,,,No,,,,,,,,,No,,,,Hit by a moving vehicle or plant,0,0,0,0,,
19477,Near Miss,Minor or low potential impact,Not Entered,6/12/2013 7:30,2013,Jun,Wed,7:30,6:00,7/3/2013 15:34,,,Construction & Maintenance,,,No,,,,,,,,,No,,,,Person exposed to harmful substance,0,0,0,0,,
19468,Near Miss,Minor or low potential impact,Not Entered,6/12/2013 8:00,2013,Jun,Wed,8:00,6:00,7/3/2013 13:32,,,Construction & Maintenance,,,No,,,,,,,,,No,,,,Hit by a moving vehicle or plant,0,0,0,0,,
19351,Near Miss,Minor or low potential impact,Not Entered,6/12/2013 8:00,2013,Jun,Wed,8:00,6:00,6/20/2013 16:42,,,Construction & Maintenance,,,No,,,,,,,,,No,,,,N/A,0,0,0,0,,
19453,Near Miss,Minor or low potential impact,Not Entered,6/12/2013 9:29,2013,Jun,Wed,9:29,6:00,7/3/2013 9:32,,,Construction & Maintenance,,,No,,,,,,,,,No,,,,N/A,0,0,0,0,,
19344,Near Miss,Minor or low potential impact,Not Entered,6/12/2013 10:00,2013,Jun,Wed,10:00,6:00,6/20/2013 10:54,,,Construction & Maintenance,,,No,,,,,,,,,No,,,,N/A,0,0,0,0,,
19448,Near Miss,Minor or low potential impact,Not Entered,6/12/2013 11:15,2013,Jun,Wed,11:15,6:00,7/3/2013 7:53,,,Construction & Maintenance,,,No,,,,,,,,,No,,,,N/A,0,0,0,0,,
19554,Near Miss,Minor or low potential impact,Not Entered,6/12/2013 12:10,2013,Jun,Wed,12:10,12:00,7/16/2013 8:25,,,Construction & Maintenance,,,No,,,,,,,,,No,,,,Hit by a moving or falling object,0,0,0,0,,
19346,Near Miss,Minor or low potential impact,Not Entered,6/12/2013 12:15,2013,Jun,Wed,12:15,12:00,6/20/2013 11:22,,,Construction & Maintenance,,,No,,,,,,,,,No,,,,N/A,0,0,0,0,,
19551,Near Miss,Minor or low potential impact,Not Entered,6/12/2013 17:00,2013,Jun,Wed,17:00,12:00,7/15/2013 16:40,,,Construction & Maintenance,,,No,,,,,,,,,No,,,,Hit by a moving or falling object,0,0,0,0,,
19350,Near Miss,Minor or low potential impact,Not Entered,6/12/2013 18:00,2013,Jun,Wed,18:00,18:00,6/20/2013 16:34,,,Construction & Maintenance,,,No,,,,,,,,,No,,,,N/A,0,0,0,0,,
19354,Near Miss,Minor or low potential impact,Not Entered,6/13/2013 6:30,2013,Jun,Thu,6:30,6:00,6/21/2013 7:44,,,Construction & Maintenance,,,No,,,,,,,,,No,,,,N/A,0,0,0,0,,
19353,Near Miss,Minor or low potential impact,Not Entered,6/13/2013 7:30,2013,Jun,Thu,7:30,6:00,6/21/2013 7:36,,,Construction & Maintenance,,,No,,,,,,,,,No,,,,N/A,0,0,0,0,,
19345,Near Miss,Minor or low potential impact,Not Entered,6/13/2013 7:50,2013,Jun,Thu,7:50,6:00,6/20/2013 11:15,,,Construction & Maintenance,,,No,,,,,,,,,No,,,,N/A,0,0,0,0,,
19481,Near Miss,Minor or low potential impact,Not Entered,6/13/2013 8:00,2013,Jun,Thu,8:00,6:00,7/3/2013 16:22,,,Construction & Maintenance,,,No,,,,,,,,,No,,,,Hit by a moving or falling object,0,0,0,0,,
19576,Near Miss,Minor or low potential impact,Not Entered,6/13/2013 10:00,2013,Jun,Thu,10:00,6:00,7/19/2013 9:05,,,Construction & Maintenance,,,No,,,,,,,,,No,,,,Hit by a moving vehicle or plant,0,0,0,0,,
19336,Near Miss,Minor or low potential impact,Not Entered,6/13/2013 11:00,2013,Jun,Thu,11:00,6:00,6/18/2013 9:28,,,Construction & Maintenance,,,No,,,,,,,,,No,,,,Collision with fixed or stationary object or material,0,0,0,0,,
19474,Near Miss,Minor or low potential impact,Not Entered,6/13/2013 13:00,2013,Jun,Thu,13:00,12:00,7/3/2013 15:02,,,Construction & Maintenance,,,No,,,,,,,,,No,,,,Fell from a height,0,0,0,0,,
19531,Near Miss,Minor or low potential impact,Not Entered,6/14/2013 8:30,2013,Jun,Fri,8:30,6:00,7/12/2013 10:12,,,Construction & Maintenance,,,No,,,,,,,,,No,,,,N/A,0,0,0,0,,
19581,Near Miss,Minor or low potential impact,Not Entered,6/14/2013 10:30,2013,Jun,Fri,10:30,6:00,7/19/2013 10:53,,,Construction & Maintenance,,,No,,,,,,,,,No,,,,N/A,0,0,0,0,,
19483,Near Miss,Minor or low potential impact,Not Entered,6/14/2013 11:00,2013,Jun,Fri,11:00,6:00,7/3/2013 16:42,,,Construction & Maintenance,,,No,,,,,,,,,No,,,,Hit by a moving vehicle or plant,0,0,0,0,,
19482,Near Miss,Minor or low potential impact,Not Entered,6/14/2013 11:20,2013,Jun,Fri,11:20,6:00,7/3/2013 16:31,,,Construction & Maintenance,,,No,,,,,,,,,No,,,,Hit by a moving vehicle or plant,0,0,0,0,,
19475,Near Miss,Minor or low potential impact,Not Entered,6/14/2013 11:45,2013,Jun,Fri,11:45,6:00,7/3/2013 15:19,,,Construction & Maintenance,,,No,,,,,,,,,No,,,,N/A,0,0,0,0,,
19480,Near Miss,Minor or low potential impact,Not Entered,6/14/2013 12:30,2013,Jun,Fri,12:30,12:00,7/3/2013 16:09,,,Construction & Maintenance,,,No,,,,,,,,,No,,,,Hit by a moving vehicle or plant,0,0,0,0,,
19456,Near Miss,Minor or low potential impact,Not Entered,6/14/2013 15:30,2013,Jun,Fri,15:30,12:00,7/3/2013 10:15,,,Construction & Maintenance,,,No,,,,,,,,,No,,,,Hit by a moving vehicle or plant,0,0,0,0,,
19578,Near Miss,Minor or low potential impact,Not Entered,6/14/2013 19:00,2013,Jun,Fri,19:00,18:00,7/19/2013 9:47,,,Construction & Maintenance,,,No,,,,,,,,,No,,,,"Fell, slipped, or tripped on same level",0,0,0,0,,
19389,Near Miss,Minor or low potential impact,Not Entered,6/17/2013 7:35,2013,Jun,Mon,7:35,6:00,6/28/2013 9:58,,,Construction & Maintenance,,,No,,,,,,,,,No,,,,"Fell, slipped, or tripped on same level",0,0,0,0,,
19580,Near Miss,Minor or low potential impact,Not Entered,6/17/2013 17:05,2013,Jun,Mon,17:05,12:00,7/19/2013 10:31,,,Construction & Maintenance,,,No,,,,,,,,,No,,,,Hit by a moving vehicle or plant,0,0,0,0,,
19408,Near Miss,Minor or low potential impact,Not Entered,6/18/2013 7:30,2013,Jun,Tue,7:30,6:00,7/1/2013 10:17,,,Construction & Maintenance,,,No,,,,,,,,,No,,,,"Structure, trench, or scaffold collapse",0,0,0,0,,
19386,Near Miss,Minor or low potential impact,Not Entered,6/18/2013 8:30,2013,Jun,Tue,8:30,6:00,6/28/2013 9:32,,,Construction & Maintenance,,,No,,,,,,,,,No,,,,Hit by a moving vehicle or plant,0,0,0,0,,
19406,Near Miss,Minor or low potential impact,Not Entered,6/18/2013 10:00,2013,Jun,Tue,10:00,6:00,7/1/2013 9:56,,,Construction & Maintenance,,,No,,,,,,,,,No,,,,Hit by a moving or falling object,0,0,0,0,,
19383,Near Miss,Minor or low potential impact,Not Entered,6/18/2013 10:30,2013,Jun,Tue,10:30,6:00,6/28/2013 9:07,,,Construction & Maintenance,,,No,,,,,,,,,No,,,,N/A,0,0,0,0,,
19384,Near Miss,Minor or low potential impact,Not Entered,6/19/2013 3:00,2013,Jun,Wed,3:00,0:00,6/28/2013 9:13,,,Construction & Maintenance,,,No,,,,,,,,,No,,,,N/A,0,0,0,0,,
19378,Near Miss,Minor or low potential impact,Not Entered,6/19/2013 7:30,2013,Jun,Wed,7:30,6:00,6/27/2013 16:35,,,Construction & Maintenance,,,No,,,,,,,,,No,,,,"Fell, slipped, or tripped on same level",0,0,0,0,,
19451,Near Miss,Minor or low potential impact,Not Entered,6/19/2013 8:15,2013,Jun,Wed,8:15,6:00,7/3/2013 9:04,,,Construction & Maintenance,,,No,,,,,,,,,No,,,,N/A,0,0,0,0,,
19450,Near Miss,Minor or low potential impact,Not Entered,6/19/2013 8:25,2013,Jun,Wed,8:25,6:00,7/3/2013 8:35,,,Construction & Maintenance,,,No,,,,,,,,,No,,,,N/A,0,0,0,0,,
19385,Near Miss,Minor or low potential impact,Not Entered,6/19/2013 8:27,2013,Jun,Wed,8:27,6:00,6/28/2013 9:19,,,Construction & Maintenance,,,No,,,,,,,,,No,,,,N/A,0,0,0,0,,
19409,Near Miss,Minor or low potential impact,Not Entered,6/19/2013 8:30,2013,Jun,Wed,8:30,6:00,7/1/2013 10:24,,,Construction & Maintenance,,,No,,,,,,,,,No,,,,Hit by a moving vehicle or plant,0,0,0,0,,
19407,Near Miss,Minor or low potential impact,Not Entered,6/19/2013 9:00,2013,Jun,Wed,9:00,6:00,7/1/2013 10:08,,,Construction & Maintenance,,,No,,,,,,,,,No,,,,N/A,0,0,0,0,,
19470,Near Miss,Minor or low potential impact,Not Entered,6/19/2013 10:00,2013,Jun,Wed,10:00,6:00,7/3/2013 14:13,,,Construction & Maintenance,,,No,,,,,,,,,No,,,,N/A,0,0,0,0,,
19380,Near Miss,Minor or low potential impact,Not Entered,6/19/2013 14:00,2013,Jun,Wed,14:00,12:00,6/27/2013 16:52,,,Construction & Maintenance,,,No,,,,,,,,,No,,,,Hit by a moving or falling object,0,0,0,0,,
19390,Near Miss,Minor or low potential impact,Not Entered,6/19/2013 14:30,2013,Jun,Wed,14:30,12:00,6/28/2013 10:10,,,Construction & Maintenance,,,No,,,,,,,,,No,,,,N/A,0,0,0,0,,
19388,Near Miss,Minor or low potential impact,Not Entered,6/19/2013 15:00,2013,Jun,Wed,15:00,12:00,6/28/2013 9:50,,,Construction & Maintenance,,,No,,,,,,,,,No,,,,Hit by a moving or falling object,0,0,0,0,,
19379,Near Miss,Minor or low potential impact,Not Entered,6/19/2013 15:20,2013,Jun,Wed,15:20,12:00,6/27/2013 16:41,,,Construction & Maintenance,,,No,,,,,,,,,No,,,,N/A,0,0,0,0,,
19412,Near Miss,Minor or low potential impact,Not Entered,6/19/2013 17:00,2013,Jun,Wed,17:00,12:00,7/1/2013 10:46,,,Construction & Maintenance,,,No,,,,,,,,,No,,,,N/A,0,0,0,0,,
19469,Near Miss,Minor or low potential impact,Not Entered,6/20/2013 9:15,2013,Jun,Thu,9:15,6:00,7/3/2013 13:53,,,Construction & Maintenance,,,No,,,,,,,,,No,,,,"Structure, trench, or scaffold collapse",0,0,0,0,,
19413,Near Miss,Minor or low potential impact,Not Entered,6/20/2013 13:00,2013,Jun,Thu,13:00,12:00,7/1/2013 11:00,,,Construction & Maintenance,,,No,,,,,,,,,No,,,,N/A,0,0,0,0,,
19411,Near Miss,Minor or low potential impact,Not Entered,6/20/2013 13:00,2013,Jun,Thu,13:00,12:00,7/1/2013 10:34,,,Construction & Maintenance,,,No,,,,,,,,,No,,,,Hit by a moving vehicle or plant,0,0,0,0,,
19387,Near Miss,Minor or low potential impact,Not Entered,6/20/2013 13:30,2013,Jun,Thu,13:30,12:00,6/28/2013 9:40,,,Construction & Maintenance,,,No,,,,,,,,,No,,,,N/A,0,0,0,0,,
19445,Near Miss,Minor or low potential impact,Not Entered,6/20/2013 14:00,2013,Jun,Thu,14:00,12:00,7/2/2013 14:20,,,Construction & Maintenance,,,No,,,,,,,,,No,,,,N/A,0,0,0,0,,
19446,Near Miss,Minor or low potential impact,Not Entered,6/21/2013 8:30,2013,Jun,Fri,8:30,6:00,7/2/2013 14:26,,,Construction & Maintenance,,,No,,,,,,,,,No,,,,Hit by a moving vehicle or plant,0,0,0,0,,
19429,Near Miss,Minor or low potential impact,Not Entered,6/21/2013 16:30,2013,Jun,Fri,16:30,12:00,7/2/2013 9:31,,,Construction & Maintenance,,,No,,,,,,,,,No,,,,Hit by a moving vehicle or plant,0,0,0,0,,
19430,Near Miss,Minor or low potential impact,Not Entered,6/23/2013 12:30,2013,Jun,Sun,12:30,12:00,7/2/2013 9:39,,,Construction & Maintenance,,,No,,,,,,,,,No,,,,N/A,0,0,0,0,,
19424,Near Miss,Minor or low potential impact,Not Entered,6/24/2013 7:30,2013,Jun,Mon,7:30,6:00,7/1/2013 16:08,,,Construction & Maintenance,,,No,,,,,,,,,No,,,,N/A,0,0,0,0,,
19529,Near Miss,Minor or low potential impact,Not Entered,6/24/2013 10:00,2013,Jun,Mon,10:00,6:00,7/12/2013 9:49,,,Construction & Maintenance,,,No,,,,,,,,,No,,,,Hit by a moving vehicle or plant,0,0,0,0,,
19417,Near Miss,Minor or low potential impact,Not Entered,6/25/2013 8:30,2013,Jun,Tue,8:30,6:00,7/1/2013 13:15,,,Construction & Maintenance,,,No,,,,,,,,,No,,,,Hit by a moving vehicle or plant,0,0,0,0,,
19416,Near Miss,Minor or low potential impact,Not Entered,6/25/2013 9:00,2013,Jun,Tue,9:00,6:00,7/1/2013 12:34,,,Construction & Maintenance,,,No,,,,,,,,,No,,,,N/A,0,0,0,0,,
19419,Near Miss,Minor or low potential impact,Not Entered,6/25/2013 10:00,2013,Jun,Tue,10:00,6:00,7/1/2013 14:38,,,Construction & Maintenance,,,No,,,,,,,,,No,,,,N/A,0,0,0,0,,
19423,Near Miss,Minor or low potential impact,Not Entered,6/25/2013 10:25,2013,Jun,Tue,10:25,6:00,7/1/2013 15:41,,,Construction & Maintenance,,,No,,,,,,,,,No,,,,Hit by a moving vehicle or plant,0,0,0,0,,
19590,Near Miss,Minor or low potential impact,Not Entered,6/25/2013 11:07,2013,Jun,Tue,11:07,6:00,7/22/2013 14:56,,,Construction & Maintenance,,,No,,,,,,,,,No,,,,Hit by a moving vehicle or plant,0,0,0,0,,
19415,Near Miss,Minor or low potential impact,Not Entered,6/25/2013 14:00,2013,Jun,Tue,14:00,12:00,7/1/2013 12:16,,,Construction & Maintenance,,,No,,,,,,,,,No,,,,Hit by a moving vehicle or plant,0,0,0,0,,
19447,Near Miss,Minor or low potential impact,Not Entered,6/26/2013 9:00,2013,Jun,Wed,9:00,6:00,7/2/2013 14:31,,,Construction & Maintenance,,,No,,,,,,,,,No,,,,N/A,0,0,0,0,,
19427,Near Miss,Minor or low potential impact,Not Entered,6/26/2013 12:30,2013,Jun,Wed,12:30,12:00,7/1/2013 16:53,,,Construction & Maintenance,,,No,,,,,,,,,No,,,,Fell from a height,0,0,0,0,,
19589,Near Miss,Minor or low potential impact,Not Entered,6/26/2013 13:08,2013,Jun,Wed,13:08,12:00,7/22/2013 11:12,,,Construction & Maintenance,,,No,,,,,,,,,No,,,,Hit by a moving vehicle or plant,0,0,0,0,,
19426,Near Miss,Minor or low potential impact,Not Entered,6/26/2013 14:00,2013,Jun,Wed,14:00,12:00,7/1/2013 16:36,,,Construction & Maintenance,,,No,,,,,,,,,No,,,,N/A,0,0,0,0,,
19425,Near Miss,Minor or low potential impact,Not Entered,6/26/2013 15:40,2013,Jun,Wed,15:40,12:00,7/1/2013 16:23,,,Construction & Maintenance,,,No,,,,,,,,,No,,,,N/A,0,0,0,0,,
19533,Near Miss,Minor or low potential impact,Not Entered,6/26/2013 17:00,2013,Jun,Wed,17:00,12:00,7/12/2013 10:53,,,Construction & Maintenance,,,No,,,,,,,,,No,,,,N/A,0,0,0,0,,
19444,Near Miss,Minor or low potential impact,Not Entered,6/27/2013 12:20,2013,Jun,Thu,12:20,12:00,7/2/2013 13:28,,,Construction & Maintenance,,,No,,,,,,,,,No,,,,Hit by a moving vehicle or plant,0,0,0,0,,
19422,Near Miss,Minor or low potential impact,Not Entered,6/27/2013 13:15,2013,Jun,Thu,13:15,12:00,7/1/2013 15:12,,,Construction & Maintenance,,,No,,,,,,,,,No,,,,N/A,0,0,0,0,,
19418,Near Miss,Minor or low potential impact,Not Entered,6/27/2013 17:30,2013,Jun,Thu,17:30,12:00,7/1/2013 14:10,,,Construction & Maintenance,,,No,,,,,,,,,No,,,,Hit by a moving or falling object,0,0,0,0,,
19528,Near Miss,Minor or low potential impact,Not Entered,6/28/2013 12:00,2013,Jun,Fri,12:00,12:00,7/12/2013 9:36,,,Construction & Maintenance,,,No,,,,,,,,,No,,,,Hit by a moving vehicle or plant,0,0,0,0,,
19522,Near Miss,Minor or low potential impact,Not Entered,7/1/2013 7:00,2013,Jul,Mon,7:00,6:00,7/12/2013 7:48,,,Construction & Maintenance,,,No,,,,,,,,,No,,,,Hit by a moving vehicle or plant,0,0,0,0,,
19521,Near Miss,Minor or low potential impact,Not Entered,7/1/2013 18:40,2013,Jul,Mon,18:40,18:00,7/12/2013 7:38,,,Construction & Maintenance,,,No,,,,,,,,,No,,,,Person exposed to harmful substance,0,0,0,0,,
19641,Near Miss,Minor or low potential impact,Not Entered,7/2/2013 9:30,2013,Jul,Tue,9:30,6:00,7/31/2013 10:05,,,Construction & Maintenance,,,No,,,,,,,,,No,,,,Hit by a moving vehicle or plant,0,0,0,0,,
19526,Near Miss,Minor or low potential impact,Not Entered,7/2/2013 9:30,2013,Jul,Tue,9:30,6:00,7/12/2013 8:57,,,Construction & Maintenance,,,No,,,,,,,,,No,,,,Person contact with electricity,0,0,0,0,,
19524,Near Miss,Minor or low potential impact,Not Entered,7/2/2013 12:10,2013,Jul,Tue,12:10,12:00,7/12/2013 8:04,,,Construction & Maintenance,,,No,,,,,,,,,No,,,,Person exposed to harmful substance,0,0,0,0,,
19702,Near Miss,Minor or low potential impact,Not Entered,7/2/2013 19:30,2013,Jul,Tue,19:30,18:00,8/2/2013 9:10,,,Construction & Maintenance,,,No,,,,,,,,,No,,,,"Structure, trench, or scaffold collapse",0,0,0,0,,
19523,Near Miss,Minor or low potential impact,Not Entered,7/3/2013 9:10,2013,Jul,Wed,9:10,6:00,7/12/2013 7:59,,,Construction & Maintenance,,,No,,,,,,,,,No,,,,Hit by a moving vehicle or plant,0,0,0,0,,
19701,Near Miss,Minor or low potential impact,Not Entered,7/3/2013 12:00,2013,Jul,Wed,12:00,12:00,8/2/2013 8:58,,,Construction & Maintenance,,,No,,,,,,,,,No,,,,Hit by a moving vehicle or plant,0,0,0,0,,
19650,Near Miss,Minor or low potential impact,Not Entered,7/3/2013 13:10,2013,Jul,Wed,13:10,12:00,7/31/2013 14:28,,,Construction & Maintenance,,,No,,,,,,,,,No,,,,N/A,0,0,0,0,,
19649,Near Miss,Minor or low potential impact,Not Entered,7/3/2013 13:10,2013,Jul,Wed,13:10,12:00,7/31/2013 14:23,,,Construction & Maintenance,,,No,,,,,,,,,No,,,,N/A,0,0,0,0,,
19544,Near Miss,Minor or low potential impact,Not Entered,7/4/2013 9:00,2013,Jul,Thu,9:00,6:00,7/15/2013 11:02,,,Construction & Maintenance,,,No,,,,,,,,,No,,,,Fell from a height,0,0,0,0,,
19652,Near Miss,Minor or low potential impact,Not Entered,7/4/2013 10:00,2013,Jul,Thu,10:00,6:00,7/31/2013 14:40,,,Construction & Maintenance,,,No,,,,,,,,,No,,,,Hit by a moving vehicle or plant,0,0,0,0,,
19542,Near Miss,Minor or low potential impact,Not Entered,7/4/2013 10:00,2013,Jul,Thu,10:00,6:00,7/15/2013 10:39,,,Construction & Maintenance,,,No,,,,,,,,,No,,,,Person contact with electricity,0,0,0,0,,
19638,Near Miss,Minor or low potential impact,Not Entered,7/4/2013 10:45,2013,Jul,Thu,10:45,6:00,7/31/2013 7:50,,,Construction & Maintenance,,,No,,,,,,,,,No,,,,N/A,0,0,0,0,,
19527,Near Miss,Minor or low potential impact,Not Entered,7/4/2013 11:00,2013,Jul,Thu,11:00,6:00,7/12/2013 9:12,,,Construction & Maintenance,,,No,,,,,,,,,No,,,,Person exposed to harmful substance,0,0,0,0,,
19520,Near Miss,Minor or low potential impact,Not Entered,7/4/2013 14:00,2013,Jul,Thu,14:00,12:00,7/12/2013 7:24,,,Construction & Maintenance,,,No,,,,,,,,,No,,,,Fell from a height,0,0,0,0,,
19628,Near Miss,Minor or low potential impact,Not Entered,7/4/2013 15:00,2013,Jul,Thu,15:00,12:00,7/29/2013 11:22,,,Construction & Maintenance,,,No,,,,,,,,,No,,,,N/A,0,0,0,0,,
19705,Near Miss,Minor or low potential impact,Not Entered,7/4/2013 15:30,2013,Jul,Thu,15:30,12:00,8/2/2013 9:27,,,Construction & Maintenance,,,No,,,,,,,,,No,,,,N/A,0,0,0,0,,
19707,Near Miss,Minor or low potential impact,Not Entered,7/4/2013 15:40,2013,Jul,Thu,15:40,12:00,8/2/2013 9:55,,,Construction & Maintenance,,,No,,,,,,,,,No,,,,Hit by a moving vehicle or plant,0,0,0,0,,
19700,Near Miss,Minor or low potential impact,Not Entered,7/5/2013 9:16,2013,Jul,Fri,9:16,6:00,8/2/2013 8:27,,,Construction & Maintenance,,,No,,,,,,,,,No,,,,"Fell, slipped, or tripped on same level",0,0,0,0,,
19733,Near Miss,Minor or low potential impact,Not Entered,7/8/2013 10:15,2013,Jul,Mon,10:15,6:00,8/2/2013 15:26,,,Construction & Maintenance,,,No,,,,,,,,,No,,,,Person exposed to harmful substance,0,0,0,0,,
19709,Near Miss,Minor or low potential impact,Not Entered,7/8/2013 10:30,2013,Jul,Mon,10:30,6:00,8/2/2013 10:20,,,Construction & Maintenance,,,No,,,,,,,,,No,,,,N/A,0,0,0,0,,
19651,Near Miss,Minor or low potential impact,Not Entered,7/8/2013 14:15,2013,Jul,Mon,14:15,12:00,7/31/2013 14:34,,,Construction & Maintenance,,,No,,,,,,,,,No,,,,"Fell, slipped, or tripped on same level",0,0,0,0,,
19643,Near Miss,Minor or low potential impact,Not Entered,7/8/2013 15:00,2013,Jul,Mon,15:00,12:00,7/31/2013 11:02,,,Construction & Maintenance,,,No,,,,,,,,,No,,,,N/A,0,0,0,0,,
19690,Near Miss,Minor or low potential impact,Not Entered,7/9/2013 8:15,2013,Jul,Tue,8:15,6:00,8/1/2013 14:14,,,Construction & Maintenance,,,No,,,,,,,,,No,,,,Hit by a moving vehicle or plant,0,0,0,0,,
19630,Near Miss,Minor or low potential impact,Not Entered,7/9/2013 10:00,2013,Jul,Tue,10:00,6:00,7/29/2013 12:31,,,Construction & Maintenance,,,No,,,,,,,,,No,,,,Person exposed to harmful substance,0,0,0,0,,
19708,Near Miss,Minor or low potential impact,Not Entered,7/9/2013 11:00,2013,Jul,Tue,11:00,6:00,8/2/2013 10:07,,,Construction & Maintenance,,,No,,,,,,,,,No,,,,N/A,0,0,0,0,,
19653,Near Miss,Minor or low potential impact,Not Entered,7/9/2013 11:30,2013,Jul,Tue,11:30,6:00,7/31/2013 14:44,,,Construction & Maintenance,,,No,,,,,,,,,No,,,,Fell from a height,0,0,0,0,,
19658,Near Miss,Minor or low potential impact,Not Entered,7/9/2013 14:00,2013,Jul,Tue,14:00,12:00,7/31/2013 15:35,,,Construction & Maintenance,,,No,,,,,,,,,No,,,,Hit by a moving or falling object,0,0,0,0,,
19689,Near Miss,Minor or low potential impact,Not Entered,7/9/2013 15:00,2013,Jul,Tue,15:00,12:00,8/1/2013 14:09,,,Construction & Maintenance,,,No,,,,,,,,,No,,,,N/A,0,0,0,0,,
19698,Near Miss,Minor or low potential impact,Not Entered,7/9/2013 15:46,2013,Jul,Tue,15:46,12:00,8/2/2013 7:37,,,Construction & Maintenance,,,No,,,,,,,,,No,,,,Hit by a moving vehicle or plant,0,0,0,0,,
19660,Near Miss,Minor or low potential impact,Not Entered,7/9/2013 15:54,2013,Jul,Tue,15:54,12:00,7/31/2013 15:47,,,Construction & Maintenance,,,No,,,,,,,,,No,,,,"Fell, slipped, or tripped on same level",0,0,0,0,,
19648,Near Miss,Minor or low potential impact,Not Entered,7/10/2013 9:30,2013,Jul,Wed,9:30,6:00,7/31/2013 14:13,,,Construction & Maintenance,,,No,,,,,,,,,No,,,,N/A,0,0,0,0,,
19657,Near Miss,Minor or low potential impact,Not Entered,7/10/2013 10:00,2013,Jul,Wed,10:00,6:00,7/31/2013 15:25,,,Construction & Maintenance,,,No,,,,,,,,,No,,,,Person contact with electricity,0,0,0,0,,
19736,Near Miss,Minor or low potential impact,Not Entered,7/10/2013 11:45,2013,Jul,Wed,11:45,6:00,8/2/2013 16:07,,,Construction & Maintenance,,,No,,,,,,,,,No,,,,Person contact with electricity,0,0,0,0,,
19654,Near Miss,Minor or low potential impact,Not Entered,7/10/2013 13:30,2013,Jul,Wed,13:30,12:00,7/31/2013 14:51,,,Construction & Maintenance,,,No,,,,,,,,,No,,,,N/A,0,0,0,0,,
19656,Near Miss,Minor or low potential impact,Not Entered,7/10/2013 16:00,2013,Jul,Wed,16:00,12:00,7/31/2013 15:09,,,Construction & Maintenance,,,No,,,,,,,,,No,,,,N/A,0,0,0,0,,
19642,Near Miss,Minor or low potential impact,Not Entered,7/11/2013 10:00,2013,Jul,Thu,10:00,6:00,7/31/2013 10:32,,,Construction & Maintenance,,,No,,,,,,,,,No,,,,Hit by a moving vehicle or plant,0,0,0,0,,
19706,Near Miss,Minor or low potential impact,Not Entered,7/11/2013 10:05,2013,Jul,Thu,10:05,6:00,8/2/2013 9:40,,,Construction & Maintenance,,,No,,,,,,,,,No,,,,Hit by a moving vehicle or plant,0,0,0,0,,
19699,Near Miss,Minor or low potential impact,Not Entered,7/11/2013 11:15,2013,Jul,Thu,11:15,6:00,8/2/2013 8:07,,,Construction & Maintenance,,,No,,,,,,,,,No,,,,Hit by a moving vehicle or plant,0,0,0,0,,