Event ID,Event Type ,Event Subtype,Type of Person,Date/Time of Event,Year,Month,Day of the Week,Time,Time interval (6 hours),Date/Time Reported,Location,Specific Location (include RCC Log no if relevant),Details of actual job being done at the time,Part of Body Affected,Injury Type,Was there a vehicle involved in this event?,Work related,Accident Type,Vehicle Motion,Who was Hit,Weather/Visibility,Surface Condition,Roadbed Grade,Lighting Conditions,Was A Police Report Filed?,Name of Law Enforcement Agency,Preventable,Type,Kind of Event,Expected Lost Workdays (Total),Actual Lost Workdays (Total),Expected Restricted Workdays (Total),Actual Restricted Workdays (Total),Return To Work Date,Sign Off 1
19937,Near Miss,Minor or low potential impact,Not Entered,8/13/2013 15:09,2013,Aug,Tue,15:09,12:00,9/3/2013 14:16,,,Construction & Maintenance,,,No,,,,,,,,,No,,,,N/A,0,0,0,0,,
19784,Near Miss,Minor or low potential impact,Not Entered,8/14/2013 9:30,2013,Aug,Wed,9:30,6:00,8/19/2013 16:02,,,Construction & Maintenance,,,No,,,,,,,,,No,,,,Fell from a height,0,0,0,0,,
19843,Near Miss,Minor or low potential impact,Not Entered,8/14/2013 12:00,2013,Aug,Wed,12:00,12:00,8/29/2013 9:49,,,Construction & Maintenance,,,No,,,,,,,,,No,,,,Hit by a moving vehicle or plant,0,0,0,0,,
19936,Near Miss,Minor or low potential impact,Not Entered,8/14/2013 12:45,2013,Aug,Wed,12:45,12:00,9/3/2013 12:48,,,Construction & Maintenance,,,No,,,,,,,,,No,,,,N/A,0,0,0,0,,
19908,Near Miss,Minor or low potential impact,Not Entered,8/14/2013 13:00,2013,Aug,Wed,13:00,12:00,9/2/2013 16:43,,,Construction & Maintenance,,,No,,,,,,,,,No,,,,Fell from a height,0,0,0,0,,
19798,Near Miss,Minor or low potential impact,Not Entered,8/14/2013 16:00,2013,Aug,Wed,16:00,12:00,8/23/2013 7:32,,,Construction & Maintenance,,,No,,,,,,,,,No,,,,Fell from a height,0,0,0,0,,
19909,Near Miss,Minor or low potential impact,Not Entered,8/14/2013 16:10,2013,Aug,Wed,16:10,12:00,9/3/2013 7:44,,,Construction & Maintenance,,,No,,,,,,,,,No,,,,N/A,0,0,0,0,,
19879,Near Miss,Minor or low potential impact,Not Entered,8/15/2013 9:00,2013,Aug,Thu,9:00,6:00,9/2/2013 12:11,,,Construction & Maintenance,,,No,,,,,,,,,No,,,,"Structure, trench, or scaffold collapse",0,0,0,0,,
19950,Near Miss,Minor or low potential impact,Not Entered,8/15/2013 10:00,2013,Aug,Thu,10:00,6:00,9/3/2013 15:28,,,Construction & Maintenance,,,No,,,,,,,,,No,,,,"Fell, slipped, or tripped on same level",0,0,0,0,,
19797,Near Miss,Minor or low potential impact,Not Entered,8/15/2013 10:10,2013,Aug,Thu,10:10,6:00,8/23/2013 7:25,,,Construction & Maintenance,,,No,,,,,,,,,No,,,,Hit by a moving vehicle or plant,0,0,0,0,,
19822,Near Miss,Minor or low potential impact,Not Entered,8/15/2013 10:45,2013,Aug,Thu,10:45,6:00,8/27/2013 12:13,,,Construction & Maintenance,,,No,,,,,,,,,No,,,,N/A,0,0,0,0,,
19847,Near Miss,Minor or low potential impact,Not Entered,8/15/2013 12:00,2013,Aug,Thu,12:00,12:00,8/29/2013 10:34,,,Construction & Maintenance,,,No,,,,,,,,,No,,,,N/A,0,0,0,0,,
19939,Near Miss,Minor or low potential impact,Not Entered,8/15/2013 12:50,2013,Aug,Thu,12:50,12:00,9/3/2013 14:32,,,Construction & Maintenance,,,No,,,,,,,,,No,,,,Hit by a moving vehicle or plant,0,0,0,0,,
19772,Near Miss,Minor or low potential impact,Not Entered,8/16/2013 13:45,2013,Aug,Fri,13:45,12:00,8/19/2013 12:58,,,Construction & Maintenance,,,No,,,,,,,,,No,,,,Hit by a moving vehicle or plant,0,0,0,0,,
19897,Near Miss,Minor or low potential impact,Not Entered,8/16/2013 17:15,2013,Aug,Fri,17:15,12:00,9/2/2013 14:35,,,Construction & Maintenance,,,No,,,,,,,,,No,,,,Hit by a moving vehicle or plant,0,0,0,0,,
19911,Near Miss,Minor or low potential impact,Not Entered,8/17/2013 9:00,2013,Aug,Sat,9:00,6:00,9/3/2013 8:04,,,Construction & Maintenance,,,No,,,,,,,,,No,,,,"Structure, trench, or scaffold collapse",0,0,0,0,,
19823,Near Miss,Minor or low potential impact,Not Entered,8/17/2013 11:00,2013,Aug,Sat,11:00,6:00,8/27/2013 12:28,,,Construction & Maintenance,,,No,,,,,,,,,No,,,,N/A,0,0,0,0,,
19946,Near Miss,Minor or low potential impact,Not Entered,8/19/2013 7:30,2013,Aug,Mon,7:30,6:00,9/3/2013 15:09,,,Construction & Maintenance,,,No,,,,,,,,,No,,,,N/A,0,0,0,0,,
19894,Near Miss,Minor or low potential impact,Not Entered,8/19/2013 9:00,2013,Aug,Mon,9:00,6:00,9/2/2013 14:22,,,Construction & Maintenance,,,No,,,,,,,,,No,,,,N/A,0,0,0,0,,
19933,Near Miss,Minor or low potential impact,Not Entered,8/19/2013 11:00,2013,Aug,Mon,11:00,6:00,9/3/2013 12:25,,,Construction & Maintenance,,,No,,,,,,,,,No,,,,"Fell, slipped, or tripped on same level",0,0,0,0,,
19808,Near Miss,Minor or low potential impact,Not Entered,8/19/2013 15:00,2013,Aug,Mon,15:00,12:00,8/23/2013 10:24,,,Construction & Maintenance,,,No,,,,,,,,,No,,,,Fell from a height,0,0,0,0,,
19835,Near Miss,Minor or low potential impact,Not Entered,8/19/2013 17:30,2013,Aug,Mon,17:30,12:00,8/27/2013 14:45,,,Construction & Maintenance,,,No,,,,,,,,,No,,,,N/A,0,0,0,0,,
19801,Near Miss,Minor or low potential impact,Not Entered,8/20/2013 7:50,2013,Aug,Tue,7:50,6:00,8/23/2013 7:55,,,Construction & Maintenance,,,No,,,,,,,,,No,,,,N/A,0,0,0,0,,
19876,Near Miss,Minor or low potential impact,Not Entered,8/20/2013 9:00,2013,Aug,Tue,9:00,6:00,9/2/2013 10:53,,,Construction & Maintenance,,,No,,,,,,,,,No,,,,N/A,0,0,0,0,,
19945,Near Miss,Minor or low potential impact,Not Entered,8/20/2013 10:00,2013,Aug,Tue,10:00,6:00,9/3/2013 15:02,,,Construction & Maintenance,,,No,,,,,,,,,No,,,,N/A,0,0,0,0,,
19927,Near Miss,Minor or low potential impact,Not Entered,8/20/2013 12:01,2013,Aug,Tue,12:01,12:00,9/3/2013 11:08,,,Construction & Maintenance,,,No,,,,,,,,,No,,,,N/A,0,0,0,0,,
19929,Near Miss,Minor or low potential impact,Not Entered,8/20/2013 12:21,2013,Aug,Tue,12:21,12:00,9/3/2013 11:29,,,Construction & Maintenance,,,No,,,,,,,,,No,,,,N/A,0,0,0,0,,
19921,Near Miss,Minor or low potential impact,Not Entered,8/20/2013 14:30,2013,Aug,Tue,14:30,12:00,9/3/2013 10:18,,,Construction & Maintenance,,,No,,,,,,,,,No,,,,N/A,0,0,0,0,,
19861,Near Miss,Minor or low potential impact,Not Entered,8/20/2013 17:00,2013,Aug,Tue,17:00,12:00,8/30/2013 14:23,,,Construction & Maintenance,,,No,,,,,,,,,No,,,,Injured while handling lifting or carrying,0,0,0,0,,
19948,Near Miss,Minor or low potential impact,Not Entered,8/21/2013 9:00,2013,Aug,Wed,9:00,6:00,9/3/2013 15:18,,,Construction & Maintenance,,,No,,,,,,,,,No,,,,Person exposed to harmful substance,0,0,0,0,,
19912,Near Miss,Minor or low potential impact,Not Entered,8/21/2013 9:00,2013,Aug,Wed,9:00,6:00,9/3/2013 8:15,,,Construction & Maintenance,,,No,,,,,,,,,No,,,,N/A,0,0,0,0,,
19854,Near Miss,Minor or low potential impact,Not Entered,8/21/2013 9:15,2013,Aug,Wed,9:15,6:00,8/29/2013 13:39,,,Construction & Maintenance,,,No,,,,,,,,,No,,,,N/A,0,0,0,0,,
19949,Near Miss,Minor or low potential impact,Not Entered,8/21/2013 11:20,2013,Aug,Wed,11:20,6:00,9/3/2013 15:22,,,Construction & Maintenance,,,No,,,,,,,,,No,,,,N/A,0,0,0,0,,
19926,Near Miss,Minor or low potential impact,Not Entered,8/21/2013 11:54,2013,Aug,Wed,11:54,6:00,9/3/2013 11:00,,,Construction & Maintenance,,,No,,,,,,,,,No,,,,Hit by a moving or falling object,0,0,0,0,,
19853,Infrastructure asset,"Property, vehicle, plant damage",Not Entered,8/21/2013 12:00,2013,Aug,Wed,12:00,12:00,8/29/2013 13:01,,,Construction & Maintenance,,,No,,,,,,,,,No,,,,Hit by a moving vehicle or plant,0,0,0,0,,
19802,Near Miss,Minor or low potential impact,Not Entered,8/21/2013 12:00,2013,Aug,Wed,12:00,12:00,8/23/2013 8:01,,,Construction & Maintenance,,,No,,,,,,,,,No,,,,Fell from a height,0,0,0,0,,
19864,Near Miss,Minor or low potential impact,Not Entered,8/21/2013 12:20,2013,Aug,Wed,12:20,12:00,8/30/2013 15:15,,,Construction & Maintenance,,,No,,,,,,,,,No,,,,Hit by a moving vehicle or plant,0,0,0,0,,
19928,Near Miss,Minor or low potential impact,Not Entered,8/21/2013 15:00,2013,Aug,Wed,15:00,12:00,9/3/2013 11:21,,,Construction & Maintenance,,,No,,,,,,,,,No,,,,Fell from a height,0,0,0,0,,
19935,Near Miss,Minor or low potential impact,Not Entered,8/22/2013 7:00,2013,Aug,Thu,7:00,6:00,9/3/2013 12:40,,,Construction & Maintenance,,,No,,,,,,,,,No,,,,N/A,0,0,0,0,,
19877,Near Miss,Minor or low potential impact,Not Entered,8/22/2013 8:30,2013,Aug,Thu,8:30,6:00,9/2/2013 11:17,,,Construction & Maintenance,,,No,,,,,,,,,No,,,,N/A,0,0,0,0,,
19947,Near Miss,Minor or low potential impact,Not Entered,8/22/2013 9:00,2013,Aug,Thu,9:00,6:00,9/3/2013 15:13,,,Construction & Maintenance,,,No,,,,,,,,,No,,,,Person exposed to harmful substance,0,0,0,0,,
19907,Near Miss,Minor or low potential impact,Not Entered,8/22/2013 9:00,2013,Aug,Thu,9:00,6:00,9/2/2013 16:29,,,Construction & Maintenance,,,No,,,,,,,,,No,,,,N/A,0,0,0,0,,
19883,Near Miss,Minor or low potential impact,Not Entered,8/22/2013 9:00,2013,Aug,Thu,9:00,6:00,9/2/2013 13:45,,,Construction & Maintenance,,,No,,,,,,,,,No,,,,N/A,0,0,0,0,,
19870,Near Miss,Minor or low potential impact,Not Entered,8/22/2013 9:00,2013,Aug,Thu,9:00,6:00,9/2/2013 9:19,,,Construction & Maintenance,,,No,,,,,,,,,No,,,,Hit by a moving vehicle or plant,0,0,0,0,,
19865,Near Miss,Minor or low potential impact,Not Entered,8/22/2013 9:00,2013,Aug,Thu,9:00,6:00,8/30/2013 15:26,,,Construction & Maintenance,,,No,,,,,,,,,No,,,,Person contact with electricity,0,0,0,0,,
19914,Near Miss,Minor or low potential impact,Not Entered,8/22/2013 9:25,2013,Aug,Thu,9:25,6:00,9/3/2013 8:38,,,Construction & Maintenance,,,No,,,,,,,,,No,,,,"Structure, trench, or scaffold collapse",0,0,0,0,,
19925,Near Miss,Minor or low potential impact,Not Entered,8/22/2013 11:47,2013,Aug,Thu,11:47,6:00,9/3/2013 10:53,,,Construction & Maintenance,,,No,,,,,,,,,No,,,,"Fell, slipped, or tripped on same level",0,0,0,0,,
19851,Near Miss,Minor or low potential impact,Not Entered,8/22/2013 12:00,2013,Aug,Thu,12:00,12:00,8/29/2013 11:13,,,Construction & Maintenance,,,No,,,,,,,,,No,,,,N/A,0,0,0,0,,
19906,Near Miss,Minor or low potential impact,Not Entered,8/22/2013 13:40,2013,Aug,Thu,13:40,12:00,9/2/2013 16:14,,,Construction & Maintenance,,,No,,,,,,,,,No,,,,N/A,0,0,0,0,,
20039,Near Miss,Minor or low potential impact,Not Entered,8/22/2013 14:00,2013,Aug,Thu,14:00,12:00,9/25/2013 8:24,,,Construction & Maintenance,,,No,,,,,,,,,No,,,,Person contact with electricity,0,0,0,0,,
19901,Near Miss,Minor or low potential impact,Not Entered,8/22/2013 14:00,2013,Aug,Thu,14:00,12:00,9/2/2013 15:18,,,Construction & Maintenance,,,No,,,,,,,,,No,,,,Person contact with electricity,0,0,0,0,,
19862,Near Miss,Minor or low potential impact,Not Entered,8/22/2013 15:00,2013,Aug,Thu,15:00,12:00,8/30/2013 14:52,,,Construction & Maintenance,,,No,,,,,,,,,No,,,,Hit by a moving or falling object,0,0,0,0,,
19922,Near Miss,Minor or low potential impact,Not Entered,8/22/2013 16:30,2013,Aug,Thu,16:30,12:00,9/3/2013 10:26,,,Construction & Maintenance,,,No,,,,,,,,,No,,,,N/A,0,0,0,0,,
19852,Near Miss,Minor or low potential impact,Not Entered,8/23/2013 9:00,2013,Aug,Fri,9:00,6:00,8/29/2013 11:24,,,Construction & Maintenance,,,No,,,,,,,,,No,,,,N/A,0,0,0,0,,
19915,Near Miss,Minor or low potential impact,Not Entered,8/23/2013 9:15,2013,Aug,Fri,9:15,6:00,9/3/2013 9:09,,,Construction & Maintenance,,,No,,,,,,,,,No,,,,Fell from a height,0,0,0,0,,
19899,Near Miss,Minor or low potential impact,Not Entered,8/26/2013 8:30,2013,Aug,Mon,8:30,6:00,9/2/2013 14:57,,,Construction & Maintenance,,,No,,,,,,,,,No,,,,Hit by a moving or falling object,0,0,0,0,,
19874,Near Miss,Minor or low potential impact,Not Entered,8/26/2013 12:15,2013,Aug,Mon,12:15,12:00,9/2/2013 10:04,,,Construction & Maintenance,,,No,,,,,,,,,No,,,,Hit by a moving or falling object,0,0,0,0,,
19900,Near Miss,Minor or low potential impact,Not Entered,8/26/2013 14:00,2013,Aug,Mon,14:00,12:00,9/2/2013 15:06,,,Construction & Maintenance,,,No,,,,,,,,,No,,,,Person exposed to harmful substance,0,0,0,0,,
19905,Near Miss,Minor or low potential impact,Not Entered,8/27/2013 10:00,2013,Aug,Tue,10:00,6:00,9/2/2013 16:05,,,Construction & Maintenance,,,No,,,,,,,,,No,,,,"Fell, slipped, or tripped on same level",0,0,0,0,,
20024,Near Miss,Minor or low potential impact,Not Entered,8/27/2013 12:00,2013,Aug,Tue,12:00,12:00,9/23/2013 15:42,,,Construction & Maintenance,,,No,,,,,,,,,No,,,,Fire,0,0,0,0,,
19871,Near Miss,Minor or low potential impact,Not Entered,8/27/2013 17:00,2013,Aug,Tue,17:00,12:00,9/2/2013 9:41,,,Construction & Maintenance,,,No,,,,,,,,,No,,,,Hit by a moving vehicle or plant,0,0,0,0,,
20139,Near Miss,Minor or low potential impact,Not Entered,8/27/2013 18:00,2013,Aug,Tue,18:00,18:00,10/3/2013 17:17,,,Construction & Maintenance,,,No,,,,,,,,,No,,,,Hit by a moving vehicle or plant,0,0,0,0,,
20038,Near Miss,Minor or low potential impact,Not Entered,8/28/2013 9:00,2013,Aug,Wed,9:00,6:00,9/25/2013 8:02,,,Construction & Maintenance,,,No,,,,,,,,,No,,,,Hit by a moving vehicle or plant,0,0,0,0,,
19924,Near Miss,Minor or low potential impact,Not Entered,8/28/2013 11:26,2013,Aug,Wed,11:26,6:00,9/3/2013 10:46,,,Construction & Maintenance,,,No,,,,,,,,,No,,,,N/A,0,0,0,0,,
19902,Near Miss,Minor or low potential impact,Not Entered,8/28/2013 13:00,2013,Aug,Wed,13:00,12:00,9/2/2013 15:24,,,Construction & Maintenance,,,No,,,,,,,,,No,,,,"Fell, slipped, or tripped on same level",0,0,0,0,,
19910,Near Miss,Minor or low potential impact,Not Entered,8/29/2013 9:00,2013,Aug,Thu,9:00,6:00,9/3/2013 7:53,,,Construction & Maintenance,,,No,,,,,,,,,No,,,,Hit by a moving vehicle or plant,0,0,0,0,,
19863,Near Miss,Minor or low potential impact,Not Entered,8/29/2013 9:00,2013,Aug,Thu,9:00,6:00,8/30/2013 15:01,,,Construction & Maintenance,,,No,,,,,,,,,No,,,,"Fell, slipped, or tripped on same level",0,0,0,0,,
19903,Near Miss,Minor or low potential impact,Not Entered,8/29/2013 9:30,2013,Aug,Thu,9:30,6:00,9/2/2013 15:29,,,Construction & Maintenance,,,No,,,,,,,,,No,,,,"Fell, slipped, or tripped on same level",0,0,0,0,,
19875,Near Miss,Minor or low potential impact,Not Entered,8/29/2013 12:40,2013,Aug,Thu,12:40,12:00,9/2/2013 10:32,,,Construction & Maintenance,,,No,,,,,,,,,No,,,,N/A,0,0,0,0,,
19918,Near Miss,Minor or low potential impact,Not Entered,8/29/2013 13:30,2013,Aug,Thu,13:30,12:00,9/3/2013 9:45,,,Construction & Maintenance,,,No,,,,,,,,,No,,,,"Fell, slipped, or tripped on same level",0,0,0,0,,
19916,Near Miss,Minor or low potential impact,Not Entered,8/29/2013 13:30,2013,Aug,Thu,13:30,12:00,9/3/2013 9:36,,,Construction & Maintenance,,,No,,,,,,,,,No,,,,Fell from a height,0,0,0,0,,
19880,Near Miss,Minor or low potential impact,Not Entered,8/29/2013 15:00,2013,Aug,Thu,15:00,12:00,9/2/2013 12:24,,,Construction & Maintenance,,,No,,,,,,,,,No,,,,N/A,0,0,0,0,,
19904,Near Miss,Minor or low potential impact,Not Entered,8/29/2013 15:45,2013,Aug,Thu,15:45,12:00,9/2/2013 15:44,,,Construction & Maintenance,,,No,,,,,,,,,No,,,,N/A,0,0,0,0,,
19923,Near Miss,Minor or low potential impact,Not Entered,8/30/2013 0:15,2013,Aug,Fri,0:15,0:00,9/3/2013 10:42,,,Construction & Maintenance,,,No,,,,,,,,,Yes,,,,Physical assault,0,0,0,0,,
19866,Near Miss,Minor or low potential impact,Not Entered,8/30/2013 7:00,2013,Aug,Fri,7:00,6:00,8/30/2013 15:40,,,Construction & Maintenance,,,No,,,,,,,,,No,,,,N/A,0,0,0,0,,
19913,Near Miss,Minor or low potential impact,Not Entered,8/30/2013 7:20,2013,Aug,Fri,7:20,6:00,9/3/2013 8:24,,,Construction & Maintenance,,,No,,,,,,,,,No,,,,Person contact with electricity,0,0,0,0,,
19934,Near Miss,Minor or low potential impact,Not Entered,8/30/2013 8:40,2013,Aug,Fri,8:40,6:00,9/3/2013 12:32,,,Construction & Maintenance,,,No,,,,,,,,,No,,,,"Fell, slipped, or tripped on same level",0,0,0,0,,
20323,Near Miss,Minor or low potential impact,Not Entered,9/2/2013 9:00,2013,Sep,Mon,9:00,6:00,11/11/2013 17:19,,,Construction & Maintenance,,,No,,,,,,,,,No,,,,N/A,0,0,0,0,,
19989,Near Miss,Minor or low potential impact,Not Entered,9/2/2013 9:30,2013,Sep,Mon,9:30,6:00,9/11/2013 8:56,,,Construction & Maintenance,,,No,,,,,,,,,No,,,,Fell from a height,0,0,0,0,,
19990,Near Miss,Minor or low potential impact,Not Entered,9/2/2013 10:00,2013,Sep,Mon,10:00,6:00,9/11/2013 9:01,,,Construction & Maintenance,,,No,,,,,,,,,No,,,,Hit by a moving or falling object,0,0,0,0,,
19991,Near Miss,Minor or low potential impact,Not Entered,9/2/2013 12:00,2013,Sep,Mon,12:00,12:00,9/11/2013 9:14,,,Construction & Maintenance,,,No,,,,,,,,,No,,,,N/A,0,0,0,0,,
19974,Near Miss,Minor or low potential impact,Not Entered,9/2/2013 13:30,2013,Sep,Mon,13:30,12:00,9/9/2013 14:15,,,Construction & Maintenance,,,No,,,,,,,,,No,,,,Injured while handling lifting or carrying,0,0,0,0,,
19973,Near Miss,Minor or low potential impact,Not Entered,9/2/2013 13:30,2013,Sep,Mon,13:30,12:00,9/9/2013 12:42,,,Construction & Maintenance,,,No,,,,,,,,,No,,,,"Fell, slipped, or tripped on same level",0,0,0,0,,
20141,Near Miss,Minor or low potential impact,Not Entered,9/2/2013 18:00,2013,Sep,Mon,18:00,18:00,10/3/2013 17:28,,,Construction & Maintenance,,,No,,,,,,,,,No,,,,Hit by a moving vehicle or plant,0,0,0,0,,
19980,Near Miss,Minor or low potential impact,Not Entered,9/3/2013 10:15,2013,Sep,Tue,10:15,6:00,9/9/2013 16:04,,,Construction & Maintenance,,,No,,,,,,,,,No,,,,"Fell, slipped, or tripped on same level",0,0,0,0,,
20071,Near Miss,Minor or low potential impact,Not Entered,9/3/2013 13:21,2013,Sep,Tue,13:21,12:00,9/27/2013 14:27,,,Construction & Maintenance,,,No,,,,,,,,,No,,,,Hit by a moving vehicle or plant,0,0,0,0,,
20124,Near Miss,Minor or low potential impact,Not Entered,9/3/2013 14:00,2013,Sep,Tue,14:00,12:00,10/3/2013 15:36,,,Construction & Maintenance,,,No,,,,,,,,,No,,,,Hit by a moving or falling object,0,0,0,0,,
19977,Near Miss,Minor or low potential impact,Not Entered,9/3/2013 14:10,2013,Sep,Tue,14:10,12:00,9/9/2013 15:21,,,Construction & Maintenance,,,No,,,,,,,,,No,,,,Person contact with electricity,0,0,0,0,,
20018,Near Miss,Minor or low potential impact,Not Entered,9/3/2013 14:30,2013,Sep,Tue,14:30,12:00,9/18/2013 12:20,,,Construction & Maintenance,,,No,,,,,,,,,No,,,,Hit by a moving vehicle or plant,0,0,0,0,,
20137,Near Miss,Minor or low potential impact,Not Entered,9/3/2013 17:11,2013,Sep,Tue,17:11,12:00,10/3/2013 16:56,,,Construction & Maintenance,,,No,,,,,,,,,No,,,,Hit by a moving vehicle or plant,0,0,0,0,,
19979,Near Miss,Minor or low potential impact,Not Entered,9/4/2013 10:00,2013,Sep,Wed,10:00,6:00,9/9/2013 15:53,,,Construction & Maintenance,,,No,,,,,,,,,No,,,,"Fell, slipped, or tripped on same level",0,0,0,0,,
19966,Near Miss,Minor or low potential impact,Not Entered,9/4/2013 10:24,2013,Sep,Wed,10:24,6:00,9/9/2013 9:53,,,Construction & Maintenance,,,No,,,,,,,,,No,,,,Hit by a moving vehicle or plant,0,0,0,0,,
19988,Near Miss,Minor or low potential impact,Not Entered,9/4/2013 11:30,2013,Sep,Wed,11:30,6:00,9/11/2013 8:25,,,Construction & Maintenance,,,No,,,,,,,,,No,,,,N/A,0,0,0,0,,
19969,Near Miss,Minor or low potential impact,Not Entered,9/4/2013 13:00,2013,Sep,Wed,13:00,12:00,9/9/2013 10:53,,,Construction & Maintenance,,,No,,,,,,,,,No,,,,Hit by a moving vehicle or plant,0,0,0,0,,
19972,Near Miss,Minor or low potential impact,Not Entered,9/4/2013 13:19,2013,Sep,Wed,13:19,12:00,9/9/2013 12:29,,,Construction & Maintenance,,,No,,,,,,,,,No,,,,Hit by a moving or falling object,0,0,0,0,,
20120,Near Miss,Minor or low potential impact,Not Entered,9/4/2013 14:36,2013,Sep,Wed,14:36,12:00,10/3/2013 14:47,,,Construction & Maintenance,,,No,,,,,,,,,No,,,,Hit by a moving or falling object,0,0,0,0,,
19975,Near Miss,Minor or low potential impact,Not Entered,9/4/2013 15:00,2013,Sep,Wed,15:00,12:00,9/9/2013 14:28,,,Construction & Maintenance,,,No,,,,,,,,,No,,,,Person exposed to harmful substance,0,0,0,0,,
19970,Near Miss,Minor or low potential impact,Not Entered,9/4/2013 16:30,2013,Sep,Wed,16:30,12:00,9/9/2013 11:07,,,Construction & Maintenance,,,No,,,,,,,,,No,,,,N/A,0,0,0,0,,
20140,Near Miss,Minor or low potential impact,Not Entered,9/4/2013 19:00,2013,Sep,Wed,19:00,18:00,10/3/2013 17:21,,,Construction & Maintenance,,,No,,,,,,,,,No,,,,N/A,0,0,0,0,,
20315,Near Miss,Minor or low potential impact,Not Entered,9/4/2013 20:00,2013,Sep,Wed,20:00,18:00,11/11/2013 12:24,,,Construction & Maintenance,,,No,,,,,,,,,No,,,,N/A,0,0,0,0,,
19976,Near Miss,Minor or low potential impact,Not Entered,9/5/2013 8:00,2013,Sep,Thu,8:00,6:00,9/9/2013 14:47,,,Construction & Maintenance,,,No,,,,,,,,,No,,,,Fell from a height,0,0,0,0,,
19992,Near Miss,Minor or low potential impact,Not Entered,9/5/2013 8:20,2013,Sep,Thu,8:20,6:00,9/11/2013 9:19,,,Construction & Maintenance,,,No,,,,,,,,,No,,,,Hit by a moving vehicle or plant,0,0,0,0,,
19967,Near Miss,Minor or low potential impact,Not Entered,9/5/2013 8:45,2013,Sep,Thu,8:45,6:00,9/9/2013 10:31,,,Construction & Maintenance,,,No,,,,,,,,,No,,,,Hit by a moving vehicle or plant,0,0,0,0,,
19981,Near Miss,Minor or low potential impact,Not Entered,9/5/2013 11:30,2013,Sep,Thu,11:30,6:00,9/9/2013 16:13,,,Construction & Maintenance,,,No,,,,,,,,,No,,,,N/A,0,0,0,0,,
19971,Near Miss,Minor or low potential impact,Not Entered,9/5/2013 12:08,2013,Sep,Thu,12:08,12:00,9/9/2013 11:26,,,Construction & Maintenance,,,No,,,,,,,,,No,,,,Fell from a height,0,0,0,0,,
19978,Near Miss,Minor or low potential impact,Not Entered,9/5/2013 16:30,2013,Sep,Thu,16:30,12:00,9/9/2013 15:38,,,Construction & Maintenance,,,No,,,,,,,,,No,,,,"Fell, slipped, or tripped on same level",0,0,0,0,,
19983,Near Miss,Minor or low potential impact,Not Entered,9/5/2013 17:36,2013,Sep,Thu,17:36,12:00,9/9/2013 16:56,,,Construction & Maintenance,,,No,,,,,,,,,No,,,,N/A,0,0,0,0,,
20040,Near Miss,Minor or low potential impact,Not Entered,9/6/2013 9:25,2013,Sep,Fri,9:25,6:00,9/25/2013 10:26,,,Construction & Maintenance,,,No,,,,,,,,,No,,,,Person exposed to harmful substance,0,0,0,0,,
19968,Near Miss,Minor or low potential impact,Not Entered,9/6/2013 11:32,2013,Sep,Fri,11:32,6:00,9/9/2013 10:40,,,Construction & Maintenance,,,No,,,,,,,,,No,,,,Hit by a moving vehicle or plant,0,0,0,0,,
20285,Near Miss,Minor or low potential impact,Not Entered,9/6/2013 14:30,2013,Sep,Fri,14:30,12:00,11/6/2013 15:26,,,Construction & Maintenance,,,No,,,,,,,,,No,,,,N/A,0,0,0,0,,
19982,Near Miss,Minor or low potential impact,Not Entered,9/6/2013 17:20,2013,Sep,Fri,17:20,12:00,9/9/2013 16:33,,,Construction & Maintenance,,,No,,,,,,,,,No,,,,N/A,0,0,0,0,,
20133,Near Miss,Minor or low potential impact,Not Entered,9/10/2013 10:30,2013,Sep,Tue,10:30,6:00,10/3/2013 16:24,,,Construction & Maintenance,,,No,,,,,,,,,No,,,,Hit by a moving or falling object,0,0,0,0,,
20090,Near Miss,Minor or low potential impact,Not Entered,9/10/2013 11:30,2013,Sep,Tue,11:30,6:00,10/1/2013 16:06,,,Construction & Maintenance,,,No,,,,,,,,,No,,,,Fell from a height,0,0,0,0,,
20027,Near Miss,Minor or low potential impact,Not Entered,9/10/2013 13:00,2013,Sep,Tue,13:00,12:00,9/23/2013 16:20,,,Construction & Maintenance,,,No,,,,,,,,,No,,,,Injured while handling lifting or carrying,0,0,0,0,,
20025,Near Miss,Minor or low potential impact,Not Entered,9/10/2013 13:45,2013,Sep,Tue,13:45,12:00,9/23/2013 16:01,,,Construction & Maintenance,,,No,,,,,,,,,No,,,,Person contact with electricity,0,0,0,0,,
20026,Near Miss,Minor or low potential impact,Not Entered,9/10/2013 14:00,2013,Sep,Tue,14:00,12:00,9/23/2013 16:11,,,Construction & Maintenance,,,No,,,,,,,,,No,,,,Hit by a moving vehicle or plant,0,0,0,0,,
20019,Near Miss,Minor or low potential impact,Not Entered,9/10/2013 14:00,2013,Sep,Tue,14:00,12:00,9/23/2013 9:08,,,Construction & Maintenance,,,No,,,,,,,,,No,,,,N/A,0,0,0,0,,
19986,Near Miss,Minor or low potential impact,Not Entered,9/10/2013 14:00,2013,Sep,Tue,14:00,12:00,9/11/2013 8:12,,,Construction & Maintenance,,,No,,,,,,,,,No,,,,Hit by a moving vehicle or plant,0,0,0,0,,
19987,Near Miss,Minor or low potential impact,Not Entered,9/10/2013 15:00,2013,Sep,Tue,15:00,12:00,9/11/2013 8:16,,,Construction & Maintenance,,,No,,,,,,,,,No,,,,N/A,0,0,0,0,,
20072,Near Miss,Minor or low potential impact,Not Entered,9/10/2013 15:30,2013,Sep,Tue,15:30,12:00,9/27/2013 14:50,,,Construction & Maintenance,,,No,,,,,,,,,No,,,,Hit by a moving vehicle or plant,0,0,0,0,,
20079,Near Miss,Minor or low potential impact,Not Entered,9/10/2013 15:52,2013,Sep,Tue,15:52,12:00,10/1/2013 9:38,,,Construction & Maintenance,,,No,,,,,,,,,No,,,,Hit by a moving vehicle or plant,0,0,0,0,,
20136,Near Miss,Minor or low potential impact,Not Entered,9/10/2013 17:34,2013,Sep,Tue,17:34,12:00,10/3/2013 16:44,,,Construction & Maintenance,,,No,,,,,,,,,No,,,,N/A,0,0,0,0,,