Event ID,Event Type ,Event Subtype,Type of Person,Date/Time of Event,Year,Month,Day of the Week,Time,Time interval (6 hours),Date/Time Reported,Location,Specific Location (include RCC Log no if relevant),Details of actual job being done at the time,Part of Body Affected,Injury Type,Was there a vehicle involved in this event?,Work related,Accident Type,Vehicle Motion,Who was Hit,Weather/Visibility,Surface Condition,Roadbed Grade,Lighting Conditions,Was A Police Report Filed?,Name of Law Enforcement Agency,Preventable,Type,Kind of Event,Expected Lost Workdays (Total),Actual Lost Workdays (Total),Expected Restricted Workdays (Total),Actual Restricted Workdays (Total),Return To Work Date,Sign Off 1
20084,Near Miss,Minor or low potential impact,Not Entered,9/11/2013 7:40,2013,Sep,Wed,7:40,6:00,10/1/2013 11:18,,,Construction & Maintenance,,,No,,,,,,,,,No,,,,Explosion,0,0,0,0,,
20116,Near Miss,Minor or low potential impact,Not Entered,9/11/2013 9:20,2013,Sep,Wed,9:20,6:00,10/3/2013 12:35,,,Construction & Maintenance,,,No,,,,,,,,,No,,,,Hit by a moving vehicle or plant,0,0,0,0,,
20135,Near Miss,Minor or low potential impact,Not Entered,9/11/2013 13:20,2013,Sep,Wed,13:20,12:00,10/3/2013 16:32,,,Construction & Maintenance,,,No,,,,,,,,,No,,,,Fell from a height,0,0,0,0,,
20118,Near Miss,Minor or low potential impact,Not Entered,9/11/2013 15:00,2013,Sep,Wed,15:00,12:00,10/3/2013 14:27,,,Construction & Maintenance,,,No,,,,,,,,,No,,,,Hit by a moving vehicle or plant,0,0,0,0,,
20089,Near Miss,Minor or low potential impact,Not Entered,9/11/2013 15:10,2013,Sep,Wed,15:10,12:00,10/1/2013 15:25,,,Construction & Maintenance,,,No,,,,,,,,,No,,,,N/A,0,0,0,0,,
20126,Near Miss,Minor or low potential impact,Not Entered,9/11/2013 16:00,2013,Sep,Wed,16:00,12:00,10/3/2013 15:48,,,Construction & Maintenance,,,No,,,,,,,,,No,,,,Hit by a moving or falling object,0,0,0,0,,
20129,Near Miss,Minor or low potential impact,Not Entered,9/11/2013 16:56,2013,Sep,Wed,16:56,12:00,10/3/2013 16:05,,,Construction & Maintenance,,,No,,,,,,,,,No,,,,Hit by a moving vehicle or plant,0,0,0,0,,
20131,Near Miss,Minor or low potential impact,Not Entered,9/12/2013 7:30,2013,Sep,Thu,7:30,6:00,10/3/2013 16:16,,,Construction & Maintenance,,,No,,,,,,,,,No,,,,Drowned or asphyxiated ,0,0,0,0,,
20117,Near Miss,Minor or low potential impact,Not Entered,9/12/2013 8:00,2013,Sep,Thu,8:00,6:00,10/3/2013 14:21,,,Construction & Maintenance,,,No,,,,,,,,,No,,,,Hit by a moving vehicle or plant,0,0,0,0,,
20127,Near Miss,Minor or low potential impact,Not Entered,9/12/2013 9:00,2013,Sep,Thu,9:00,6:00,10/3/2013 15:55,,,Construction & Maintenance,,,No,,,,,,,,,No,,,,"Fell, slipped, or tripped on same level",0,0,0,0,,
20087,Near Miss,Minor or low potential impact,Not Entered,9/12/2013 9:00,2013,Sep,Thu,9:00,6:00,10/1/2013 14:48,,,Construction & Maintenance,,,No,,,,,,,,,No,,,,Hit by a moving vehicle or plant,0,0,0,0,,
20088,Near Miss,Minor or low potential impact,Not Entered,9/12/2013 12:30,2013,Sep,Thu,12:30,12:00,10/1/2013 15:09,,,Construction & Maintenance,,,No,,,,,,,,,No,,,,Fell from a height,0,0,0,0,,
20086,Near Miss,Minor or low potential impact,Not Entered,9/12/2013 13:15,2013,Sep,Thu,13:15,12:00,10/1/2013 12:59,,,Construction & Maintenance,,,No,,,,,,,,,No,,,,Fell from a height,0,0,0,0,,
20058,Near Miss,Minor or low potential impact,Not Entered,9/13/2013 7:35,2013,Sep,Fri,7:35,6:00,9/27/2013 8:02,,,Construction & Maintenance,,,No,,,,,,,,,No,,,,N/A,0,0,0,0,,
20082,Near Miss,Minor or low potential impact,Not Entered,9/13/2013 7:40,2013,Sep,Fri,7:40,6:00,10/1/2013 10:53,,,Construction & Maintenance,,,No,,,,,,,,,No,,,,Person contact with electricity,0,0,0,0,,
20061,Near Miss,Minor or low potential impact,Not Entered,9/13/2013 9:03,2013,Sep,Fri,9:03,6:00,9/27/2013 8:36,,,Construction & Maintenance,,,No,,,,,,,,,No,,,,N/A,0,0,0,0,,
20083,Near Miss,Minor or low potential impact,Not Entered,9/13/2013 9:30,2013,Sep,Fri,9:30,6:00,10/1/2013 11:08,,,Construction & Maintenance,,,No,,,,,,,,,No,,,,Hit by a moving vehicle or plant,0,0,0,0,,
20041,Near Miss,Minor or low potential impact,Not Entered,9/13/2013 10:30,2013,Sep,Fri,10:30,6:00,9/25/2013 11:07,,,Construction & Maintenance,,,No,,,,,,,,,No,,,,Hit by a moving vehicle or plant,0,0,0,0,,
20070,Near Miss,Minor or low potential impact,Not Entered,9/13/2013 11:05,2013,Sep,Fri,11:05,6:00,9/27/2013 12:19,,,Construction & Maintenance,,,No,,,,,,,,,No,,,,N/A,,,,,,
20069,Near Miss,Minor or low potential impact,Not Entered,9/13/2013 11:05,2013,Sep,Fri,11:05,6:00,9/27/2013 12:14,,,Construction & Maintenance,,,No,,,,,,,,,No,,,,N/A,0,0,0,0,,
20053,Near Miss,Minor or low potential impact,Not Entered,9/13/2013 11:15,2013,Sep,Fri,11:15,6:00,9/26/2013 14:19,,,Construction & Maintenance,,,No,,,,,,,,,No,,,,Fell from a height,0,0,0,0,,
20065,Near Miss,Minor or low potential impact,Not Entered,9/13/2013 12:00,2013,Sep,Fri,12:00,12:00,9/27/2013 10:25,,,Construction & Maintenance,,,No,,,,,,,,,No,,,,N/A,0,0,0,0,,
20063,Near Miss,Minor or low potential impact,Not Entered,9/13/2013 12:00,2013,Sep,Fri,12:00,12:00,9/27/2013 9:29,,,Construction & Maintenance,,,No,,,,,,,,,No,,,,Fell from a height,0,0,0,0,,
20085,Near Miss,Minor or low potential impact,Not Entered,9/13/2013 13:08,2013,Sep,Fri,13:08,12:00,10/1/2013 12:14,,,Construction & Maintenance,,,No,,,,,,,,,No,,,,Hit by a moving vehicle or plant,0,0,0,0,,
20172,Near Miss,Minor or low potential impact,Not Entered,9/13/2013 16:30,2013,Sep,Fri,16:30,12:00,10/22/2013 16:06,,,Construction & Maintenance,,,No,,,,,,,,,No,,,,Fell from a height,0,0,0,0,,
20119,Near Miss,Minor or low potential impact,Not Entered,9/16/2013 7:09,2013,Sep,Mon,7:09,6:00,10/3/2013 14:31,,,Construction & Maintenance,,,No,,,,,,,,,No,,,,Hit by a moving vehicle or plant,0,0,0,0,,
20143,Near Miss,Minor or low potential impact,Not Entered,9/16/2013 8:00,2013,Sep,Mon,8:00,6:00,10/3/2013 17:37,,,Construction & Maintenance,,,No,,,,,,,,,No,,,,N/A,0,0,0,0,,
20142,Near Miss,Minor or low potential impact,Not Entered,9/16/2013 9:00,2013,Sep,Mon,9:00,6:00,10/3/2013 17:33,,,Construction & Maintenance,,,No,,,,,,,,,No,,,,N/A,0,0,0,0,,
20064,Near Miss,Minor or low potential impact,Not Entered,9/16/2013 10:30,2013,Sep,Mon,10:30,6:00,9/27/2013 10:01,,,Construction & Maintenance,,,No,,,,,,,,,No,,,,Person exposed to harmful substance,0,0,0,0,,
20178,Near Miss,Minor or low potential impact,Not Entered,9/16/2013 11:30,2013,Sep,Mon,11:30,6:00,10/23/2013 14:03,,,Construction & Maintenance,,,No,,,,,,,,,No,,,,Hit by a moving vehicle or plant,0,0,0,0,,
20066,Near Miss,Minor or low potential impact,Not Entered,9/16/2013 12:00,2013,Sep,Mon,12:00,12:00,9/27/2013 10:40,,,Construction & Maintenance,,,No,,,,,,,,,No,,,,Hit by a moving or falling object,0,0,0,0,,
20121,Near Miss,Minor or low potential impact,Not Entered,9/16/2013 13:00,2013,Sep,Mon,13:00,12:00,10/3/2013 14:55,,,Construction & Maintenance,,,No,,,,,,,,,No,,,,Hit by a moving vehicle or plant,0,0,0,0,,
20045,Near Miss,Minor or low potential impact,Not Entered,9/16/2013 14:00,2013,Sep,Mon,14:00,12:00,9/25/2013 12:27,,,Construction & Maintenance,,,No,,,,,,,,,No,,,,Hit by a moving vehicle or plant,,,,,,
20044,Near Miss,Minor or low potential impact,Not Entered,9/16/2013 14:00,2013,Sep,Mon,14:00,12:00,9/25/2013 12:25,,,Construction & Maintenance,,,No,,,,,,,,,No,,,,Hit by a moving or falling object,0,0,0,0,,
20043,Near Miss,Minor or low potential impact,Not Entered,9/16/2013 14:00,2013,Sep,Mon,14:00,12:00,9/25/2013 12:02,,,Construction & Maintenance,,,No,,,,,,,,,No,,,,Hit by a moving vehicle or plant,0,0,0,0,,
20122,Near Miss,Minor or low potential impact,Not Entered,9/16/2013 14:27,2013,Sep,Mon,14:27,12:00,10/3/2013 15:11,,,Construction & Maintenance,,,No,,,,,,,,,No,,,,Hit by a moving vehicle or plant,0,0,0,0,,
20146,Near Miss,Minor or low potential impact,Not Entered,9/16/2013 14:35,2013,Sep,Mon,14:35,12:00,10/3/2013 17:48,,,Construction & Maintenance,,,No,,,,,,,,,No,,,,N/A,0,0,0,0,,
20067,Near Miss,Minor or low potential impact,Not Entered,9/17/2013 11:00,2013,Sep,Tue,11:00,6:00,9/27/2013 11:16,,,Construction & Maintenance,,,No,,,,,,,,,No,,,,N/A,0,0,0,0,,
20052,Near Miss,Minor or low potential impact,Not Entered,9/17/2013 12:15,2013,Sep,Tue,12:15,12:00,9/26/2013 11:21,,,Construction & Maintenance,,,No,,,,,,,,,No,,,,Hit by a moving or falling object,0,0,0,0,,
20068,Near Miss,Minor or low potential impact,Not Entered,9/17/2013 12:30,2013,Sep,Tue,12:30,12:00,9/27/2013 11:58,,,Construction & Maintenance,,,No,,,,,,,,,No,,,,N/A,0,0,0,0,,
20054,Near Miss,Minor or low potential impact,Not Entered,9/17/2013 16:11,2013,Sep,Tue,16:11,12:00,9/26/2013 15:22,,,Construction & Maintenance,,,No,,,,,,,,,No,,,,Person contact with electricity,0,0,0,0,,
20173,Near Miss,Minor or low potential impact,Not Entered,9/17/2013 17:05,2013,Sep,Tue,17:05,12:00,10/22/2013 16:16,,,Construction & Maintenance,,,No,,,,,,,,,No,,,,Hit by a moving vehicle or plant,0,0,0,0,,
20055,Near Miss,Minor or low potential impact,Not Entered,9/18/2013 11:35,2013,Sep,Wed,11:35,6:00,9/26/2013 15:51,,,Construction & Maintenance,,,No,,,,,,,,,No,,,,Fell from a height,0,0,0,0,,
20057,Near Miss,Minor or low potential impact,Not Entered,9/18/2013 12:30,2013,Sep,Wed,12:30,12:00,9/26/2013 16:22,,,Construction & Maintenance,,,No,,,,,,,,,No,,,,Hit by a moving vehicle or plant,0,0,0,0,,
20314,Near Miss,Minor or low potential impact,Not Entered,9/18/2013 12:50,2013,Sep,Wed,12:50,12:00,11/11/2013 12:08,,,Construction & Maintenance,,,No,,,,,,,,,No,,,,N/A,0,0,0,0,,
20056,Near Miss,Minor or low potential impact,Not Entered,9/18/2013 13:00,2013,Sep,Wed,13:00,12:00,9/26/2013 16:08,,,Construction & Maintenance,,,No,,,,,,,,,No,,,,Fell from a height,0,0,0,0,,
20094,Near Miss,Minor or low potential impact,Not Entered,9/18/2013 13:40,2013,Sep,Wed,13:40,12:00,10/2/2013 10:36,,,Construction & Maintenance,,,No,,,,,,,,,No,,,,Hit by a moving or falling object,0,0,0,0,,
20108,Near Miss,Minor or low potential impact,Not Entered,9/18/2013 15:49,2013,Sep,Wed,15:49,12:00,10/2/2013 15:11,,,Construction & Maintenance,,,No,,,,,,,,,No,,,,Hit by a moving or falling object,0,0,0,0,,
20031,Near Miss,Minor or low potential impact,Not Entered,9/18/2013 18:05,2013,Sep,Wed,18:05,18:00,9/24/2013 9:50,,,Construction & Maintenance,,,No,,,,,,,,,No,,,,Hit by a moving vehicle or plant,0,0,0,0,,
20114,Near Miss,Minor or low potential impact,Not Entered,9/19/2013 8:30,2013,Sep,Thu,8:30,6:00,10/3/2013 11:09,,,Construction & Maintenance,,,No,,,,,,,,,No,,,,Hit by a moving vehicle or plant,0,0,0,0,,
20279,Near Miss,Minor or low potential impact,Not Entered,9/19/2013 10:30,2013,Sep,Thu,10:30,6:00,11/6/2013 11:57,,,Construction & Maintenance,,,No,,,,,,,,,No,,,,Person exposed to harmful substance,0,0,0,0,,
20138,Near Miss,Minor or low potential impact,Not Entered,9/19/2013 11:30,2013,Sep,Thu,11:30,6:00,10/3/2013 17:12,,,Construction & Maintenance,,,No,,,,,,,,,No,,,,Hit by a moving vehicle or plant,0,0,0,0,,
20104,Near Miss,Minor or low potential impact,Not Entered,9/19/2013 13:00,2013,Sep,Thu,13:00,12:00,10/2/2013 13:08,,,Construction & Maintenance,,,No,,,,,,,,,No,,,,Hit by a moving or falling object,0,0,0,0,,
20093,Near Miss,Minor or low potential impact,Not Entered,9/19/2013 14:00,2013,Sep,Thu,14:00,12:00,10/2/2013 9:56,,,Construction & Maintenance,,,No,,,,,,,,,No,,,,Hit by a moving or falling object,0,0,0,0,,
20145,Near Miss,Minor or low potential impact,Not Entered,9/19/2013 14:20,2013,Sep,Thu,14:20,12:00,10/3/2013 17:45,,,Construction & Maintenance,,,No,,,,,,,,,No,,,,N/A,0,0,0,0,,
20320,Near Miss,Minor or low potential impact,Not Entered,9/19/2013 15:30,2013,Sep,Thu,15:30,12:00,11/11/2013 16:20,,,Construction & Maintenance,,,No,,,,,,,,,No,,,,Hit by a moving or falling object,0,0,0,0,,
20297,Near Miss,Minor or low potential impact,Not Entered,9/19/2013 17:30,2013,Sep,Thu,17:30,12:00,11/7/2013 15:08,,,Construction & Maintenance,,,No,,,,,,,,,No,,,,Hit by a moving vehicle or plant,0,0,0,0,,
20147,Near Miss,Minor or low potential impact,Not Entered,9/20/2013 9:00,2013,Sep,Fri,9:00,6:00,10/3/2013 17:55,,,Construction & Maintenance,,,No,,,,,,,,,No,,,,Hit by a moving or falling object,0,0,0,0,,
20105,Near Miss,Minor or low potential impact,Not Entered,9/20/2013 14:09,2013,Sep,Fri,14:09,12:00,10/2/2013 13:33,,,Construction & Maintenance,,,No,,,,,,,,,No,,,,Hit by a moving vehicle or plant,0,0,0,0,,
20042,Near Miss,Minor or low potential impact,Not Entered,9/20/2013 15:20,2013,Sep,Fri,15:20,12:00,9/25/2013 11:20,,,Construction & Maintenance,,,No,,,,,,,,,No,,,,Hit by a moving vehicle or plant,0,0,0,0,,
20161,Near Miss,Minor or low potential impact,Not Entered,9/21/2013 12:00,2013,Sep,Sat,12:00,12:00,10/9/2013 16:26,,,Construction & Maintenance,,,No,,,,,,,,,No,,,,Hit by a moving vehicle or plant,0,0,0,0,,
20293,Near Miss,Minor or low potential impact,Not Entered,9/23/2013 8:00,2013,Sep,Mon,8:00,6:00,11/7/2013 14:04,,,Construction & Maintenance,,,No,,,,,,,,,No,,,,N/A,0,0,0,0,,
20288,Near Miss,Minor or low potential impact,Not Entered,9/23/2013 9:00,2013,Sep,Mon,9:00,6:00,11/6/2013 16:35,,,Construction & Maintenance,,,No,,,,,,,,,No,,,,N/A,0,0,0,0,,
20034,Near Miss,Minor or low potential impact,Not Entered,9/23/2013 9:00,2013,Sep,Mon,9:00,6:00,9/24/2013 12:07,,,Construction & Maintenance,,,No,,,,,,,,,No,,,,Hit by a moving vehicle or plant,0,0,0,0,,
20051,Near Miss,Minor or low potential impact,Not Entered,9/23/2013 9:55,2013,Sep,Mon,9:55,6:00,9/26/2013 11:02,,,Construction & Maintenance,,,No,,,,,,,,,No,,,,N/A,0,0,0,0,,
20035,Near Miss,Minor or low potential impact,Not Entered,9/23/2013 14:00,2013,Sep,Mon,14:00,12:00,9/24/2013 12:38,,,Construction & Maintenance,,,No,,,,,,,,,No,,,,N/A,0,0,0,0,,
20033,Near Miss,Minor or low potential impact,Not Entered,9/23/2013 14:00,2013,Sep,Mon,14:00,12:00,9/24/2013 10:46,,,Construction & Maintenance,,,No,,,,,,,,,No,,,,Hit by a moving vehicle or plant,0,0,0,0,,
20319,Near Miss,Minor or low potential impact,Not Entered,9/23/2013 14:03,2013,Sep,Mon,14:03,12:00,11/11/2013 14:09,,,Construction & Maintenance,,,No,,,,,,,,,No,,,,Hit by a moving vehicle or plant,0,0,0,0,,
20078,Near Miss,Minor or low potential impact,Not Entered,9/23/2013 15:00,2013,Sep,Mon,15:00,12:00,9/30/2013 16:02,,,Construction & Maintenance,,,No,,,,,,,,,No,,,,Fell from a height,0,0,0,0,,
20036,Near Miss,Minor or low potential impact,Not Entered,9/23/2013 15:00,2013,Sep,Mon,15:00,12:00,9/24/2013 14:32,,,Construction & Maintenance,,,No,,,,,,,,,No,,,,N/A,0,0,0,0,,
20049,Near Miss,Minor or low potential impact,Not Entered,9/23/2013 15:30,2013,Sep,Mon,15:30,12:00,9/25/2013 15:36,,,Construction & Maintenance,,,No,,,,,,,,,No,,,,Hit by a moving vehicle or plant,0,0,0,0,,
20029,Near Miss,Minor or low potential impact,Not Entered,9/23/2013 15:45,2013,Sep,Mon,15:45,12:00,9/24/2013 8:30,,,Construction & Maintenance,,,No,,,,,,,,,No,,,,Hit by a moving vehicle or plant,0,0,0,0,,
20030,Near Miss,Minor or low potential impact,Not Entered,9/23/2013 16:30,2013,Sep,Mon,16:30,12:00,9/24/2013 9:26,,,Construction & Maintenance,,,No,,,,,,,,,No,,,,Hit by a moving vehicle or plant,0,0,0,0,,
20290,Near Miss,Minor or low potential impact,Not Entered,9/23/2013 16:37,2013,Sep,Mon,16:37,12:00,11/6/2013 16:50,,,Construction & Maintenance,,,No,,,,,,,,,No,,,,N/A,0,0,0,0,,
20318,Near Miss,Minor or low potential impact,Not Entered,9/24/2013 13:40,2013,Sep,Tue,13:40,12:00,11/11/2013 14:02,,,Construction & Maintenance,,,No,,,,,,,,,No,,,,N/A,0,0,0,0,,
20282,Near Miss,Minor or low potential impact,Not Entered,9/24/2013 15:00,2013,Sep,Tue,15:00,12:00,11/6/2013 13:56,,,Construction & Maintenance,,,No,,,,,,,,,No,,,,Person contact with electricity,0,0,0,0,,
20321,Near Miss,Minor or low potential impact,Not Entered,9/24/2013 16:37,2013,Sep,Tue,16:37,12:00,11/11/2013 16:49,,,Construction & Maintenance,,,No,,,,,,,,,No,,,,Hit by a moving vehicle or plant,0,0,0,0,,
20284,Near Miss,Minor or low potential impact,Not Entered,9/25/2013 8:45,2013,Sep,Wed,8:45,6:00,11/6/2013 14:39,,,Construction & Maintenance,,,No,,,,,,,,,No,,,,N/A,0,0,0,0,,
20409,Near Miss,Minor or low potential impact,Not Entered,9/25/2013 9:51,2013,Sep,Wed,9:51,6:00,11/22/2013 14:13,,,Construction & Maintenance,,,No,,,,,,,,,No,,,,N/A,0,0,0,0,,
20144,Near Miss,Minor or low potential impact,Not Entered,9/25/2013 11:00,2013,Sep,Wed,11:00,6:00,10/3/2013 17:42,,,Construction & Maintenance,,,No,,,,,,,,,No,,,,"Fell, slipped, or tripped on same level",0,0,0,0,,
20316,Near Miss,Minor or low potential impact,Not Entered,9/25/2013 14:30,2013,Sep,Wed,14:30,12:00,11/11/2013 13:06,,,Construction & Maintenance,,,No,,,,,,,,,No,,,,Hit by a moving vehicle or plant,0,0,0,0,,
20287,Near Miss,Minor or low potential impact,Not Entered,9/25/2013 15:27,2013,Sep,Wed,15:27,12:00,11/6/2013 16:10,,,Construction & Maintenance,,,No,,,,,,,,,No,,,,N/A,0,0,0,0,,
20123,Near Miss,Minor or low potential impact,Not Entered,9/25/2013 18:12,2013,Sep,Wed,18:12,18:00,10/3/2013 15:18,,,Construction & Maintenance,,,No,,,,,,,,,No,,,,Hit by a moving vehicle or plant,0,0,0,0,,
20317,Near Miss,Minor or low potential impact,Not Entered,9/26/2013 7:30,2013,Sep,Thu,7:30,6:00,11/11/2013 13:38,,,Construction & Maintenance,,,No,,,,,,,,,No,,,,N/A,0,0,0,0,,
20125,Near Miss,Minor or low potential impact,Not Entered,9/26/2013 13:00,2013,Sep,Thu,13:00,12:00,10/3/2013 15:43,,,Construction & Maintenance,,,No,,,,,,,,,No,,,,N/A,0,0,0,0,,
20107,Near Miss,Minor or low potential impact,Not Entered,9/27/2013 6:45,2013,Sep,Fri,6:45,6:00,10/2/2013 14:49,,,Construction & Maintenance,,,No,,,,,,,,,No,,,,Hit by a moving vehicle or plant,0,0,0,0,,
20080,Near Miss,Minor or low potential impact,Not Entered,9/27/2013 6:55,2013,Sep,Fri,6:55,6:00,10/1/2013 10:32,,,Construction & Maintenance,,,No,,,,,,,,,No,,,,Hit by a moving vehicle or plant,0,0,0,0,,
20097,Near Miss,Minor or low potential impact,Not Entered,9/27/2013 7:00,2013,Sep,Fri,7:00,6:00,10/2/2013 11:13,,,Construction & Maintenance,,,No,,,,,,,,,No,,,,Hit by a moving vehicle or plant,0,0,0,0,,
20177,Near Miss,Minor or low potential impact,Not Entered,9/27/2013 9:30,2013,Sep,Fri,9:30,6:00,10/23/2013 13:05,,,Construction & Maintenance,,,No,,,,,,,,,No,,,,N/A,0,0,0,0,,
20292,Near Miss,Minor or low potential impact,Not Entered,9/27/2013 9:40,2013,Sep,Fri,9:40,6:00,11/6/2013 17:10,,,Construction & Maintenance,,,No,,,,,,,,,No,,,,Hit by a moving vehicle or plant,0,0,0,0,,
20081,Near Miss,Minor or low potential impact,Not Entered,9/27/2013 9:50,2013,Sep,Fri,9:50,6:00,10/1/2013 10:43,,,Construction & Maintenance,,,No,,,,,,,,,No,,,,Hit by a moving vehicle or plant,0,0,0,0,,
20115,Near Miss,Minor or low potential impact,Not Entered,9/27/2013 12:10,2013,Sep,Fri,12:10,12:00,10/3/2013 11:27,,,Construction & Maintenance,,,No,,,,,,,,,No,,,,Drowned or asphyxiated ,0,0,0,0,,
20281,Near Miss,Minor or low potential impact,Not Entered,9/27/2013 12:40,2013,Sep,Fri,12:40,12:00,11/6/2013 13:42,,,Construction & Maintenance,,,No,,,,,,,,,No,,,,"Fell, slipped, or tripped on same level",0,0,0,0,,
20283,Near Miss,Minor or low potential impact,Not Entered,9/27/2013 14:12,2013,Sep,Fri,14:12,12:00,11/6/2013 14:24,,,Construction & Maintenance,,,No,,,,,,,,,No,,,,Hit by a moving vehicle or plant,0,0,0,0,,
20280,Near Miss,Minor or low potential impact,Not Entered,9/27/2013 14:20,2013,Sep,Fri,14:20,12:00,11/6/2013 13:17,,,Construction & Maintenance,,,No,,,,,,,,,No,,,,"Fell, slipped, or tripped on same level",0,0,0,0,,
20077,Infrastructure asset,Service Strike,Not Entered,9/27/2013 16:00,2013,Sep,Fri,16:00,12:00,9/30/2013 15:14,,,Construction & Maintenance,,,No,,,,,,,,,No,,,,Person contact with electricity,0,0,0,0,,
20322,Near Miss,Minor or low potential impact,Not Entered,9/30/2013 10:35,2013,Sep,Mon,10:35,6:00,11/11/2013 16:57,,,Construction & Maintenance,,,No,,,,,,,,,No,,,,N/A,0,0,0,0,,
20294,Near Miss,Minor or low potential impact,Not Entered,9/30/2013 14:00,2013,Sep,Mon,14:00,12:00,11/7/2013 14:49,,,Construction & Maintenance,,,No,,,,,,,,,No,,,,Hit by a moving vehicle or plant,0,0,0,0,,
20176,Near Miss,Minor or low potential impact,Not Entered,9/30/2013 15:00,2013,Sep,Mon,15:00,12:00,10/23/2013 10:13,,,Construction & Maintenance,,,No,,,,,,,,,No,,,,Hit by a moving vehicle or plant,0,0,0,0,,
20723,Near Miss,Minor or low potential impact,Not Entered,10/1/2013 8:55,2013,Oct,Tue,8:55,6:00,12/12/2013 8:55,,,Construction & Maintenance,,,No,,,,,,,,,No,,,,N/A,0,0,0,0,,
20719,Near Miss,Minor or low potential impact,Not Entered,10/1/2013 9:45,2013,Oct,Tue,9:45,6:00,12/11/2013 17:29,,,Construction & Maintenance,,,No,,,,,,,,,No,,,,N/A,0,0,0,0,,
20754,Near Miss,Minor or low potential impact,Not Entered,10/1/2013 10:32,2013,Oct,Tue,10:32,6:00,12/13/2013 13:54,,,Construction & Maintenance,,,No,,,,,,,,,No,,,,Fell from a height,0,0,0,0,,
20379,Near Miss,Minor or low potential impact,Not Entered,10/1/2013 11:15,2013,Oct,Tue,11:15,6:00,11/21/2013 12:05,,,Construction & Maintenance,,,No,,,,,,,,,No,,,,"Fell, slipped, or tripped on same level",0,0,0,0,,
20740,Near Miss,Minor or low potential impact,Not Entered,10/1/2013 11:30,2013,Oct,Tue,11:30,6:00,12/13/2013 10:14,,,Construction & Maintenance,,,No,,,,,,,,,No,,,,N/A,0,0,0,0,,
20384,Near Miss,Minor or low potential impact,Not Entered,10/1/2013 15:00,2013,Oct,Tue,15:00,12:00,11/21/2013 14:30,,,Construction & Maintenance,,,No,,,,,,,,,No,,,,Fell from a height,0,0,0,0,,
20743,Near Miss,Minor or low potential impact,Not Entered,10/1/2013 16:30,2013,Oct,Tue,16:30,12:00,12/13/2013 12:00,,,Construction & Maintenance,,,No,,,,,,,,,No,,,,Hit by a moving vehicle or plant,0,0,0,0,,
20263,Near Miss,Minor or low potential impact,Not Entered,10/1/2013 16:45,2013,Oct,Tue,16:45,12:00,11/1/2013 16:58,,,Construction & Maintenance,,,No,,,,,,,,,No,,,,Hit by a moving vehicle or plant,0,0,0,0,,
20383,Near Miss,Minor or low potential impact,Not Entered,10/2/2013 7:15,2013,Oct,Wed,7:15,6:00,11/21/2013 13:45,,,Construction & Maintenance,,,No,,,,,,,,,No,,,,Hit by a moving or falling object,0,0,0,0,,
20710,Near Miss,Minor or low potential impact,Not Entered,10/2/2013 7:30,2013,Oct,Wed,7:30,6:00,12/11/2013 16:09,,,Construction & Maintenance,,,No,,,,,,,,,No,,,,N/A,0,0,0,0,,
20411,Near Miss,Minor or low potential impact,Not Entered,10/2/2013 8:55,2013,Oct,Wed,8:55,6:00,11/22/2013 14:40,,,Construction & Maintenance,,,No,,,,,,,,,No,,,,N/A,0,0,0,0,,
20746,Near Miss,Minor or low potential impact,Not Entered,10/2/2013 9:30,2013,Oct,Wed,9:30,6:00,12/13/2013 13:16,,,Construction & Maintenance,,,No,,,,,,,,,No,,,,N/A,0,0,0,0,,
20380,Near Miss,Minor or low potential impact,Not Entered,10/2/2013 9:30,2013,Oct,Wed,9:30,6:00,11/21/2013 12:16,,,Construction & Maintenance,,,No,,,,,,,,,No,,,,"Fell, slipped, or tripped on same level",0,0,0,0,,
20712,Near Miss,Minor or low potential impact,Not Entered,10/2/2013 10:26,2013,Oct,Wed,10:26,6:00,12/11/2013 16:25,,,Construction & Maintenance,,,No,,,,,,,,,No,,,,N/A,0,0,0,0,,
20708,Near Miss,Minor or low potential impact,Not Entered,10/2/2013 10:45,2013,Oct,Wed,10:45,6:00,12/11/2013 15:54,,,Construction & Maintenance,,,No,,,,,,,,,No,,,,N/A,0,0,0,0,,
20389,Near Miss,Minor or low potential impact,Not Entered,10/2/2013 12:35,2013,Oct,Wed,12:35,12:00,11/21/2013 15:54,,,Construction & Maintenance,,,No,,,,,,,,,No,,,,Hit by a moving vehicle or plant,0,0,0,0,,
20744,Near Miss,Minor or low potential impact,Not Entered,10/2/2013 13:10,2013,Oct,Wed,13:10,12:00,12/13/2013 12:18,,,Construction & Maintenance,,,No,,,,,,,,,No,,,,Hit by a moving vehicle or plant,0,0,0,0,,
20755,Near Miss,Minor or low potential impact,Not Entered,10/2/2013 14:10,2013,Oct,Wed,14:10,12:00,12/13/2013 13:58,,,Construction & Maintenance,,,No,,,,,,,,,No,,,,Hit by a moving vehicle or plant,0,0,0,0,,
20737,Near Miss,Minor or low potential impact,Not Entered,10/2/2013 14:27,2013,Oct,Wed,14:27,12:00,12/13/2013 9:29,,,Construction & Maintenance,,,No,,,,,,,,,No,,,,Hit by a moving vehicle or plant,0,0,0,0,,
20413,Near Miss,Minor or low potential impact,Not Entered,10/2/2013 15:00,2013,Oct,Wed,15:00,12:00,11/22/2013 15:33,,,Construction & Maintenance,,,No,,,,,,,,,No,,,,"Fell, slipped, or tripped on same level",0,0,0,0,,
20757,Near Miss,Minor or low potential impact,Not Entered,10/2/2013 15:26,2013,Oct,Wed,15:26,12:00,12/13/2013 14:08,,,Construction & Maintenance,,,No,,,,,,,,,No,,,,N/A,0,0,0,0,,
20382,Near Miss,Minor or low potential impact,Not Entered,10/3/2013 8:45,2013,Oct,Thu,8:45,6:00,11/21/2013 13:36,,,Construction & Maintenance,,,No,,,,,,,,,No,,,,"Fell, slipped, or tripped on same level",0,0,0,0,,