Event ID,Event Type ,Event Subtype,Type of Person,Date/Time of Event,Year,Month,Day of the Week,Time,Time interval (6 hours),Date/Time Reported,Location,Specific Location (include RCC Log no if relevant),Details of actual job being done at the time,Part of Body Affected,Injury Type,Was there a vehicle involved in this event?,Work related,Accident Type,Vehicle Motion,Who was Hit,Weather/Visibility,Surface Condition,Roadbed Grade,Lighting Conditions,Was A Police Report Filed?,Name of Law Enforcement Agency,Preventable,Type,Kind of Event,Expected Lost Workdays (Total),Actual Lost Workdays (Total),Expected Restricted Workdays (Total),Actual Restricted Workdays (Total),Return To Work Date,Sign Off 1
20713,Near Miss,Minor or low potential impact,Not Entered,10/3/2013 9:30,2013,Oct,Thu,9:30,6:00,12/11/2013 17:03,,,Construction & Maintenance,,,No,,,,,,,,,No,,,,N/A,0,0,0,0,,
20715,Near Miss,Minor or low potential impact,Not Entered,10/3/2013 9:50,2013,Oct,Thu,9:50,6:00,12/11/2013 17:12,,,Construction & Maintenance,,,No,,,,,,,,,No,,,,N/A,0,0,0,0,,
20739,Near Miss,Minor or low potential impact,Not Entered,10/3/2013 9:52,2013,Oct,Thu,9:52,6:00,12/13/2013 10:07,,,Construction & Maintenance,,,No,,,,,,,,,No,,,,N/A,0,0,0,0,,
20711,Near Miss,Minor or low potential impact,Not Entered,10/3/2013 10:00,2013,Oct,Thu,10:00,6:00,12/11/2013 16:19,,,Construction & Maintenance,,,No,,,,,,,,,No,,,,Person exposed to harmful substance,0,0,0,0,,
20714,Near Miss,Minor or low potential impact,Not Entered,10/3/2013 10:08,2013,Oct,Thu,10:08,6:00,12/11/2013 17:08,,,Construction & Maintenance,,,No,,,,,,,,,No,,,,N/A,0,0,0,0,,
20709,Near Miss,Minor or low potential impact,Not Entered,10/3/2013 10:35,2013,Oct,Thu,10:35,6:00,12/11/2013 16:02,,,Construction & Maintenance,,,No,,,,,,,,,No,,,,N/A,0,0,0,0,,
20410,Near Miss,Minor or low potential impact,Not Entered,10/3/2013 11:14,2013,Oct,Thu,11:14,6:00,11/22/2013 14:19,,,Construction & Maintenance,,,No,,,,,,,,,No,,,,N/A,0,0,0,0,,
20733,Near Miss,Minor or low potential impact,Not Entered,10/3/2013 12:00,2013,Oct,Thu,12:00,12:00,12/13/2013 8:54,,,Construction & Maintenance,,,No,,,,,,,,,No,,,,Hit by a moving vehicle or plant,0,0,0,0,,
20407,Near Miss,Minor or low potential impact,Not Entered,10/3/2013 12:00,2013,Oct,Thu,12:00,12:00,11/22/2013 13:57,,,Construction & Maintenance,,,No,,,,,,,,,No,,,,Hit by a moving vehicle or plant,0,0,0,0,,
20406,Near Miss,Minor or low potential impact,Not Entered,10/3/2013 12:30,2013,Oct,Thu,12:30,12:00,11/22/2013 13:51,,,Construction & Maintenance,,,No,,,,,,,,,No,,,,N/A,0,0,0,0,,
20193,Near Miss,Minor or low potential impact,Not Entered,10/4/2013 8:15,2013,Oct,Fri,8:15,6:00,10/28/2013 16:42,,,Construction & Maintenance,,,No,,,,,,,,,No,,,,Hit by a moving vehicle or plant,0,0,0,0,,
20716,Near Miss,Minor or low potential impact,Not Entered,10/4/2013 9:56,2013,Oct,Fri,9:56,6:00,12/11/2013 17:16,,,Construction & Maintenance,,,No,,,,,,,,,No,,,,N/A,0,0,0,0,,
20412,Near Miss,Minor or low potential impact,Not Entered,10/4/2013 11:05,2013,Oct,Fri,11:05,6:00,11/22/2013 15:28,,,Construction & Maintenance,,,No,,,,,,,,,No,,,,"Fell, slipped, or tripped on same level",0,0,0,0,,
20741,Near Miss,Minor or low potential impact,Not Entered,10/4/2013 11:45,2013,Oct,Fri,11:45,6:00,12/13/2013 10:20,,,Construction & Maintenance,,,No,,,,,,,,,No,,,,N/A,0,0,0,0,,
20735,Near Miss,Minor or low potential impact,Not Entered,10/6/2013 13:30,2013,Oct,Sun,13:30,12:00,12/13/2013 9:19,,,Construction & Maintenance,,,No,,,,,,,,,No,,,,N/A,0,0,0,0,,
20756,Near Miss,Minor or low potential impact,Not Entered,10/7/2013 8:25,2013,Oct,Mon,8:25,6:00,12/13/2013 14:03,,,Construction & Maintenance,,,No,,,,,,,,,No,,,,N/A,0,0,0,0,,
20366,Near Miss,Minor or low potential impact,Not Entered,10/7/2013 8:25,2013,Oct,Mon,8:25,6:00,11/18/2013 11:49,,,Construction & Maintenance,,,No,,,,,,,,,No,,,,N/A,0,0,0,0,,
20381,Near Miss,Minor or low potential impact,Not Entered,10/7/2013 13:00,2013,Oct,Mon,13:00,12:00,11/21/2013 12:26,,,Construction & Maintenance,,,No,,,,,,,,,No,,,,Fell from a height,0,0,0,0,,
20204,Near Miss,Minor or low potential impact,Not Entered,10/7/2013 13:15,2013,Oct,Mon,13:15,12:00,10/31/2013 13:37,,,Construction & Maintenance,,,No,,,,,,,,,No,,,,Fell from a height,0,0,0,0,,
20745,Near Miss,Minor or low potential impact,Not Entered,10/8/2013 7:10,2013,Oct,Tue,7:10,6:00,12/13/2013 13:08,,,Construction & Maintenance,,,No,,,,,,,,,No,,,,Hit by a moving vehicle or plant,0,0,0,0,,
20736,Near Miss,Minor or low potential impact,Not Entered,10/8/2013 9:00,2013,Oct,Tue,9:00,6:00,12/13/2013 9:24,,,Construction & Maintenance,,,No,,,,,,,,,No,,,,Fell from a height,0,0,0,0,,
20706,Near Miss,Minor or low potential impact,Not Entered,10/8/2013 10:13,2013,Oct,Tue,10:13,6:00,12/11/2013 15:39,,,Construction & Maintenance,,,No,,,,,,,,,No,,,,N/A,0,0,0,0,,
20248,Near Miss,Minor or low potential impact,Not Entered,10/8/2013 11:30,2013,Oct,Tue,11:30,6:00,11/1/2013 10:00,,,Construction & Maintenance,,,No,,,,,,,,,No,,,,Hit by a moving vehicle or plant,0,0,0,0,,
20195,Near Miss,Minor or low potential impact,Not Entered,10/8/2013 11:55,2013,Oct,Tue,11:55,6:00,10/28/2013 17:08,,,Construction & Maintenance,,,No,,,,,,,,,No,,,,Person contact with electricity,0,0,0,0,,
20386,Near Miss,Minor or low potential impact,Not Entered,10/8/2013 14:00,2013,Oct,Tue,14:00,12:00,11/21/2013 15:04,,,Construction & Maintenance,,,No,,,,,,,,,No,,,,Hit by a moving vehicle or plant,0,0,0,0,,
20408,Near Miss,Minor or low potential impact,Not Entered,10/8/2013 15:30,2013,Oct,Tue,15:30,12:00,11/22/2013 14:01,,,Construction & Maintenance,,,No,,,,,,,,,No,,,,Hit by a moving vehicle or plant,0,0,0,0,,
20393,Near Miss,Minor or low potential impact,Not Entered,10/9/2013 9:30,2013,Oct,Wed,9:30,6:00,11/21/2013 16:28,,,Construction & Maintenance,,,No,,,,,,,,,No,,,,Hit by a moving vehicle or plant,0,0,0,0,,
20261,Near Miss,Minor or low potential impact,Not Entered,10/9/2013 14:15,2013,Oct,Wed,14:15,12:00,11/1/2013 16:35,,,Construction & Maintenance,,,No,,,,,,,,,No,,,,Hit by a moving vehicle or plant,0,0,0,0,,
20246,Near Miss,Minor or low potential impact,Not Entered,10/10/2013 11:00,2013,Oct,Thu,11:00,6:00,11/1/2013 9:19,,,Construction & Maintenance,,,No,,,,,,,,,No,,,,Hit by a moving vehicle or plant,0,0,0,0,,
20205,Near Miss,Minor or low potential impact,Not Entered,10/10/2013 11:30,2013,Oct,Thu,11:30,6:00,10/31/2013 13:49,,,Construction & Maintenance,,,No,,,,,,,,,No,,,,N/A,0,0,0,0,,
20230,Near Miss,Minor or low potential impact,Not Entered,10/10/2013 16:10,2013,Oct,Thu,16:10,12:00,10/31/2013 16:17,,,Construction & Maintenance,,,No,,,,,,,,,No,,,,Hit by a moving vehicle or plant,0,0,0,0,,
20258,Near Miss,Minor or low potential impact,Not Entered,10/11/2013 8:30,2013,Oct,Fri,8:30,6:00,11/1/2013 16:03,,,Construction & Maintenance,,,No,,,,,,,,,No,,,,N/A,0,0,0,0,,
20403,Near Miss,Minor or low potential impact,Not Entered,10/11/2013 11:46,2013,Oct,Fri,11:46,6:00,11/22/2013 13:40,,,Construction & Maintenance,,,No,,,,,,,,,No,,,,N/A,0,0,0,0,,
20254,Near Miss,Minor or low potential impact,Not Entered,10/12/2013 8:00,2013,Oct,Sat,8:00,6:00,11/1/2013 15:00,,,Construction & Maintenance,,,No,,,,,,,,,No,,,,Fell from a height,0,0,0,0,,
20264,Near Miss,Minor or low potential impact,Not Entered,10/13/2013 20:00,2013,Oct,Sun,20:00,18:00,11/1/2013 17:06,,,Construction & Maintenance,,,No,,,,,,,,,No,,,,Hit by a moving vehicle or plant,0,0,0,0,,
20255,Near Miss,Minor or low potential impact,Not Entered,10/14/2013 9:30,2013,Oct,Mon,9:30,6:00,11/1/2013 15:11,,,Construction & Maintenance,,,No,,,,,,,,,No,,,,"Fell, slipped, or tripped on same level",0,0,0,0,,
20799,Near Miss,Minor or low potential impact,Not Entered,10/14/2013 13:19,2013,Oct,Mon,13:19,12:00,12/17/2013 13:25,,,Construction & Maintenance,,,No,,,,,,,,,No,,,,N/A,0,0,0,0,,
20753,Near Miss,Minor or low potential impact,Not Entered,10/14/2013 14:00,2013,Oct,Mon,14:00,12:00,12/13/2013 13:50,,,Construction & Maintenance,,,No,,,,,,,,,No,,,,N/A,0,0,0,0,,
20752,Near Miss,Minor or low potential impact,Not Entered,10/14/2013 14:00,2013,Oct,Mon,14:00,12:00,12/13/2013 13:43,,,Construction & Maintenance,,,No,,,,,,,,,No,,,,"Fell, slipped, or tripped on same level",0,0,0,0,,
20385,Near Miss,Minor or low potential impact,Not Entered,10/14/2013 15:09,2013,Oct,Mon,15:09,12:00,11/21/2013 14:45,,,Construction & Maintenance,,,No,,,,,,,,,No,,,,Hit by a moving vehicle or plant,0,0,0,0,,
20262,Near Miss,Minor or low potential impact,Not Entered,10/15/2013 10:10,2013,Oct,Tue,10:10,6:00,11/1/2013 16:47,,,Construction & Maintenance,,,No,,,,,,,,,No,,,,Hit by a moving vehicle or plant,0,0,0,0,,
20244,Near Miss,Minor or low potential impact,Not Entered,10/15/2013 14:10,2013,Oct,Tue,14:10,12:00,11/1/2013 9:09,,,Construction & Maintenance,,,No,,,,,,,,,No,,,,Hit by a moving vehicle or plant,0,0,0,0,,
20759,Near Miss,Minor or low potential impact,Not Entered,10/16/2013 7:30,2013,Oct,Wed,7:30,6:00,12/13/2013 14:50,,,Construction & Maintenance,,,No,,,,,,,,,No,,,,N/A,0,0,0,0,,
20748,Near Miss,Minor or low potential impact,Not Entered,10/16/2013 9:00,2013,Oct,Wed,9:00,6:00,12/13/2013 13:24,,,Construction & Maintenance,,,No,,,,,,,,,No,,,,N/A,0,0,0,0,,
20247,Near Miss,Minor or low potential impact,Not Entered,10/16/2013 12:30,2013,Oct,Wed,12:30,12:00,11/1/2013 9:49,,,Construction & Maintenance,,,No,,,,,,,,,No,,,,N/A,0,0,0,0,,
20374,Near Miss,Minor or low potential impact,Not Entered,10/16/2013 15:00,2013,Oct,Wed,15:00,12:00,11/21/2013 11:33,,,Construction & Maintenance,,,No,,,,,,,,,No,,,,N/A,0,0,0,0,,
20257,Near Miss,Minor or low potential impact,Not Entered,10/16/2013 15:11,2013,Oct,Wed,15:11,12:00,11/1/2013 15:33,,,Construction & Maintenance,,,No,,,,,,,,,No,,,,N/A,0,0,0,0,,
20732,Near Miss,Minor or low potential impact,Not Entered,10/16/2013 16:15,2013,Oct,Wed,16:15,12:00,12/13/2013 8:45,,,Construction & Maintenance,,,No,,,,,,,,,No,,,,N/A,0,0,0,0,,
20260,Near Miss,Minor or low potential impact,Not Entered,10/16/2013 16:15,2013,Oct,Wed,16:15,12:00,11/1/2013 16:24,,,Construction & Maintenance,,,No,,,,,,,,,No,,,,Hit by a moving vehicle or plant,0,0,0,0,,
20414,Near Miss,Minor or low potential impact,Not Entered,10/16/2013 16:20,2013,Oct,Wed,16:20,12:00,11/22/2013 15:48,,,Construction & Maintenance,,,No,,,,,,,,,No,,,,"Fell, slipped, or tripped on same level",0,0,0,0,,
20395,Near Miss,Minor or low potential impact,Not Entered,10/17/2013 10:30,2013,Oct,Thu,10:30,6:00,11/21/2013 16:42,,,Construction & Maintenance,,,No,,,,,,,,,No,,,,N/A,0,0,0,0,,
20373,Near Miss,Minor or low potential impact,Not Entered,10/17/2013 12:45,2013,Oct,Thu,12:45,12:00,11/21/2013 11:28,,,Construction & Maintenance,,,No,,,,,,,,,No,,,,N/A,0,0,0,0,,
20259,Near Miss,Minor or low potential impact,Not Entered,10/17/2013 13:50,2013,Oct,Thu,13:50,12:00,11/1/2013 16:14,,,Construction & Maintenance,,,No,,,,,,,,,No,,,,Person exposed to harmful substance,0,0,0,0,,
20751,Near Miss,Minor or low potential impact,Not Entered,10/17/2013 16:00,2013,Oct,Thu,16:00,12:00,12/13/2013 13:36,,,Construction & Maintenance,,,No,,,,,,,,,No,,,,"Fell, slipped, or tripped on same level",0,0,0,0,,
20197,Near Miss,Minor or low potential impact,Not Entered,10/17/2013 16:00,2013,Oct,Thu,16:00,12:00,10/31/2013 9:27,,,Construction & Maintenance,,,No,,,,,,,,,No,,,,Hit by a moving or falling object,0,0,0,0,,
20394,Near Miss,Minor or low potential impact,Not Entered,10/18/2013 9:30,2013,Oct,Fri,9:30,6:00,11/21/2013 16:36,,,Construction & Maintenance,,,No,,,,,,,,,No,,,,Injured while handling lifting or carrying,0,0,0,0,,
20387,Near Miss,Minor or low potential impact,Not Entered,10/18/2013 15:13,2013,Oct,Fri,15:13,12:00,11/21/2013 15:43,,,Construction & Maintenance,,,No,,,,,,,,,No,,,,N/A,0,0,0,0,,
20377,Near Miss,Minor or low potential impact,Not Entered,10/18/2013 17:00,2013,Oct,Fri,17:00,12:00,11/21/2013 11:52,,,Construction & Maintenance,,,No,,,,,,,,,No,,,,Person exposed to harmful substance,0,0,0,0,,
20717,Near Miss,Minor or low potential impact,Not Entered,10/21/2013 8:30,2013,Oct,Mon,8:30,6:00,12/11/2013 17:20,,,Construction & Maintenance,,,No,,,,,,,,,No,,,,N/A,0,0,0,0,,
20718,Near Miss,Minor or low potential impact,Not Entered,10/21/2013 10:00,2013,Oct,Mon,10:00,6:00,12/11/2013 17:23,,,Construction & Maintenance,,,No,,,,,,,,,No,,,,N/A,0,0,0,0,,
20707,Near Miss,Minor or low potential impact,Not Entered,10/22/2013 9:00,2013,Oct,Tue,9:00,6:00,12/11/2013 15:51,,,Construction & Maintenance,,,No,,,,,,,,,No,,,,N/A,0,0,0,0,,
20202,Near Miss,Minor or low potential impact,Not Entered,10/22/2013 12:06,2013,Oct,Tue,12:06,12:00,10/31/2013 13:02,,,Construction & Maintenance,,,No,,,,,,,,,No,,,,Hit by a moving vehicle or plant,0,0,0,0,,
20749,Near Miss,Minor or low potential impact,Not Entered,10/22/2013 13:25,2013,Oct,Tue,13:25,12:00,12/13/2013 13:28,,,Construction & Maintenance,,,No,,,,,,,,,No,,,,N/A,0,0,0,0,,
20703,Near Miss,Minor or low potential impact,Not Entered,10/22/2013 13:30,2013,Oct,Tue,13:30,12:00,12/11/2013 15:27,,,Construction & Maintenance,,,No,,,,,,,,,No,,,,N/A,0,0,0,0,,
20207,Near Miss,Minor or low potential impact,Not Entered,10/22/2013 15:00,2013,Oct,Tue,15:00,12:00,10/31/2013 14:25,,,Construction & Maintenance,,,No,,,,,,,,,No,,,,Hit by a moving vehicle or plant,0,0,0,0,,
20747,Near Miss,Minor or low potential impact,Not Entered,10/23/2013 8:59,2013,Oct,Wed,8:59,6:00,12/13/2013 13:20,,,Construction & Maintenance,,,No,,,,,,,,,No,,,,"Fell, slipped, or tripped on same level",0,0,0,0,,
20418,Near Miss,Minor or low potential impact,Not Entered,10/23/2013 9:00,2013,Oct,Wed,9:00,6:00,11/22/2013 16:12,,,Construction & Maintenance,,,No,,,,,,,,,No,,,,N/A,0,0,0,0,,
20375,Near Miss,Minor or low potential impact,Not Entered,10/23/2013 9:00,2013,Oct,Wed,9:00,6:00,11/21/2013 11:40,,,Construction & Maintenance,,,No,,,,,,,,,No,,,,N/A,0,0,0,0,,
20370,Near Miss,Minor or low potential impact,Not Entered,10/23/2013 9:00,2013,Oct,Wed,9:00,6:00,11/20/2013 16:53,,,Construction & Maintenance,,,No,,,,,,,,,No,,,,"Fell, slipped, or tripped on same level",0,0,0,0,,
20200,Near Miss,Minor or low potential impact,Not Entered,10/23/2013 9:00,2013,Oct,Wed,9:00,6:00,10/31/2013 11:45,,,Construction & Maintenance,,,No,,,,,,,,,No,,,,Hit by a moving vehicle or plant,0,0,0,0,,
20201,Near Miss,Minor or low potential impact,Not Entered,10/23/2013 9:30,2013,Oct,Wed,9:30,6:00,10/31/2013 12:06,,,Construction & Maintenance,,,No,,,,,,,,,No,,,,N/A,0,0,0,0,,
20705,Near Miss,Minor or low potential impact,Not Entered,10/23/2013 11:25,2013,Oct,Wed,11:25,6:00,12/11/2013 15:34,,,Construction & Maintenance,,,No,,,,,,,,,No,,,,Person exposed to harmful substance,0,0,0,0,,
20417,Near Miss,Minor or low potential impact,Not Entered,10/23/2013 11:55,2013,Oct,Wed,11:55,6:00,11/22/2013 16:07,,,Construction & Maintenance,,,No,,,,,,,,,No,,,,N/A,0,0,0,0,,
20392,Near Miss,Minor or low potential impact,Not Entered,10/23/2013 15:30,2013,Oct,Wed,15:30,12:00,11/21/2013 16:19,,,Construction & Maintenance,,,No,,,,,,,,,No,,,,N/A,0,0,0,0,,
20750,Near Miss,Minor or low potential impact,Not Entered,10/24/2013 9:00,2013,Oct,Thu,9:00,6:00,12/13/2013 13:31,,,Construction & Maintenance,,,No,,,,,,,,,No,,,,N/A,0,0,0,0,,
20198,Near Miss,Minor or low potential impact,Not Entered,10/24/2013 10:36,2013,Oct,Thu,10:36,6:00,10/31/2013 10:48,,,Construction & Maintenance,,,No,,,,,,,,,No,,,,Hit by a moving vehicle or plant,0,0,0,0,,
20239,Near Miss,Minor or low potential impact,Not Entered,10/24/2013 11:00,2013,Oct,Thu,11:00,6:00,10/31/2013 17:31,,,Construction & Maintenance,,,No,,,,,,,,,No,,,,N/A,0,0,0,0,,
20376,Near Miss,Minor or low potential impact,Not Entered,10/24/2013 12:35,2013,Oct,Thu,12:35,12:00,11/21/2013 11:46,,,Construction & Maintenance,,,No,,,,,,,,,No,,,,Hit by a moving vehicle or plant,0,0,0,0,,
20397,Near Miss,Minor or low potential impact,Not Entered,10/24/2013 13:08,2013,Oct,Thu,13:08,12:00,11/21/2013 16:56,,,Construction & Maintenance,,,No,,,,,,,,,No,,,,N/A,0,0,0,0,,
20215,Near Miss,Minor or low potential impact,Not Entered,10/24/2013 14:39,2013,Oct,Thu,14:39,12:00,10/31/2013 15:04,,,Construction & Maintenance,,,No,,,,,,,,,No,,,,Hit by a moving vehicle or plant,0,0,0,0,,
20378,Near Miss,Minor or low potential impact,Not Entered,10/24/2013 15:20,2013,Oct,Thu,15:20,12:00,11/21/2013 11:58,,,Construction & Maintenance,,,No,,,,,,,,,No,,,,N/A,0,0,0,0,,
20206,Near Miss,Minor or low potential impact,Not Entered,10/24/2013 15:20,2013,Oct,Thu,15:20,12:00,10/31/2013 14:09,,,Construction & Maintenance,,,No,,,,,,,,,No,,,,Hit by a moving vehicle or plant,0,0,0,0,,
20704,Near Miss,Minor or low potential impact,Not Entered,10/25/2013 9:00,2013,Oct,Fri,9:00,6:00,12/11/2013 15:31,,,Construction & Maintenance,,,No,,,,,,,,,No,,,,"Fell, slipped, or tripped on same level",0,0,0,0,,
20416,Near Miss,Minor or low potential impact,Not Entered,10/25/2013 12:00,2013,Oct,Fri,12:00,12:00,11/22/2013 15:59,,,Construction & Maintenance,,,No,,,,,,,,,No,,,,N/A,0,0,0,0,,
20199,Near Miss,Minor or low potential impact,Not Entered,10/25/2013 13:05,2013,Oct,Fri,13:05,12:00,10/31/2013 11:06,,,Construction & Maintenance,,,No,,,,,,,,,No,,,,Hit by a moving vehicle or plant,0,0,0,0,,
20236,Near Miss,Minor or low potential impact,Not Entered,10/25/2013 16:55,2013,Oct,Fri,16:55,12:00,10/31/2013 16:58,,,Construction & Maintenance,,,No,,,,,,,,,No,,,,Fell from a height,0,0,0,0,,
20734,Near Miss,Minor or low potential impact,Not Entered,10/26/2013 8:32,2013,Oct,Sat,8:32,6:00,12/13/2013 9:02,,,Construction & Maintenance,,,No,,,,,,,,,No,,,,Fell from a height,0,0,0,0,,
20225,Near Miss,Minor or low potential impact,Not Entered,10/27/2013 15:25,2013,Oct,Sun,15:25,12:00,10/31/2013 15:43,,,Construction & Maintenance,,,No,,,,,,,,,No,,,,"Fell, slipped, or tripped on same level",0,0,0,0,,
20228,Near Miss,Minor or low potential impact,Not Entered,10/28/2013 9:00,2013,Oct,Mon,9:00,6:00,10/31/2013 16:05,,,Construction & Maintenance,,,No,,,,,,,,,No,,,,"Fell, slipped, or tripped on same level",0,0,0,0,,
20720,Near Miss,Minor or low potential impact,Not Entered,10/28/2013 11:05,2013,Oct,Mon,11:05,6:00,12/12/2013 8:33,,,Construction & Maintenance,,,No,,,,,,,,,No,,,,Hit by a moving or falling object,0,0,0,0,,
20233,Near Miss,Minor or low potential impact,Not Entered,10/28/2013 11:05,2013,Oct,Mon,11:05,6:00,10/31/2013 16:36,,,Construction & Maintenance,,,No,,,,,,,,,No,,,,Hit by a moving or falling object,0,0,0,0,,
20229,Near Miss,Minor or low potential impact,Not Entered,10/28/2013 11:05,2013,Oct,Mon,11:05,6:00,10/31/2013 16:09,,,Construction & Maintenance,,,No,,,,,,,,,No,,,,Fell from a height,0,0,0,0,,
20231,Near Miss,Minor or low potential impact,Not Entered,10/28/2013 11:15,2013,Oct,Mon,11:15,6:00,10/31/2013 16:21,,,Construction & Maintenance,,,No,,,,,,,,,No,,,,Hit by a moving or falling object,0,0,0,0,,
20721,Near Miss,Minor or low potential impact,Not Entered,10/28/2013 12:18,2013,Oct,Mon,12:18,12:00,12/12/2013 8:41,,,Construction & Maintenance,,,No,,,,,,,,,No,,,,"Fell, slipped, or tripped on same level",0,0,0,0,,
20235,Near Miss,Minor or low potential impact,Not Entered,10/28/2013 14:13,2013,Oct,Mon,14:13,12:00,10/31/2013 16:52,,,Construction & Maintenance,,,No,,,,,,,,,No,,,,N/A,0,0,0,0,,
20234,Near Miss,Minor or low potential impact,Not Entered,10/28/2013 15:20,2013,Oct,Mon,15:20,12:00,10/31/2013 16:40,,,Construction & Maintenance,,,No,,,,,,,,,No,,,,Hit by a moving vehicle or plant,0,0,0,0,,
20203,Near Miss,Minor or low potential impact,Not Entered,10/28/2013 15:25,2013,Oct,Mon,15:25,12:00,10/31/2013 13:13,,,Construction & Maintenance,,,No,,,,,,,,,No,,,,Hit by a moving vehicle or plant,0,0,0,0,,
20227,Near Miss,Minor or low potential impact,Not Entered,10/28/2013 15:44,2013,Oct,Mon,15:44,12:00,10/31/2013 16:00,,,Construction & Maintenance,,,No,,,,,,,,,No,,,,N/A,0,0,0,0,,
20232,Near Miss,Minor or low potential impact,Not Entered,10/28/2013 16:25,2013,Oct,Mon,16:25,12:00,10/31/2013 16:30,,,Construction & Maintenance,,,No,,,,,,,,,No,,,,N/A,0,0,0,0,,
20237,Near Miss,Minor or low potential impact,Not Entered,10/28/2013 17:00,2013,Oct,Mon,17:00,12:00,10/31/2013 17:05,,,Construction & Maintenance,,,No,,,,,,,,,No,,,,Hit by a moving vehicle or plant,0,0,0,0,,
20390,Near Miss,Minor or low potential impact,Not Entered,10/29/2013 13:38,2013,Oct,Tue,13:38,12:00,11/21/2013 16:00,,,Construction & Maintenance,,,No,,,,,,,,,No,,,,N/A,0,0,0,0,,
20221,Near Miss,Minor or low potential impact,Not Entered,10/29/2013 15:13,2013,Oct,Tue,15:13,12:00,10/31/2013 15:22,,,Construction & Maintenance,,,No,,,,,,,,,No,,,,Hit by a moving or falling object,0,0,0,0,,
20371,Near Miss,Minor or low potential impact,Not Entered,10/29/2013 15:30,2013,Oct,Tue,15:30,12:00,11/20/2013 17:11,,,Construction & Maintenance,,,No,,,,,,,,,No,,,,"Structure, trench, or scaffold collapse",0,0,0,0,,
20238,Near Miss,Minor or low potential impact,Not Entered,10/30/2013 12:09,2013,Oct,Wed,12:09,12:00,10/31/2013 17:15,,,Construction & Maintenance,,,No,,,,,,,,,No,,,,N/A,0,0,0,0,,
20208,Near Miss,Minor or low potential impact,Not Entered,10/30/2013 14:25,2013,Oct,Wed,14:25,12:00,10/31/2013 14:39,,,Construction & Maintenance,,,No,,,,,,,,,No,,,,N/A,0,0,0,0,,
20217,Near Miss,Minor or low potential impact,Not Entered,10/30/2013 16:15,2013,Oct,Wed,16:15,12:00,10/31/2013 15:12,,,Construction & Maintenance,,,No,,,,,,,,,No,,,,Hit by a moving vehicle or plant,0,0,0,0,,
20391,Near Miss,Minor or low potential impact,Not Entered,10/31/2013 11:45,2013,Oct,Thu,11:45,6:00,11/21/2013 16:05,,,Construction & Maintenance,,,No,,,,,,,,,No,,,,Hit by a moving vehicle or plant,0,0,0,0,,
20758,Near Miss,Minor or low potential impact,Not Entered,10/31/2013 15:18,2013,Oct,Thu,15:18,12:00,12/13/2013 14:17,,,Construction & Maintenance,,,No,,,,,,,,,No,,,,N/A,0,0,0,0,,
20336,Near Miss,Minor or low potential impact,Not Entered,11/1/2013 9:00,2013,Nov,Fri,9:00,6:00,11/13/2013 13:19,,,Construction & Maintenance,,,No,,,,,,,,,No,,,,Fell from a height,0,0,0,0,,
20338,Near Miss,Minor or low potential impact,Not Entered,11/1/2013 9:15,2013,Nov,Fri,9:15,6:00,11/13/2013 14:25,,,Construction & Maintenance,,,No,,,,,,,,,No,,,,Hit by a moving vehicle or plant,0,0,0,0,,
20335,Near Miss,Minor or low potential impact,Not Entered,11/1/2013 9:30,2013,Nov,Fri,9:30,6:00,11/13/2013 13:05,,,Construction & Maintenance,,,No,,,,,,,,,No,,,,Hit by a moving or falling object,0,0,0,0,,
20354,Near Miss,Minor or low potential impact,Not Entered,11/1/2013 11:20,2013,Nov,Fri,11:20,6:00,11/14/2013 11:53,,,Construction & Maintenance,,,No,,,,,,,,,No,,,,"Fell, slipped, or tripped on same level",0,0,0,0,,
20355,Near Miss,Minor or low potential impact,Not Entered,11/1/2013 11:54,2013,Nov,Fri,11:54,6:00,11/14/2013 12:01,,,Construction & Maintenance,,,No,,,,,,,,,No,,,,"Fell, slipped, or tripped on same level",0,0,0,0,,
20304,Near Miss,Minor or low potential impact,Not Entered,11/1/2013 13:00,2013,Nov,Fri,13:00,12:00,11/8/2013 12:08,,,Construction & Maintenance,,,No,,,,,,,,,No,,,,N/A,0,0,0,0,,
20433,Near Miss,Minor or low potential impact,Not Entered,11/1/2013 13:43,2013,Nov,Fri,13:43,12:00,11/25/2013 13:36,,,Construction & Maintenance,,,No,,,,,,,,,No,,,,Hit by a moving or falling object,0,0,0,0,,
20666,Near Miss,Minor or low potential impact,Not Entered,11/1/2013 14:00,2013,Nov,Fri,14:00,12:00,12/10/2013 11:42,,,Construction & Maintenance,,,No,,,,,,,,,No,,,,Fell from a height,0,0,0,0,,
20339,Near Miss,Minor or low potential impact,Not Entered,11/1/2013 15:15,2013,Nov,Fri,15:15,12:00,11/13/2013 15:09,,,Construction & Maintenance,,,No,,,,,,,,,No,,,,Hit by a moving vehicle or plant,0,0,0,0,,
20504,Near Miss,Minor or low potential impact,Not Entered,11/1/2013 16:00,2013,Nov,Fri,16:00,12:00,11/29/2013 16:31,,,Construction & Maintenance,,,No,,,,,,,,,No,,,,"Fell, slipped, or tripped on same level",0,0,0,0,,
20639,Near Miss,Minor or low potential impact,Not Entered,11/4/2013 8:00,2013,Nov,Mon,8:00,6:00,12/9/2013 10:57,,,Construction & Maintenance,,,No,,,,,,,,,No,,,,N/A,0,0,0,0,,
20340,Near Miss,Minor or low potential impact,Not Entered,11/4/2013 15:15,2013,Nov,Mon,15:15,12:00,11/13/2013 15:25,,,Construction & Maintenance,,,No,,,,,,,,,No,,,,Hit by a moving vehicle or plant,0,0,0,0,,
20341,Near Miss,Minor or low potential impact,Not Entered,11/5/2013 8:55,2013,Nov,Tue,8:55,6:00,11/13/2013 15:43,,,Construction & Maintenance,,,No,,,,,,,,,No,,,,Hit by a moving or falling object,0,0,0,0,,