Event ID,Event Type ,Event Subtype,Type of Person,Date/Time of Event,Year,Month,Day of the Week,Time,Time interval (6 hours),Date/Time Reported,Location,Specific Location (include RCC Log no if relevant),Details of actual job being done at the time,Part of Body Affected,Injury Type,Was there a vehicle involved in this event?,Work related,Accident Type,Vehicle Motion,Who was Hit,Weather/Visibility,Surface Condition,Roadbed Grade,Lighting Conditions,Was A Police Report Filed?,Name of Law Enforcement Agency,Preventable,Type,Kind of Event,Expected Lost Workdays (Total),Actual Lost Workdays (Total),Expected Restricted Workdays (Total),Actual Restricted Workdays (Total),Return To Work Date,Sign Off 1
20353,Near Miss,Minor or low potential impact,Not Entered,11/5/2013 11:20,2013,Nov,Tue,11:20,6:00,11/14/2013 11:39,,,Construction & Maintenance,,,No,,,,,,,,,No,,,,Fell from a height,0,0,0,0,,
20357,Near Miss,Minor or low potential impact,Not Entered,11/5/2013 11:30,2013,Nov,Tue,11:30,6:00,11/14/2013 14:12,,,Construction & Maintenance,,,No,,,,,,,,,No,,,,"Fell, slipped, or tripped on same level",0,0,0,0,,
20514,Near Miss,Minor or low potential impact,Not Entered,11/5/2013 12:45,2013,Nov,Tue,12:45,12:00,12/2/2013 15:40,,,Construction & Maintenance,,,No,,,,,,,,,No,,,,Hit by a moving or falling object,0,0,0,0,,
20307,Near Miss,Minor or low potential impact,Not Entered,11/5/2013 16:30,2013,Nov,Tue,16:30,12:00,11/8/2013 12:37,,,Construction & Maintenance,,,No,,,,,,,,,No,,,,N/A,0,0,0,0,,
20347,Near Miss,Minor or low potential impact,Not Entered,11/5/2013 16:56,2013,Nov,Tue,16:56,12:00,11/13/2013 17:10,,,Construction & Maintenance,,,No,,,,,,,,,No,,,,"Fell, slipped, or tripped on same level",0,0,0,0,,
20302,Near Miss,Minor or low potential impact,Not Entered,11/6/2013 10:00,2013,Nov,Wed,10:00,6:00,11/8/2013 11:03,,,Construction & Maintenance,,,No,,,,,,,,,No,,,,N/A,0,0,0,0,,
20330,Near Miss,Minor or low potential impact,Not Entered,11/6/2013 11:08,2013,Nov,Wed,11:08,6:00,11/13/2013 11:40,,,Construction & Maintenance,,,No,,,,,,,,,No,,,,Hit by a moving or falling object,0,0,0,0,,
20303,Near Miss,Minor or low potential impact,Not Entered,11/6/2013 11:11,2013,Nov,Wed,11:11,6:00,11/8/2013 11:33,,,Construction & Maintenance,,,No,,,,,,,,,No,,,,Hit by a moving vehicle or plant,0,0,0,0,,
20519,Near Miss,Minor or low potential impact,Not Entered,11/7/2013 9:00,2013,Nov,Thu,9:00,6:00,12/2/2013 16:36,,,Construction & Maintenance,,,No,,,,,,,,,No,,,,"Fell, slipped, or tripped on same level",0,0,0,0,,
20342,Near Miss,Minor or low potential impact,Not Entered,11/7/2013 14:30,2013,Nov,Thu,14:30,12:00,11/13/2013 16:08,,,Construction & Maintenance,,,No,,,,,,,,,No,,,,Fell from a height,0,0,0,0,,
20337,Near Miss,Minor or low potential impact,Not Entered,11/7/2013 14:40,2013,Nov,Thu,14:40,12:00,11/13/2013 13:42,,,Construction & Maintenance,,,No,,,,,,,,,No,,,,Fell from a height,0,0,0,0,,
20343,Near Miss,Minor or low potential impact,Not Entered,11/7/2013 14:45,2013,Nov,Thu,14:45,12:00,11/13/2013 16:20,,,Construction & Maintenance,,,No,,,,,,,,,No,,,,Hit by a moving vehicle or plant,0,0,0,0,,
20344,Near Miss,Minor or low potential impact,Not Entered,11/7/2013 15:00,2013,Nov,Thu,15:00,12:00,11/13/2013 16:28,,,Construction & Maintenance,,,No,,,,,,,,,No,,,,"Fell, slipped, or tripped on same level",0,0,0,0,,
20356,Near Miss,Minor or low potential impact,Not Entered,11/7/2013 16:00,2013,Nov,Thu,16:00,12:00,11/14/2013 13:50,,,Construction & Maintenance,,,No,,,,,,,,,No,,,,"Fell, slipped, or tripped on same level",0,0,0,0,,
20345,Near Miss,Minor or low potential impact,Not Entered,11/7/2013 16:29,2013,Nov,Thu,16:29,12:00,11/13/2013 16:36,,,Construction & Maintenance,,,No,,,,,,,,,No,,,,"Fell, slipped, or tripped on same level",0,0,0,0,,
20346,Near Miss,Minor or low potential impact,Not Entered,11/7/2013 16:37,2013,Nov,Thu,16:37,12:00,11/13/2013 16:48,,,Construction & Maintenance,,,No,,,,,,,,,No,,,,Hit by a moving or falling object,0,0,0,0,,
20671,Near Miss,Minor or low potential impact,Not Entered,11/8/2013 5:00,2013,Nov,Fri,5:00,0:00,12/10/2013 13:28,,,Construction & Maintenance,,,No,,,,,,,,,No,,,,N/A,0,0,0,0,,
20476,Near Miss,Minor or low potential impact,Not Entered,11/8/2013 9:40,2013,Nov,Fri,9:40,6:00,11/29/2013 11:41,,,Construction & Maintenance,,,No,,,,,,,,,No,,,,Person contact with electricity,0,0,0,0,,
20434,Near Miss,Minor or low potential impact,Not Entered,11/8/2013 9:40,2013,Nov,Fri,9:40,6:00,11/25/2013 13:58,,,Construction & Maintenance,,,No,,,,,,,,,No,,,,Hit by a moving vehicle or plant,0,0,0,0,,
20605,Near Miss,Minor or low potential impact,Not Entered,11/11/2013 8:16,2013,Nov,Mon,8:16,6:00,12/5/2013 17:39,,,Construction & Maintenance,,,No,,,,,,,,,No,,,,Fire,0,0,0,0,,
20478,Near Miss,Minor or low potential impact,Not Entered,11/11/2013 8:30,2013,Nov,Mon,8:30,6:00,11/29/2013 12:03,,,Construction & Maintenance,,,No,,,,,,,,,No,,,,N/A,0,0,0,0,,
20475,Near Miss,Minor or low potential impact,Not Entered,11/11/2013 11:00,2013,Nov,Mon,11:00,6:00,11/29/2013 11:23,,,Construction & Maintenance,,,No,,,,,,,,,No,,,,N/A,0,0,0,0,,
20461,Near Miss,Minor or low potential impact,Not Entered,11/11/2013 11:13,2013,Nov,Mon,11:13,6:00,11/27/2013 11:28,,,Construction & Maintenance,,,No,,,,,,,,,No,,,,N/A,0,0,0,0,,
20695,Near Miss,Minor or low potential impact,Not Entered,11/11/2013 11:45,2013,Nov,Mon,11:45,6:00,12/11/2013 11:26,,,Construction & Maintenance,,,No,,,,,,,,,No,,,,N/A,0,0,0,0,,
20573,Near Miss,Minor or low potential impact,Not Entered,11/11/2013 13:00,2013,Nov,Mon,13:00,12:00,12/5/2013 11:24,,,Construction & Maintenance,,,No,,,,,,,,,No,,,,N/A,0,0,0,0,,
20676,Near Miss,Minor or low potential impact,Not Entered,11/11/2013 16:05,2013,Nov,Mon,16:05,12:00,12/10/2013 15:11,,,Construction & Maintenance,,,No,,,,,,,,,No,,,,Hit by a moving vehicle or plant,0,0,0,0,,
20630,Near Miss,Minor or low potential impact,Not Entered,11/11/2013 17:00,2013,Nov,Mon,17:00,12:00,12/6/2013 15:02,,,Construction & Maintenance,,,No,,,,,,,,,No,,,,Hit by a moving vehicle or plant,0,0,0,0,,
20503,Near Miss,Minor or low potential impact,Not Entered,11/12/2013 16:00,2013,Nov,Tue,16:00,12:00,11/29/2013 16:24,,,Construction & Maintenance,,,No,,,,,,,,,No,,,,Hit by a moving vehicle or plant,0,0,0,0,,
20570,Near Miss,Minor or low potential impact,Not Entered,11/13/2013 7:00,2013,Nov,Wed,7:00,6:00,12/5/2013 11:03,,,Construction & Maintenance,,,No,,,,,,,,,No,,,,N/A,0,0,0,0,,
20568,Near Miss,Minor or low potential impact,Not Entered,11/13/2013 7:00,2013,Nov,Wed,7:00,6:00,12/5/2013 10:51,,,Construction & Maintenance,,,No,,,,,,,,,No,,,,N/A,0,0,0,0,,
20551,Near Miss,Minor or low potential impact,Not Entered,11/13/2013 7:15,2013,Nov,Wed,7:15,6:00,12/4/2013 12:17,,,Construction & Maintenance,,,No,,,,,,,,,No,,,,Hit by a moving vehicle or plant,0,0,0,0,,
20575,Near Miss,Minor or low potential impact,Not Entered,11/13/2013 7:30,2013,Nov,Wed,7:30,6:00,12/5/2013 11:34,,,Construction & Maintenance,,,No,,,,,,,,,No,,,,Hit by a moving vehicle or plant,0,0,0,0,,
20691,Near Miss,Minor or low potential impact,Not Entered,11/13/2013 8:00,2013,Nov,Wed,8:00,6:00,12/11/2013 10:56,,,Construction & Maintenance,,,No,,,,,,,,,No,,,,Hit by a moving vehicle or plant,0,0,0,0,,
20680,Near Miss,Minor or low potential impact,Not Entered,11/13/2013 8:00,2013,Nov,Wed,8:00,6:00,12/10/2013 16:04,,,Construction & Maintenance,,,No,,,,,,,,,No,,,,N/A,0,0,0,0,,
20674,Near Miss,Minor or low potential impact,Not Entered,11/13/2013 8:00,2013,Nov,Wed,8:00,6:00,12/10/2013 14:38,,,Construction & Maintenance,,,No,,,,,,,,,No,,,,N/A,0,0,0,0,,
20629,Near Miss,Minor or low potential impact,Not Entered,11/13/2013 8:00,2013,Nov,Wed,8:00,6:00,12/6/2013 14:48,,,Construction & Maintenance,,,No,,,,,,,,,No,,,,"Fell, slipped, or tripped on same level",0,0,0,0,,
20613,Near Miss,Minor or low potential impact,Not Entered,11/13/2013 8:00,2013,Nov,Wed,8:00,6:00,12/5/2013 18:16,,,Construction & Maintenance,,,No,,,,,,,,,No,,,,"Fell, slipped, or tripped on same level",0,0,0,0,,
20612,Near Miss,Minor or low potential impact,Not Entered,11/13/2013 8:00,2013,Nov,Wed,8:00,6:00,12/5/2013 18:13,,,Construction & Maintenance,,,No,,,,,,,,,No,,,,"Fell, slipped, or tripped on same level",0,0,0,0,,
20611,Near Miss,Minor or low potential impact,Not Entered,11/13/2013 8:00,2013,Nov,Wed,8:00,6:00,12/5/2013 18:08,,,Construction & Maintenance,,,No,,,,,,,,,No,,,,"Fell, slipped, or tripped on same level",0,0,0,0,,
20574,Near Miss,Minor or low potential impact,Not Entered,11/13/2013 8:00,2013,Nov,Wed,8:00,6:00,12/5/2013 11:27,,,Construction & Maintenance,,,No,,,,,,,,,No,,,,N/A,0,0,0,0,,
20548,Near Miss,Minor or low potential impact,Not Entered,11/13/2013 8:00,2013,Nov,Wed,8:00,6:00,12/4/2013 11:52,,,Construction & Maintenance,,,No,,,,,,,,,No,,,,Hit by a moving vehicle or plant,0,0,0,0,,
20500,Near Miss,Minor or low potential impact,Not Entered,11/13/2013 8:00,2013,Nov,Wed,8:00,6:00,11/29/2013 15:28,,,Construction & Maintenance,,,No,,,,,,,,,No,,,,N/A,0,0,0,0,,
20332,Near Miss,Minor or low potential impact,Not Entered,11/13/2013 8:00,2013,Nov,Wed,8:00,6:00,11/13/2013 12:11,,,Construction & Maintenance,,,No,,,,,,,,,No,,,,Hit by a moving or falling object,0,0,0,0,,
20331,Near Miss,Minor or low potential impact,Not Entered,11/13/2013 8:00,2013,Nov,Wed,8:00,6:00,11/13/2013 11:57,,,Construction & Maintenance,,,No,,,,,,,,,No,,,,"Fell, slipped, or tripped on same level",0,0,0,0,,
20631,Near Miss,Minor or low potential impact,Not Entered,11/13/2013 8:05,2013,Nov,Wed,8:05,6:00,12/6/2013 15:20,,,Construction & Maintenance,,,No,,,,,,,,,No,,,,"Fell, slipped, or tripped on same level",0,0,0,0,,
20607,Near Miss,Minor or low potential impact,Not Entered,11/13/2013 8:15,2013,Nov,Wed,8:15,6:00,12/5/2013 17:51,,,Construction & Maintenance,,,No,,,,,,,,,No,,,,N/A,0,0,0,0,,
20546,Near Miss,Minor or low potential impact,Not Entered,11/13/2013 8:15,2013,Nov,Wed,8:15,6:00,12/4/2013 11:43,,,Construction & Maintenance,,,No,,,,,,,,,No,,,,Fell from a height,0,0,0,0,,
20544,Near Miss,Minor or low potential impact,Not Entered,11/13/2013 8:15,2013,Nov,Wed,8:15,6:00,12/4/2013 11:32,,,Construction & Maintenance,,,No,,,,,,,,,No,,,,Collision with fixed or stationary object or material,0,0,0,0,,
20460,Near Miss,Minor or low potential impact,Not Entered,11/13/2013 8:15,2013,Nov,Wed,8:15,6:00,11/27/2013 11:10,,,Construction & Maintenance,,,No,,,,,,,,,No,,,,Hit by a moving vehicle or plant,0,0,0,0,,
20571,Near Miss,Minor or low potential impact,Not Entered,11/13/2013 8:27,2013,Nov,Wed,8:27,6:00,12/5/2013 11:08,,,Construction & Maintenance,,,No,,,,,,,,,No,,,,N/A,0,0,0,0,,
20684,Near Miss,Minor or low potential impact,Not Entered,11/13/2013 8:30,2013,Nov,Wed,8:30,6:00,12/10/2013 16:38,,,Construction & Maintenance,,,No,,,,,,,,,No,,,,"Fell, slipped, or tripped on same level",0,0,0,0,,
20609,Near Miss,Minor or low potential impact,Not Entered,11/13/2013 8:30,2013,Nov,Wed,8:30,6:00,12/5/2013 18:00,,,Construction & Maintenance,,,No,,,,,,,,,No,,,,Hit by a moving vehicle or plant,0,0,0,0,,
20545,Near Miss,Minor or low potential impact,Not Entered,11/13/2013 8:30,2013,Nov,Wed,8:30,6:00,12/4/2013 11:36,,,Construction & Maintenance,,,No,,,,,,,,,No,,,,Hit by a moving or falling object,0,0,0,0,,
20470,Near Miss,Minor or low potential impact,Not Entered,11/13/2013 8:30,2013,Nov,Wed,8:30,6:00,11/27/2013 16:57,,,Construction & Maintenance,,,No,,,,,,,,,No,,,,Hit by a moving vehicle or plant,0,0,0,0,,
20329,Near Miss,Minor or low potential impact,Not Entered,11/13/2013 8:30,2013,Nov,Wed,8:30,6:00,11/13/2013 11:07,,,Construction & Maintenance,,,No,,,,,,,,,No,,,,Fell from a height,0,0,0,0,,
20678,Near Miss,Minor or low potential impact,Not Entered,11/13/2013 8:35,2013,Nov,Wed,8:35,6:00,12/10/2013 15:40,,,Construction & Maintenance,,,No,,,,,,,,,No,,,,"Fell, slipped, or tripped on same level",0,0,0,0,,
20634,Near Miss,Minor or low potential impact,Not Entered,11/13/2013 9:00,2013,Nov,Wed,9:00,6:00,12/6/2013 16:05,,,Construction & Maintenance,,,No,,,,,,,,,No,,,,N/A,0,0,0,0,,
20632,Near Miss,Minor or low potential impact,Not Entered,11/13/2013 9:00,2013,Nov,Wed,9:00,6:00,12/6/2013 15:33,,,Construction & Maintenance,,,No,,,,,,,,,No,,,,N/A,0,0,0,0,,
20558,Near Miss,Minor or low potential impact,Not Entered,11/13/2013 9:00,2013,Nov,Wed,9:00,6:00,12/4/2013 13:42,,,Construction & Maintenance,,,No,,,,,,,,,No,,,,Hit by a moving vehicle or plant,0,0,0,0,,
20459,Near Miss,Minor or low potential impact,Not Entered,11/13/2013 9:00,2013,Nov,Wed,9:00,6:00,11/27/2013 10:27,,,Construction & Maintenance,,,No,,,,,,,,,No,,,,Hit by a moving vehicle or plant,0,0,0,0,,
20557,Near Miss,Minor or low potential impact,Not Entered,11/13/2013 9:02,2013,Nov,Wed,9:02,6:00,12/4/2013 13:32,,,Construction & Maintenance,,,No,,,,,,,,,No,,,,"Fell, slipped, or tripped on same level",0,0,0,0,,
20556,Near Miss,Minor or low potential impact,Not Entered,11/13/2013 9:05,2013,Nov,Wed,9:05,6:00,12/4/2013 13:27,,,Construction & Maintenance,,,No,,,,,,,,,No,,,,Drowned or asphyxiated ,0,0,0,0,,
20555,Near Miss,Minor or low potential impact,Not Entered,11/13/2013 9:10,2013,Nov,Wed,9:10,6:00,12/4/2013 13:22,,,Construction & Maintenance,,,No,,,,,,,,,No,,,,"Structure, trench, or scaffold collapse",0,0,0,0,,
20458,Near Miss,Minor or low potential impact,Not Entered,11/13/2013 9:10,2013,Nov,Wed,9:10,6:00,11/27/2013 10:12,,,Construction & Maintenance,,,No,,,,,,,,,No,,,,Hit by a moving vehicle or plant,0,0,0,0,,
20559,Near Miss,Minor or low potential impact,Not Entered,11/13/2013 9:15,2013,Nov,Wed,9:15,6:00,12/4/2013 13:49,,,Construction & Maintenance,,,No,,,,,,,,,No,,,,N/A,0,0,0,0,,
20554,Near Miss,Minor or low potential impact,Not Entered,11/13/2013 9:20,2013,Nov,Wed,9:20,6:00,12/4/2013 13:13,,,Construction & Maintenance,,,No,,,,,,,,,No,,,,Hit by a moving vehicle or plant,0,0,0,0,,
20561,Near Miss,Minor or low potential impact,Not Entered,11/13/2013 9:29,2013,Nov,Wed,9:29,6:00,12/5/2013 9:51,,,Construction & Maintenance,,,No,,,,,,,,,No,,,,"Fell, slipped, or tripped on same level",0,0,0,0,,
20606,Near Miss,Minor or low potential impact,Not Entered,11/13/2013 9:30,2013,Nov,Wed,9:30,6:00,12/5/2013 17:46,,,Construction & Maintenance,,,No,,,,,,,,,No,,,,N/A,0,0,0,0,,
20565,Near Miss,Minor or low potential impact,Not Entered,11/13/2013 9:30,2013,Nov,Wed,9:30,6:00,12/5/2013 10:31,,,Construction & Maintenance,,,No,,,,,,,,,No,,,,"Fell, slipped, or tripped on same level",0,0,0,0,,
20553,Near Miss,Minor or low potential impact,Not Entered,11/13/2013 9:30,2013,Nov,Wed,9:30,6:00,12/4/2013 13:09,,,Construction & Maintenance,,,No,,,,,,,,,No,,,,Hit by a moving vehicle or plant,0,0,0,0,,
20608,Near Miss,Minor or low potential impact,Not Entered,11/13/2013 9:45,2013,Nov,Wed,9:45,6:00,12/5/2013 17:56,,,Construction & Maintenance,,,No,,,,,,,,,No,,,,Hit by a moving vehicle or plant,0,0,0,0,,
20670,Near Miss,Minor or low potential impact,Not Entered,11/13/2013 10:00,2013,Nov,Wed,10:00,6:00,12/10/2013 12:25,,,Construction & Maintenance,,,No,,,,,,,,,No,,,,Fell from a height,0,0,0,0,,
20638,Near Miss,Minor or low potential impact,Not Entered,11/13/2013 10:00,2013,Nov,Wed,10:00,6:00,12/9/2013 10:43,,,Construction & Maintenance,,,No,,,,,,,,,No,,,,Fire,0,0,0,0,,
20633,Near Miss,Minor or low potential impact,Not Entered,11/13/2013 10:00,2013,Nov,Wed,10:00,6:00,12/6/2013 15:41,,,Construction & Maintenance,,,No,,,,,,,,,No,,,,Hit by a moving or falling object,0,0,0,0,,
20610,Near Miss,Minor or low potential impact,Not Entered,11/13/2013 10:00,2013,Nov,Wed,10:00,6:00,12/5/2013 18:04,,,Construction & Maintenance,,,No,,,,,,,,,No,,,,Hit by a moving or falling object,0,0,0,0,,
20552,Near Miss,Minor or low potential impact,Not Entered,11/13/2013 10:00,2013,Nov,Wed,10:00,6:00,12/4/2013 13:05,,,Construction & Maintenance,,,No,,,,,,,,,No,,,,Hit by a moving vehicle or plant,0,0,0,0,,
20498,Near Miss,Minor or low potential impact,Not Entered,11/13/2013 10:00,2013,Nov,Wed,10:00,6:00,11/29/2013 15:15,,,Construction & Maintenance,,,No,,,,,,,,,No,,,,N/A,0,0,0,0,,
20550,Near Miss,Minor or low potential impact,Not Entered,11/13/2013 10:10,2013,Nov,Wed,10:10,6:00,12/4/2013 12:11,,,Construction & Maintenance,,,No,,,,,,,,,No,,,,Hit by a moving vehicle or plant,0,0,0,0,,
20549,Near Miss,Minor or low potential impact,Not Entered,11/13/2013 10:10,2013,Nov,Wed,10:10,6:00,12/4/2013 11:58,,,Construction & Maintenance,,,No,,,,,,,,,No,,,,N/A,0,0,0,0,,
20547,Near Miss,Minor or low potential impact,Not Entered,11/13/2013 10:20,2013,Nov,Wed,10:20,6:00,12/4/2013 11:48,,,Construction & Maintenance,,,No,,,,,,,,,No,,,,Fell from a height,0,0,0,0,,
20543,Near Miss,Minor or low potential impact,Not Entered,11/13/2013 10:50,2013,Nov,Wed,10:50,6:00,12/4/2013 11:22,,,Construction & Maintenance,,,No,,,,,,,,,No,,,,Hit by a moving or falling object,0,0,0,0,,
20495,Near Miss,Minor or low potential impact,Not Entered,11/13/2013 11:00,2013,Nov,Wed,11:00,6:00,11/29/2013 15:01,,,Construction & Maintenance,,,No,,,,,,,,,No,,,,Fell from a height,0,0,0,0,,
20431,Near Miss,Minor or low potential impact,Not Entered,11/13/2013 11:05,2013,Nov,Wed,11:05,6:00,11/25/2013 12:07,,,Construction & Maintenance,,,No,,,,,,,,,No,,,,"Structure, trench, or scaffold collapse",0,0,0,0,,
20430,Near Miss,Minor or low potential impact,Not Entered,11/13/2013 11:12,2013,Nov,Wed,11:12,6:00,11/25/2013 11:48,,,Construction & Maintenance,,,No,,,,,,,,,No,,,,"Fell, slipped, or tripped on same level",0,0,0,0,,
20560,Near Miss,Minor or low potential impact,Not Entered,11/13/2013 11:30,2013,Nov,Wed,11:30,6:00,12/5/2013 9:45,,,Construction & Maintenance,,,No,,,,,,,,,No,,,,Hit by a moving vehicle or plant,0,0,0,0,,
20687,Near Miss,Minor or low potential impact,Not Entered,11/13/2013 11:40,2013,Nov,Wed,11:40,6:00,12/10/2013 17:04,,,Construction & Maintenance,,,No,,,,,,,,,No,,,,N/A,0,0,0,0,,
20501,Near Miss,Minor or low potential impact,Not Entered,11/13/2013 12:00,2013,Nov,Wed,12:00,12:00,11/29/2013 15:41,,,Construction & Maintenance,,,No,,,,,,,,,No,,,,N/A,0,0,0,0,,
20572,Near Miss,Minor or low potential impact,Not Entered,11/13/2013 13:07,2013,Nov,Wed,13:07,12:00,12/5/2013 11:20,,,Construction & Maintenance,,,No,,,,,,,,,No,,,,N/A,0,0,0,0,,
20567,Near Miss,Minor or low potential impact,Not Entered,11/13/2013 13:32,2013,Nov,Wed,13:32,12:00,12/5/2013 10:43,,,Construction & Maintenance,,,No,,,,,,,,,No,,,,N/A,0,0,0,0,,
20686,Near Miss,Minor or low potential impact,Not Entered,11/13/2013 13:44,2013,Nov,Wed,13:44,12:00,12/10/2013 16:56,,,Construction & Maintenance,,,No,,,,,,,,,No,,,,N/A,0,0,0,0,,
20468,Near Miss,Minor or low potential impact,Not Entered,11/13/2013 15:25,2013,Nov,Wed,15:25,12:00,11/27/2013 15:34,,,Construction & Maintenance,,,No,,,,,,,,,No,,,,Fell from a height,0,0,0,0,,
20525,Near Miss,Minor or low potential impact,Not Entered,11/13/2013 16:00,2013,Nov,Wed,16:00,12:00,12/2/2013 17:14,,,Construction & Maintenance,,,No,,,,,,,,,No,,,,N/A,0,0,0,0,,
20497,Near Miss,Minor or low potential impact,Not Entered,11/13/2013 16:25,2013,Nov,Wed,16:25,12:00,11/29/2013 15:10,,,Construction & Maintenance,,,No,,,,,,,,,No,,,,Hit by a moving or falling object,0,0,0,0,,
20657,Near Miss,Minor or low potential impact,Not Entered,11/13/2013 16:40,2013,Nov,Wed,16:40,12:00,12/10/2013 9:26,,,Construction & Maintenance,,,No,,,,,,,,,No,,,,N/A,0,0,0,0,,
20689,Near Miss,Minor or low potential impact,Not Entered,11/13/2013 17:00,2013,Nov,Wed,17:00,12:00,12/10/2013 17:17,,,Construction & Maintenance,,,No,,,,,,,,,No,,,,Injured while handling lifting or carrying,0,0,0,0,,
20360,Near Miss,Minor or low potential impact,Not Entered,11/14/2013 7:30,2013,Nov,Thu,7:30,6:00,11/15/2013 12:19,,,Construction & Maintenance,,,No,,,,,,,,,No,,,,"Fell, slipped, or tripped on same level",0,0,0,0,,
20640,Near Miss,Minor or low potential impact,Not Entered,11/14/2013 8:45,2013,Nov,Thu,8:45,6:00,12/9/2013 11:13,,,Construction & Maintenance,,,No,,,,,,,,,No,,,,Hit by a moving or falling object,0,0,0,0,,
20388,Near Miss,Minor or low potential impact,Not Entered,11/14/2013 9:00,2013,Nov,Thu,9:00,6:00,11/21/2013 15:48,,,Construction & Maintenance,,,No,,,,,,,,,No,,,,Hit by a moving or falling object,0,0,0,0,,
20669,Near Miss,Minor or low potential impact,Not Entered,11/14/2013 10:35,2013,Nov,Thu,10:35,6:00,12/10/2013 12:16,,,Construction & Maintenance,,,No,,,,,,,,,No,,,,Hit by a moving vehicle or plant,0,0,0,0,,
20661,Near Miss,Minor or low potential impact,Not Entered,11/14/2013 10:36,2013,Nov,Thu,10:36,6:00,12/10/2013 11:00,,,Construction & Maintenance,,,No,,,,,,,,,No,,,,"Fell, slipped, or tripped on same level",0,0,0,0,,
20466,Near Miss,Minor or low potential impact,Not Entered,11/14/2013 11:00,2013,Nov,Thu,11:00,6:00,11/27/2013 14:32,,,Construction & Maintenance,,,No,,,,,,,,,No,,,,N/A,0,0,0,0,,
20694,Near Miss,Minor or low potential impact,Not Entered,11/14/2013 11:53,2013,Nov,Thu,11:53,6:00,12/11/2013 11:19,,,Construction & Maintenance,,,No,,,,,,,,,No,,,,Person exposed to harmful substance,0,0,0,0,,
20668,Near Miss,Minor or low potential impact,Not Entered,11/14/2013 11:56,2013,Nov,Thu,11:56,6:00,12/10/2013 11:56,,,Construction & Maintenance,,,No,,,,,,,,,No,,,,"Fell, slipped, or tripped on same level",0,0,0,0,,
20522,Near Miss,Minor or low potential impact,Not Entered,11/14/2013 12:00,2013,Nov,Thu,12:00,12:00,12/2/2013 16:54,,,Construction & Maintenance,,,No,,,,,,,,,No,,,,Hit by a moving or falling object,0,0,0,0,,
20667,Near Miss,Minor or low potential impact,Not Entered,11/14/2013 12:15,2013,Nov,Thu,12:15,12:00,12/10/2013 11:50,,,Construction & Maintenance,,,No,,,,,,,,,No,,,,Fell from a height,0,0,0,0,,
20664,Near Miss,Minor or low potential impact,Not Entered,11/14/2013 12:15,2013,Nov,Thu,12:15,12:00,12/10/2013 11:14,,,Construction & Maintenance,,,No,,,,,,,,,No,,,,Hit by a moving or falling object,0,0,0,0,,
20663,Near Miss,Minor or low potential impact,Not Entered,11/14/2013 12:15,2013,Nov,Thu,12:15,12:00,12/10/2013 11:09,,,Construction & Maintenance,,,No,,,,,,,,,No,,,,Fell from a height,0,0,0,0,,
20524,Near Miss,Minor or low potential impact,Not Entered,11/14/2013 12:15,2013,Nov,Thu,12:15,12:00,12/2/2013 17:04,,,Construction & Maintenance,,,No,,,,,,,,,No,,,,Fell from a height,0,0,0,0,,
20361,Near Miss,Minor or low potential impact,Not Entered,11/14/2013 12:15,2013,Nov,Thu,12:15,12:00,11/15/2013 13:18,,,Construction & Maintenance,,,No,,,,,,,,,No,,,,Fell from a height,0,0,0,0,,
20569,Near Miss,Minor or low potential impact,Not Entered,11/14/2013 13:20,2013,Nov,Thu,13:20,12:00,12/5/2013 10:56,,,Construction & Maintenance,,,No,,,,,,,,,No,,,,N/A,0,0,0,0,,
20650,Near Miss,Minor or low potential impact,Not Entered,11/14/2013 14:00,2013,Nov,Thu,14:00,12:00,12/9/2013 16:12,,,Construction & Maintenance,,,No,,,,,,,,,No,,,,N/A,0,0,0,0,,
20665,Near Miss,Minor or low potential impact,Not Entered,11/14/2013 14:30,2013,Nov,Thu,14:30,12:00,12/10/2013 11:36,,,Construction & Maintenance,,,No,,,,,,,,,No,,,,Hit by a moving or falling object,0,0,0,0,,
20681,Near Miss,Minor or low potential impact,Not Entered,11/14/2013 15:29,2013,Nov,Thu,15:29,12:00,12/10/2013 16:15,,,Construction & Maintenance,,,No,,,,,,,,,No,,,,Person contact with electricity,0,0,0,0,,
20673,Near Miss,Minor or low potential impact,Not Entered,11/14/2013 16:20,2013,Nov,Thu,16:20,12:00,12/10/2013 14:07,,,Construction & Maintenance,,,No,,,,,,,,,No,,,,N/A,0,0,0,0,,
20518,Near Miss,Minor or low potential impact,Not Entered,11/14/2013 20:00,2013,Nov,Thu,20:00,18:00,12/2/2013 16:32,,,Construction & Maintenance,,,No,,,,,,,,,No,,,,N/A,0,0,0,0,,
20523,Near Miss,Minor or low potential impact,Not Entered,11/14/2013 23:00,2013,Nov,Thu,23:00,18:00,12/2/2013 17:01,,,Construction & Maintenance,,,No,,,,,,,,,No,,,,"Fell, slipped, or tripped on same level",0,0,0,0,,
20649,Near Miss,Minor or low potential impact,Not Entered,11/15/2013 7:00,2013,Nov,Fri,7:00,6:00,12/9/2013 15:56,,,Construction & Maintenance,,,No,,,,,,,,,No,,,,N/A,0,0,0,0,,
20672,Near Miss,Minor or low potential impact,Not Entered,11/15/2013 8:30,2013,Nov,Fri,8:30,6:00,12/10/2013 13:53,,,Construction & Maintenance,,,No,,,,,,,,,No,,,,Hit by a moving or falling object,0,0,0,0,,
20658,Near Miss,Minor or low potential impact,Not Entered,11/15/2013 8:30,2013,Nov,Fri,8:30,6:00,12/10/2013 10:15,,,Construction & Maintenance,,,No,,,,,,,,,No,,,,Hit by a moving vehicle or plant,0,0,0,0,,