Event ID,Event Type ,Event Subtype,Type of Person,Date/Time of Event,Year,Month,Day of the Week,Time,Time interval (6 hours),Date/Time Reported,Location,Specific Location (include RCC Log no if relevant),Details of actual job being done at the time,Part of Body Affected,Injury Type,Was there a vehicle involved in this event?,Work related,Accident Type,Vehicle Motion,Who was Hit,Weather/Visibility,Surface Condition,Roadbed Grade,Lighting Conditions,Was A Police Report Filed?,Name of Law Enforcement Agency,Preventable,Type,Kind of Event,Expected Lost Workdays (Total),Actual Lost Workdays (Total),Expected Restricted Workdays (Total),Actual Restricted Workdays (Total),Return To Work Date,Sign Off 1
20659,Near Miss,Minor or low potential impact,Not Entered,11/15/2013 9:00,2013,Nov,Fri,9:00,6:00,12/10/2013 10:25,,,Construction & Maintenance,,,No,,,,,,,,,No,,,,Fell from a height,0,0,0,0,,
20516,Near Miss,Minor or low potential impact,Not Entered,11/15/2013 9:00,2013,Nov,Fri,9:00,6:00,12/2/2013 16:06,,,Construction & Maintenance,,,No,,,,,,,,,No,,,,N/A,0,0,0,0,,
20440,Near Miss,Minor or low potential impact,Not Entered,11/15/2013 9:15,2013,Nov,Fri,9:15,6:00,11/25/2013 16:26,,,Construction & Maintenance,,,No,,,,,,,,,No,,,,Hit by a moving vehicle or plant,0,0,0,0,,
20502,Near Miss,Minor or low potential impact,Not Entered,11/15/2013 9:30,2013,Nov,Fri,9:30,6:00,11/29/2013 15:46,,,Construction & Maintenance,,,No,,,,,,,,,No,,,,"Fell, slipped, or tripped on same level",0,0,0,0,,
20683,Near Miss,Minor or low potential impact,Not Entered,11/15/2013 9:50,2013,Nov,Fri,9:50,6:00,12/10/2013 16:32,,,Construction & Maintenance,,,No,,,,,,,,,No,,,,Person contact with electricity,0,0,0,0,,
20675,Near Miss,Minor or low potential impact,Not Entered,11/15/2013 10:00,2013,Nov,Fri,10:00,6:00,12/10/2013 14:47,,,Construction & Maintenance,,,No,,,,,,,,,No,,,,"Fell, slipped, or tripped on same level",0,0,0,0,,
20577,Near Miss,Minor or low potential impact,Not Entered,11/15/2013 10:00,2013,Nov,Fri,10:00,6:00,12/5/2013 11:51,,,Construction & Maintenance,,,No,,,,,,,,,No,,,,Hit by a moving vehicle or plant,0,0,0,0,,
20517,Near Miss,Minor or low potential impact,Not Entered,11/15/2013 10:00,2013,Nov,Fri,10:00,6:00,12/2/2013 16:16,,,Construction & Maintenance,,,No,,,,,,,,,No,,,,N/A,0,0,0,0,,
20467,Near Miss,Minor or low potential impact,Not Entered,11/15/2013 10:00,2013,Nov,Fri,10:00,6:00,11/27/2013 15:24,,,Construction & Maintenance,,,No,,,,,,,,,No,,,,Hit by a moving vehicle or plant,0,0,0,0,,
20688,Near Miss,Minor or low potential impact,Not Entered,11/15/2013 10:30,2013,Nov,Fri,10:30,6:00,12/10/2013 17:12,,,Construction & Maintenance,,,No,,,,,,,,,No,,,,"Fell, slipped, or tripped on same level",0,0,0,0,,
20682,Near Miss,Minor or low potential impact,Not Entered,11/15/2013 11:35,2013,Nov,Fri,11:35,6:00,12/10/2013 16:25,,,Construction & Maintenance,,,No,,,,,,,,,No,,,,N/A,0,0,0,0,,
20477,Near Miss,Minor or low potential impact,Not Entered,11/15/2013 12:30,2013,Nov,Fri,12:30,12:00,11/29/2013 11:57,,,Construction & Maintenance,,,No,,,,,,,,,No,,,,N/A,0,0,0,0,,
20453,Near Miss,Minor or low potential impact,Not Entered,11/15/2013 14:30,2013,Nov,Fri,14:30,12:00,11/26/2013 14:53,,,Construction & Maintenance,,,No,,,,,,,,,No,,,,Hit by a moving or falling object,0,0,0,0,,
20515,Near Miss,Minor or low potential impact,Not Entered,11/15/2013 15:41,2013,Nov,Fri,15:41,12:00,12/2/2013 15:48,,,Construction & Maintenance,,,No,,,,,,,,,No,,,,"Fell, slipped, or tripped on same level",0,0,0,0,,
20679,Near Miss,Minor or low potential impact,Not Entered,11/15/2013 15:48,2013,Nov,Fri,15:48,12:00,12/10/2013 15:52,,,Construction & Maintenance,,,No,,,,,,,,,No,,,,"Fell, slipped, or tripped on same level",0,0,0,0,,
20677,Near Miss,Minor or low potential impact,Not Entered,11/15/2013 15:56,2013,Nov,Fri,15:56,12:00,12/10/2013 15:21,,,Construction & Maintenance,,,No,,,,,,,,,No,,,,Hit by a moving or falling object,0,0,0,0,,
20690,Near Miss,Minor or low potential impact,Not Entered,11/16/2013 21:00,2013,Nov,Sat,21:00,18:00,12/11/2013 10:48,,,Construction & Maintenance,,,No,,,,,,,,,No,,,,Hit by a moving vehicle or plant,0,0,0,0,,
20542,Near Miss,Minor or low potential impact,Not Entered,11/17/2013 8:00,2013,Nov,Sun,8:00,6:00,12/4/2013 11:10,,,Construction & Maintenance,,,No,,,,,,,,,No,,,,Hit by a moving or falling object,0,0,0,0,,
20566,Near Miss,Minor or low potential impact,Not Entered,11/17/2013 13:43,2013,Nov,Sun,13:43,12:00,12/5/2013 10:35,,,Construction & Maintenance,,,No,,,,,,,,,No,,,,"Fell, slipped, or tripped on same level",0,0,0,0,,
20685,Near Miss,Minor or low potential impact,Not Entered,11/18/2013 8:40,2013,Nov,Mon,8:40,6:00,12/10/2013 16:51,,,Construction & Maintenance,,,No,,,,,,,,,No,,,,"Fell, slipped, or tripped on same level",0,0,0,0,,
20693,Near Miss,Minor or low potential impact,Not Entered,11/18/2013 10:00,2013,Nov,Mon,10:00,6:00,12/11/2013 11:14,,,Construction & Maintenance,,,No,,,,,,,,,No,,,,Hit by a moving vehicle or plant,0,0,0,0,,
20415,Near Miss,Minor or low potential impact,Not Entered,11/18/2013 10:42,2013,Nov,Mon,10:42,6:00,11/22/2013 15:55,,,Construction & Maintenance,,,No,,,,,,,,,No,,,,N/A,0,0,0,0,,
20692,Near Miss,Minor or low potential impact,Not Entered,11/18/2013 12:30,2013,Nov,Mon,12:30,12:00,12/11/2013 11:03,,,Construction & Maintenance,,,No,,,,,,,,,No,,,,N/A,0,0,0,0,,
20487,Near Miss,Minor or low potential impact,Not Entered,11/18/2013 15:00,2013,Nov,Mon,15:00,12:00,11/29/2013 13:55,,,Construction & Maintenance,,,No,,,,,,,,,No,,,,"Fell, slipped, or tripped on same level",0,0,0,0,,
20768,Near Miss,Minor or low potential impact,Not Entered,11/19/2013 1:30,2013,Nov,Tue,1:30,0:00,12/16/2013 11:35,,,Construction & Maintenance,,,No,,,,,,,,,No,,,,Hit by a moving vehicle or plant,0,0,0,0,,
20432,Near Miss,Minor or low potential impact,Not Entered,11/19/2013 8:00,2013,Nov,Tue,8:00,6:00,11/25/2013 12:14,,,Construction & Maintenance,,,No,,,,,,,,,No,,,,Fell from a height,0,0,0,0,,
20655,Near Miss,Minor or low potential impact,Not Entered,11/19/2013 9:00,2013,Nov,Tue,9:00,6:00,12/9/2013 17:31,,,Construction & Maintenance,,,No,,,,,,,,,No,,,,N/A,0,0,0,0,,
20437,Near Miss,Minor or low potential impact,Not Entered,11/19/2013 10:00,2013,Nov,Tue,10:00,6:00,11/25/2013 14:50,,,Construction & Maintenance,,,No,,,,,,,,,No,,,,"Fell, slipped, or tripped on same level",0,0,0,0,,
20436,Near Miss,Minor or low potential impact,Not Entered,11/19/2013 11:20,2013,Nov,Tue,11:20,6:00,11/25/2013 14:17,,,Construction & Maintenance,,,No,,,,,,,,,No,,,,Hit by a moving vehicle or plant,0,0,0,0,,
20646,Near Miss,Minor or low potential impact,Not Entered,11/19/2013 12:05,2013,Nov,Tue,12:05,12:00,12/9/2013 11:58,,,Construction & Maintenance,,,No,,,,,,,,,No,,,,Hit by a moving vehicle or plant,0,0,0,0,,
20439,Near Miss,Minor or low potential impact,Not Entered,11/19/2013 12:25,2013,Nov,Tue,12:25,12:00,11/25/2013 16:15,,,Construction & Maintenance,,,No,,,,,,,,,No,,,,Hit by a moving vehicle or plant,0,0,0,0,,
20464,Near Miss,Minor or low potential impact,Not Entered,11/19/2013 14:00,2013,Nov,Tue,14:00,12:00,11/27/2013 12:56,,,Construction & Maintenance,,,No,,,,,,,,,No,,,,Hit by a moving vehicle or plant,0,0,0,0,,
20438,Near Miss,Minor or low potential impact,Not Entered,11/19/2013 14:30,2013,Nov,Tue,14:30,12:00,11/25/2013 15:59,,,Construction & Maintenance,,,No,,,,,,,,,No,,,,N/A,0,0,0,0,,
20463,Near Miss,Minor or low potential impact,Not Entered,11/19/2013 15:00,2013,Nov,Tue,15:00,12:00,11/27/2013 12:12,,,Construction & Maintenance,,,No,,,,,,,,,No,,,,Hit by a moving vehicle or plant,0,0,0,0,,
20651,Near Miss,Minor or low potential impact,Not Entered,11/20/2013 8:00,2013,Nov,Wed,8:00,6:00,12/9/2013 16:26,,,Construction & Maintenance,,,No,,,,,,,,,No,,,,N/A,0,0,0,0,,
20603,Near Miss,Minor or low potential impact,Not Entered,11/20/2013 8:37,2013,Nov,Wed,8:37,6:00,12/5/2013 17:20,,,Construction & Maintenance,,,No,,,,,,,,,No,,,,N/A,0,0,0,0,,
20656,Near Miss,Minor or low potential impact,Not Entered,11/20/2013 10:00,2013,Nov,Wed,10:00,6:00,12/10/2013 9:16,,,Construction & Maintenance,,,No,,,,,,,,,No,,,,N/A,0,0,0,0,,
20521,Near Miss,Minor or low potential impact,Not Entered,11/20/2013 14:41,2013,Nov,Wed,14:41,12:00,12/2/2013 16:49,,,Construction & Maintenance,,,No,,,,,,,,,No,,,,Hit by a moving vehicle or plant,0,0,0,0,,
20493,Near Miss,Minor or low potential impact,Not Entered,11/20/2013 15:15,2013,Nov,Wed,15:15,12:00,11/29/2013 14:55,,,Construction & Maintenance,,,No,,,,,,,,,No,,,,Hit by a moving vehicle or plant,0,0,0,0,,
20429,Near Miss,Minor or low potential impact,Not Entered,11/20/2013 16:00,2013,Nov,Wed,16:00,12:00,11/25/2013 11:44,,,Construction & Maintenance,,,No,,,,,,,,,No,,,,Hit by a moving or falling object,0,0,0,0,,
20490,Near Miss,Minor or low potential impact,Not Entered,11/20/2013 16:40,2013,Nov,Wed,16:40,12:00,11/29/2013 14:17,,,Construction & Maintenance,,,No,,,,,,,,,No,,,,"Fell, slipped, or tripped on same level",0,0,0,0,,
20627,Near Miss,Minor or low potential impact,Not Entered,11/21/2013 7:30,2013,Nov,Thu,7:30,6:00,12/6/2013 14:34,,,Construction & Maintenance,,,No,,,,,,,,,No,,,,Hit by a moving vehicle or plant,0,0,0,0,,
20485,Near Miss,Minor or low potential impact,Not Entered,11/21/2013 7:30,2013,Nov,Thu,7:30,6:00,11/29/2013 13:38,,,Construction & Maintenance,,,No,,,,,,,,,No,,,,N/A,0,0,0,0,,
20697,Near Miss,Minor or low potential impact,Not Entered,11/21/2013 11:36,2013,Nov,Thu,11:36,6:00,12/11/2013 11:44,,,Construction & Maintenance,,,No,,,,,,,,,No,,,,N/A,0,0,0,0,,
20582,Near Miss,Minor or low potential impact,Not Entered,11/21/2013 12:30,2013,Nov,Thu,12:30,12:00,12/5/2013 13:34,,,Construction & Maintenance,,,No,,,,,,,,,No,,,,"Fell, slipped, or tripped on same level",0,0,0,0,,
20597,Near Miss,Minor or low potential impact,Not Entered,11/21/2013 13:30,2013,Nov,Thu,13:30,12:00,12/5/2013 16:24,,,Construction & Maintenance,,,No,,,,,,,,,No,,,,Fell from a height,0,0,0,0,,
20469,Near Miss,Minor or low potential impact,Not Entered,11/21/2013 14:00,2013,Nov,Thu,14:00,12:00,11/27/2013 15:52,,,Construction & Maintenance,,,No,,,,,,,,,No,,,,N/A,0,0,0,0,,
20600,Near Miss,Minor or low potential impact,Not Entered,11/21/2013 14:30,2013,Nov,Thu,14:30,12:00,12/5/2013 17:05,,,Construction & Maintenance,,,No,,,,,,,,,No,,,,Hit by a moving vehicle or plant,0,0,0,0,,
20637,Near Miss,Minor or low potential impact,Not Entered,11/21/2013 16:00,2013,Nov,Thu,16:00,12:00,12/9/2013 10:11,,,Construction & Maintenance,,,No,,,,,,,,,No,,,,N/A,0,0,0,0,,
20486,Near Miss,Minor or low potential impact,Not Entered,11/21/2013 16:30,2013,Nov,Thu,16:30,12:00,11/29/2013 13:46,,,Construction & Maintenance,,,No,,,,,,,,,No,,,,N/A,0,0,0,0,,
20465,Near Miss,Minor or low potential impact,Not Entered,11/22/2013 12:57,2013,Nov,Fri,12:57,12:00,11/27/2013 13:20,,,Construction & Maintenance,,,No,,,,,,,,,No,,,,"Fell, slipped, or tripped on same level",0,0,0,0,,
20591,Near Miss,Minor or low potential impact,Not Entered,11/23/2013 8:00,2013,Nov,Sat,8:00,6:00,12/5/2013 15:26,,,Construction & Maintenance,,,No,,,,,,,,,No,,,,Hit by a moving or falling object,0,0,0,0,,
20520,Near Miss,Minor or low potential impact,Not Entered,11/23/2013 8:00,2013,Nov,Sat,8:00,6:00,12/2/2013 16:40,,,Construction & Maintenance,,,No,,,,,,,,,No,,,,Hit by a moving vehicle or plant,0,0,0,0,,
20698,Near Miss,Minor or low potential impact,Not Entered,11/23/2013 9:30,2013,Nov,Sat,9:30,6:00,12/11/2013 11:57,,,Construction & Maintenance,,,No,,,,,,,,,No,,,,N/A,0,0,0,0,,
20699,Near Miss,Minor or low potential impact,Not Entered,11/23/2013 9:40,2013,Nov,Sat,9:40,6:00,12/11/2013 13:13,,,Construction & Maintenance,,,No,,,,,,,,,No,,,,"Fell, slipped, or tripped on same level",0,0,0,0,,
20817,Near Miss,Minor or low potential impact,Not Entered,11/23/2013 10:00,2013,Nov,Sat,10:00,6:00,12/19/2013 14:57,,,Construction & Maintenance,,,No,,,,,,,,,No,,,,Hit by a moving or falling object,0,0,0,0,,
20586,Near Miss,Minor or low potential impact,Not Entered,11/23/2013 10:08,2013,Nov,Sat,10:08,6:00,12/5/2013 14:39,,,Construction & Maintenance,,,No,,,,,,,,,No,,,,N/A,0,0,0,0,,
20701,Near Miss,Minor or low potential impact,Not Entered,11/23/2013 11:05,2013,Nov,Sat,11:05,6:00,12/11/2013 13:58,,,Construction & Maintenance,,,No,,,,,,,,,No,,,,N/A,0,0,0,0,,
20702,Near Miss,Minor or low potential impact,Not Entered,11/23/2013 11:15,2013,Nov,Sat,11:15,6:00,12/11/2013 14:06,,,Construction & Maintenance,,,No,,,,,,,,,No,,,,N/A,0,0,0,0,,
20653,Near Miss,Minor or low potential impact,Not Entered,11/23/2013 11:20,2013,Nov,Sat,11:20,6:00,12/9/2013 16:51,,,Construction & Maintenance,,,No,,,,,,,,,No,,,,Hit by a moving vehicle or plant,0,0,0,0,,
20648,Near Miss,Minor or low potential impact,Not Entered,11/23/2013 12:00,2013,Nov,Sat,12:00,12:00,12/9/2013 13:40,,,Construction & Maintenance,,,No,,,,,,,,,No,,,,Hit by a moving vehicle or plant,0,0,0,0,,
20700,Near Miss,Minor or low potential impact,Not Entered,11/23/2013 13:00,2013,Nov,Sat,13:00,12:00,12/11/2013 13:51,,,Construction & Maintenance,,,No,,,,,,,,,No,,,,Hit by a moving or falling object,0,0,0,0,,
20528,Near Miss,Minor or low potential impact,Not Entered,11/23/2013 14:00,2013,Nov,Sat,14:00,12:00,12/3/2013 9:07,,,Construction & Maintenance,,,No,,,,,,,,,No,,,,Hit by a moving vehicle or plant,0,0,0,0,,
20588,Near Miss,Minor or low potential impact,Not Entered,11/23/2013 14:40,2013,Nov,Sat,14:40,12:00,12/5/2013 14:45,,,Construction & Maintenance,,,No,,,,,,,,,No,,,,N/A,,,,,,
20587,Near Miss,Minor or low potential impact,Not Entered,11/23/2013 14:40,2013,Nov,Sat,14:40,12:00,12/5/2013 14:45,,,Construction & Maintenance,,,No,,,,,,,,,No,,,,N/A,0,0,0,0,,
20456,Near Miss,Minor or low potential impact,Not Entered,11/23/2013 15:31,2013,Nov,Sat,15:31,12:00,11/26/2013 15:42,,,Construction & Maintenance,,,No,,,,,,,,,No,,,,"Structure, trench, or scaffold collapse",0,0,0,0,,
20589,Near Miss,Minor or low potential impact,Not Entered,11/25/2013 9:00,2013,Nov,Mon,9:00,6:00,12/5/2013 15:09,,,Construction & Maintenance,,,No,,,,,,,,,No,,,,Hit by a moving vehicle or plant,0,0,0,0,,
20511,Near Miss,Minor or low potential impact,Not Entered,11/25/2013 10:00,2013,Nov,Mon,10:00,6:00,12/2/2013 15:14,,,Construction & Maintenance,,,No,,,,,,,,,No,,,,N/A,0,0,0,0,,
20581,Near Miss,Minor or low potential impact,Not Entered,11/25/2013 11:40,2013,Nov,Mon,11:40,6:00,12/5/2013 13:23,,,Construction & Maintenance,,,No,,,,,,,,,No,,,,N/A,0,0,0,0,,
20526,Near Miss,Minor or low potential impact,Not Entered,11/25/2013 14:15,2013,Nov,Mon,14:15,12:00,12/2/2013 17:18,,,Construction & Maintenance,,,No,,,,,,,,,No,,,,Fell from a height,0,0,0,0,,
20599,Near Miss,Minor or low potential impact,Not Entered,11/25/2013 15:20,2013,Nov,Mon,15:20,12:00,12/5/2013 16:55,,,Construction & Maintenance,,,No,,,,,,,,,No,,,,N/A,0,0,0,0,,
20592,Near Miss,Minor or low potential impact,Not Entered,11/25/2013 15:27,2013,Nov,Mon,15:27,12:00,12/5/2013 15:39,,,Construction & Maintenance,,,No,,,,,,,,,No,,,,N/A,0,0,0,0,,
20770,Near Miss,Minor or low potential impact,Not Entered,11/25/2013 15:30,2013,Nov,Mon,15:30,12:00,12/16/2013 12:03,,,Construction & Maintenance,,,No,,,,,,,,,No,,,,N/A,0,0,0,0,,
20598,Near Miss,Minor or low potential impact,Not Entered,11/25/2013 15:30,2013,Nov,Mon,15:30,12:00,12/5/2013 16:33,,,Construction & Maintenance,,,No,,,,,,,,,No,,,,Hit by a moving vehicle or plant,0,0,0,0,,
20530,Near Miss,Minor or low potential impact,Not Entered,11/25/2013 16:30,2013,Nov,Mon,16:30,12:00,12/3/2013 9:25,,,Construction & Maintenance,,,No,,,,,,,,,No,,,,Hit by a moving vehicle or plant,0,0,0,0,,
20578,Near Miss,Minor or low potential impact,Not Entered,11/26/2013 9:00,2013,Nov,Tue,9:00,6:00,12/5/2013 11:57,,,Construction & Maintenance,,,No,,,,,,,,,No,,,,Hit by a moving or falling object,0,0,0,0,,
20513,Near Miss,Minor or low potential impact,Not Entered,11/26/2013 9:00,2013,Nov,Tue,9:00,6:00,12/2/2013 15:33,,,Construction & Maintenance,,,No,,,,,,,,,No,,,,Hit by a moving or falling object,0,0,0,0,,
20479,Near Miss,Minor or low potential impact,Not Entered,11/26/2013 9:40,2013,Nov,Tue,9:40,6:00,11/29/2013 12:12,,,Construction & Maintenance,,,No,,,,,,,,,No,,,,Hit by a moving or falling object,0,0,0,0,,
20654,Near Miss,Minor or low potential impact,Not Entered,11/26/2013 11:00,2013,Nov,Tue,11:00,6:00,12/9/2013 17:09,,,Construction & Maintenance,,,No,,,,,,,,,No,,,,N/A,0,0,0,0,,
20580,Near Miss,Minor or low potential impact,Not Entered,11/26/2013 11:30,2013,Nov,Tue,11:30,6:00,12/5/2013 13:00,,,Construction & Maintenance,,,No,,,,,,,,,No,,,,N/A,0,0,0,0,,
20482,Near Miss,Minor or low potential impact,Not Entered,11/26/2013 11:30,2013,Nov,Tue,11:30,6:00,11/29/2013 13:11,,,Construction & Maintenance,,,No,,,,,,,,,No,,,,N/A,0,0,0,0,,
20481,Near Miss,Minor or low potential impact,Not Entered,11/26/2013 11:30,2013,Nov,Tue,11:30,6:00,11/29/2013 13:03,,,Construction & Maintenance,,,No,,,,,,,,,No,,,,N/A,0,0,0,0,,
20474,Near Miss,Minor or low potential impact,Not Entered,11/26/2013 11:37,2013,Nov,Tue,11:37,6:00,11/29/2013 11:05,,,Construction & Maintenance,,,No,,,,,,,,,No,,,,N/A,0,0,0,0,,
20454,Near Miss,Minor or low potential impact,Not Entered,11/26/2013 12:15,2013,Nov,Tue,12:15,12:00,11/26/2013 15:18,,,Construction & Maintenance,,,No,,,,,,,,,No,,,,N/A,0,0,0,0,,
20596,Near Miss,Minor or low potential impact,Not Entered,11/26/2013 12:30,2013,Nov,Tue,12:30,12:00,12/5/2013 16:19,,,Construction & Maintenance,,,No,,,,,,,,,No,,,,Hit by a moving vehicle or plant,0,0,0,0,,
20455,Near Miss,Minor or low potential impact,Not Entered,11/26/2013 12:35,2013,Nov,Tue,12:35,12:00,11/26/2013 15:30,,,Construction & Maintenance,,,No,,,,,,,,,No,,,,N/A,0,0,0,0,,
20595,Near Miss,Minor or low potential impact,Not Entered,11/26/2013 13:30,2013,Nov,Tue,13:30,12:00,12/5/2013 16:14,,,Construction & Maintenance,,,No,,,,,,,,,No,,,,N/A,0,0,0,0,,
20480,Near Miss,Minor or low potential impact,Not Entered,11/26/2013 13:30,2013,Nov,Tue,13:30,12:00,11/29/2013 12:57,,,Construction & Maintenance,,,No,,,,,,,,,No,,,,N/A,0,0,0,0,,
20642,Near Miss,Minor or low potential impact,Not Entered,11/27/2013 7:05,2013,Nov,Wed,7:05,6:00,12/9/2013 11:28,,,Construction & Maintenance,,,No,,,,,,,,,No,,,,Hit by a moving vehicle or plant,0,0,0,0,,
20583,Near Miss,Minor or low potential impact,Not Entered,11/27/2013 7:05,2013,Nov,Wed,7:05,6:00,12/5/2013 13:45,,,Construction & Maintenance,,,No,,,,,,,,,No,,,,Hit by a moving vehicle or plant,0,0,0,0,,
20532,Near Miss,Minor or low potential impact,Not Entered,11/27/2013 9:53,2013,Nov,Wed,9:53,6:00,12/3/2013 10:09,,,Construction & Maintenance,,,No,,,,,,,,,No,,,,Hit by a moving vehicle or plant,0,0,0,0,,
20489,Near Miss,Minor or low potential impact,Not Entered,11/27/2013 10:00,2013,Nov,Wed,10:00,6:00,11/29/2013 14:07,,,Construction & Maintenance,,,No,,,,,,,,,No,,,,"Fell, slipped, or tripped on same level",0,0,0,0,,
20488,Near Miss,Minor or low potential impact,Not Entered,11/27/2013 10:00,2013,Nov,Wed,10:00,6:00,11/29/2013 14:02,,,Construction & Maintenance,,,No,,,,,,,,,No,,,,Hit by a moving vehicle or plant,0,0,0,0,,
20585,Near Miss,Minor or low potential impact,Not Entered,11/27/2013 11:20,2013,Nov,Wed,11:20,6:00,12/5/2013 14:24,,,Construction & Maintenance,,,No,,,,,,,,,No,,,,"Fell, slipped, or tripped on same level",0,0,0,0,,
20584,Near Miss,Minor or low potential impact,Not Entered,11/27/2013 11:21,2013,Nov,Wed,11:21,6:00,12/5/2013 14:12,,,Construction & Maintenance,,,No,,,,,,,,,No,,,,N/A,0,0,0,0,,
20696,Near Miss,Minor or low potential impact,Not Entered,11/27/2013 11:45,2013,Nov,Wed,11:45,6:00,12/11/2013 11:39,,,Construction & Maintenance,,,No,,,,,,,,,No,,,,N/A,0,0,0,0,,
20593,Near Miss,Minor or low potential impact,Not Entered,11/27/2013 12:00,2013,Nov,Wed,12:00,12:00,12/5/2013 15:50,,,Construction & Maintenance,,,No,,,,,,,,,No,,,,"Fell, slipped, or tripped on same level",0,0,0,0,,
20483,Near Miss,Minor or low potential impact,Not Entered,11/27/2013 12:25,2013,Nov,Wed,12:25,12:00,11/29/2013 13:29,,,Construction & Maintenance,,,No,,,,,,,,,No,,,,N/A,0,0,0,0,,
20512,Near Miss,Minor or low potential impact,Not Entered,11/27/2013 13:25,2013,Nov,Wed,13:25,12:00,12/2/2013 15:20,,,Construction & Maintenance,,,No,,,,,,,,,No,,,,N/A,0,0,0,0,,
20594,Near Miss,Minor or low potential impact,Not Entered,11/27/2013 14:00,2013,Nov,Wed,14:00,12:00,12/5/2013 16:04,,,Construction & Maintenance,,,No,,,,,,,,,No,,,,N/A,0,0,0,0,,
20602,Near Miss,Minor or low potential impact,Not Entered,11/27/2013 14:10,2013,Nov,Wed,14:10,12:00,12/5/2013 17:16,,,Construction & Maintenance,,,No,,,,,,,,,No,,,,"Fell, slipped, or tripped on same level",0,0,0,0,,
20590,Near Miss,Minor or low potential impact,Not Entered,11/27/2013 15:15,2013,Nov,Wed,15:15,12:00,12/5/2013 15:20,,,Construction & Maintenance,,,No,,,,,,,,,No,,,,Fell from a height,0,0,0,0,,
20563,Near Miss,Minor or low potential impact,Not Entered,11/27/2013 16:45,2013,Nov,Wed,16:45,12:00,12/5/2013 10:10,,,Construction & Maintenance,,,No,,,,,,,,,No,,,,Hit by a moving vehicle or plant,0,0,0,0,,
20576,Near Miss,Minor or low potential impact,Not Entered,11/28/2013 8:30,2013,Nov,Thu,8:30,6:00,12/5/2013 11:40,,,Construction & Maintenance,,,No,,,,,,,,,No,,,,Hit by a moving or falling object,0,0,0,0,,
20660,Near Miss,Minor or low potential impact,Not Entered,11/28/2013 9:30,2013,Nov,Thu,9:30,6:00,12/10/2013 10:51,,,Construction & Maintenance,,,No,,,,,,,,,No,,,,N/A,0,0,0,0,,
20601,Near Miss,Minor or low potential impact,Not Entered,11/28/2013 10:11,2013,Nov,Thu,10:11,6:00,12/5/2013 17:12,,,Construction & Maintenance,,,No,,,,,,,,,No,,,,Hit by a moving vehicle or plant,0,0,0,0,,
20562,Near Miss,Minor or low potential impact,Not Entered,11/28/2013 14:10,2013,Nov,Thu,14:10,12:00,12/5/2013 9:59,,,Construction & Maintenance,,,No,,,,,,,,,No,,,,Hit by a moving vehicle or plant,0,0,0,0,,
20644,Near Miss,Minor or low potential impact,Not Entered,11/28/2013 15:00,2013,Nov,Thu,15:00,12:00,12/9/2013 11:40,,,Construction & Maintenance,,,No,,,,,,,,,No,,,,"Fell, slipped, or tripped on same level",0,0,0,0,,
20628,Near Miss,Minor or low potential impact,Not Entered,11/29/2013 7:30,2013,Nov,Fri,7:30,6:00,12/6/2013 14:43,,,Construction & Maintenance,,,No,,,,,,,,,No,,,,Hit by a moving or falling object,0,0,0,0,,
20796,Near Miss,Minor or low potential impact,Not Entered,11/29/2013 8:00,2013,Nov,Fri,8:00,6:00,12/17/2013 13:06,,,Construction & Maintenance,,,No,,,,,,,,,No,,,,Hit by a moving or falling object,0,0,0,0,,
20604,Near Miss,Minor or low potential impact,Not Entered,11/29/2013 8:28,2013,Nov,Fri,8:28,6:00,12/5/2013 17:30,,,Construction & Maintenance,,,No,,,,,,,,,No,,,,"Fell, slipped, or tripped on same level",0,0,0,0,,
20626,Near Miss,Minor or low potential impact,Not Entered,11/29/2013 9:30,2013,Nov,Fri,9:30,6:00,12/6/2013 14:20,,,Construction & Maintenance,,,No,,,,,,,,,No,,,,Hit by a moving vehicle or plant,0,0,0,0,,
20647,Near Miss,Minor or low potential impact,Not Entered,11/29/2013 13:00,2013,Nov,Fri,13:00,12:00,12/9/2013 13:26,,,Construction & Maintenance,,,No,,,,,,,,,No,,,,Hit by a moving vehicle or plant,0,0,0,0,,
20564,Near Miss,Minor or low potential impact,Not Entered,11/29/2013 13:58,2013,Nov,Fri,13:58,12:00,12/5/2013 10:25,,,Construction & Maintenance,,,No,,,,,,,,,No,,,,N/A,0,0,0,0,,
20579,Near Miss,Minor or low potential impact,Not Entered,11/30/2013 11:00,2013,Nov,Sat,11:00,6:00,12/5/2013 12:02,,,Construction & Maintenance,,,No,,,,,,,,,No,,,,N/A,0,0,0,0,,
20645,Near Miss,Minor or low potential impact,Not Entered,11/30/2013 16:52,2013,Nov,Sat,16:52,12:00,12/9/2013 11:52,,,Construction & Maintenance,,,No,,,,,,,,,No,,,,N/A,0,0,0,0,,
20789,Near Miss,Minor or low potential impact,Not Entered,12/1/2013 0:00,2013,Dec,Sun,0:00,0:00,12/16/2013 15:35,,,Construction & Maintenance,,,No,,,,,,,,,No,,,,"Fell, slipped, or tripped on same level",0,0,0,0,,
20767,Near Miss,Minor or low potential impact,Not Entered,12/1/2013 10:54,2013,Dec,Sun,10:54,6:00,12/16/2013 11:22,,,Construction & Maintenance,,,No,,,,,,,,,No,,,,"Fell, slipped, or tripped on same level",0,0,0,0,,
20790,Near Miss,Minor or low potential impact,Not Entered,12/1/2013 15:36,2013,Dec,Sun,15:36,12:00,12/16/2013 15:41,,,Construction & Maintenance,,,No,,,,,,,,,No,,,,Hit by a moving or falling object,0,0,0,0,,
20783,Near Miss,Minor or low potential impact,Not Entered,12/2/2013 7:00,2013,Dec,Mon,7:00,6:00,12/16/2013 15:06,,,Construction & Maintenance,,,No,,,,,,,,,No,,,,Hit by a moving vehicle or plant,0,0,0,0,,