Event ID,Event Type ,Event Subtype,Type of Person,Date/Time of Event,Year,Month,Day of the Week,Time,Time interval (6 hours),Date/Time Reported,Location,Specific Location (include RCC Log no if relevant),Details of actual job being done at the time,Part of Body Affected,Injury Type,Was there a vehicle involved in this event?,Work related,Accident Type,Vehicle Motion,Who was Hit,Weather/Visibility,Surface Condition,Roadbed Grade,Lighting Conditions,Was A Police Report Filed?,Name of Law Enforcement Agency,Preventable,Type,Kind of Event,Expected Lost Workdays (Total),Actual Lost Workdays (Total),Expected Restricted Workdays (Total),Actual Restricted Workdays (Total),Return To Work Date,Sign Off 1
20621,Near Miss,Minor or low potential impact,Not Entered,12/2/2013 11:00,2013,Dec,Mon,11:00,6:00,12/6/2013 11:54,,,Construction & Maintenance,,,No,,,,,,,,,No,,,,N/A,0,0,0,0,,
20615,Near Miss,Minor or low potential impact,Not Entered,12/2/2013 11:07,2013,Dec,Mon,11:07,6:00,12/6/2013 11:16,,,Construction & Maintenance,,,No,,,,,,,,,No,,,,Fell from a height,0,0,0,0,,
20782,Near Miss,Minor or low potential impact,Not Entered,12/2/2013 11:10,2013,Dec,Mon,11:10,6:00,12/16/2013 15:01,,,Construction & Maintenance,,,No,,,,,,,,,No,,,,Hit by a moving vehicle or plant,0,0,0,0,,
20618,Near Miss,Minor or low potential impact,Not Entered,12/2/2013 11:30,2013,Dec,Mon,11:30,6:00,12/6/2013 11:36,,,Construction & Maintenance,,,No,,,,,,,,,No,,,,Hit by a moving vehicle or plant,0,0,0,0,,
20804,Near Miss,Minor or low potential impact,Not Entered,12/2/2013 11:39,2013,Dec,Mon,11:39,6:00,12/17/2013 14:26,,,Construction & Maintenance,,,No,,,,,,,,,No,,,,N/A,0,0,0,0,,
20772,Near Miss,Minor or low potential impact,Not Entered,12/2/2013 12:39,2013,Dec,Mon,12:39,12:00,12/16/2013 12:46,,,Construction & Maintenance,,,No,,,,,,,,,No,,,,Hit by a moving vehicle or plant,0,0,0,0,,
20622,Near Miss,Minor or low potential impact,Not Entered,12/2/2013 14:15,2013,Dec,Mon,14:15,12:00,12/6/2013 12:02,,,Construction & Maintenance,,,No,,,,,,,,,No,,,,Hit by a moving vehicle or plant,0,0,0,0,,
20792,Near Miss,Minor or low potential impact,Not Entered,12/3/2013 8:00,2013,Dec,Tue,8:00,6:00,12/16/2013 15:51,,,Construction & Maintenance,,,No,,,,,,,,,No,,,,Fell from a height,0,0,0,0,,
20617,Near Miss,Minor or low potential impact,Not Entered,12/3/2013 8:00,2013,Dec,Tue,8:00,6:00,12/6/2013 11:27,,,Construction & Maintenance,,,No,,,,,,,,,No,,,,"Structure, trench, or scaffold collapse",0,0,0,0,,
20619,Near Miss,Minor or low potential impact,Not Entered,12/3/2013 9:00,2013,Dec,Tue,9:00,6:00,12/6/2013 11:42,,,Construction & Maintenance,,,No,,,,,,,,,No,,,,Fell from a height,0,0,0,0,,
20624,Near Miss,Minor or low potential impact,Not Entered,12/3/2013 11:00,2013,Dec,Tue,11:00,6:00,12/6/2013 12:10,,,Construction & Maintenance,,,No,,,,,,,,,No,,,,Person contact with electricity,0,0,0,0,,
20785,Near Miss,Minor or low potential impact,Not Entered,12/3/2013 11:06,2013,Dec,Tue,11:06,6:00,12/16/2013 15:17,,,Construction & Maintenance,,,No,,,,,,,,,No,,,,Hit by a moving vehicle or plant,0,0,0,0,,
20620,Near Miss,Minor or low potential impact,Not Entered,12/3/2013 15:45,2013,Dec,Tue,15:45,12:00,12/6/2013 11:49,,,Construction & Maintenance,,,No,,,,,,,,,No,,,,"Fell, slipped, or tripped on same level",0,0,0,0,,
20814,Near Miss,Minor or low potential impact,Not Entered,12/4/2013 8:00,2013,Dec,Wed,8:00,6:00,12/19/2013 14:34,,,Construction & Maintenance,,,No,,,,,,,,,No,,,,"Fell, slipped, or tripped on same level",0,0,0,0,,
20858,Near Miss,Minor or low potential impact,Not Entered,12/4/2013 12:40,2013,Dec,Wed,12:40,12:00,1/2/2014 15:32,,,Construction & Maintenance,,,No,,,,,,,,,No,,,,"Fell, slipped, or tripped on same level",0,0,0,0,,
20812,Near Miss,Minor or low potential impact,Not Entered,12/4/2013 14:16,2013,Dec,Wed,14:16,12:00,12/19/2013 14:22,,,Construction & Maintenance,,,No,,,,,,,,,No,,,,"Fell, slipped, or tripped on same level",0,0,0,0,,
20778,Near Miss,Minor or low potential impact,Not Entered,12/4/2013 14:21,2013,Dec,Wed,14:21,12:00,12/16/2013 14:32,,,Construction & Maintenance,,,No,,,,,,,,,No,,,,"Fell, slipped, or tripped on same level",0,0,0,0,,
20623,Near Miss,Minor or low potential impact,Not Entered,12/5/2013 7:15,2013,Dec,Thu,7:15,6:00,12/6/2013 12:05,,,Construction & Maintenance,,,No,,,,,,,,,No,,,,N/A,0,0,0,0,,
20771,Near Miss,Minor or low potential impact,Not Entered,12/5/2013 8:20,2013,Dec,Thu,8:20,6:00,12/16/2013 12:16,,,Construction & Maintenance,,,No,,,,,,,,,No,,,,Hit by a moving vehicle or plant,0,0,0,0,,
20780,Near Miss,Minor or low potential impact,Not Entered,12/5/2013 9:15,2013,Dec,Thu,9:15,6:00,12/16/2013 14:40,,,Construction & Maintenance,,,No,,,,,,,,,No,,,,Hit by a moving or falling object,0,0,0,0,,
20786,Near Miss,Minor or low potential impact,Not Entered,12/5/2013 10:10,2013,Dec,Thu,10:10,6:00,12/16/2013 15:24,,,Construction & Maintenance,,,No,,,,,,,,,No,,,,Hit by a moving vehicle or plant,0,0,0,0,,
20763,Near Miss,Minor or low potential impact,Not Entered,12/5/2013 10:17,2013,Dec,Thu,10:17,6:00,12/16/2013 10:32,,,Construction & Maintenance,,,No,,,,,,,,,No,,,,Hit by a moving or falling object,0,0,0,0,,
20625,Near Miss,Minor or low potential impact,Not Entered,12/5/2013 10:30,2013,Dec,Thu,10:30,6:00,12/6/2013 12:15,,,Construction & Maintenance,,,No,,,,,,,,,No,,,,Hit by a moving vehicle or plant,0,0,0,0,,
20765,Near Miss,Minor or low potential impact,Not Entered,12/5/2013 10:41,2013,Dec,Thu,10:41,6:00,12/16/2013 10:44,,,Construction & Maintenance,,,No,,,,,,,,,No,,,,Hit by a moving or falling object,0,0,0,0,,
20766,Near Miss,Minor or low potential impact,Not Entered,12/5/2013 10:50,2013,Dec,Thu,10:50,6:00,12/16/2013 10:53,,,Construction & Maintenance,,,No,,,,,,,,,No,,,,Injured while handling lifting or carrying,0,0,0,0,,
20857,Near Miss,Minor or low potential impact,Not Entered,12/5/2013 11:30,2013,Dec,Thu,11:30,6:00,1/2/2014 15:22,,,Construction & Maintenance,,,No,,,,,,,,,No,,,,Hit by a moving or falling object,0,0,0,0,,
20616,Near Miss,Minor or low potential impact,Not Entered,12/5/2013 11:30,2013,Dec,Thu,11:30,6:00,12/6/2013 11:23,,,Construction & Maintenance,,,No,,,,,,,,,No,,,,Hit by a moving vehicle or plant,0,0,0,0,,
20769,Near Miss,Minor or low potential impact,Not Entered,12/5/2013 11:42,2013,Dec,Thu,11:42,6:00,12/16/2013 11:49,,,Construction & Maintenance,,,No,,,,,,,,,No,,,,"Structure, trench, or scaffold collapse",0,0,0,0,,
20776,Near Miss,Minor or low potential impact,Not Entered,12/5/2013 11:45,2013,Dec,Thu,11:45,6:00,12/16/2013 13:52,,,Construction & Maintenance,,,No,,,,,,,,,No,,,,Hit by a moving or falling object,0,0,0,0,,
20775,Near Miss,Minor or low potential impact,Not Entered,12/5/2013 12:00,2013,Dec,Thu,12:00,12:00,12/16/2013 13:06,,,Construction & Maintenance,,,No,,,,,,,,,No,,,,Hit by a moving or falling object,0,0,0,0,,
20846,Near Miss,Minor or low potential impact,Not Entered,12/5/2013 13:30,2013,Dec,Thu,13:30,12:00,1/2/2014 10:04,,,Construction & Maintenance,,,No,,,,,,,,,No,,,,Hit by a moving vehicle or plant,0,0,0,0,,
20810,Near Miss,Minor or low potential impact,Not Entered,12/5/2013 14:00,2013,Dec,Thu,14:00,12:00,12/19/2013 14:15,,,Construction & Maintenance,,,No,,,,,,,,,No,,,,Hit by a moving or falling object,0,0,0,0,,
20774,Near Miss,Minor or low potential impact,Not Entered,12/5/2013 14:00,2013,Dec,Thu,14:00,12:00,12/16/2013 12:58,,,Construction & Maintenance,,,No,,,,,,,,,No,,,,Hit by a moving or falling object,0,0,0,0,,
20779,Near Miss,Minor or low potential impact,Not Entered,12/5/2013 14:32,2013,Dec,Thu,14:32,12:00,12/16/2013 14:36,,,Construction & Maintenance,,,No,,,,,,,,,No,,,,Hit by a moving or falling object,0,0,0,0,,
20788,Near Miss,Minor or low potential impact,Not Entered,12/5/2013 14:45,2013,Dec,Thu,14:45,12:00,12/16/2013 15:30,,,Construction & Maintenance,,,No,,,,,,,,,No,,,,Hit by a moving or falling object,0,0,0,0,,
20813,Near Miss,Minor or low potential impact,Not Entered,12/5/2013 15:00,2013,Dec,Thu,15:00,12:00,12/19/2013 14:28,,,Construction & Maintenance,,,No,,,,,,,,,No,,,,Hit by a moving or falling object,0,0,0,0,,
20773,Near Miss,Minor or low potential impact,Not Entered,12/5/2013 16:15,2013,Dec,Thu,16:15,12:00,12/16/2013 12:53,,,Construction & Maintenance,,,No,,,,,,,,,No,,,,Hit by a moving vehicle or plant,0,0,0,0,,
20764,Near Miss,Minor or low potential impact,Not Entered,12/5/2013 16:30,2013,Dec,Thu,16:30,12:00,12/16/2013 10:41,,,Construction & Maintenance,,,No,,,,,,,,,No,,,,"Fell, slipped, or tripped on same level",0,0,0,0,,
20781,Near Miss,Minor or low potential impact,Not Entered,12/6/2013 14:28,2013,Dec,Fri,14:28,12:00,12/16/2013 14:47,,,Construction & Maintenance,,,No,,,,,,,,,No,,,,Hit by a moving or falling object,0,0,0,0,,
20791,Near Miss,Minor or low potential impact,Not Entered,12/6/2013 15:42,2013,Dec,Fri,15:42,12:00,12/16/2013 15:46,,,Construction & Maintenance,,,No,,,,,,,,,No,,,,Hit by a moving vehicle or plant,0,0,0,0,,
20844,Near Miss,Minor or low potential impact,Not Entered,12/9/2013 9:48,2013,Dec,Mon,9:48,6:00,1/2/2014 9:54,,,Construction & Maintenance,,,No,,,,,,,,,No,,,,N/A,0,0,0,0,,
20777,Near Miss,Minor or low potential impact,Not Entered,12/9/2013 9:55,2013,Dec,Mon,9:55,6:00,12/16/2013 14:00,,,Construction & Maintenance,,,No,,,,,,,,,No,,,,Fire,0,0,0,0,,
20761,Near Miss,Minor or low potential impact,Not Entered,12/9/2013 10:03,2013,Dec,Mon,10:03,6:00,12/16/2013 10:09,,,Construction & Maintenance,,,No,,,,,,,,,No,,,,Hit by a moving vehicle or plant,0,0,0,0,,
20762,Near Miss,Minor or low potential impact,Not Entered,12/9/2013 10:11,2013,Dec,Mon,10:11,6:00,12/16/2013 10:15,,,Construction & Maintenance,,,No,,,,,,,,,No,,,,N/A,0,0,0,0,,
20824,Near Miss,Minor or low potential impact,Not Entered,12/9/2013 12:00,2013,Dec,Mon,12:00,12:00,12/20/2013 12:37,,,Construction & Maintenance,,,No,,,,,,,,,No,,,,N/A,0,0,0,0,,
20784,Near Miss,Minor or low potential impact,Not Entered,12/9/2013 12:00,2013,Dec,Mon,12:00,12:00,12/16/2013 15:10,,,Construction & Maintenance,,,No,,,,,,,,,No,,,,Hit by a moving vehicle or plant,0,0,0,0,,
20815,Near Miss,Minor or low potential impact,Not Entered,12/9/2013 14:00,2013,Dec,Mon,14:00,12:00,12/19/2013 14:42,,,Construction & Maintenance,,,No,,,,,,,,,No,,,,"Fell, slipped, or tripped on same level",0,0,0,0,,
20850,Near Miss,Minor or low potential impact,Not Entered,12/9/2013 14:17,2013,Dec,Mon,14:17,12:00,1/2/2014 14:40,,,Construction & Maintenance,,,No,,,,,,,,,No,,,,Hit by a moving vehicle or plant,0,0,0,0,,
20854,Near Miss,Minor or low potential impact,Not Entered,12/10/2013 12:00,2013,Dec,Tue,12:00,12:00,1/2/2014 15:00,,,Construction & Maintenance,,,No,,,,,,,,,No,,,,Hit by a moving or falling object,0,0,0,0,,
20798,Near Miss,Minor or low potential impact,Not Entered,12/10/2013 13:14,2013,Dec,Tue,13:14,12:00,12/17/2013 13:18,,,Construction & Maintenance,,,No,,,,,,,,,No,,,,"Fell, slipped, or tripped on same level",0,0,0,0,,
20841,Near Miss,Minor or low potential impact,Not Entered,12/11/2013 9:22,2013,Dec,Wed,9:22,6:00,1/2/2014 9:30,,,Construction & Maintenance,,,No,,,,,,,,,No,,,,"Fell, slipped, or tripped on same level",0,0,0,0,,
20856,Near Miss,Minor or low potential impact,Not Entered,12/11/2013 12:00,2013,Dec,Wed,12:00,12:00,1/2/2014 15:11,,,Construction & Maintenance,,,No,,,,,,,,,No,,,,N/A,0,0,0,0,,
20843,Near Miss,Minor or low potential impact,Not Entered,12/11/2013 12:15,2013,Dec,Wed,12:15,12:00,1/2/2014 9:50,,,Construction & Maintenance,,,No,,,,,,,,,No,,,,"Fell, slipped, or tripped on same level",0,0,0,0,,
20852,Near Miss,Minor or low potential impact,Not Entered,12/11/2013 14:02,2013,Dec,Wed,14:02,12:00,1/2/2014 14:50,,,Construction & Maintenance,,,No,,,,,,,,,No,,,,Fell from a height,0,0,0,0,,
20816,Near Miss,Minor or low potential impact,Not Entered,12/11/2013 14:43,2013,Dec,Wed,14:43,12:00,12/19/2013 14:47,,,Construction & Maintenance,,,No,,,,,,,,,No,,,,Hit by a moving vehicle or plant,0,0,0,0,,
20802,Near Miss,Minor or low potential impact,Not Entered,12/12/2013 9:00,2013,Dec,Thu,9:00,6:00,12/17/2013 14:11,,,Construction & Maintenance,,,No,,,,,,,,,No,,,,Person contact with electricity,0,0,0,0,,
20801,Near Miss,Minor or low potential impact,Not Entered,12/12/2013 9:00,2013,Dec,Thu,9:00,6:00,12/17/2013 14:06,,,Construction & Maintenance,,,No,,,,,,,,,No,,,,N/A,0,0,0,0,,
20800,Near Miss,Minor or low potential impact,Not Entered,12/12/2013 9:30,2013,Dec,Thu,9:30,6:00,12/17/2013 13:54,,,Construction & Maintenance,,,No,,,,,,,,,No,,,,Hit by a moving vehicle or plant,0,0,0,0,,
20803,Near Miss,Minor or low potential impact,Not Entered,12/12/2013 11:30,2013,Dec,Thu,11:30,6:00,12/17/2013 14:16,,,Construction & Maintenance,,,No,,,,,,,,,No,,,,Hit by a moving vehicle or plant,0,0,0,0,,
20842,Near Miss,Minor or low potential impact,Not Entered,12/12/2013 14:15,2013,Dec,Thu,14:15,12:00,1/2/2014 9:35,,,Construction & Maintenance,,,No,,,,,,,,,No,,,,N/A,0,0,0,0,,
20805,Near Miss,Minor or low potential impact,Not Entered,12/12/2013 14:30,2013,Dec,Thu,14:30,12:00,12/17/2013 14:31,,,Construction & Maintenance,,,No,,,,,,,,,No,,,,Hit by a moving or falling object,0,0,0,0,,
20797,Near Miss,Minor or low potential impact,Not Entered,12/12/2013 16:30,2013,Dec,Thu,16:30,12:00,12/17/2013 13:12,,,Construction & Maintenance,,,No,,,,,,,,,No,,,,N/A,0,0,0,0,,
20847,Near Miss,Minor or low potential impact,Not Entered,12/13/2013 10:30,2013,Dec,Fri,10:30,6:00,1/2/2014 10:16,,,Construction & Maintenance,,,No,,,,,,,,,No,,,,Hit by a moving or falling object,0,0,0,0,,
20823,Near Miss,Minor or low potential impact,Not Entered,12/13/2013 12:00,2013,Dec,Fri,12:00,12:00,12/20/2013 12:25,,,Construction & Maintenance,,,No,,,,,,,,,No,,,,Hit by a moving vehicle or plant,0,0,0,0,,
20826,Near Miss,Minor or low potential impact,Not Entered,12/14/2013 12:00,2013,Dec,Sat,12:00,12:00,12/20/2013 12:52,,,Construction & Maintenance,,,No,,,,,,,,,No,,,,"Structure, trench, or scaffold collapse",0,0,0,0,,
20849,Near Miss,Minor or low potential impact,Not Entered,12/14/2013 14:20,2013,Dec,Sat,14:20,12:00,1/2/2014 14:36,,,Construction & Maintenance,,,No,,,,,,,,,No,,,,Hit by a moving vehicle or plant,0,0,0,0,,
20851,Near Miss,Minor or low potential impact,Not Entered,12/15/2013 9:00,2013,Dec,Sun,9:00,6:00,1/2/2014 14:44,,,Construction & Maintenance,,,No,,,,,,,,,No,,,,Hit by a moving vehicle or plant,0,0,0,0,,
20845,Near Miss,Minor or low potential impact,Not Entered,12/17/2013 12:00,2013,Dec,Tue,12:00,12:00,1/2/2014 9:58,,,Construction & Maintenance,,,No,,,,,,,,,No,,,,N/A,0,0,0,0,,
20853,Near Miss,Minor or low potential impact,Not Entered,12/18/2013 11:30,2013,Dec,Wed,11:30,6:00,1/2/2014 14:54,,,Construction & Maintenance,,,No,,,,,,,,,No,,,,N/A,0,0,0,0,,
20825,Near Miss,Minor or low potential impact,Not Entered,12/19/2013 15:00,2013,Dec,Thu,15:00,12:00,12/20/2013 12:44,,,Construction & Maintenance,,,No,,,,,,,,,No,,,,Hit by a moving vehicle or plant,0,0,0,0,,
18633,Near Miss,Minor or low potential impact,Not Entered,1/30/2013 10:00,2013,Jan,Wed,10:00,6:00,2/8/2013 14:58,,,Construction & Maintenance,,,No,,,,,,,,,No,,,,Hit by a moving vehicle or plant,0,0,0,0,,
18804,Near Miss,Minor or low potential impact,Not Entered,3/27/2013 8:00,2013,Mar,Wed,8:00,6:00,3/28/2013 13:39,,,Construction & Maintenance,,,No,,,,,,,,,No,,,,N/A,0,0,0,0,,
22324,Personal illness or injury ,No Lost Time Injury,Contractor,10/31/2014 23:00,2014,Oct,Fri,23:00,18:00,11/4/2014 16:01,,,Construction & Maintenance,Finger/Thumb,"Cut / laceration, Abrasion",No,,,,,,,,,No,,,,Injured while handling lifting or carrying,0,0,0,0,11/3/2014,
21993,Personal illness or injury ,4 to 7 Day Injury,Contractor,7/21/2014 21:15,2014,Jul,Mon,21:15,18:00,7/25/2014 14:25,,,Construction & Maintenance,Chest/Stomach,Abrasion,No,,,,,,,,,No,,,,"Fell, slipped, or tripped on same level",6,6,6,6,7/27/2014,
23213,Personal illness or injury ,No Lost Time Injury,Contractor,6/4/2015 9:30,2015,Jun,Thu,9:30,6:00,6/15/2015 14:55,,,Construction & Maintenance,Upper arm including elbow,Abrasion,No,,,,,,,,,No,,,,"Fell, slipped, or tripped on same level",0,0,0,0,6/8/2015,
22140,Personal illness or injury ,4 to 7 Day Injury,Employee,9/8/2014 9:30,2014,Sep,Mon,9:30,6:00,9/24/2014 13:13,,,Construction & Maintenance,Back/Spine,Strain / sprain,No,,,,,,,,,No,,,,Injured while handling lifting or carrying,1,4,1,4,9/15/2014,
22429,Personal illness or injury ,No Lost Time Injury,Employee,11/25/2014 9:23,2014,Nov,Tue,9:23,6:00,12/2/2014 9:43,,,Construction & Maintenance,Back/Spine,Strain / sprain,No,,,,,,,,,No,,,,Injured while handling lifting or carrying,0,0,0,0,11/25/2014,
23077,Personal illness or injury ,No Lost Time Injury,Contractor,4/23/2015 14:30,2015,Apr,Thu,14:30,12:00,5/5/2015 14:08,,,Construction & Maintenance,Leg,"Cut / laceration, Abrasion",No,,,,,,,,,No,,,,"Fell, slipped, or tripped on same level",0,0,0,0,4/23/2015,
23273,Personal illness or injury ,No Lost Time Injury,Contractor,6/16/2015 9:15,2015,Jun,Tue,9:15,6:00,6/24/2015 15:34,,,Construction & Maintenance,Ankle/Foot,Strain / sprain,No,,,,,,,,,No,,,,"Fell, slipped, or tripped on same level",0,0,0,0,6/17/2015,
22500,Personal illness or injury ,No Lost Time Injury,Contractor,12/5/2014 15:30,2014,Dec,Fri,15:30,12:00,12/17/2014 16:47,,,Construction & Maintenance,Finger/Thumb,"Cut / laceration, Abrasion",No,,,,,,,,,No,,,,Collision with fixed or stationary object or material,0,0,0,0,12/8/2014,
22300,Personal illness or injury ,1 to 3 Day Injury,Contractor,10/7/2014 9:30,2014,Oct,Tue,9:30,6:00,10/28/2014 17:59,,,Construction & Maintenance,Back/Spine,Strain / sprain,No,,,,,,,,,No,,,,Injured while handling lifting or carrying,0,1,0,1,10/10/2014,
23274,Personal illness or injury ,No Lost Time Injury,Contractor,6/23/2015 14:00,2015,Jun,Tue,14:00,12:00,6/24/2015 16:19,,,Construction & Maintenance,Finger/Thumb,"Cut / laceration, Abrasion",No,,,,,,,,,No,,,,Injured while handling lifting or carrying,0,0,0,0,6/24/2015,
20190,Personal illness or injury ,1 to 3 Day Injury,Contractor,10/10/2013 14:00,2013,Oct,Thu,14:00,12:00,10/28/2013 10:33,,,Construction & Maintenance,Face,Abrasion,No,,,,,,,,,No,,,,Hit by a moving or falling object,1,1,1,1,10/14/2013,
21278,Personal illness or injury ,No Lost Time Injury,Contractor,3/5/2014 11:10,2014,Mar,Wed,11:10,6:00,3/13/2014 10:36,,,Construction & Maintenance,Head,"Cut / laceration, Abrasion",No,,,,,,,,,No,,,,"Fell, slipped, or tripped on same level",0,0,0,0,3/10/2014,
23742,Personal illness or injury ,1 to 3 Day Injury,Contractor,10/24/2015 19:45,2015,Oct,Sat,19:45,18:00,10/30/2015 7:51,,,Construction & Maintenance,Leg,Abrasion,No,,,,,,,,,No,,,,"Fell, slipped, or tripped on same level",2,2,0,2,10/28/2015,
23087,Personal illness or injury ,No Lost Time Injury,Contractor,4/29/2015 15:45,2015,Apr,Wed,15:45,12:00,5/6/2015 10:39,,,Construction & Maintenance,Eyes,Puncture Wound,No,,,,,,,,,No,,,,Hit by a moving or falling object,0,0,0,0,4/29/2015,
21661,Personal illness or injury ,1 to 3 Day Injury,Contractor,5/22/2014 9:45,2014,May,Thu,9:45,6:00,6/3/2014 6:15,,,Construction & Maintenance,Back/Spine,Abrasion,No,,,,,,,,,No,,,,Collision with fixed or stationary object or material,1,1,1,1,5/27/2014,
23463,Personal illness or injury ,No Lost Time Injury,Contractor,7/24/2015 0:15,2015,Jul,Fri,0:15,0:00,8/6/2015 7:13,,,Construction & Maintenance,Eyes,Other,No,,,,,,,,,No,,,,Person exposed to harmful substance,0,0,0,0,7/24/2015,
23115,Personal illness or injury ,No Lost Time Injury,Contractor,5/1/2015 9:20,2015,May,Fri,9:20,6:00,5/12/2015 16:15,,,Construction & Maintenance,Finger/Thumb,"Cut / laceration, Abrasion",No,,,,,,,,,No,,,,Injured while handling lifting or carrying,0,0,0,0,5/1/2015,
22301,Personal illness or injury ,No Lost Time Injury,Contractor,10/15/2014 3:15,2014,Oct,Wed,3:15,0:00,10/28/2014 18:11,,,Construction & Maintenance,Leg,"Cut / laceration, Abrasion",No,,,,,,,,,No,,,,Collision with fixed or stationary object or material,0,0,0,0,10/15/2014,
22141,Personal illness or injury ,Riddor - Specified Injury,Contractor,9/19/2014 8:00,2014,Sep,Fri,8:00,6:00,9/24/2014 14:33,,,Construction & Maintenance,Wrist,Fracture,No,,,,,,,,,No,,,,"Fell, slipped, or tripped on same level",1,0,1,0,,
22374,Personal illness or injury ,No Lost Time Injury,Contractor,11/7/2014 14:40,2014,Nov,Fri,14:40,12:00,11/19/2014 12:49,,,Construction & Maintenance,Back/Spine,Strain / sprain,No,,,,,,,,,No,,,,"Fell, slipped, or tripped on same level",0,0,0,0,11/7/2014,
22727,Personal illness or injury ,1 to 3 Day Injury,Contractor,2/3/2015 15:00,2015,Feb,Tue,15:00,12:00,2/13/2015 14:34,,,Construction & Maintenance,Back/Spine,Strain / sprain,No,,,,,,,,,No,,,,Injured while handling lifting or carrying,0,2,0,2,2/9/2015,
23020,Personal illness or injury ,Riddor - Specified Injury,Contractor,4/10/2015 12:50,2015,Apr,Fri,12:50,12:00,4/15/2015 10:53,,,Construction & Maintenance,Wrist,Fracture,No,,,,,,,,,No,,,,Hit by a moving or falling object,0,0,0,0,,
21998,Personal illness or injury ,No Lost Time Injury,Contractor,7/23/2014 11:10,2014,Jul,Wed,11:10,6:00,7/28/2014 8:46,,,Construction & Maintenance,Head,Abrasion,No,,,,,,,,,No,,,,Hit by a moving or falling object,0,0,0,0,7/23/2014,
22345,Personal illness or injury ,4 to 7 Day Injury,Contractor,11/4/2014 11:15,2014,Nov,Tue,11:15,6:00,11/10/2014 13:50,,,Construction & Maintenance,Leg,Strain / sprain,No,,,,,,,,,No,,,,"Fell, slipped, or tripped on same level",3,4,3,4,11/11/2014,
22919,Personal illness or injury ,No Lost Time Injury,Employee,3/9/2015 13:00,2015,Mar,Mon,13:00,12:00,3/20/2015 12:21,,,Construction & Maintenance,Finger/Thumb,"Cut / laceration, Abrasion",No,,,,,,,,,No,,,,Injured while handling lifting or carrying,0,0,0,0,3/10/2015,
23217,Personal illness or injury ,1 to 3 Day Injury,Contractor,6/11/2015 8:05,2015,Jun,Thu,8:05,6:00,6/16/2015 8:30,,,Construction & Maintenance,Back/Spine,Abrasion,No,,,,,,,,,Yes,Wakefield,,,Fell from a height,1,1,1,1,6/15/2015,
22091,Personal illness or injury ,4 to 7 Day Injury,Contractor,8/2/2014 0:55,2014,Aug,Sat,0:55,0:00,8/26/2014 11:59,,,Construction & Maintenance,Neck/Shoulder,Abrasion,No,,,,,,,,,No,,,,"Fell, slipped, or tripped on same level",6,6,6,6,8/9/2014,
23025,Personal illness or injury ,Riddor > 7 Days,Contractor,10/19/2014 0:00,2014,Oct,Sun,0:00,0:00,4/17/2015 14:18,,,Construction & Maintenance,,Strain / sprain,No,,,,,,,,,No,,,,"Fell, slipped, or tripped on same level",5,0,5,0,,
20164,Infrastructure asset,Service Strike,Not Entered,10/3/2013 15:23,2013,Oct,Thu,15:23,12:00,10/13/2013 14:32,,,Construction & Maintenance,,,No,,,,,,,,,No,,,,Person contact with electricity,0,0,0,0,,
23280,Near Miss,Minor or low potential impact,Not Entered,1/9/2015 14:00,2015,Jan,Fri,14:00,12:00,6/25/2015 8:50,,,Construction & Maintenance,,,No,,,,,,,,,No,,,,Collision with fixed or stationary object or material,0,0,0,0,,
23281,Infrastructure asset,Service Strike,Not Entered,1/13/2015 23:00,2015,Jan,Tue,23:00,18:00,6/25/2015 9:01,,,Construction & Maintenance,,,No,,,,,,,,,No,,,,Person contact with electricity,0,0,0,0,,
23282,Infrastructure asset,Service Strike,Not Entered,2/2/2015 10:04,2015,Feb,Mon,10:04,6:00,6/25/2015 9:13,,,Construction & Maintenance,,,No,,,,,,,,,No,,,,Person contact with electricity,0,0,0,0,,
23216,Near Miss,Minor or low potential impact,Not Entered,4/7/2015 9:30,2015,Apr,Tue,9:30,6:00,6/15/2015 15:31,,,Construction & Maintenance,,,No,,,,,,,,,No,,,,Collision with fixed or stationary object or material,0,0,0,0,,
23215,Infrastructure asset,"Property, vehicle, plant damage",Not Entered,4/21/2015 1:00,2015,Apr,Tue,1:00,0:00,6/15/2015 15:24,,,Construction & Maintenance,,,No,,,,,,,,,No,,,,Person contact with electricity,0,0,0,0,,
23214,Near Miss,Minor or low potential impact,Not Entered,4/24/2015 9:40,2015,Apr,Fri,9:40,6:00,6/15/2015 15:16,,,Construction & Maintenance,,,No,,,,,,,,,No,,,,Hit by a moving vehicle or plant,0,0,0,0,,
23212,Infrastructure asset,"Property, vehicle, plant damage",Not Entered,4/30/2015 10:00,2015,Apr,Thu,10:00,6:00,6/15/2015 13:19,,,Construction & Maintenance,,,No,,,,,,,,,No,,,,Collision with fixed or stationary object or material,0,0,0,0,,
23279,Near Miss,Minor or low potential impact,Not Entered,5/29/2015 20:45,2015,May,Fri,20:45,18:00,6/25/2015 8:42,,,Construction & Maintenance,,,No,,,,,,,,,Yes,,,,Incursion to seek information or benefit,0,0,0,0,,
23278,Near Miss,Minor or low potential impact,Not Entered,6/1/2015 7:19,2015,Jun,Mon,7:19,6:00,6/25/2015 8:36,,,Construction & Maintenance,,,No,,,,,,,,,No,,,,Hit by a moving vehicle or plant,0,0,0,0,,