Event ID,Event Type ,Event Subtype,Type of Person,Date/Time of Event,Year,Month,Day of the Week,Time,Time interval (6 hours),Date/Time Reported,Location,Specific Location (include RCC Log no if relevant),Details of actual job being done at the time,Part of Body Affected,Injury Type,Was there a vehicle involved in this event?,Work related,Accident Type,Vehicle Motion,Who was Hit,Weather/Visibility,Surface Condition,Roadbed Grade,Lighting Conditions,Was A Police Report Filed?,Name of Law Enforcement Agency,Preventable,Type,Kind of Event,Expected Lost Workdays (Total),Actual Lost Workdays (Total),Expected Restricted Workdays (Total),Actual Restricted Workdays (Total),Return To Work Date,Sign Off 1
23277,Near Miss,Minor or low potential impact,Not Entered,6/9/2015 13:55,2015,Jun,Tue,13:55,12:00,6/25/2015 8:30,,,Construction & Maintenance,,,No,,,,,,,,,No,,,,N/A,0,0,0,0,,
23276,Near Miss,Minor or low potential impact,Not Entered,6/18/2015 23:14,2015,Jun,Thu,23:14,18:00,6/25/2015 8:25,,,Construction & Maintenance,,,No,,,,,,,,,No,,,,Collision with fixed or stationary object or material,0,0,0,0,,
23275,Near Miss,Minor or low potential impact,Not Entered,6/23/2015 13:00,2015,Jun,Tue,13:00,12:00,6/25/2015 8:14,,,Construction & Maintenance,,,No,,,,,,,,,No,,,,Collision with fixed or stationary object or material,0,0,0,0,,
23351,Infrastructure asset,Service Strike,Not Entered,7/4/2015 18:35,2015,Jul,Sat,18:35,18:00,7/13/2015 12:14,,,Construction & Maintenance,,,No,,,,,,,,,No,,,,N/A,0,0,0,0,,
23561,Near Miss,Minor or low potential impact,Not Entered,8/6/2015 21:44,2015,Aug,Thu,21:44,18:00,9/10/2015 8:32,,,Construction & Maintenance,,,No,,,,,,,,,No,,,,Incursion to seek information or benefit,0,0,0,0,,
23858,Near Miss,Minor or low potential impact,Not Entered,9/23/2015 2:58,2015,Sep,Wed,2:58,0:00,12/1/2015 7:31,,,Construction & Maintenance,,,No,,,,,,,,,Yes,Not known,,,Incursion to seek information or benefit,0,0,0,0,,
24016,Near Miss,Minor or low potential impact,Not Entered,12/22/2015 12:00,2015,Dec,Tue,12:00,12:00,2/2/2016 8:25,,,Construction & Maintenance,,,No,,,,,,,,,No,,,,N/A,0,0,0,0,,
24017,Near Miss,Minor or low potential impact,Not Entered,1/11/2016 23:00,2016,Jan,Mon,23:00,18:00,2/2/2016 8:34,,,Construction & Maintenance,,,No,,,,,,,,,Yes,Not known,,,Incursion to seek information or benefit,0,0,0,0,,
24083,Near Miss,Minor or low potential impact,Not Entered,2/21/2016 13:00,2016,Feb,Sun,13:00,12:00,2/29/2016 13:36,,,Construction & Maintenance,,,No,,,,,,,,,Yes,Not known,,,Hit by a moving or falling object,0,0,0,0,,
24059,Near Miss,Minor or low potential impact,Not Entered,1/11/2016 23:00,2016,Jan,Mon,23:00,18:00,2/23/2016 7:58,,,Construction & Maintenance,,,No,,,,,,,,,No,,,,Hit by a moving vehicle or plant,0,0,0,0,,
24058,Near Miss,Minor or low potential impact,Not Entered,2/6/2016 1:00,2016,Feb,Sat,1:00,0:00,2/23/2016 7:51,,,Construction & Maintenance,,,No,,,,,,,,,No,,,,N/A,0,0,0,0,,
24161,Near Miss,Minor or low potential impact,Not Entered,3/11/2016 1:45,2016,Mar,Fri,1:45,0:00,4/1/2016 11:36,,,Construction & Maintenance,,,No,,,,,,,,,No,,,,Incursion to seek information or benefit,0,0,0,0,,
24230,Near Miss,Minor or low potential impact,Not Entered,4/1/2016 0:05,2016,Apr,Fri,0:05,0:00,4/29/2016 8:53,,,Construction & Maintenance,,,No,,,,,,,,,No,,,,Incursion to seek information or benefit,0,0,0,0,,
24353,Near Miss,Minor or low potential impact,Not Entered,5/16/2016 21:35,2016,May,Mon,21:35,18:00,6/1/2016 7:33,,,Construction & Maintenance,,,No,,,,,,,,,No,,,,Incursion to seek information or benefit,0,0,0,0,,
24451,Near Miss,Minor or low potential impact,Not Entered,6/26/2016 0:00,2016,Jun,Sun,0:00,0:00,6/30/2016 7:25,,,Construction & Maintenance,,,No,,,,,,,,,No,,,,Incursion to seek information or benefit,0,0,0,0,,
25799,Near Miss,Minor or low potential impact,Not Entered,7/31/2016 20:30,2016,Jul,Sun,20:30,18:00,8/30/2016 11:06,,,Construction & Maintenance,,,No,,,,,,,,,No,,,,Hit by a moving vehicle or plant,0,0,0,0,,
23857,Near Miss,Minor or low potential impact,Not Entered,11/8/2015 0:30,2015,Nov,Sun,0:30,0:00,12/1/2015 7:07,,,Construction & Maintenance,,,No,,,,,,,,,No,,,,Hit by a moving vehicle or plant,0,0,0,0,,Yes
23856,Near Miss,Minor or low potential impact,Not Entered,11/25/2015 21:52,2015,Nov,Wed,21:52,18:00,12/1/2015 6:58,,,Construction & Maintenance,,,Yes,,,,,,,,,No,,,Motor Bike,Incursion to seek information or benefit,0,0,0,0,,Yes
23922,Near Miss,Minor or low potential impact,Not Entered,12/11/2015 10:52,2015,Dec,Fri,10:52,6:00,1/4/2016 17:23,,,Construction & Maintenance,,,No,,,,,,,,,No,,,,Incursion to seek information or benefit,0,0,0,0,,Yes
23923,Near Miss,Minor or low potential impact,Not Entered,12/11/2015 20:45,2015,Dec,Fri,20:45,18:00,1/4/2016 17:29,,,Construction & Maintenance,,,No,,,,,,,,,Yes,Not known,,,Incursion to seek information or benefit,0,0,0,0,,Yes
24060,Near Miss,Minor or low potential impact,Not Entered,2/17/2016 5:30,2016,Feb,Wed,5:30,0:00,2/23/2016 8:01,,,Construction & Maintenance,,,No,,,,,,,,,No,,,,Incursion to seek information or benefit,0,0,0,0,,Yes
24160,Near Miss,Minor or low potential impact,Not Entered,3/3/2016 23:30,2016,Mar,Thu,23:30,18:00,4/1/2016 11:31,,,Construction & Maintenance,,,No,,,,,,,,,No,,,,Incursion to seek information or benefit,0,0,0,0,,Yes
21502,Personal illness or injury ,No Lost Time Injury,Employee,4/16/2014 10:45,2014,Apr,Wed,10:45,6:00,5/7/2014 13:21,,,Construction & Maintenance,Back/Spine,Strain / sprain,No,,,,,,,,,No,,,,Injured while handling lifting or carrying,0,0,0,0,4/16/2014,
21459,Personal illness or injury ,1 to 3 Day Injury,Contractor,4/8/2014 11:00,2014,Apr,Tue,11:00,6:00,4/23/2014 16:19,,,Construction & Maintenance,Ankle/Foot,Strain / sprain,No,,,,,,,,,No,,,,"Fell, slipped, or tripped on same level",3,3,0,0,4/14/2014,
20059,Personal illness or injury ,1 to 3 Day Injury,Contractor,9/11/2013 4:00,2013,Sep,Wed,4:00,0:00,9/27/2013 8:17,,,Construction & Maintenance,Neck/Shoulder,Abrasion,No,,,,,,,,,No,,,,Hit by a moving or falling object,0,2,0,2,9/13/2013,
23365,Personal illness or injury ,4 to 7 Day Injury,Contractor,7/9/2015 0:10,2015,Jul,Thu,0:10,0:00,7/16/2015 17:07,"Off Network e.g. Local Authority Road, Footpath",,Construction & Maintenance,Neck/Shoulder,Abrasion,Yes,,,,,Clear,,,100%,Yes,Knutsford,,Truck,Hit by a moving vehicle or plant,4,4,0,0,,
22746,Personal illness or injury ,No Lost Time Injury,Contractor,1/27/2015 0:00,2015,Jan,Tue,0:00,0:00,2/16/2015 11:03,,,Construction & Maintenance,,,No,,,,,,,,,No,,,,Injured while handling lifting or carrying,0,0,0,0,,
23157,Personal illness or injury ,No Lost Time Injury,Contractor,5/22/2015 0:00,2015,May,Fri,0:00,0:00,5/28/2015 14:31,,,Construction & Maintenance,Hand,"Cut / laceration, Abrasion",No,,,,,,,,,No,,,,Collision with fixed or stationary object or material,0,0,0,0,5/22/2015,
23156,Personal illness or injury ,No Lost Time Injury,Contractor,5/28/2015 11:00,2015,May,Thu,11:00,6:00,5/28/2015 14:24,,,Construction & Maintenance,Lower arm,"Cut / laceration, Abrasion",No,,,,,,,,,No,,,,Collision with fixed or stationary object or material,0,0,0,0,5/28/2015,
23323,Personal illness or injury ,No Lost Time Injury,Contractor,6/18/2015 11:00,2015,Jun,Thu,11:00,6:00,7/6/2015 10:53,,,Construction & Maintenance,Finger/Thumb,Abrasion,No,,,,,,,,,No,,,,Injured while handling lifting or carrying,0,0,0,0,6/16/2015,
23324,Personal illness or injury ,No Lost Time Injury,Contractor,6/4/2015 14:50,2015,Jun,Thu,14:50,12:00,7/6/2015 11:04,,,Construction & Maintenance,Head,Abrasion,No,,,,,,,,,No,,,,Collision with fixed or stationary object or material,0,0,0,0,7/6/2015,
23839,Personal illness or injury ,1 to 3 Day Injury,Employee,11/23/2015 0:00,2015,Nov,Mon,0:00,0:00,11/25/2015 8:46,,,Construction & Maintenance,Finger/Thumb,"Cut / laceration, Abrasion",No,,,,,,,,,No,,,,N/A,1,1,0,0,11/25/2015,
23962,Personal illness or injury ,No Lost Time Injury,Employee,1/8/2016 16:30,2016,Jan,Fri,16:30,12:00,1/19/2016 9:10,,,Construction & Maintenance,Eyes,Other,No,,,,,,,,,No,,,,N/A,0,0,0,0,1/11/2016,
23090,Personal illness or injury ,No Lost Time Injury,Employee,4/15/2015 0:00,2015,Apr,Wed,0:00,0:00,5/6/2015 14:02,,,Construction & Maintenance,Lower arm,Abrasion,No,,,,,,,,,No,,,,N/A,0,0,0,0,,
23964,Personal illness or injury ,4 to 7 Day Injury,Employee,1/14/2016 12:30,2016,Jan,Thu,12:30,12:00,1/19/2016 9:27,,,Construction & Maintenance,Ankle/Foot,Strain / sprain,No,,,,,,,,,No,,,,N/A,4,4,0,0,1/19/2016,
23547,Personal illness or injury ,Riddor - Specified Injury,Contractor,8/3/2015 17:15,2015,Aug,Mon,17:15,12:00,9/3/2015 13:39,,,Construction & Maintenance,Ankle/Foot,Fracture,No,,,,,,,,,No,,,,Fell from a height,0,0,0,0,,
23815,Infrastructure asset,Service Strike,Not Entered,11/14/2015 0:00,2015,Nov,Sat,0:00,0:00,11/18/2015 10:03,,,Construction & Maintenance,,,No,,,,,,,,,No,,,,Person contact with electricity,0,0,0,0,,
24351,Infrastructure asset,"Property, vehicle, plant damage",Not Entered,5/31/2016 9:00,2016,May,Tue,9:00,6:00,5/31/2016 13:44,,,Construction & Maintenance,,,No,,,,,,,,,No,,,,N/A,0,0,0,0,,
22747,Near Miss,Minor or low potential impact,Not Entered,1/26/2015 0:00,2015,Jan,Mon,0:00,0:00,2/16/2015 11:11,,,Construction & Maintenance,,,No,,,,,,,,,No,,,,N/A,0,0,0,0,,
22878,Infrastructure asset,RIDDOR Dangerous Occurrence,Not Entered,2/20/2015 14:35,2015,Feb,Fri,14:35,12:00,3/11/2015 13:42,,,Construction & Maintenance,,,No,,,,,,,,,No,,,,Person contact with electricity,0,0,0,0,,Yes
23158,Near Miss,Minor or low potential impact,Not Entered,5/14/2015 15:30,2015,May,Thu,15:30,12:00,5/28/2015 14:38,,,Construction & Maintenance,,,,,,,,,,,,,,,,N/A,,,,,,
23364,Infrastructure asset,Service Strike,Not Entered,7/7/2015 10:30,2015,Jul,Tue,10:30,6:00,7/16/2015 16:06,,,Construction & Maintenance,,,No,,,,,,,,,No,,,,Person contact with electricity,0,0,0,0,,
23183,Personal illness or injury ,1 to 3 Day Injury,Contractor,5/26/2015 0:00,2015,May,Tue,0:00,0:00,6/3/2015 18:05,,,Construction & Maintenance,Back/Spine,Strain / sprain,No,,,,,,,,,No,,,,Injured while handling lifting or carrying,0,2,0,0,5/29/2015,
23475,Near Miss,Minor or low potential impact,Not Entered,8/7/2015 0:00,2015,Aug,Fri,0:00,0:00,8/10/2015 16:40,,,Construction & Maintenance,,,No,,,,,,,,,No,,,,Hit by a moving or falling object,0,0,0,0,,
20811,Near Miss,Minor or low potential impact,Not Entered,11/26/2013 4:45,2013,Nov,Tue,4:45,0:00,12/19/2013 14:19,"Off Network e.g. Local Authority Road, Footpath",,Construction & Maintenance,,,No,,,,,Clear,,,100%,No,,,,N/A,0,0,0,0,,
23042,Personal illness or injury ,Riddor > 7 Days,Contractor,4/17/2015 23:00,2015,Apr,Fri,23:00,18:00,4/21/2015 12:02,,,Construction & Maintenance,Neck/Shoulder,Dislocation,No,,,,,,,,,No,,,,"Fell, slipped, or tripped on same level",0,0,0,0,,Yes
22086,Personal illness or injury ,Riddor - Specified Injury,Employee,8/17/2014 13:24,2014,Aug,Sun,13:24,12:00,8/20/2014 9:48,,,Construction & Maintenance,Chest/Stomach,,No,,,,,,,,,Yes,Police collision incident,,,Hit by a moving vehicle or plant,0,0,0,0,,
21954,Personal illness or injury ,1 to 3 Day Injury,Contractor,7/5/2014 1:30,2014,Jul,Sat,1:30,0:00,7/15/2014 11:02,,,Construction & Maintenance,Finger/Thumb,"Cut / laceration, Abrasion",No,,,,,,,,,No,,,,Injured while handling lifting or carrying,0,0,0,0,7/7/2014,
21435,Infrastructure asset,Service Strike,Not Entered,4/4/2014 14:00,2014,Apr,Fri,14:00,12:00,4/7/2014 16:16,,,Construction & Maintenance,,,No,,,,,,,,,No,,,,Person contact with electricity,0,0,0,0,,
22054,Infrastructure asset,Service Strike,Not Entered,8/6/2014 16:30,2014,Aug,Wed,16:30,12:00,8/8/2014 7:50,,,Construction & Maintenance,,,No,,,,,,,,,No,,,,Hit by a moving vehicle or plant,0,0,0,0,,
22319,Near Miss,Minor or low potential impact,Not Entered,10/28/2014 13:40,2014,Oct,Tue,13:40,12:00,11/3/2014 10:08,,,Construction & Maintenance,,,No,,,,,,,,,No,,,,Hit by a moving vehicle or plant,0,0,0,0,,
22870,Infrastructure asset,Service Strike,Not Entered,3/4/2015 23:30,2015,Mar,Wed,23:30,18:00,3/10/2015 14:33,,,Construction & Maintenance,,,No,,,,,,,,,No,,,,Person contact with electricity,0,0,0,0,,
21364,Near Miss,Minor or low potential impact,Not Entered,3/26/2014 15:35,2014,Mar,Wed,15:35,12:00,3/31/2014 12:53,,,Construction & Maintenance,,,Yes,,,,,,,,,Yes,,,Motor Bike,Hit by a moving vehicle or plant,0,0,0,0,,
23254,Near Miss,Minor or low potential impact,Not Entered,6/2/2015 0:00,2015,Jun,Tue,0:00,0:00,6/18/2015 8:05,"Off Network e.g. Local Authority Road, Footpath",,Construction & Maintenance,,,No,,,,,,,,,No,,,,"Structure, trench, or scaffold collapse",0,0,0,0,,Yes
23270,Near Miss,Minor or low potential impact,Not Entered,6/5/2015 0:00,2015,Jun,Fri,0:00,0:00,6/24/2015 14:40,"Off Network e.g. Local Authority Road, Footpath",,Construction & Maintenance,,,No,,,,,,,,,No,,,,Incursion to seek information or benefit,0,0,0,0,,Yes
23237,Near Miss,Minor or low potential impact,Not Entered,1/15/2015 0:00,2015,Jan,Thu,0:00,0:00,6/17/2015 12:02,"Off Network e.g. Local Authority Road, Footpath",,Construction & Maintenance,,,No,,,,,,,,,No,,,,Incursion to seek information or benefit,0,0,0,0,,
23238,Near Miss,Minor or low potential impact,Not Entered,1/22/2015 0:00,2015,Jan,Thu,0:00,0:00,6/17/2015 12:20,"Off Network e.g. Local Authority Road, Footpath",,Construction & Maintenance,,,No,,,,,,,,,No,,,,Incursion to seek information or benefit,0,0,0,0,,
23239,Near Miss,Minor or low potential impact,Not Entered,2/6/2015 0:00,2015,Feb,Fri,0:00,0:00,6/17/2015 12:32,"Off Network e.g. Local Authority Road, Footpath",,Construction & Maintenance,,,No,,,,,,,,,No,,,,Incursion to seek information or benefit,0,0,0,0,,
23246,Near Miss,Minor or low potential impact,Not Entered,2/9/2015 0:00,2015,Feb,Mon,0:00,0:00,6/17/2015 14:13,"Off Network e.g. Local Authority Road, Footpath",,Construction & Maintenance,,,No,,,,,,,,,No,,,,Incursion to seek information or benefit,0,0,0,0,,
23245,Near Miss,Minor or low potential impact,Not Entered,2/9/2015 0:00,2015,Feb,Mon,0:00,0:00,6/17/2015 13:57,"Off Network e.g. Local Authority Road, Footpath",,Construction & Maintenance,,,No,,,,,,,,,No,,,,Incursion to seek information or benefit,0,0,0,0,,
23240,Near Miss,Minor or low potential impact,Not Entered,2/9/2015 0:00,2015,Feb,Mon,0:00,0:00,6/17/2015 12:57,"Off Network e.g. Local Authority Road, Footpath",,Construction & Maintenance,,,No,,,,,,,,,No,,,,Incursion to seek information or benefit,0,0,0,0,,
23242,Near Miss,Minor or low potential impact,Not Entered,2/18/2015 0:00,2015,Feb,Wed,0:00,0:00,6/17/2015 13:27,"Off Network e.g. Local Authority Road, Footpath",,Construction & Maintenance,,,No,,,,,,,,,No,,,,Incursion to seek information or benefit,0,0,0,0,,
23244,Near Miss,Minor or low potential impact,Not Entered,2/19/2015 0:00,2015,Feb,Thu,0:00,0:00,6/17/2015 13:51,"Off Network e.g. Local Authority Road, Footpath",,Construction & Maintenance,,,No,,,,,,,,,No,,,,Incursion to seek information or benefit,0,0,0,0,,
23243,Near Miss,Minor or low potential impact,Not Entered,2/19/2015 0:00,2015,Feb,Thu,0:00,0:00,6/17/2015 13:44,"Off Network e.g. Local Authority Road, Footpath",,Construction & Maintenance,,,No,,,,,,,,,No,,,,Incursion to seek information or benefit,0,0,0,0,,
23247,Near Miss,Minor or low potential impact,Not Entered,2/21/2015 0:00,2015,Feb,Sat,0:00,0:00,6/17/2015 14:27,"Off Network e.g. Local Authority Road, Footpath",,Construction & Maintenance,,,No,,,,,,,,,No,,,,Incursion to seek information or benefit,0,0,0,0,,
23249,Near Miss,Minor or low potential impact,Not Entered,3/18/2015 0:00,2015,Mar,Wed,0:00,0:00,6/17/2015 14:33,"Off Network e.g. Local Authority Road, Footpath",,Construction & Maintenance,,,No,,,,,,,,,No,,,,Hit by a moving or falling object,0,0,0,0,,
23250,Near Miss,Minor or low potential impact,Not Entered,3/20/2015 0:00,2015,Mar,Fri,0:00,0:00,6/17/2015 14:45,"Off Network e.g. Local Authority Road, Footpath",,Construction & Maintenance,,,No,,,,,,,,,No,,,,Incursion unintentional - confused or follow in,0,0,0,0,,
23251,Near Miss,Minor or low potential impact,Not Entered,3/24/2015 0:00,2015,Mar,Tue,0:00,0:00,6/17/2015 14:52,"Off Network e.g. Local Authority Road, Footpath",,Construction & Maintenance,,,No,,,,,,,,,No,,,,Incursion to seek information or benefit,0,0,0,0,,
23252,Near Miss,Minor or low potential impact,Not Entered,3/31/2015 0:00,2015,Mar,Tue,0:00,0:00,6/17/2015 14:57,"Off Network e.g. Local Authority Road, Footpath",,Construction & Maintenance,,,No,,,,,,,,,No,,,,Incursion to seek information or benefit,0,0,0,0,,
23696,Near Miss,Minor or low potential impact,Not Entered,4/15/2015 0:00,2015,Apr,Wed,0:00,0:00,10/20/2015 11:57,"Off Network e.g. Local Authority Road, Footpath",,Construction & Maintenance,,,Yes,,,,,,,,,No,,,Motor Bike,Incursion to seek information or benefit,0,0,0,0,,
23697,Near Miss,Minor or low potential impact,Not Entered,5/19/2015 0:00,2015,May,Tue,0:00,0:00,10/20/2015 12:00,"Off Network e.g. Local Authority Road, Footpath",,Construction & Maintenance,,,No,,,,,,,,,No,,,,Incursion to seek information or benefit,0,0,0,0,,
23271,Near Miss,Minor or low potential impact,Not Entered,6/9/2015 0:00,2015,Jun,Tue,0:00,0:00,6/24/2015 14:48,"Off Network e.g. Local Authority Road, Footpath",,Construction & Maintenance,,,No,,,,,,,,,No,,,,Incursion to seek information or benefit,0,0,0,0,,Yes
23253,Near Miss,Minor or low potential impact,Not Entered,5/30/2015 0:00,2015,May,Sat,0:00,0:00,6/17/2015 15:04,"Off Network e.g. Local Authority Road, Footpath",,Construction & Maintenance,,,No,,,,,,,,,No,,,,Incursion to seek information or benefit,0,0,0,0,,
23678,Near Miss,Minor or low potential impact,Not Entered,6/2/2015 0:00,2015,Jun,Tue,0:00,0:00,10/20/2015 9:08,"Off Network e.g. Local Authority Road, Footpath",,Construction & Maintenance,,,No,,,,,,,,,No,,,,Incursion to seek information or benefit,0,0,0,0,,
23676,Near Miss,Minor or low potential impact,Not Entered,6/2/2015 0:00,2015,Jun,Tue,0:00,0:00,10/20/2015 8:39,"Off Network e.g. Local Authority Road, Footpath",,Construction & Maintenance,,,No,,,,,,,,,Yes,Unknown,,,Incursion unintentional as result of accident,0,0,0,0,,
23272,Near Miss,Minor or low potential impact,Not Entered,6/2/2015 0:00,2015,Jun,Tue,0:00,0:00,6/24/2015 14:57,"Off Network e.g. Local Authority Road, Footpath",,Construction & Maintenance,,,,,,,,,,,,,,,,N/A,,,,,,
23677,Near Miss,Minor or low potential impact,Not Entered,6/5/2015 0:00,2015,Jun,Fri,0:00,0:00,10/20/2015 9:03,"Off Network e.g. Local Authority Road, Footpath",,Construction & Maintenance,,,No,,,,,,,,,No,,,,Incursion to seek information or benefit,0,0,0,0,,
23698,Near Miss,Minor or low potential impact,Not Entered,6/10/2015 0:00,2015,Jun,Wed,0:00,0:00,10/20/2015 12:03,"Off Network e.g. Local Authority Road, Footpath",,Construction & Maintenance,,,Yes,,,,,,,,,No,,,Motor Bike,Incursion unintentional - confused or follow in,0,0,0,0,,
23679,Near Miss,Minor or low potential impact,Not Entered,6/29/2015 0:00,2015,Jun,Mon,0:00,0:00,10/20/2015 9:12,"Off Network e.g. Local Authority Road, Footpath",,Construction & Maintenance,,,No,,,,,,,,,No,,,,Incursion to seek information or benefit,0,0,0,0,,
23680,Near Miss,Minor or low potential impact,Not Entered,7/22/2015 0:00,2015,Jul,Wed,0:00,0:00,10/20/2015 9:21,"Off Network e.g. Local Authority Road, Footpath",,Construction & Maintenance,,,Yes,,,,,,,,,No,,,Van,Incursion unintentional as result of accident,0,0,0,0,,
23681,Near Miss,Minor or low potential impact,Not Entered,7/23/2015 0:00,2015,Jul,Thu,0:00,0:00,10/20/2015 9:25,"Off Network e.g. Local Authority Road, Footpath",,Construction & Maintenance,,,No,,,,,,,,,No,,,,Physical assault,0,0,0,0,,
23682,Near Miss,Minor or low potential impact,Not Entered,7/24/2015 0:00,2015,Jul,Fri,0:00,0:00,10/20/2015 9:29,"Off Network e.g. Local Authority Road, Footpath",,Construction & Maintenance,,,Yes,,,,,,,,,No,,,Motor Bike,Incursion to seek information or benefit,0,0,0,0,,
23699,Near Miss,Minor or low potential impact,Not Entered,7/27/2015 0:00,2015,Jul,Mon,0:00,0:00,10/20/2015 12:07,"Off Network e.g. Local Authority Road, Footpath",,Construction & Maintenance,,,Yes,,,,,,,,,No,,,Motor Bike,Incursion to seek information or benefit,0,0,0,0,,
23683,Near Miss,Minor or low potential impact,Not Entered,8/13/2015 0:00,2015,Aug,Thu,0:00,0:00,10/20/2015 9:37,"Off Network e.g. Local Authority Road, Footpath",,Construction & Maintenance,,,No,,,,,,,,,No,,,,Incursion to seek information or benefit,0,0,0,0,,
23685,Near Miss,Minor or low potential impact,Not Entered,8/27/2015 0:00,2015,Aug,Thu,0:00,0:00,10/20/2015 10:11,"Off Network e.g. Local Authority Road, Footpath",,Construction & Maintenance,,,Yes,,,,,,,,,No,,,Motor Bike,Incursion to seek information or benefit,0,0,0,0,,
23686,Near Miss,Minor or low potential impact,Not Entered,9/1/2015 0:00,2015,Sep,Tue,0:00,0:00,10/20/2015 10:17,"Off Network e.g. Local Authority Road, Footpath",,Construction & Maintenance,,,Yes,,,,,,,,,No,,,Motor Bike,Incursion to seek information or benefit,0,0,0,0,,
23687,Near Miss,Minor or low potential impact,Not Entered,9/3/2015 0:00,2015,Sep,Thu,0:00,0:00,10/20/2015 10:20,"Off Network e.g. Local Authority Road, Footpath",,Construction & Maintenance,,,No,,,,,,,,,No,,,,Incursion to seek information or benefit,0,0,0,0,,
23688,Near Miss,Minor or low potential impact,Not Entered,9/9/2015 0:00,2015,Sep,Wed,0:00,0:00,10/20/2015 10:31,"Off Network e.g. Local Authority Road, Footpath",,Construction & Maintenance,,,Yes,,,,,,,,,No,,,Motor Bike,Incursion to seek information or benefit,0,0,0,0,,
23700,Near Miss,Minor or low potential impact,Not Entered,9/11/2015 0:00,2015,Sep,Fri,0:00,0:00,10/20/2015 12:10,"Off Network e.g. Local Authority Road, Footpath",,Construction & Maintenance,,,Yes,,,,,,,,,No,,,Motor Bike,Incursion due to breakdown,0,0,0,0,,
23689,Near Miss,Minor or low potential impact,Not Entered,9/11/2015 0:00,2015,Sep,Fri,0:00,0:00,10/20/2015 10:46,"Off Network e.g. Local Authority Road, Footpath",,Construction & Maintenance,,,Yes,,,,,,,,,No,,,Motor Bike,Incursion to seek information or benefit,0,0,0,0,,
23690,Near Miss,Minor or low potential impact,Not Entered,9/15/2015 0:00,2015,Sep,Tue,0:00,0:00,10/20/2015 10:51,"Off Network e.g. Local Authority Road, Footpath",,Construction & Maintenance,,,No,,,,,,,,,No,,,,Hit by a moving or falling object,0,0,0,0,,
23691,Near Miss,Minor or low potential impact,Not Entered,9/24/2015 0:00,2015,Sep,Thu,0:00,0:00,10/20/2015 10:58,"Off Network e.g. Local Authority Road, Footpath",,Construction & Maintenance,,,Yes,,,,,,,,,No,,,Motor Bike,Incursion to seek information or benefit,0,0,0,0,,
23701,Near Miss,Minor or low potential impact,Not Entered,9/30/2015 0:00,2015,Sep,Wed,0:00,0:00,10/20/2015 12:12,"Off Network e.g. Local Authority Road, Footpath",,Construction & Maintenance,,,Yes,,,,,,,,,No,,,Motor Bike,Incursion unintentional - confused or follow in,0,0,0,0,,
23692,Near Miss,Minor or low potential impact,Not Entered,10/8/2015 0:00,2015,Oct,Thu,0:00,0:00,10/20/2015 11:15,"Off Network e.g. Local Authority Road, Footpath",,Construction & Maintenance,,,Yes,,,,,,,,,No,,,Motor Bike,Incursion to seek information or benefit,0,0,0,0,,
23693,Near Miss,Minor or low potential impact,Not Entered,10/9/2015 16:30,2015,Oct,Fri,16:30,12:00,10/20/2015 11:26,"Off Network e.g. Local Authority Road, Footpath",,Construction & Maintenance,,,No,,,,,,,,,No,,,,Incursion to seek information or benefit,0,0,0,0,,
23694,Near Miss,Minor or low potential impact,Not Entered,10/12/2015 14:00,2015,Oct,Mon,14:00,12:00,10/20/2015 11:31,"Off Network e.g. Local Authority Road, Footpath",,Construction & Maintenance,,,No,,,,,,,,,No,,,,Incursion to seek information or benefit,0,0,0,0,,
23695,Near Miss,Minor or low potential impact,Not Entered,10/13/2015 11:35,2015,Oct,Tue,11:35,6:00,10/20/2015 11:35,"Off Network e.g. Local Authority Road, Footpath",,Construction & Maintenance,,,Yes,,,,,,,,,No,,,Motor Bike,Incursion unintentional - confused or follow in,0,0,0,0,,
24063,Near Miss,Minor or low potential impact,Not Entered,1/22/2016 0:00,2016,Jan,Fri,0:00,0:00,2/23/2016 12:18,"Off Network e.g. Local Authority Road, Footpath",,Construction & Maintenance,,,Yes,,,,,,,,,No,,,Motor Bike,Incursion to seek information or benefit,0,0,0,0,,