Event ID,Event Type ,Event Subtype,Type of Person,Date/Time of Event,Year,Month,Day of the Week,Time,Time interval (6 hours),Date/Time Reported,Location,Specific Location (include RCC Log no if relevant),Details of actual job being done at the time,Part of Body Affected,Injury Type,Was there a vehicle involved in this event?,Work related,Accident Type,Vehicle Motion,Who was Hit,Weather/Visibility,Surface Condition,Roadbed Grade,Lighting Conditions,Was A Police Report Filed?,Name of Law Enforcement Agency,Preventable,Type,Kind of Event,Expected Lost Workdays (Total),Actual Lost Workdays (Total),Expected Restricted Workdays (Total),Actual Restricted Workdays (Total),Return To Work Date,Sign Off 1
25763,Near Miss,Minor or low potential impact,Not Entered,6/17/2016 11:40,2016,Jun,Fri,11:40,6:00,8/25/2016 14:55,"Off Network e.g. Local Authority Road, Footpath",,Managed Motorways,,,Yes,,,,,,,,,No,,,Motor Bike,Incursion due to breakdown,0,0,0,0,,
25762,Near Miss,Minor or low potential impact,Not Entered,6/17/2016 17:22,2016,Jun,Fri,17:22,12:00,8/25/2016 14:51,"Off Network e.g. Local Authority Road, Footpath",,Managed Motorways,,,Yes,,,,,,,,,No,,,Motor Bike,Incursion due to breakdown,0,0,0,0,,
25764,Near Miss,Minor or low potential impact,Not Entered,6/18/2016 10:18,2016,Jun,Sat,10:18,6:00,8/25/2016 14:57,"Off Network e.g. Local Authority Road, Footpath",,Managed Motorways,,,Yes,,,,,,,,,No,,,Motor Bike,Incursion due to breakdown,0,0,0,0,,
25765,Near Miss,Minor or low potential impact,Not Entered,6/19/2016 14:02,2016,Jun,Sun,14:02,12:00,8/25/2016 15:00,"Off Network e.g. Local Authority Road, Footpath",,Managed Motorways,,,Yes,,,,,,,,,No,,,Motor Bike,Incursion due to breakdown,0,0,0,0,,
25766,Near Miss,Minor or low potential impact,Not Entered,6/19/2016 20:12,2016,Jun,Sun,20:12,18:00,8/25/2016 15:03,"Off Network e.g. Local Authority Road, Footpath",,Managed Motorways,,,Yes,,,,,,,,,No,,,Motor Bike,Incursion due to breakdown,0,0,0,0,,
25767,Near Miss,Minor or low potential impact,Not Entered,6/20/2016 8:50,2016,Jun,Mon,8:50,6:00,8/25/2016 15:05,"Off Network e.g. Local Authority Road, Footpath",,Managed Motorways,,,Yes,,,,,,,,,No,,,Motor Bike,Incursion due to breakdown,0,0,0,0,,
26297,Near Miss,Minor or low potential impact,Not Entered,6/22/2016 15:10,2016,Jun,Wed,15:10,12:00,9/29/2016 6:51,"Off Network e.g. Local Authority Road, Footpath",,Managed Motorways,,,Yes,,,,,,,,,No,,,Motor Bike,Incursion unintentional - confused or follow in,0,0,0,0,,
26299,Near Miss,Minor or low potential impact,Not Entered,6/23/2016 11:04,2016,Jun,Thu,11:04,6:00,9/29/2016 6:58,"Off Network e.g. Local Authority Road, Footpath",,Managed Motorways,,,Yes,,,,,,,,,No,,,Motor Bike,Incursion due to breakdown,0,0,0,0,,
26298,Near Miss,Minor or low potential impact,Not Entered,6/23/2016 13:46,2016,Jun,Thu,13:46,12:00,9/29/2016 6:56,"Off Network e.g. Local Authority Road, Footpath",,Managed Motorways,,,Yes,,,,,,,,,No,,,Motor Bike,Incursion due to breakdown,0,0,0,0,,
26300,Near Miss,Minor or low potential impact,Not Entered,6/23/2016 15:35,2016,Jun,Thu,15:35,12:00,9/29/2016 7:00,"Off Network e.g. Local Authority Road, Footpath",,Managed Motorways,,,Yes,,,,,,,,,No,,,Motor Bike,Incursion due to breakdown,0,0,0,0,,
26301,Near Miss,Minor or low potential impact,Not Entered,6/24/2016 7:08,2016,Jun,Fri,7:08,6:00,9/29/2016 7:02,"Off Network e.g. Local Authority Road, Footpath",,Managed Motorways,,,Yes,,,,,,,,,No,,,Motor Bike,Incursion due to breakdown,0,0,0,0,,
26303,Near Miss,Minor or low potential impact,Not Entered,6/24/2016 13:00,2016,Jun,Fri,13:00,12:00,9/29/2016 7:06,"Off Network e.g. Local Authority Road, Footpath",,Managed Motorways,,,Yes,,,,,,,,,No,,,Motor Bike,Incursion due to breakdown,0,0,0,0,,
26302,Near Miss,Minor or low potential impact,Not Entered,6/24/2016 13:45,2016,Jun,Fri,13:45,12:00,9/29/2016 7:04,"Off Network e.g. Local Authority Road, Footpath",,Managed Motorways,,,Yes,,,,,,,,,No,,,Motor Bike,Incursion due to breakdown,0,0,0,0,,
26305,Near Miss,Minor or low potential impact,Not Entered,6/24/2016 16:22,2016,Jun,Fri,16:22,12:00,9/29/2016 7:09,"Off Network e.g. Local Authority Road, Footpath",,Managed Motorways,,,Yes,,,,,,,,,No,,,Motor Bike,Incursion due to breakdown,0,0,0,0,,
26306,Near Miss,Minor or low potential impact,Not Entered,6/24/2016 16:53,2016,Jun,Fri,16:53,12:00,9/29/2016 7:11,"Off Network e.g. Local Authority Road, Footpath",,Managed Motorways,,,Yes,,,,,,,,,No,,,Motor Bike,Incursion due to breakdown,0,0,0,0,,
26307,Near Miss,Minor or low potential impact,Not Entered,6/25/2016 10:55,2016,Jun,Sat,10:55,6:00,9/29/2016 7:14,"Off Network e.g. Local Authority Road, Footpath",,Managed Motorways,,,Yes,,,,,,,,,No,,,Motor Bike,Incursion due to breakdown,0,0,0,0,,
26308,Near Miss,Minor or low potential impact,Not Entered,6/25/2016 11:05,2016,Jun,Sat,11:05,6:00,9/29/2016 7:16,"Off Network e.g. Local Authority Road, Footpath",,Managed Motorways,,,Yes,,,,,,,,,No,,,Motor Bike,Incursion due to breakdown,0,0,0,0,,
26309,Near Miss,Minor or low potential impact,Not Entered,6/25/2016 20:54,2016,Jun,Sat,20:54,18:00,9/29/2016 7:17,"Off Network e.g. Local Authority Road, Footpath",,Managed Motorways,,,Yes,,,,,,,,,No,,,Motor Bike,Incursion due to breakdown,0,0,0,0,,
26310,Near Miss,Minor or low potential impact,Not Entered,6/25/2016 22:27,2016,Jun,Sat,22:27,18:00,9/29/2016 7:20,"Off Network e.g. Local Authority Road, Footpath",,Managed Motorways,,,Yes,,,,,,,,,No,,,Motor Bike,Incursion due to breakdown,0,0,0,0,,
26311,Near Miss,Minor or low potential impact,Not Entered,6/26/2016 9:33,2016,Jun,Sun,9:33,6:00,9/29/2016 7:22,"Off Network e.g. Local Authority Road, Footpath",,Managed Motorways,,,Yes,,,,,,,,,No,,,Motor Bike,Incursion to seek information or benefit,0,0,0,0,,
26313,Near Miss,Minor or low potential impact,Not Entered,6/26/2016 12:10,2016,Jun,Sun,12:10,12:00,9/29/2016 7:26,"Off Network e.g. Local Authority Road, Footpath",,Managed Motorways,,,Yes,,,,,,,,,No,,,Motor Bike,Incursion due to breakdown,0,0,0,0,,
26312,Near Miss,Minor or low potential impact,Not Entered,6/26/2016 20:56,2016,Jun,Sun,20:56,18:00,9/29/2016 7:25,"Off Network e.g. Local Authority Road, Footpath",,Managed Motorways,,,Yes,,,,,,,,,No,,,Motor Bike,Incursion due to breakdown,0,0,0,0,,
26315,Near Miss,Minor or low potential impact,Not Entered,6/27/2016 8:28,2016,Jun,Mon,8:28,6:00,9/29/2016 7:30,"Off Network e.g. Local Authority Road, Footpath",,Managed Motorways,,,Yes,,,,,,,,,No,,,Motor Bike,Incursion due to breakdown,0,0,0,0,,
26316,Near Miss,Minor or low potential impact,Not Entered,6/27/2016 11:36,2016,Jun,Mon,11:36,6:00,9/29/2016 7:31,"Off Network e.g. Local Authority Road, Footpath",,Managed Motorways,,,Yes,,,,,,,,,No,,,Motor Bike,Incursion unintentional - confused or follow in,0,0,0,0,,
26314,Near Miss,Minor or low potential impact,Not Entered,6/27/2016 12:40,2016,Jun,Mon,12:40,12:00,9/29/2016 7:28,"Off Network e.g. Local Authority Road, Footpath",,Managed Motorways,,,Yes,,,,,,,,,No,,,Motor Bike,Incursion due to breakdown,0,0,0,0,,
26317,Near Miss,Minor or low potential impact,Not Entered,6/28/2016 9:10,2016,Jun,Tue,9:10,6:00,9/29/2016 7:33,"Off Network e.g. Local Authority Road, Footpath",,Managed Motorways,,,Yes,,,,,,,,,No,,,Motor Bike,Incursion unintentional - confused or follow in,0,0,0,0,,
25639,Near Miss,Minor or low potential impact,Not Entered,6/28/2016 13:35,2016,Jun,Tue,13:35,12:00,8/17/2016 11:01,"Off Network e.g. Local Authority Road, Footpath",,Managed Motorways,,,Yes,,,,,,,,,No,,,Motor Bike,Incursion due to breakdown,0,0,0,0,,
25638,Near Miss,Minor or low potential impact,Not Entered,6/28/2016 15:50,2016,Jun,Tue,15:50,12:00,8/17/2016 10:56,"Off Network e.g. Local Authority Road, Footpath",,Managed Motorways,,,Yes,,,,,,,,,No,,,Motor Bike,Incursion unintentional - confused or follow in,0,0,0,0,,
24560,Near Miss,Minor or low potential impact,Not Entered,6/28/2016 17:25,2016,Jun,Tue,17:25,12:00,8/10/2016 6:49,"Off Network e.g. Local Authority Road, Footpath",,Managed Motorways,,,Yes,,,,,,,,,No,,,Motor Bike,Incursion to seek information or benefit,0,0,0,0,,
24561,Near Miss,Minor or low potential impact,Not Entered,6/28/2016 17:49,2016,Jun,Tue,17:49,12:00,8/10/2016 6:51,"Off Network e.g. Local Authority Road, Footpath",,Managed Motorways,,,No,,,,,,,,,No,,,,Incursion due to breakdown,0,0,0,0,,
24562,Near Miss,Minor or low potential impact,Not Entered,6/29/2016 6:40,2016,Jun,Wed,6:40,6:00,8/10/2016 7:01,"Off Network e.g. Local Authority Road, Footpath",,Managed Motorways,,,No,,,,,,,,,No,,,,Incursion due to breakdown,0,0,0,0,,
24564,Near Miss,Minor or low potential impact,Not Entered,6/29/2016 9:36,2016,Jun,Wed,9:36,6:00,8/10/2016 7:08,"Off Network e.g. Local Authority Road, Footpath",,Managed Motorways,,,Yes,,,,,,,,,No,,,Motor Bike,Incursion due to breakdown,0,0,0,0,,
24565,Near Miss,Minor or low potential impact,Not Entered,6/29/2016 14:29,2016,Jun,Wed,14:29,12:00,8/10/2016 7:10,"Off Network e.g. Local Authority Road, Footpath",,Managed Motorways,,,Yes,,,,,,,,,No,,,Motor Bike,Incursion to seek information or benefit,0,0,0,0,,
24566,Near Miss,Minor or low potential impact,Not Entered,6/30/2016 12:20,2016,Jun,Thu,12:20,12:00,8/10/2016 7:12,"Off Network e.g. Local Authority Road, Footpath",,Managed Motorways,,,Yes,,,,,,,,,No,,,Motor Bike,Incursion due to breakdown,0,0,0,0,,
24567,Near Miss,Minor or low potential impact,Not Entered,6/30/2016 22:27,2016,Jun,Thu,22:27,18:00,8/10/2016 7:14,"Off Network e.g. Local Authority Road, Footpath",,Managed Motorways,,,Yes,,,,,,,,,No,,,Motor Bike,Incursion due to breakdown,0,0,0,0,,
24568,Near Miss,Minor or low potential impact,Not Entered,7/1/2016 10:16,2016,Jul,Fri,10:16,6:00,8/10/2016 7:19,"Off Network e.g. Local Authority Road, Footpath",,Managed Motorways,,,Yes,,,,,,,,,No,,,Motor Bike,Incursion due to breakdown,0,0,0,0,,
25603,Near Miss,Minor or low potential impact,Not Entered,7/1/2016 13:36,2016,Jul,Fri,13:36,12:00,8/15/2016 12:40,"Off Network e.g. Local Authority Road, Footpath",,Managed Motorways,,,Yes,,,,,,,,,No,,,Motor Bike,Incursion due to breakdown,0,0,0,0,,
25760,Near Miss,Minor or low potential impact,Not Entered,7/1/2016 15:20,2016,Jul,Fri,15:20,12:00,8/25/2016 14:46,"Off Network e.g. Local Authority Road, Footpath",,Managed Motorways,,,Yes,,,,,,,,,No,,,Motor Bike,Incursion unintentional - confused or follow in,0,0,0,0,,
25604,Near Miss,Minor or low potential impact,Not Entered,7/1/2016 15:38,2016,Jul,Fri,15:38,12:00,8/15/2016 12:43,"Off Network e.g. Local Authority Road, Footpath",,Managed Motorways,,,Yes,,,,,,,,,No,,,Motor Bike,Incursion due to breakdown,0,0,0,0,,
25605,Near Miss,Minor or low potential impact,Not Entered,7/1/2016 17:25,2016,Jul,Fri,17:25,12:00,8/15/2016 12:46,"Off Network e.g. Local Authority Road, Footpath",,Managed Motorways,,,Yes,,,,,,,,,No,,,Motor Bike,Incursion to seek information or benefit,0,0,0,0,,
25606,Near Miss,Minor or low potential impact,Not Entered,7/1/2016 17:35,2016,Jul,Fri,17:35,12:00,8/15/2016 12:53,"Off Network e.g. Local Authority Road, Footpath",,Managed Motorways,,,Yes,,,,,,,,,No,,,Motor Bike,Incursion due to breakdown,0,0,0,0,,
25607,Near Miss,Minor or low potential impact,Not Entered,7/1/2016 17:55,2016,Jul,Fri,17:55,12:00,8/15/2016 12:55,"Off Network e.g. Local Authority Road, Footpath",,Managed Motorways,,,Yes,,,,,,,,,No,,,Motor Bike,Incursion due to breakdown,0,0,0,0,,
25608,Near Miss,Minor or low potential impact,Not Entered,7/1/2016 23:06,2016,Jul,Fri,23:06,18:00,8/15/2016 12:57,"Off Network e.g. Local Authority Road, Footpath",,Managed Motorways,,,Yes,,,,,,,,,No,,,Motor Bike,Incursion due to breakdown,0,0,0,0,,
25609,Near Miss,Minor or low potential impact,Not Entered,7/2/2016 2:36,2016,Jul,Sat,2:36,0:00,8/15/2016 13:00,"Off Network e.g. Local Authority Road, Footpath",,Managed Motorways,,,Yes,,,,,,,,,No,,,Motor Bike,Incursion to seek information or benefit,0,0,0,0,,
25610,Near Miss,Minor or low potential impact,Not Entered,7/3/2016 9:36,2016,Jul,Sun,9:36,6:00,8/15/2016 13:03,"Off Network e.g. Local Authority Road, Footpath",,Managed Motorways,,,Yes,,,,,,,,,No,,,Motor Bike,Incursion unintentional - confused or follow in,0,0,0,0,,
25611,Near Miss,Minor or low potential impact,Not Entered,7/4/2016 6:05,2016,Jul,Mon,6:05,6:00,8/15/2016 13:06,"Off Network e.g. Local Authority Road, Footpath",,Managed Motorways,,,Yes,,,,,,,,,No,,,Motor Bike,Incursion due to breakdown,0,0,0,0,,
25626,Near Miss,Minor or low potential impact,Not Entered,7/4/2016 16:19,2016,Jul,Mon,16:19,12:00,8/16/2016 14:14,"Off Network e.g. Local Authority Road, Footpath",,Managed Motorways,,,Yes,,,,,,,,,No,,,Motor Bike,Incursion due to breakdown,0,0,0,0,,
25612,Near Miss,Minor or low potential impact,Not Entered,7/4/2016 16:19,2016,Jul,Mon,16:19,12:00,8/15/2016 13:08,"Off Network e.g. Local Authority Road, Footpath",,Managed Motorways,,,Yes,,,,,,,,,No,,,Motor Bike,Incursion due to breakdown,0,0,0,0,,
25635,Near Miss,Minor or low potential impact,Not Entered,7/5/2016 7:46,2016,Jul,Tue,7:46,6:00,8/17/2016 10:45,"Off Network e.g. Local Authority Road, Footpath",,Managed Motorways,,,Yes,,,,,,,,,No,,,Motor Bike,Incursion due to breakdown,0,0,0,0,,
25636,Near Miss,Minor or low potential impact,Not Entered,7/6/2016 7:00,2016,Jul,Wed,7:00,6:00,8/17/2016 10:47,"Off Network e.g. Local Authority Road, Footpath",,Managed Motorways,,,Yes,,,,,,,,,No,,,Motor Bike,Incursion due to breakdown,0,0,0,0,,
26332,Near Miss,Minor or low potential impact,Not Entered,7/6/2016 13:50,2016,Jul,Wed,13:50,12:00,10/3/2016 14:23,"Off Network e.g. Local Authority Road, Footpath",,Managed Motorways,,,Yes,,,,,,,,,No,,,Motor Bike,Incursion due to breakdown,0,0,0,0,,
26331,Near Miss,Minor or low potential impact,Not Entered,7/6/2016 22:42,2016,Jul,Wed,22:42,18:00,10/3/2016 14:22,"Off Network e.g. Local Authority Road, Footpath",,Managed Motorways,,,Yes,,,,,,,,,No,,,Motor Bike,Incursion due to breakdown,0,0,0,0,,
26334,Near Miss,Minor or low potential impact,Not Entered,7/7/2016 1:18,2016,Jul,Thu,1:18,0:00,10/3/2016 14:27,"Off Network e.g. Local Authority Road, Footpath",,Managed Motorways,,,Yes,,,,,,,,,No,,,Motor Bike,Incursion due to breakdown,0,0,0,0,,
26333,Near Miss,Minor or low potential impact,Not Entered,7/7/2016 12:50,2016,Jul,Thu,12:50,12:00,10/3/2016 14:25,"Off Network e.g. Local Authority Road, Footpath",,Managed Motorways,,,Yes,,,,,,,,,No,,,Motor Bike,Incursion due to breakdown,0,0,0,0,,
25637,Near Miss,Minor or low potential impact,Not Entered,7/8/2016 16:22,2016,Jul,Fri,16:22,12:00,8/17/2016 10:49,"Off Network e.g. Local Authority Road, Footpath",,Managed Motorways,,,Yes,,,,,,,,,No,,,Motor Bike,Incursion unintentional - confused or follow in,0,0,0,0,,
26335,Near Miss,Minor or low potential impact,Not Entered,7/8/2016 19:49,2016,Jul,Fri,19:49,18:00,10/3/2016 14:29,"Off Network e.g. Local Authority Road, Footpath",,Managed Motorways,,,Yes,,,,,,,,,No,,,Motor Bike,Incursion due to breakdown,0,0,0,0,,
26336,Near Miss,Minor or low potential impact,Not Entered,7/8/2016 20:22,2016,Jul,Fri,20:22,18:00,10/3/2016 14:56,"Off Network e.g. Local Authority Road, Footpath",,Managed Motorways,,,Yes,,,,,,,,,No,,,Motor Bike,Incursion due to breakdown,0,0,0,0,,
26343,Near Miss,Minor or low potential impact,Not Entered,7/10/2016 2:40,2016,Jul,Sun,2:40,0:00,10/3/2016 15:15,"Off Network e.g. Local Authority Road, Footpath",,Managed Motorways,,,Yes,,,,,,,,,No,,,,Incursion to seek information or benefit,,,,,,
26342,Near Miss,Minor or low potential impact,Not Entered,7/10/2016 2:40,2016,Jul,Sun,2:40,0:00,10/3/2016 15:15,"Off Network e.g. Local Authority Road, Footpath",,Managed Motorways,,,Yes,,,,,,,,,No,,,Motor Bike,Incursion to seek information or benefit,0,0,0,0,,
26341,Near Miss,Minor or low potential impact,Not Entered,7/10/2016 11:00,2016,Jul,Sun,11:00,6:00,10/3/2016 15:12,"Off Network e.g. Local Authority Road, Footpath",,Managed Motorways,,,Yes,,,,,,,,,No,,,Motor Bike,Incursion due to breakdown,0,0,0,0,,
26340,Near Miss,Minor or low potential impact,Not Entered,7/10/2016 12:45,2016,Jul,Sun,12:45,12:00,10/3/2016 15:08,"Off Network e.g. Local Authority Road, Footpath",,Managed Motorways,,,Yes,,,,,,,,,No,,,Motor Bike,Incursion unintentional - confused or follow in,0,0,0,0,,
26339,Near Miss,Minor or low potential impact,Not Entered,7/10/2016 12:45,2016,Jul,Sun,12:45,12:00,10/3/2016 15:06,"Off Network e.g. Local Authority Road, Footpath",,Managed Motorways,,,Yes,,,,,,,,,No,,,Motor Bike,Incursion due to breakdown,0,0,0,0,,
26338,Near Miss,Minor or low potential impact,Not Entered,7/10/2016 16:02,2016,Jul,Sun,16:02,12:00,10/3/2016 15:04,"Off Network e.g. Local Authority Road, Footpath",,Managed Motorways,,,Yes,,,,,,,,,No,,,Motor Bike,Incursion due to breakdown,0,0,0,0,,
26337,Near Miss,Minor or low potential impact,Not Entered,7/10/2016 19:44,2016,Jul,Sun,19:44,18:00,10/3/2016 15:01,"Off Network e.g. Local Authority Road, Footpath",,Managed Motorways,,,Yes,,,,,,,,,No,,,Motor Bike,Incursion due to breakdown,0,0,0,0,,
26346,Near Miss,Minor or low potential impact,Not Entered,7/11/2016 10:22,2016,Jul,Mon,10:22,6:00,10/3/2016 15:23,"Off Network e.g. Local Authority Road, Footpath",,Managed Motorways,,,Yes,,,,,,,,,No,,,Motor Bike,Incursion due to breakdown,0,0,0,0,,
26345,Near Miss,Minor or low potential impact,Not Entered,7/11/2016 11:00,2016,Jul,Mon,11:00,6:00,10/3/2016 15:20,"Off Network e.g. Local Authority Road, Footpath",,Managed Motorways,,,Yes,,,,,,,,,No,,,Motor Bike,Incursion due to breakdown,0,0,0,0,,
26344,Near Miss,Minor or low potential impact,Not Entered,7/11/2016 18:18,2016,Jul,Mon,18:18,18:00,10/3/2016 15:18,"Off Network e.g. Local Authority Road, Footpath",,Managed Motorways,,,Yes,,,,,,,,,No,,,Motor Bike,Incursion due to breakdown,0,0,0,0,,
26348,Near Miss,Minor or low potential impact,Not Entered,7/12/2016 12:26,2016,Jul,Tue,12:26,12:00,10/3/2016 15:27,"Off Network e.g. Local Authority Road, Footpath",,Managed Motorways,,,Yes,,,,,,,,,No,,,Motor Bike,Incursion due to breakdown,0,0,0,0,,
26347,Near Miss,Minor or low potential impact,Not Entered,7/12/2016 13:44,2016,Jul,Tue,13:44,12:00,10/3/2016 15:26,"Off Network e.g. Local Authority Road, Footpath",,Managed Motorways,,,No,,,,,,,,,No,,,,Incursion due to breakdown,0,0,0,0,,
26361,Near Miss,Minor or low potential impact,Not Entered,7/13/2016 11:28,2016,Jul,Wed,11:28,6:00,10/6/2016 9:54,"Off Network e.g. Local Authority Road, Footpath",,Managed Motorways,,,Yes,,,,,,,,,No,,,Motor Bike,Incursion due to breakdown,0,0,0,0,,
26364,Near Miss,Minor or low potential impact,Not Entered,7/14/2016 7:24,2016,Jul,Thu,7:24,6:00,10/6/2016 9:58,"Off Network e.g. Local Authority Road, Footpath",,Managed Motorways,,,Yes,,,,,,,,,No,,,Motor Bike,Incursion due to breakdown,0,0,0,0,,
26363,Near Miss,Minor or low potential impact,Not Entered,7/14/2016 7:28,2016,Jul,Thu,7:28,6:00,10/6/2016 9:56,"Off Network e.g. Local Authority Road, Footpath",,Managed Motorways,,,Yes,,,,,,,,,No,,,Motor Bike,Incursion due to breakdown,0,0,0,0,,
26368,Near Miss,Minor or low potential impact,Not Entered,7/15/2016 5:37,2016,Jul,Fri,5:37,0:00,10/6/2016 10:05,"Off Network e.g. Local Authority Road, Footpath",,Managed Motorways,,,Yes,,,,,,,,,No,,,Motor Bike,Incursion due to breakdown,0,0,0,0,,
26366,Near Miss,Minor or low potential impact,Not Entered,7/15/2016 15:26,2016,Jul,Fri,15:26,12:00,10/6/2016 10:02,"Off Network e.g. Local Authority Road, Footpath",,Managed Motorways,,,Yes,,,,,,,,,No,,,Motor Bike,Incursion due to breakdown,0,0,0,0,,
26390,Near Miss,Minor or low potential impact,Not Entered,7/16/2016 7:14,2016,Jul,Sat,7:14,6:00,10/6/2016 11:02,"Off Network e.g. Local Authority Road, Footpath",,Managed Motorways,,,Yes,,,,,,,,,No,,,Motor Bike,Incursion due to breakdown,0,0,0,0,,
26389,Near Miss,Minor or low potential impact,Not Entered,7/16/2016 14:38,2016,Jul,Sat,14:38,12:00,10/6/2016 11:01,"Off Network e.g. Local Authority Road, Footpath",,Managed Motorways,,,Yes,,,,,,,,,No,,,Motor Bike,Incursion due to breakdown,0,0,0,0,,
26370,Near Miss,Minor or low potential impact,Not Entered,7/16/2016 17:10,2016,Jul,Sat,17:10,12:00,10/6/2016 10:08,"Off Network e.g. Local Authority Road, Footpath",,Managed Motorways,,,Yes,,,,,,,,,No,,,Motor Bike,Incursion due to breakdown,0,0,0,0,,
25759,Near Miss,Minor or low potential impact,Not Entered,7/17/2016 0:00,2016,Jul,Sun,0:00,0:00,8/25/2016 14:41,"Off Network e.g. Local Authority Road, Footpath",,Managed Motorways,,,Yes,,,,,,,,,No,,,Motor Bike,Incursion unintentional - confused or follow in,0,0,0,0,,
26394,Near Miss,Minor or low potential impact,Not Entered,7/17/2016 8:53,2016,Jul,Sun,8:53,6:00,10/6/2016 11:07,"Off Network e.g. Local Authority Road, Footpath",,Managed Motorways,,,Yes,,,,,,,,,No,,,Motor Bike,Incursion due to breakdown,0,0,0,0,,
26391,Near Miss,Minor or low potential impact,Not Entered,7/17/2016 22:51,2016,Jul,Sun,22:51,18:00,10/6/2016 11:04,"Off Network e.g. Local Authority Road, Footpath",,Managed Motorways,,,Yes,,,,,,,,,No,,,Motor Bike,Incursion due to breakdown,0,0,0,0,,
26454,Near Miss,Minor or low potential impact,Not Entered,7/18/2016 8:42,2016,Jul,Mon,8:42,6:00,10/6/2016 13:53,"Off Network e.g. Local Authority Road, Footpath",,Managed Motorways,,,Yes,,,,,,,,,No,,,Motor Bike,Incursion due to breakdown,0,0,0,0,,
26452,Near Miss,Minor or low potential impact,Not Entered,7/18/2016 12:21,2016,Jul,Mon,12:21,12:00,10/6/2016 13:51,"Off Network e.g. Local Authority Road, Footpath",,Managed Motorways,,,Yes,,,,,,,,,No,,,Motor Bike,Incursion due to breakdown,0,0,0,0,,
26400,Near Miss,Minor or low potential impact,Not Entered,7/18/2016 20:21,2016,Jul,Mon,20:21,18:00,10/6/2016 11:15,"Off Network e.g. Local Authority Road, Footpath",,Managed Motorways,,,Yes,,,,,,,,,No,,,Motor Bike,Incursion due to breakdown,0,0,0,0,,
26460,Near Miss,Minor or low potential impact,Not Entered,7/19/2016 12:13,2016,Jul,Tue,12:13,12:00,10/6/2016 14:05,"Off Network e.g. Local Authority Road, Footpath",,Managed Motorways,,,Yes,,,,,,,,,No,,,Motor Bike,Incursion unintentional - confused or follow in,0,0,0,0,,
26458,Near Miss,Minor or low potential impact,Not Entered,7/19/2016 19:17,2016,Jul,Tue,19:17,18:00,10/6/2016 14:00,"Off Network e.g. Local Authority Road, Footpath",,Managed Motorways,,,Yes,,,,,,,,,No,,,Motor Bike,Incursion due to breakdown,0,0,0,0,,
26456,Near Miss,Minor or low potential impact,Not Entered,7/19/2016 20:15,2016,Jul,Tue,20:15,18:00,10/6/2016 13:57,"Off Network e.g. Local Authority Road, Footpath",,Managed Motorways,,,Yes,,,,,,,,,No,,,Motor Bike,Incursion due to breakdown,0,0,0,0,,
26401,Near Miss,Minor or low potential impact,Not Entered,7/19/2016 20:21,2016,Jul,Tue,20:21,18:00,10/6/2016 11:16,"Off Network e.g. Local Authority Road, Footpath",,Managed Motorways,,,Yes,,,,,,,,,No,,,Motor Bike,Incursion due to breakdown,0,0,0,0,,
26397,Near Miss,Minor or low potential impact,Not Entered,7/19/2016 23:59,2016,Jul,Tue,23:59,18:00,10/6/2016 11:13,"Off Network e.g. Local Authority Road, Footpath",,Managed Motorways,,,Yes,,,,,,,,,No,,,Motor Bike,Incursion due to breakdown,0,0,0,0,,
26467,Near Miss,Minor or low potential impact,Not Entered,7/20/2016 4:47,2016,Jul,Wed,4:47,0:00,10/6/2016 14:14,"Off Network e.g. Local Authority Road, Footpath",,Managed Motorways,,,Yes,,,,,,,,,No,,,Motor Bike,Incursion due to breakdown,0,0,0,0,,
26465,Near Miss,Minor or low potential impact,Not Entered,7/20/2016 14:40,2016,Jul,Wed,14:40,12:00,10/6/2016 14:11,"Off Network e.g. Local Authority Road, Footpath",,Managed Motorways,,,Yes,,,,,,,,,No,,,Motor Bike,Incursion due to breakdown,0,0,0,0,,
26463,Near Miss,Minor or low potential impact,Not Entered,7/20/2016 15:03,2016,Jul,Wed,15:03,12:00,10/6/2016 14:09,"Off Network e.g. Local Authority Road, Footpath",,Managed Motorways,,,Yes,,,,,,,,,No,,,Motor Bike,Incursion due to breakdown,0,0,0,0,,
26462,Near Miss,Minor or low potential impact,Not Entered,7/20/2016 20:08,2016,Jul,Wed,20:08,18:00,10/6/2016 14:07,"Off Network e.g. Local Authority Road, Footpath",,Managed Motorways,,,Yes,,,,,,,,,No,,,Motor Bike,Incursion due to breakdown,0,0,0,0,,
26475,Near Miss,Minor or low potential impact,Not Entered,7/21/2016 7:58,2016,Jul,Thu,7:58,6:00,10/6/2016 14:23,"Off Network e.g. Local Authority Road, Footpath",,Managed Motorways,,,Yes,,,,,,,,,No,,,Motor Bike,Incursion due to breakdown,0,0,0,0,,
26471,Near Miss,Minor or low potential impact,Not Entered,7/21/2016 12:12,2016,Jul,Thu,12:12,12:00,10/6/2016 14:19,"Off Network e.g. Local Authority Road, Footpath",,Managed Motorways,,,Yes,,,,,,,,,No,,,Motor Bike,Incursion due to breakdown,0,0,0,0,,