Event ID,Event Type ,Event Subtype,Type of Person,Date/Time of Event,Year,Month,Day of the Week,Time,Time interval (6 hours),Date/Time Reported,Location,Specific Location (include RCC Log no if relevant),Details of actual job being done at the time,Part of Body Affected,Injury Type,Was there a vehicle involved in this event?,Work related,Accident Type,Vehicle Motion,Who was Hit,Weather/Visibility,Surface Condition,Roadbed Grade,Lighting Conditions,Was A Police Report Filed?,Name of Law Enforcement Agency,Preventable,Type,Kind of Event,Expected Lost Workdays (Total),Actual Lost Workdays (Total),Expected Restricted Workdays (Total),Actual Restricted Workdays (Total),Return To Work Date,Sign Off 1
26473,Near Miss,Minor or low potential impact,Not Entered,7/21/2016 13:34,2016,Jul,Thu,13:34,12:00,10/6/2016 14:21,"Off Network e.g. Local Authority Road, Footpath",,Managed Motorways,,,Yes,,,,,,,,,No,,,Motor Bike,Incursion due to breakdown,0,0,0,0,,
26469,Near Miss,Minor or low potential impact,Not Entered,7/21/2016 20:21,2016,Jul,Thu,20:21,18:00,10/6/2016 14:17,"Off Network e.g. Local Authority Road, Footpath",,Managed Motorways,,,Yes,,,,,,,,,No,,,Motor Bike,Incursion due to breakdown,0,0,0,0,,
26477,Near Miss,Minor or low potential impact,Not Entered,7/21/2016 22:04,2016,Jul,Thu,22:04,18:00,10/6/2016 14:31,"Off Network e.g. Local Authority Road, Footpath",,Managed Motorways,,,Yes,,,,,,,,,No,,,Motor Bike,Incursion due to breakdown,0,0,0,0,,
26479,Near Miss,Minor or low potential impact,Not Entered,7/22/2016 16:44,2016,Jul,Fri,16:44,12:00,10/6/2016 14:34,"Off Network e.g. Local Authority Road, Footpath",,Managed Motorways,,,Yes,,,,,,,,,No,,,Motor Bike,Incursion due to breakdown,0,0,0,0,,
26526,Near Miss,Minor or low potential impact,Not Entered,7/23/2016 15:11,2016,Jul,Sat,15:11,12:00,10/11/2016 12:11,"Off Network e.g. Local Authority Road, Footpath",,Managed Motorways,,,Yes,,,,,,,,,No,,,Motor Bike,Incursion due to breakdown,0,0,0,0,,
26481,Near Miss,Minor or low potential impact,Not Entered,7/23/2016 20:05,2016,Jul,Sat,20:05,18:00,10/6/2016 14:36,"Off Network e.g. Local Authority Road, Footpath",,Managed Motorways,,,Yes,,,,,,,,,No,,,Motor Bike,Incursion due to breakdown,0,0,0,0,,
26529,Near Miss,Minor or low potential impact,Not Entered,7/24/2016 12:40,2016,Jul,Sun,12:40,12:00,10/11/2016 12:20,"Off Network e.g. Local Authority Road, Footpath",,Managed Motorways,,,Yes,,,,,,,,,No,,,Motor Bike,Incursion due to breakdown,0,0,0,0,,
26527,Near Miss,Minor or low potential impact,Not Entered,7/24/2016 16:20,2016,Jul,Sun,16:20,12:00,10/11/2016 12:13,"Off Network e.g. Local Authority Road, Footpath",,Managed Motorways,,,Yes,,,,,,,,,No,,,Motor Bike,Incursion unintentional - confused or follow in,0,0,0,0,,
26528,Near Miss,Minor or low potential impact,Not Entered,7/24/2016 16:25,2016,Jul,Sun,16:25,12:00,10/11/2016 12:15,"Off Network e.g. Local Authority Road, Footpath",,Managed Motorways,,,Yes,,,,,,,,,No,,,Motor Bike,Incursion due to breakdown,0,0,0,0,,
26531,Near Miss,Minor or low potential impact,Not Entered,7/24/2016 21:11,2016,Jul,Sun,21:11,18:00,10/11/2016 12:22,"Off Network e.g. Local Authority Road, Footpath",,Managed Motorways,,,Yes,,,,,,,,,No,,,Motor Bike,Incursion due to breakdown,0,0,0,0,,
26532,Near Miss,Minor or low potential impact,Not Entered,7/25/2016 11:10,2016,Jul,Mon,11:10,6:00,10/11/2016 12:25,"Off Network e.g. Local Authority Road, Footpath",,Managed Motorways,,,Yes,,,,,,,,,No,,,Motor Bike,Incursion due to breakdown,0,0,0,0,,
26533,Near Miss,Minor or low potential impact,Not Entered,7/28/2016 7:20,2016,Jul,Thu,7:20,6:00,10/11/2016 12:27,"Off Network e.g. Local Authority Road, Footpath",,Managed Motorways,,,Yes,,,,,,,,,No,,,Motor Bike,Incursion due to breakdown,0,0,0,0,,
26534,Near Miss,Minor or low potential impact,Not Entered,7/28/2016 13:12,2016,Jul,Thu,13:12,12:00,10/11/2016 12:29,"Off Network e.g. Local Authority Road, Footpath",,Managed Motorways,,,Yes,,,,,,,,,No,,,Motor Bike,Incursion due to breakdown,0,0,0,0,,
26539,Near Miss,Minor or low potential impact,Not Entered,7/29/2016 13:08,2016,Jul,Fri,13:08,12:00,10/11/2016 12:45,"Off Network e.g. Local Authority Road, Footpath",,Managed Motorways,,,Yes,,,,,,,,,No,,,Motor Bike,Incursion due to breakdown,0,0,0,0,,
26538,Near Miss,Minor or low potential impact,Not Entered,7/29/2016 13:35,2016,Jul,Fri,13:35,12:00,10/11/2016 12:42,"Off Network e.g. Local Authority Road, Footpath",,Managed Motorways,,,Yes,,,,,,,,,No,,,Motor Bike,Incursion due to breakdown,0,0,0,0,,
26537,Near Miss,Minor or low potential impact,Not Entered,7/29/2016 15:22,2016,Jul,Fri,15:22,12:00,10/11/2016 12:40,"Off Network e.g. Local Authority Road, Footpath",,Managed Motorways,,,Yes,,,,,,,,,No,,,Motor Bike,Incursion due to breakdown,0,0,0,0,,
26536,Near Miss,Minor or low potential impact,Not Entered,7/29/2016 19:13,2016,Jul,Fri,19:13,18:00,10/11/2016 12:36,"Off Network e.g. Local Authority Road, Footpath",,Managed Motorways,,,Yes,,,,,,,,,No,,,Motor Bike,Incursion due to breakdown,0,0,0,0,,
26535,Near Miss,Minor or low potential impact,Not Entered,7/29/2016 20:08,2016,Jul,Fri,20:08,18:00,10/11/2016 12:32,"Off Network e.g. Local Authority Road, Footpath",,Managed Motorways,,,Yes,,,,,,,,,No,,,Motor Bike,Incursion due to breakdown,0,0,0,0,,
26540,Near Miss,Minor or low potential impact,Not Entered,7/31/2016 7:00,2016,Jul,Sun,7:00,6:00,10/11/2016 12:46,"Off Network e.g. Local Authority Road, Footpath",,Managed Motorways,,,Yes,,,,,,,,,No,,,Motor Bike,Incursion due to breakdown,0,0,0,0,,
26541,Near Miss,Minor or low potential impact,Not Entered,8/1/2016 16:00,2016,Aug,Mon,16:00,12:00,10/11/2016 12:50,"Off Network e.g. Local Authority Road, Footpath",,Managed Motorways,,,Yes,,,,,,,,,No,,,Motor Bike,Incursion due to breakdown,0,0,0,0,,
26542,Near Miss,Minor or low potential impact,Not Entered,8/4/2016 22:08,2016,Aug,Thu,22:08,18:00,10/11/2016 12:52,"Off Network e.g. Local Authority Road, Footpath",,Managed Motorways,,,Yes,,,,,,,,,No,,,Motor Bike,Incursion due to breakdown,0,0,0,0,,
26544,Near Miss,Minor or low potential impact,Not Entered,8/5/2016 0:00,2016,Aug,Fri,0:00,0:00,10/11/2016 12:57,"Off Network e.g. Local Authority Road, Footpath",,Managed Motorways,,,Yes,,,,,,,,,No,,,Motor Bike,Incursion due to breakdown,0,0,0,0,,
26543,Near Miss,Minor or low potential impact,Not Entered,8/5/2016 20:11,2016,Aug,Fri,20:11,18:00,10/11/2016 12:55,"Off Network e.g. Local Authority Road, Footpath",,Managed Motorways,,,Yes,,,,,,,,,No,,,Motor Bike,Incursion due to breakdown,0,0,0,0,,
26393,Near Miss,Minor or low potential impact,Not Entered,8/8/2016 16:15,2016,Aug,Mon,16:15,12:00,10/6/2016 11:06,"Off Network e.g. Local Authority Road, Footpath",,Managed Motorways,,,Yes,,,,,,,,,No,,,Motor Bike,Incursion unintentional - confused or follow in,0,0,0,0,,
26387,Near Miss,Minor or low potential impact,Not Entered,8/8/2016 17:54,2016,Aug,Mon,17:54,12:00,10/6/2016 10:59,"Off Network e.g. Local Authority Road, Footpath",,Managed Motorways,,,Yes,,,,,,,,,No,,,Motor Bike,Incursion due to breakdown,0,0,0,0,,
26406,Near Miss,Minor or low potential impact,Not Entered,8/9/2016 6:55,2016,Aug,Tue,6:55,6:00,10/6/2016 11:53,"Off Network e.g. Local Authority Road, Footpath",,Managed Motorways,,,Yes,,,,,,,,,No,,,Motor Bike,Incursion due to breakdown,0,0,0,0,,
26405,Near Miss,Minor or low potential impact,Not Entered,8/9/2016 11:20,2016,Aug,Tue,11:20,6:00,10/6/2016 11:49,"Off Network e.g. Local Authority Road, Footpath",,Managed Motorways,,,Yes,,,,,,,,,No,,,Motor Bike,Incursion due to breakdown,0,0,0,0,,
26404,Near Miss,Minor or low potential impact,Not Entered,8/9/2016 19:11,2016,Aug,Tue,19:11,18:00,10/6/2016 11:37,"Off Network e.g. Local Authority Road, Footpath",,Managed Motorways,,,Yes,,,,,,,,,No,,,Motor Bike,Incursion due to breakdown,0,0,0,0,,
26403,Near Miss,Minor or low potential impact,Not Entered,8/9/2016 19:38,2016,Aug,Tue,19:38,18:00,10/6/2016 11:33,"Off Network e.g. Local Authority Road, Footpath",,Managed Motorways,,,Yes,,,,,,,,,No,,,Motor Bike,Incursion due to breakdown,0,0,0,0,,
26399,Near Miss,Minor or low potential impact,Not Entered,8/9/2016 23:55,2016,Aug,Tue,23:55,18:00,10/6/2016 11:15,"Off Network e.g. Local Authority Road, Footpath",,Managed Motorways,,,Yes,,,,,,,,,No,,,Motor Bike,Incursion due to breakdown,0,0,0,0,,
26408,Near Miss,Minor or low potential impact,Not Entered,8/10/2016 6:30,2016,Aug,Wed,6:30,6:00,10/6/2016 12:01,"Off Network e.g. Local Authority Road, Footpath",,Managed Motorways,,,Yes,,,,,,,,,No,,,Motor Bike,Incursion due to breakdown,0,0,0,0,,
24563,Near Miss,Minor or low potential impact,Not Entered,8/10/2016 7:36,2016,Aug,Wed,7:36,6:00,8/10/2016 7:04,"Off Network e.g. Local Authority Road, Footpath",,Managed Motorways,,,No,,,,,,,,,No,,,,Incursion due to breakdown,0,0,0,0,,
26407,Near Miss,Minor or low potential impact,Not Entered,8/10/2016 8:13,2016,Aug,Wed,8:13,6:00,10/6/2016 11:58,"Off Network e.g. Local Authority Road, Footpath",,Managed Motorways,,,Yes,,,,,,,,,No,,,Motor Bike,Incursion due to breakdown,0,0,0,0,,
26418,Near Miss,Minor or low potential impact,Not Entered,8/11/2016 8:00,2016,Aug,Thu,8:00,6:00,10/6/2016 12:19,"Off Network e.g. Local Authority Road, Footpath",,Managed Motorways,,,Yes,,,,,,,,,No,,,Motor Bike,Incursion due to breakdown,0,0,0,0,,
26413,Near Miss,Minor or low potential impact,Not Entered,8/11/2016 12:25,2016,Aug,Thu,12:25,12:00,10/6/2016 12:08,"Off Network e.g. Local Authority Road, Footpath",,Managed Motorways,,,Yes,,,,,,,,,No,,,Motor Bike,Incursion due to breakdown,0,0,0,0,,
26411,Near Miss,Minor or low potential impact,Not Entered,8/11/2016 18:00,2016,Aug,Thu,18:00,18:00,10/6/2016 12:06,"Off Network e.g. Local Authority Road, Footpath",,Managed Motorways,,,Yes,,,,,,,,,No,,,Motor Bike,Incursion due to breakdown,0,0,0,0,,
26409,Near Miss,Minor or low potential impact,Not Entered,8/11/2016 23:40,2016,Aug,Thu,23:40,18:00,10/6/2016 12:03,"Off Network e.g. Local Authority Road, Footpath",,Managed Motorways,,,Yes,,,,,,,,,No,,,Motor Bike,Incursion due to breakdown,0,0,0,0,,
26423,Near Miss,Minor or low potential impact,Not Entered,8/12/2016 8:09,2016,Aug,Fri,8:09,6:00,10/6/2016 12:29,"Off Network e.g. Local Authority Road, Footpath",,Managed Motorways,,,Yes,,,,,,,,,No,,,Motor Bike,Incursion due to breakdown,0,0,0,0,,
26421,Near Miss,Minor or low potential impact,Not Entered,8/12/2016 8:14,2016,Aug,Fri,8:14,6:00,10/6/2016 12:27,"Off Network e.g. Local Authority Road, Footpath",,Managed Motorways,,,Yes,,,,,,,,,No,,,Motor Bike,Incursion due to breakdown,0,0,0,0,,
26420,Near Miss,Minor or low potential impact,Not Entered,8/12/2016 11:37,2016,Aug,Fri,11:37,6:00,10/6/2016 12:24,"Off Network e.g. Local Authority Road, Footpath",,Managed Motorways,,,Yes,,,,,,,,,No,,,Motor Bike,Incursion due to breakdown,0,0,0,0,,
26419,Near Miss,Minor or low potential impact,Not Entered,8/12/2016 17:09,2016,Aug,Fri,17:09,12:00,10/6/2016 12:22,"Off Network e.g. Local Authority Road, Footpath",,Managed Motorways,,,Yes,,,,,,,,,No,,,Motor Bike,Incursion due to breakdown,0,0,0,0,,
25757,Near Miss,Minor or low potential impact,Not Entered,8/13/2016 15:21,2016,Aug,Sat,15:21,12:00,8/25/2016 14:26,"Off Network e.g. Local Authority Road, Footpath",,Managed Motorways,,,Yes,,,,,,,,,No,,,Motor Bike,Incursion unintentional - confused or follow in,0,0,0,0,,
26442,Near Miss,Minor or low potential impact,Not Entered,8/14/2016 9:40,2016,Aug,Sun,9:40,6:00,10/6/2016 13:18,"Off Network e.g. Local Authority Road, Footpath",,Managed Motorways,,,Yes,,,,,,,,,No,,,Motor Bike,Incursion to seek information or benefit,0,0,0,0,,
26425,Near Miss,Minor or low potential impact,Not Entered,8/14/2016 10:16,2016,Aug,Sun,10:16,6:00,10/6/2016 12:31,"Off Network e.g. Local Authority Road, Footpath",,Managed Motorways,,,Yes,,,,,,,,,No,,,Motor Bike,Incursion due to breakdown,0,0,0,0,,
25756,Near Miss,Minor or low potential impact,Not Entered,8/15/2016 10:35,2016,Aug,Mon,10:35,6:00,8/25/2016 14:19,"Off Network e.g. Local Authority Road, Footpath",,Managed Motorways,,,Yes,,,,,,,,,No,,,Motor Bike,Incursion unintentional - confused or follow in,0,0,0,0,,
25754,Near Miss,Minor or low potential impact,Not Entered,8/15/2016 11:15,2016,Aug,Mon,11:15,6:00,8/25/2016 14:14,"Off Network e.g. Local Authority Road, Footpath",,Managed Motorways,,,Yes,,,,,,,,,No,,,Motor Bike,Incursion due to breakdown,0,0,0,0,,
26436,Near Miss,Minor or low potential impact,Not Entered,8/15/2016 11:28,2016,Aug,Mon,11:28,6:00,10/6/2016 12:59,"Off Network e.g. Local Authority Road, Footpath",,Managed Motorways,,,Yes,,,,,,,,,No,,,Motor Bike,Incursion due to breakdown,0,0,0,0,,
25755,Near Miss,Minor or low potential impact,Not Entered,8/15/2016 14:55,2016,Aug,Mon,14:55,12:00,8/25/2016 14:16,"Off Network e.g. Local Authority Road, Footpath",,Managed Motorways,,,Yes,,,,,,,,,No,,,Motor Bike,Incursion unintentional - confused or follow in,0,0,0,0,,
26437,Near Miss,Minor or low potential impact,Not Entered,8/16/2016 17:00,2016,Aug,Tue,17:00,12:00,10/6/2016 13:02,"Off Network e.g. Local Authority Road, Footpath",,Managed Motorways,,,Yes,,,,,,,,,No,,,Motor Bike,Incursion due to breakdown,0,0,0,0,,
26444,Near Miss,Minor or low potential impact,Not Entered,8/17/2016 9:02,2016,Aug,Wed,9:02,6:00,10/6/2016 13:27,"Off Network e.g. Local Authority Road, Footpath",,Managed Motorways,,,Yes,,,,,,,,,No,,,Motor Bike,Incursion unintentional as result of accident,0,0,0,0,,
26443,Near Miss,Minor or low potential impact,Not Entered,8/17/2016 9:02,2016,Aug,Wed,9:02,6:00,10/6/2016 13:22,"Off Network e.g. Local Authority Road, Footpath",,Managed Motorways,,,Yes,,,,,,,,,No,,,Motor Bike,Incursion unintentional as result of accident,0,0,0,0,,
26440,Near Miss,Minor or low potential impact,Not Entered,8/17/2016 12:50,2016,Aug,Wed,12:50,12:00,10/6/2016 13:10,"Off Network e.g. Local Authority Road, Footpath",,Managed Motorways,,,Yes,,,,,,,,,No,,,Motor Bike,Incursion unintentional - confused or follow in,0,0,0,0,,
26439,Near Miss,Minor or low potential impact,Not Entered,8/17/2016 20:20,2016,Aug,Wed,20:20,18:00,10/6/2016 13:07,"Off Network e.g. Local Authority Road, Footpath",,Managed Motorways,,,Yes,,,,,,,,,No,,,Motor Bike,Incursion due to breakdown,0,0,0,0,,
26438,Near Miss,Minor or low potential impact,Not Entered,8/17/2016 23:54,2016,Aug,Wed,23:54,18:00,10/6/2016 13:04,"Off Network e.g. Local Authority Road, Footpath",,Managed Motorways,,,Yes,,,,,,,,,No,,,Motor Bike,Incursion due to breakdown,0,0,0,0,,
26446,Near Miss,Minor or low potential impact,Not Entered,8/18/2016 8:59,2016,Aug,Thu,8:59,6:00,10/6/2016 13:35,"Off Network e.g. Local Authority Road, Footpath",,Managed Motorways,,,Yes,,,,,,,,,No,,,Motor Bike,Incursion due to breakdown,0,0,0,0,,
26445,Near Miss,Minor or low potential impact,Not Entered,8/18/2016 18:02,2016,Aug,Thu,18:02,18:00,10/6/2016 13:31,"Off Network e.g. Local Authority Road, Footpath",,Managed Motorways,,,Yes,,,,,,,,,No,,,Motor Bike,Incursion unintentional as result of accident,0,0,0,0,,
26441,Near Miss,Minor or low potential impact,Not Entered,8/18/2016 22:58,2016,Aug,Thu,22:58,18:00,10/6/2016 13:13,"Off Network e.g. Local Authority Road, Footpath",,Managed Motorways,,,Yes,,,,,,,,,No,,,Motor Bike,Incursion due to breakdown,0,0,0,0,,
25758,Near Miss,Minor or low potential impact,Not Entered,8/19/2016 12:00,2016,Aug,Fri,12:00,12:00,8/25/2016 14:37,"Off Network e.g. Local Authority Road, Footpath",,Managed Motorways,,,Yes,,,,,,,,,No,,,Motor Bike,Incursion unintentional - confused or follow in,0,0,0,0,,
26478,Near Miss,Minor or low potential impact,Not Entered,8/19/2016 15:25,2016,Aug,Fri,15:25,12:00,10/6/2016 14:33,"Off Network e.g. Local Authority Road, Footpath",,Managed Motorways,,,Yes,,,,,,,,,No,,,Motor Bike,Incursion unintentional as result of accident,0,0,0,0,,
26448,Near Miss,Minor or low potential impact,Not Entered,8/19/2016 18:50,2016,Aug,Fri,18:50,18:00,10/6/2016 13:42,"Off Network e.g. Local Authority Road, Footpath",,Managed Motorways,,,Yes,,,,,,,,,No,,,Motor Bike,Incursion due to breakdown,0,0,0,0,,
26447,Near Miss,Minor or low potential impact,Not Entered,8/19/2016 18:50,2016,Aug,Fri,18:50,18:00,10/6/2016 13:39,"Off Network e.g. Local Authority Road, Footpath",,Managed Motorways,,,Yes,,,,,,,,,No,,,Motor Bike,Incursion unintentional as result of accident,0,0,0,0,,
26451,Near Miss,Minor or low potential impact,Not Entered,8/20/2016 3:14,2016,Aug,Sat,3:14,0:00,10/6/2016 13:50,"Off Network e.g. Local Authority Road, Footpath",,Managed Motorways,,,Yes,,,,,,,,,No,,,Motor Bike,Incursion due to breakdown,0,0,0,0,,
26450,Near Miss,Minor or low potential impact,Not Entered,8/20/2016 5:12,2016,Aug,Sat,5:12,0:00,10/6/2016 13:48,"Off Network e.g. Local Authority Road, Footpath",,Managed Motorways,,,Yes,,,,,,,,,No,,,Motor Bike,Incursion to seek information or benefit,0,0,0,0,,
26449,Near Miss,Minor or low potential impact,Not Entered,8/20/2016 23:27,2016,Aug,Sat,23:27,18:00,10/6/2016 13:45,"Off Network e.g. Local Authority Road, Footpath",,Managed Motorways,,,Yes,,,,,,,,,No,,,Motor Bike,Incursion due to breakdown,0,0,0,0,,
26455,Near Miss,Minor or low potential impact,Not Entered,8/21/2016 11:46,2016,Aug,Sun,11:46,6:00,10/6/2016 13:56,"Off Network e.g. Local Authority Road, Footpath",,Managed Motorways,,,Yes,,,,,,,,,No,,,Motor Bike,Incursion unintentional - confused or follow in,0,0,0,0,,
26453,Near Miss,Minor or low potential impact,Not Entered,8/21/2016 17:57,2016,Aug,Sun,17:57,12:00,10/6/2016 13:53,"Off Network e.g. Local Authority Road, Footpath",,Managed Motorways,,,Yes,,,,,,,,,No,,,Motor Bike,Incursion due to breakdown,0,0,0,0,,
26461,Near Miss,Minor or low potential impact,Not Entered,8/22/2016 6:45,2016,Aug,Mon,6:45,6:00,10/6/2016 14:07,"Off Network e.g. Local Authority Road, Footpath",,Managed Motorways,,,Yes,,,,,,,,,No,,,Motor Bike,Incursion due to breakdown,0,0,0,0,,
26459,Near Miss,Minor or low potential impact,Not Entered,8/22/2016 12:20,2016,Aug,Mon,12:20,12:00,10/6/2016 14:01,"Off Network e.g. Local Authority Road, Footpath",,Managed Motorways,,,Yes,,,,,,,,,No,,,Motor Bike,Incursion due to breakdown,0,0,0,0,,
26457,Near Miss,Minor or low potential impact,Not Entered,8/22/2016 20:00,2016,Aug,Mon,20:00,18:00,10/6/2016 13:59,"Off Network e.g. Local Authority Road, Footpath",,Managed Motorways,,,Yes,,,,,,,,,No,,,Motor Bike,Incursion due to breakdown,0,0,0,0,,
26466,Near Miss,Minor or low potential impact,Not Entered,8/23/2016 13:17,2016,Aug,Tue,13:17,12:00,10/6/2016 14:12,"Off Network e.g. Local Authority Road, Footpath",,Managed Motorways,,,Yes,,,,,,,,,No,,,Motor Bike,Incursion due to breakdown,0,0,0,0,,
26464,Near Miss,Minor or low potential impact,Not Entered,8/23/2016 18:17,2016,Aug,Tue,18:17,18:00,10/6/2016 14:10,"Off Network e.g. Local Authority Road, Footpath",,Managed Motorways,,,Yes,,,,,,,,,No,,,Motor Bike,Incursion due to breakdown,0,0,0,0,,
26470,Near Miss,Minor or low potential impact,Not Entered,8/24/2016 0:35,2016,Aug,Wed,0:35,0:00,10/6/2016 14:18,"Off Network e.g. Local Authority Road, Footpath",,Managed Motorways,,,Yes,,,,,,,,,No,,,Motor Bike,Incursion due to breakdown,0,0,0,0,,
26468,Near Miss,Minor or low potential impact,Not Entered,8/24/2016 1:52,2016,Aug,Wed,1:52,0:00,10/6/2016 14:15,"Off Network e.g. Local Authority Road, Footpath",,Managed Motorways,,,Yes,,,,,,,,,No,,,Motor Bike,Incursion due to breakdown,0,0,0,0,,
26474,Near Miss,Minor or low potential impact,Not Entered,8/24/2016 2:45,2016,Aug,Wed,2:45,0:00,10/6/2016 14:22,"Off Network e.g. Local Authority Road, Footpath",,Managed Motorways,,,Yes,,,,,,,,,No,,,Motor Bike,Incursion due to breakdown,0,0,0,0,,
26480,Near Miss,Minor or low potential impact,Not Entered,8/25/2016 9:30,2016,Aug,Thu,9:30,6:00,10/6/2016 14:35,"Off Network e.g. Local Authority Road, Footpath",,Managed Motorways,,,Yes,,,,,,,,,No,,,Motor Bike,Incursion due to breakdown,0,0,0,0,,
26482,Near Miss,Minor or low potential impact,Not Entered,8/25/2016 15:30,2016,Aug,Thu,15:30,12:00,10/6/2016 14:37,"Off Network e.g. Local Authority Road, Footpath",,Managed Motorways,,,Yes,,,,,,,,,No,,,Motor Bike,Incursion due to breakdown,0,0,0,0,,
26483,Near Miss,Minor or low potential impact,Not Entered,8/25/2016 19:05,2016,Aug,Thu,19:05,18:00,10/6/2016 14:50,"Off Network e.g. Local Authority Road, Footpath",,Managed Motorways,,,Yes,,,,,,,,,No,,,Motor Bike,Incursion to seek information or benefit,0,0,0,0,,
26484,Near Miss,Minor or low potential impact,Not Entered,8/25/2016 21:31,2016,Aug,Thu,21:31,18:00,10/6/2016 14:54,"Off Network e.g. Local Authority Road, Footpath",,Managed Motorways,,,Yes,,,,,,,,,No,,,Motor Bike,Incursion due to breakdown,0,0,0,0,,
26486,Near Miss,Minor or low potential impact,Not Entered,8/26/2016 4:36,2016,Aug,Fri,4:36,0:00,10/6/2016 15:00,"Off Network e.g. Local Authority Road, Footpath",,Managed Motorways,,,Yes,,,,,,,,,No,,,Motor Bike,Incursion due to breakdown,0,0,0,0,,
26485,Near Miss,Minor or low potential impact,Not Entered,8/26/2016 7:33,2016,Aug,Fri,7:33,6:00,10/6/2016 14:57,"Off Network e.g. Local Authority Road, Footpath",,Managed Motorways,,,Yes,,,,,,,,,No,,,Motor Bike,Incursion due to breakdown,0,0,0,0,,
26487,Near Miss,Minor or low potential impact,Not Entered,8/28/2016 8:16,2016,Aug,Sun,8:16,6:00,10/6/2016 15:03,"Off Network e.g. Local Authority Road, Footpath",,Managed Motorways,,,Yes,,,,,,,,,No,,,Motor Bike,Incursion unintentional - confused or follow in,0,0,0,0,,
26488,Near Miss,Minor or low potential impact,Not Entered,8/28/2016 11:12,2016,Aug,Sun,11:12,6:00,10/6/2016 15:07,"Off Network e.g. Local Authority Road, Footpath",,Managed Motorways,,,Yes,,,,,,,,,No,,,Motor Bike,Incursion unintentional - confused or follow in,0,0,0,0,,
26489,Near Miss,Minor or low potential impact,Not Entered,8/28/2016 11:25,2016,Aug,Sun,11:25,6:00,10/6/2016 15:18,"Off Network e.g. Local Authority Road, Footpath",,Managed Motorways,,,Yes,,,,,,,,,No,,,Motor Bike,Incursion to seek information or benefit,0,0,0,0,,
26490,Near Miss,Minor or low potential impact,Not Entered,8/28/2016 14:38,2016,Aug,Sun,14:38,12:00,10/6/2016 15:25,"Off Network e.g. Local Authority Road, Footpath",,Managed Motorways,,,Yes,,,,,,,,,No,,,Motor Bike,Incursion due to breakdown,0,0,0,0,,
26492,Near Miss,Minor or low potential impact,Not Entered,8/29/2016 12:30,2016,Aug,Mon,12:30,12:00,10/6/2016 15:30,"Off Network e.g. Local Authority Road, Footpath",,Managed Motorways,,,Yes,,,,,,,,,No,,,Motor Bike,Incursion due to breakdown,0,0,0,0,,
26491,Near Miss,Minor or low potential impact,Not Entered,8/29/2016 12:48,2016,Aug,Mon,12:48,12:00,10/6/2016 15:28,"Off Network e.g. Local Authority Road, Footpath",,Managed Motorways,,,Yes,,,,,,,,,No,,,Motor Bike,Incursion unintentional as result of accident,0,0,0,0,,
26476,Near Miss,Minor or low potential impact,Not Entered,8/29/2016 15:04,2016,Aug,Mon,15:04,12:00,10/6/2016 14:27,"Off Network e.g. Local Authority Road, Footpath",,Managed Motorways,,,Yes,,,,,,,,,No,,,Motor Bike,Incursion unintentional as result of accident,0,0,0,0,,
26493,Near Miss,Minor or low potential impact,Not Entered,8/30/2016 9:43,2016,Aug,Tue,9:43,6:00,10/6/2016 15:33,"Off Network e.g. Local Authority Road, Footpath",,Managed Motorways,,,Yes,,,,,,,,,No,,,Motor Bike,Incursion due to breakdown,0,0,0,0,,
26494,Near Miss,Minor or low potential impact,Not Entered,8/30/2016 12:28,2016,Aug,Tue,12:28,12:00,10/7/2016 8:23,"Off Network e.g. Local Authority Road, Footpath",,Managed Motorways,,,Yes,,,,,,,,,No,,,Motor Bike,Incursion due to breakdown,0,0,0,0,,
26495,Near Miss,Minor or low potential impact,Not Entered,8/30/2016 17:00,2016,Aug,Tue,17:00,12:00,10/7/2016 8:26,"Off Network e.g. Local Authority Road, Footpath",,Managed Motorways,,,Yes,,,,,,,,,No,,,Motor Bike,Incursion due to breakdown,0,0,0,0,,
26496,Near Miss,Minor or low potential impact,Not Entered,8/31/2016 13:30,2016,Aug,Wed,13:30,12:00,10/7/2016 8:28,"Off Network e.g. Local Authority Road, Footpath",,Managed Motorways,,,Yes,,,,,,,,,No,,,Motor Bike,Incursion due to breakdown,0,0,0,0,,
26499,Near Miss,Minor or low potential impact,Not Entered,8/31/2016 18:18,2016,Aug,Wed,18:18,18:00,10/7/2016 8:42,"Off Network e.g. Local Authority Road, Footpath",,Managed Motorways,,,Yes,,,,,,,,,No,,,Motor Bike,Incursion due to breakdown,0,0,0,0,,