Event ID,Event Type ,Event Subtype,Type of Person,Date/Time of Event,Year,Month,Day of the Week,Time,Time interval (6 hours),Date/Time Reported,Location,Specific Location (include RCC Log no if relevant),Details of actual job being done at the time,Part of Body Affected,Injury Type,Was there a vehicle involved in this event?,Work related,Accident Type,Vehicle Motion,Who was Hit,Weather/Visibility,Surface Condition,Roadbed Grade,Lighting Conditions,Was A Police Report Filed?,Name of Law Enforcement Agency,Preventable,Type,Kind of Event,Expected Lost Workdays (Total),Actual Lost Workdays (Total),Expected Restricted Workdays (Total),Actual Restricted Workdays (Total),Return To Work Date,Sign Off 1
26497,Near Miss,Minor or low potential impact,Not Entered,8/31/2016 21:32,2016,Aug,Wed,21:32,18:00,10/7/2016 8:32,"Off Network e.g. Local Authority Road, Footpath",,Managed Motorways,,,Yes,,,,,,,,,No,,,Motor Bike,Incursion due to breakdown,0,0,0,0,,
26498,Near Miss,Minor or low potential impact,Not Entered,8/31/2016 21:33,2016,Aug,Wed,21:33,18:00,10/7/2016 8:35,"Off Network e.g. Local Authority Road, Footpath",,Managed Motorways,,,Yes,,,,,,,,,No,,,Motor Bike,Incursion due to breakdown,0,0,0,0,,
25899,Near Miss,Minor or low potential impact,Not Entered,9/1/2016 2:20,2016,Sep,Thu,2:20,0:00,9/6/2016 12:34,"Off Network e.g. Local Authority Road, Footpath",,Managed Motorways,,,Yes,,,,,,,,,Yes,,,Van,Hit by a moving vehicle or plant,0,0,0,0,,
26500,Near Miss,Minor or low potential impact,Not Entered,9/1/2016 15:02,2016,Sep,Thu,15:02,12:00,10/7/2016 8:45,"Off Network e.g. Local Authority Road, Footpath",,Managed Motorways,,,Yes,,,,,,,,,No,,,Motor Bike,Incursion due to breakdown,0,0,0,0,,
26501,Near Miss,Minor or low potential impact,Not Entered,9/1/2016 22:09,2016,Sep,Thu,22:09,18:00,10/7/2016 8:47,"Off Network e.g. Local Authority Road, Footpath",,Managed Motorways,,,Yes,,,,,,,,,No,,,Motor Bike,Incursion due to breakdown,0,0,0,0,,
26502,Near Miss,Minor or low potential impact,Not Entered,9/4/2016 18:09,2016,Sep,Sun,18:09,18:00,10/7/2016 8:49,"Off Network e.g. Local Authority Road, Footpath",,Managed Motorways,,,Yes,,,,,,,,,No,,,Motor Bike,Incursion due to breakdown,0,0,0,0,,
26503,Near Miss,Minor or low potential impact,Not Entered,9/6/2016 18:59,2016,Sep,Tue,18:59,18:00,10/7/2016 8:56,"Off Network e.g. Local Authority Road, Footpath",,Managed Motorways,,,Yes,,,,,,,,,No,,,Motor Bike,Incursion due to breakdown,0,0,0,0,,
26504,Near Miss,Minor or low potential impact,Not Entered,9/7/2016 18:34,2016,Sep,Wed,18:34,18:00,10/7/2016 9:07,"Off Network e.g. Local Authority Road, Footpath",,Managed Motorways,,,Yes,,,,,,,,,No,,,Motor Bike,Incursion due to breakdown,0,0,0,0,,
26505,Near Miss,Minor or low potential impact,Not Entered,9/8/2016 13:30,2016,Sep,Thu,13:30,12:00,10/7/2016 9:10,"Off Network e.g. Local Authority Road, Footpath",,Managed Motorways,,,Yes,,,,,,,,,No,,,Motor Bike,Incursion due to breakdown,0,0,0,0,,
26506,Near Miss,Minor or low potential impact,Not Entered,9/8/2016 16:25,2016,Sep,Thu,16:25,12:00,10/7/2016 9:12,"Off Network e.g. Local Authority Road, Footpath",,Managed Motorways,,,Yes,,,,,,,,,No,,,Motor Bike,Incursion due to breakdown,0,0,0,0,,
26507,Near Miss,Minor or low potential impact,Not Entered,9/8/2016 17:25,2016,Sep,Thu,17:25,12:00,10/7/2016 9:14,"Off Network e.g. Local Authority Road, Footpath",,Managed Motorways,,,Yes,,,,,,,,,No,,,Motor Bike,Incursion due to breakdown,0,0,0,0,,
26508,Near Miss,Minor or low potential impact,Not Entered,9/9/2016 12:08,2016,Sep,Fri,12:08,12:00,10/7/2016 9:21,"Off Network e.g. Local Authority Road, Footpath",,Managed Motorways,,,Yes,,,,,,,,,No,,,Motor Bike,Incursion unintentional - confused or follow in,0,0,0,0,,
26509,Near Miss,Minor or low potential impact,Not Entered,9/10/2016 16:42,2016,Sep,Sat,16:42,12:00,10/7/2016 9:26,"Off Network e.g. Local Authority Road, Footpath",,Managed Motorways,,,Yes,,,,,,,,,No,,,Motor Bike,Incursion unintentional - confused or follow in,0,0,0,0,,
26510,Near Miss,Minor or low potential impact,Not Entered,9/11/2016 14:45,2016,Sep,Sun,14:45,12:00,10/7/2016 9:29,"Off Network e.g. Local Authority Road, Footpath",,Managed Motorways,,,Yes,,,,,,,,,No,,,Motor Bike,Incursion to seek information or benefit,0,0,0,0,,
26511,Near Miss,Minor or low potential impact,Not Entered,9/12/2016 7:42,2016,Sep,Mon,7:42,6:00,10/7/2016 9:33,"Off Network e.g. Local Authority Road, Footpath",,Managed Motorways,,,Yes,,,,,,,,,No,,,Motor Bike,Incursion to seek information or benefit,0,0,0,0,,
26513,Near Miss,Minor or low potential impact,Not Entered,9/12/2016 11:10,2016,Sep,Mon,11:10,6:00,10/7/2016 9:40,"Off Network e.g. Local Authority Road, Footpath",,Managed Motorways,,,Yes,,,,,,,,,No,,,Motor Bike,Incursion due to breakdown,0,0,0,0,,
26512,Near Miss,Minor or low potential impact,Not Entered,9/12/2016 11:10,2016,Sep,Mon,11:10,6:00,10/7/2016 9:37,"Off Network e.g. Local Authority Road, Footpath",,Managed Motorways,,,Yes,,,,,,,,,No,,,Motor Bike,Incursion to seek information or benefit,0,0,0,0,,
26515,Near Miss,Minor or low potential impact,Not Entered,9/14/2016 10:33,2016,Sep,Wed,10:33,6:00,10/7/2016 9:45,"Off Network e.g. Local Authority Road, Footpath",,Managed Motorways,,,Yes,,,,,,,,,No,,,Motor Bike,Incursion due to breakdown,0,0,0,0,,
26514,Near Miss,Minor or low potential impact,Not Entered,9/14/2016 10:40,2016,Sep,Wed,10:40,6:00,10/7/2016 9:42,"Off Network e.g. Local Authority Road, Footpath",,Managed Motorways,,,Yes,,,,,,,,,No,,,Motor Bike,Incursion to seek information or benefit,0,0,0,0,,
26516,Near Miss,Minor or low potential impact,Not Entered,9/14/2016 11:55,2016,Sep,Wed,11:55,6:00,10/7/2016 9:47,"Off Network e.g. Local Authority Road, Footpath",,Managed Motorways,,,Yes,,,,,,,,,No,,,Motor Bike,Incursion unintentional as result of accident,0,0,0,0,,
26517,Near Miss,Minor or low potential impact,Not Entered,9/14/2016 13:07,2016,Sep,Wed,13:07,12:00,10/7/2016 9:50,"Off Network e.g. Local Authority Road, Footpath",,Managed Motorways,,,Yes,,,,,,,,,No,,,Motor Bike,Incursion due to breakdown,0,0,0,0,,
26518,Near Miss,Minor or low potential impact,Not Entered,9/14/2016 14:37,2016,Sep,Wed,14:37,12:00,10/7/2016 9:53,"Off Network e.g. Local Authority Road, Footpath",,Managed Motorways,,,Yes,,,,,,,,,No,,,Motor Bike,Incursion due to breakdown,0,0,0,0,,
26546,Near Miss,Minor or low potential impact,Not Entered,9/15/2016 17:04,2016,Sep,Thu,17:04,12:00,10/11/2016 13:19,"Off Network e.g. Local Authority Road, Footpath",,Managed Motorways,,,Yes,,,,,,,,,No,,,Motor Bike,Incursion due to breakdown,0,0,0,0,,
26547,Near Miss,Minor or low potential impact,Not Entered,9/15/2016 20:16,2016,Sep,Thu,20:16,18:00,10/11/2016 13:21,"Off Network e.g. Local Authority Road, Footpath",,Managed Motorways,,,Yes,,,,,,,,,No,,,Motor Bike,Incursion to seek information or benefit,0,0,0,0,,
26545,Near Miss,Minor or low potential impact,Not Entered,9/17/2016 11:25,2016,Sep,Sat,11:25,6:00,10/11/2016 13:16,"Off Network e.g. Local Authority Road, Footpath",,Managed Motorways,,,Yes,,,,,,,,,No,,,Motor Bike,Incursion due to breakdown,0,0,0,0,,
26555,Near Miss,Minor or low potential impact,Not Entered,9/29/2016 9:29,2016,Sep,Thu,9:29,6:00,10/11/2016 13:37,"Off Network e.g. Local Authority Road, Footpath",,Managed Motorways,,,Yes,,,,,,,,,No,,,,Incursion due to breakdown,,,,,,
26554,Near Miss,Minor or low potential impact,Not Entered,9/29/2016 9:29,2016,Sep,Thu,9:29,6:00,10/11/2016 13:37,"Off Network e.g. Local Authority Road, Footpath",,Managed Motorways,,,Yes,,,,,,,,,No,,,Motor Bike,Incursion due to breakdown,0,0,0,0,,
26553,Near Miss,Minor or low potential impact,Not Entered,9/30/2016 13:46,2016,Sep,Fri,13:46,12:00,10/11/2016 13:34,"Off Network e.g. Local Authority Road, Footpath",,Managed Motorways,,,Yes,,,,,,,,,No,,,Motor Bike,Incursion due to breakdown,0,0,0,0,,
26552,Near Miss,Minor or low potential impact,Not Entered,10/1/2016 10:59,2016,Oct,Sat,10:59,6:00,10/11/2016 13:31,"Off Network e.g. Local Authority Road, Footpath",,Managed Motorways,,,Yes,,,,,,,,,No,,,Motor Bike,Incursion unintentional - confused or follow in,0,0,0,0,,
26551,Near Miss,Minor or low potential impact,Not Entered,10/1/2016 11:18,2016,Oct,Sat,11:18,6:00,10/11/2016 13:30,"Off Network e.g. Local Authority Road, Footpath",,Managed Motorways,,,Yes,,,,,,,,,No,,,Motor Bike,Incursion unintentional - confused or follow in,0,0,0,0,,
26550,Near Miss,Minor or low potential impact,Not Entered,10/3/2016 11:26,2016,Oct,Mon,11:26,6:00,10/11/2016 13:28,"Off Network e.g. Local Authority Road, Footpath",,Managed Motorways,,,Yes,,,,,,,,,No,,,Motor Bike,Incursion unintentional - confused or follow in,0,0,0,0,,
26549,Near Miss,Minor or low potential impact,Not Entered,10/5/2016 6:17,2016,Oct,Wed,6:17,6:00,10/11/2016 13:26,"Off Network e.g. Local Authority Road, Footpath",,Managed Motorways,,,Yes,,,,,,,,,No,,,Motor Bike,Incursion unintentional - confused or follow in,0,0,0,0,,
26548,Near Miss,Minor or low potential impact,Not Entered,10/5/2016 13:30,2016,Oct,Wed,13:30,12:00,10/11/2016 13:24,"Off Network e.g. Local Authority Road, Footpath",,Managed Motorways,,,Yes,,,,,,,,,No,,,Motor Bike,Incursion to seek information or benefit,0,0,0,0,,
27209,Near Miss,Minor or low potential impact,Not Entered,10/11/2016 17:25,2016,Oct,Tue,17:25,12:00,2/2/2017 8:51,"Off Network e.g. Local Authority Road, Footpath",,Managed Motorways,,,Yes,,,,,,,,,No,,,Motor Bike,Incursion due to breakdown,0,0,0,0,,
27212,Near Miss,Minor or low potential impact,Not Entered,10/11/2016 17:38,2016,Oct,Tue,17:38,12:00,2/2/2017 11:27,"Off Network e.g. Local Authority Road, Footpath",,Managed Motorways,,,Yes,,,,,,,,,No,,,Motor Bike,Incursion due to breakdown,0,0,0,0,,
27213,Near Miss,Minor or low potential impact,Not Entered,10/11/2016 19:32,2016,Oct,Tue,19:32,18:00,2/2/2017 11:30,"Off Network e.g. Local Authority Road, Footpath",,Managed Motorways,,,Yes,,,,,,,,,No,,,Motor Bike,Incursion to seek information or benefit,0,0,0,0,,
27195,Near Miss,Minor or low potential impact,Not Entered,10/12/2016 9:44,2016,Oct,Wed,9:44,6:00,2/1/2017 15:42,"Off Network e.g. Local Authority Road, Footpath",,Managed Motorways,,,Yes,,,,,,,,,No,,,Motor Bike,Incursion due to breakdown,0,0,0,0,,
27196,Near Miss,Minor or low potential impact,Not Entered,10/12/2016 16:15,2016,Oct,Wed,16:15,12:00,2/1/2017 15:48,"Off Network e.g. Local Authority Road, Footpath",,Managed Motorways,,,Yes,,,,,,,,,No,,,Motor Bike,Incursion due to breakdown,0,0,0,0,,
27214,Near Miss,Minor or low potential impact,Not Entered,10/13/2016 7:42,2016,Oct,Thu,7:42,6:00,2/2/2017 11:40,"Off Network e.g. Local Authority Road, Footpath",,Managed Motorways,,,Yes,,,,,,,,,No,,,Motor Bike,Incursion due to breakdown,0,0,0,0,,
27194,Near Miss,Minor or low potential impact,Not Entered,10/13/2016 17:30,2016,Oct,Thu,17:30,12:00,2/1/2017 15:36,"Off Network e.g. Local Authority Road, Footpath",,Managed Motorways,,,Yes,,,,,,,,,No,,,Motor Bike,Incursion due to breakdown,0,0,0,0,,
27189,Near Miss,Minor or low potential impact,Not Entered,10/14/2016 7:57,2016,Oct,Fri,7:57,6:00,2/1/2017 15:01,"Off Network e.g. Local Authority Road, Footpath",,Managed Motorways,,,No,,,,,,,,,No,,,,Incursion unintentional as result of accident,0,0,0,0,,
27178,Near Miss,Minor or low potential impact,Not Entered,10/14/2016 7:57,2016,Oct,Fri,7:57,6:00,2/1/2017 11:57,"Off Network e.g. Local Authority Road, Footpath",,Managed Motorways,,,Yes,,,,,,,,,No,,,Motor Bike,Incursion unintentional as result of accident,0,0,0,0,,
26878,Near Miss,Minor or low potential impact,Not Entered,10/14/2016 7:57,2016,Oct,Fri,7:57,6:00,12/7/2016 14:35,"Off Network e.g. Local Authority Road, Footpath",,Managed Motorways,,,Yes,,,,,,,,,No,,,Motor Bike,Incursion unintentional as result of accident,0,0,0,0,,
27193,Near Miss,Minor or low potential impact,Not Entered,10/14/2016 12:05,2016,Oct,Fri,12:05,12:00,2/1/2017 15:29,"Off Network e.g. Local Authority Road, Footpath",,Managed Motorways,,,Yes,,,,,,,,,No,,,Motor Bike,Incursion to seek information or benefit,0,0,0,0,,
26881,Near Miss,Minor or low potential impact,Not Entered,10/14/2016 12:05,2016,Oct,Fri,12:05,12:00,12/7/2016 15:47,"Off Network e.g. Local Authority Road, Footpath",,Managed Motorways,,,Yes,,,,,,,,,No,,,Motor Bike,Incursion to seek information or benefit,0,0,0,0,,
27191,Near Miss,Minor or low potential impact,Not Entered,10/14/2016 12:19,2016,Oct,Fri,12:19,12:00,2/1/2017 15:22,"Off Network e.g. Local Authority Road, Footpath",,Managed Motorways,,,Yes,,,,,,,,,No,,,Motor Bike,Incursion due to breakdown,0,0,0,0,,
26880,Near Miss,Minor or low potential impact,Not Entered,10/14/2016 12:19,2016,Oct,Fri,12:19,12:00,12/7/2016 15:34,"Off Network e.g. Local Authority Road, Footpath",,Managed Motorways,,,Yes,,,,,,,,,No,,,Motor Bike,Incursion due to breakdown,0,0,0,0,,
27190,Near Miss,Minor or low potential impact,Not Entered,10/15/2016 10:21,2016,Oct,Sat,10:21,6:00,2/1/2017 15:12,"Off Network e.g. Local Authority Road, Footpath",,Managed Motorways,,,Yes,,,,,,,,,No,,,Motor Bike,Incursion to seek information or benefit,0,0,0,0,,
27180,Near Miss,Minor or low potential impact,Not Entered,10/15/2016 10:21,2016,Oct,Sat,10:21,6:00,2/1/2017 12:16,"Off Network e.g. Local Authority Road, Footpath",,Managed Motorways,,,Yes,,,,,,,,,No,,,Motor Bike,Incursion to seek information or benefit,0,0,0,0,,
26879,Near Miss,Minor or low potential impact,Not Entered,10/15/2016 10:21,2016,Oct,Sat,10:21,6:00,12/7/2016 14:49,"Off Network e.g. Local Authority Road, Footpath",,Managed Motorways,,,Yes,,,,,,,,,No,,,Motor Bike,Incursion to seek information or benefit,0,0,0,0,,
27215,Near Miss,Minor or low potential impact,Not Entered,10/15/2016 14:45,2016,Oct,Sat,14:45,12:00,2/2/2017 11:44,"Off Network e.g. Local Authority Road, Footpath",,Managed Motorways,,,Yes,,,,,,,,,No,,,Motor Bike,Incursion due to breakdown,0,0,0,0,,
27216,Near Miss,Minor or low potential impact,Not Entered,10/17/2016 15:50,2016,Oct,Mon,15:50,12:00,2/2/2017 11:57,"Off Network e.g. Local Authority Road, Footpath",,Managed Motorways,,,Yes,,,,,,,,,No,,,Motor Bike,Incursion to seek information or benefit,0,0,0,0,,
27217,Near Miss,Minor or low potential impact,Not Entered,10/18/2016 21:12,2016,Oct,Tue,21:12,18:00,2/2/2017 12:04,"Off Network e.g. Local Authority Road, Footpath",,Managed Motorways,,,Yes,,,,,,,,,No,,,Motor Bike,Incursion due to breakdown,0,0,0,0,,
27220,Near Miss,Minor or low potential impact,Not Entered,10/19/2016 3:50,2016,Oct,Wed,3:50,0:00,2/2/2017 14:09,"Off Network e.g. Local Authority Road, Footpath",,Managed Motorways,,,Yes,,,,,,,,,No,,,Motor Bike,Incursion to seek information or benefit,0,0,0,0,,
27218,Near Miss,Minor or low potential impact,Not Entered,10/19/2016 16:20,2016,Oct,Wed,16:20,12:00,2/2/2017 12:21,"Off Network e.g. Local Authority Road, Footpath",,Managed Motorways,,,Yes,,,,,,,,,No,,,Motor Bike,Incursion due to breakdown,0,0,0,0,,
27208,Near Miss,Minor or low potential impact,Not Entered,10/19/2016 19:42,2016,Oct,Wed,19:42,18:00,2/2/2017 8:47,"Off Network e.g. Local Authority Road, Footpath",,Managed Motorways,,,Yes,,,,,,,,,No,,,Motor Bike,Incursion due to breakdown,0,0,0,0,,
27206,Near Miss,Minor or low potential impact,Not Entered,10/20/2016 8:00,2016,Oct,Thu,8:00,6:00,2/2/2017 8:23,"Off Network e.g. Local Authority Road, Footpath",,Managed Motorways,,,Yes,,,,,,,,,No,,,Motor Bike,Incursion due to breakdown,0,0,0,0,,
27207,Near Miss,Minor or low potential impact,Not Entered,10/20/2016 16:34,2016,Oct,Thu,16:34,12:00,2/2/2017 8:27,"Off Network e.g. Local Authority Road, Footpath",,Managed Motorways,,,Yes,,,,,,,,,No,,,Motor Bike,Incursion due to breakdown,0,0,0,0,,
27221,Near Miss,Minor or low potential impact,Not Entered,10/20/2016 17:28,2016,Oct,Thu,17:28,12:00,2/2/2017 14:15,"Off Network e.g. Local Authority Road, Footpath",,Managed Motorways,,,Yes,,,,,,,,,No,,,Motor Bike,Incursion to seek information or benefit,0,0,0,0,,
27203,Near Miss,Minor or low potential impact,Not Entered,10/21/2016 7:14,2016,Oct,Fri,7:14,6:00,2/2/2017 8:08,"Off Network e.g. Local Authority Road, Footpath",,Managed Motorways,,,Yes,,,,,,,,,No,,,Motor Bike,Incursion due to breakdown,0,0,0,0,,
27205,Near Miss,Minor or low potential impact,Not Entered,10/21/2016 7:27,2016,Oct,Fri,7:27,6:00,2/2/2017 8:17,"Off Network e.g. Local Authority Road, Footpath",,Managed Motorways,,,Yes,,,,,,,,,No,,,Motor Bike,Incursion due to breakdown,0,0,0,0,,
27204,Near Miss,Minor or low potential impact,Not Entered,10/21/2016 7:35,2016,Oct,Fri,7:35,6:00,2/2/2017 8:13,"Off Network e.g. Local Authority Road, Footpath",,Managed Motorways,,,Yes,,,,,,,,,No,,,Motor Bike,Incursion due to breakdown,0,0,0,0,,
27202,Near Miss,Minor or low potential impact,Not Entered,10/21/2016 16:00,2016,Oct,Fri,16:00,12:00,2/2/2017 8:02,"Off Network e.g. Local Authority Road, Footpath",,Managed Motorways,,,Yes,,,,,,,,,No,,,Motor Bike,Incursion due to breakdown,0,0,0,0,,
27197,Near Miss,Minor or low potential impact,Not Entered,10/21/2016 18:00,2016,Oct,Fri,18:00,18:00,2/1/2017 15:55,"Off Network e.g. Local Authority Road, Footpath",,Managed Motorways,,,Yes,,,,,,,,,No,,,Van,Incursion unintentional as result of accident,0,0,0,0,,
27201,Near Miss,Minor or low potential impact,Not Entered,10/21/2016 18:29,2016,Oct,Fri,18:29,18:00,2/2/2017 7:58,"Off Network e.g. Local Authority Road, Footpath",,Managed Motorways,,,Yes,,,,,,,,,No,,,Motor Bike,Incursion due to breakdown,0,0,0,0,,
27198,Near Miss,Minor or low potential impact,Not Entered,10/21/2016 21:16,2016,Oct,Fri,21:16,18:00,2/1/2017 16:02,"Off Network e.g. Local Authority Road, Footpath",,Managed Motorways,,,Yes,,,,,,,,,No,,,Motor Bike,Incursion due to breakdown,0,0,0,0,,
27224,Near Miss,Minor or low potential impact,Not Entered,10/22/2016 2:37,2016,Oct,Sat,2:37,0:00,2/2/2017 14:34,"Off Network e.g. Local Authority Road, Footpath",,Managed Motorways,,,Yes,,,,,,,,,No,,,Motor Bike,Incursion due to breakdown,0,0,0,0,,
27222,Near Miss,Minor or low potential impact,Not Entered,10/22/2016 17:28,2016,Oct,Sat,17:28,12:00,2/2/2017 14:19,"Off Network e.g. Local Authority Road, Footpath",,Managed Motorways,,,Yes,,,,,,,,,No,,,Motor Bike,Incursion unintentional - confused or follow in,0,0,0,0,,
27225,Near Miss,Minor or low potential impact,Not Entered,10/22/2016 23:56,2016,Oct,Sat,23:56,18:00,2/2/2017 14:37,"Off Network e.g. Local Authority Road, Footpath",,Managed Motorways,,,Yes,,,,,,,,,No,,,Motor Bike,Incursion due to breakdown,0,0,0,0,,
27226,Near Miss,Minor or low potential impact,Not Entered,10/23/2016 17:55,2016,Oct,Sun,17:55,12:00,2/2/2017 14:40,"Off Network e.g. Local Authority Road, Footpath",,Managed Motorways,,,Yes,,,,,,,,,No,,,Motor Bike,Incursion to seek information or benefit,0,0,0,0,,
27242,Near Miss,Minor or low potential impact,Not Entered,10/24/2016 19:18,2016,Oct,Mon,19:18,18:00,2/2/2017 15:13,"Off Network e.g. Local Authority Road, Footpath",,Managed Motorways,,,Yes,,,,,,,,,No,,,Motor Bike,Incursion unintentional - confused or follow in,0,0,0,0,,
27243,Near Miss,Minor or low potential impact,Not Entered,10/25/2016 9:00,2016,Oct,Tue,9:00,6:00,2/2/2017 15:42,"Off Network e.g. Local Authority Road, Footpath",,Managed Motorways,,,Yes,,,,,,,,,No,,,Motor Bike,Incursion unintentional - confused or follow in,0,0,0,0,,
27230,Near Miss,Minor or low potential impact,Not Entered,10/25/2016 18:07,2016,Oct,Tue,18:07,18:00,2/2/2017 14:47,"Off Network e.g. Local Authority Road, Footpath",,Managed Motorways,,,Yes,,,,,,,,,No,,,Motor Bike,Incursion due to breakdown,0,0,0,0,,
27229,Near Miss,Minor or low potential impact,Not Entered,10/25/2016 18:56,2016,Oct,Tue,18:56,18:00,2/2/2017 14:45,"Off Network e.g. Local Authority Road, Footpath",,Managed Motorways,,,Yes,,,,,,,,,No,,,Motor Bike,Incursion due to breakdown,0,0,0,0,,
27231,Near Miss,Minor or low potential impact,Not Entered,10/25/2016 19:00,2016,Oct,Tue,19:00,18:00,2/2/2017 14:48,"Off Network e.g. Local Authority Road, Footpath",,Managed Motorways,,,Yes,,,,,,,,,No,,,Motor Bike,Incursion due to breakdown,0,0,0,0,,
27244,Near Miss,Minor or low potential impact,Not Entered,10/26/2016 16:42,2016,Oct,Wed,16:42,12:00,2/2/2017 15:47,"Off Network e.g. Local Authority Road, Footpath",,Managed Motorways,,,Yes,,,,,,,,,No,,,Motor Bike,Incursion due to breakdown,0,0,0,0,,
27232,Near Miss,Minor or low potential impact,Not Entered,10/26/2016 18:15,2016,Oct,Wed,18:15,18:00,2/2/2017 14:50,"Off Network e.g. Local Authority Road, Footpath",,Managed Motorways,,,Yes,,,,,,,,,No,,,Motor Bike,Incursion unintentional as result of accident,0,0,0,0,,
27233,Near Miss,Minor or low potential impact,Not Entered,10/26/2016 18:33,2016,Oct,Wed,18:33,18:00,2/2/2017 14:51,"Off Network e.g. Local Authority Road, Footpath",,Managed Motorways,,,Yes,,,,,,,,,No,,,Motor Bike,Incursion due to breakdown,0,0,0,0,,
27234,Near Miss,Minor or low potential impact,Not Entered,10/27/2016 12:15,2016,Oct,Thu,12:15,12:00,2/2/2017 14:53,"Off Network e.g. Local Authority Road, Footpath",,Managed Motorways,,,Yes,,,,,,,,,No,,,Motor Bike,Incursion unintentional as result of accident,0,0,0,0,,
27235,Near Miss,Minor or low potential impact,Not Entered,10/28/2016 0:54,2016,Oct,Fri,0:54,0:00,2/2/2017 14:55,"Off Network e.g. Local Authority Road, Footpath",,Managed Motorways,,,Yes,,,,,,,,,No,,,Motor Bike,Incursion unintentional as result of accident,0,0,0,0,,
27236,Near Miss,Minor or low potential impact,Not Entered,10/28/2016 23:52,2016,Oct,Fri,23:52,18:00,2/2/2017 14:57,"Off Network e.g. Local Authority Road, Footpath",,Managed Motorways,,,Yes,,,,,,,,,No,,,Motor Bike,Incursion due to breakdown,0,0,0,0,,
27237,Near Miss,Minor or low potential impact,Not Entered,10/29/2016 4:32,2016,Oct,Sat,4:32,0:00,2/2/2017 15:01,"Off Network e.g. Local Authority Road, Footpath",,Managed Motorways,,,Yes,,,,,,,,,No,,,Motor Bike,Incursion due to breakdown,0,0,0,0,,
27322,Near Miss,Minor or low potential impact,Not Entered,10/30/2016 7:52,2016,Oct,Sun,7:52,6:00,2/7/2017 9:05,"Off Network e.g. Local Authority Road, Footpath",,Managed Motorways,,,Yes,,,,,,,,,No,,,Motor Bike,Incursion due to breakdown,0,0,0,0,,
27323,Near Miss,Minor or low potential impact,Not Entered,10/30/2016 7:58,2016,Oct,Sun,7:58,6:00,2/7/2017 9:09,"Off Network e.g. Local Authority Road, Footpath",,Managed Motorways,,,Yes,,,,,,,,,No,,,Motor Bike,Incursion due to breakdown,0,0,0,0,,
27325,Near Miss,Minor or low potential impact,Not Entered,10/30/2016 10:55,2016,Oct,Sun,10:55,6:00,2/7/2017 9:19,"Off Network e.g. Local Authority Road, Footpath",,Managed Motorways,,,Yes,,,,,,,,,No,,,Motor Bike,Incursion due to breakdown,0,0,0,0,,
27238,Near Miss,Minor or low potential impact,Not Entered,10/30/2016 14:00,2016,Oct,Sun,14:00,12:00,2/2/2017 15:02,"Off Network e.g. Local Authority Road, Footpath",,Managed Motorways,,,Yes,,,,,,,,,No,,,Motor Bike,Incursion due to breakdown,0,0,0,0,,
27239,Near Miss,Minor or low potential impact,Not Entered,10/31/2016 7:21,2016,Oct,Mon,7:21,6:00,2/2/2017 15:03,"Off Network e.g. Local Authority Road, Footpath",,Managed Motorways,,,Yes,,,,,,,,,No,,,Motor Bike,Incursion due to breakdown,0,0,0,0,,
27240,Near Miss,Minor or low potential impact,Not Entered,10/31/2016 7:30,2016,Oct,Mon,7:30,6:00,2/2/2017 15:06,"Off Network e.g. Local Authority Road, Footpath",,Managed Motorways,,,Yes,,,,,,,,,No,,,Motor Bike,Incursion due to breakdown,0,0,0,0,,
27241,Near Miss,Minor or low potential impact,Not Entered,10/31/2016 8:40,2016,Oct,Mon,8:40,6:00,2/2/2017 15:11,"Off Network e.g. Local Authority Road, Footpath",,Managed Motorways,,,Yes,,,,,,,,,No,,,Motor Bike,Incursion due to breakdown,0,0,0,0,,
27245,Near Miss,Minor or low potential impact,Not Entered,11/2/2016 11:00,2016,Nov,Wed,11:00,6:00,2/2/2017 15:51,"Off Network e.g. Local Authority Road, Footpath",,Managed Motorways,,,Yes,,,,,,,,,No,,,Motor Bike,Incursion due to breakdown,0,0,0,0,,
27246,Near Miss,Minor or low potential impact,Not Entered,11/2/2016 11:30,2016,Nov,Wed,11:30,6:00,2/2/2017 15:55,"Off Network e.g. Local Authority Road, Footpath",,Managed Motorways,,,Yes,,,,,,,,,No,,,Motor Bike,Incursion to seek information or benefit,0,0,0,0,,
27247,Near Miss,Minor or low potential impact,Not Entered,11/3/2016 7:11,2016,Nov,Thu,7:11,6:00,2/2/2017 15:58,"Off Network e.g. Local Authority Road, Footpath",,Managed Motorways,,,Yes,,,,,,,,,No,,,Motor Bike,Incursion due to breakdown,0,0,0,0,,
27250,Near Miss,Minor or low potential impact,Not Entered,11/3/2016 11:47,2016,Nov,Thu,11:47,6:00,2/3/2017 9:35,"Off Network e.g. Local Authority Road, Footpath",,Managed Motorways,,,Yes,,,,,,,,,No,,,Motor Bike,Incursion due to breakdown,0,0,0,0,,