Event ID,Event Type ,Event Subtype,Type of Person,Date/Time of Event,Year,Month,Day of the Week,Time,Time interval (6 hours),Date/Time Reported,Location,Specific Location (include RCC Log no if relevant),Details of actual job being done at the time,Part of Body Affected,Injury Type,Was there a vehicle involved in this event?,Work related,Accident Type,Vehicle Motion,Who was Hit,Weather/Visibility,Surface Condition,Roadbed Grade,Lighting Conditions,Was A Police Report Filed?,Name of Law Enforcement Agency,Preventable,Type,Kind of Event,Expected Lost Workdays (Total),Actual Lost Workdays (Total),Expected Restricted Workdays (Total),Actual Restricted Workdays (Total),Return To Work Date,Sign Off 1
27248,Near Miss,Minor or low potential impact,Not Entered,11/3/2016 11:47,2016,Nov,Thu,11:47,6:00,2/2/2017 16:02,"Off Network e.g. Local Authority Road, Footpath",,Managed Motorways,,,Yes,,,,,,,,,No,,,Motor Bike,Incursion unintentional - confused or follow in,0,0,0,0,,
27249,Near Miss,Minor or low potential impact,Not Entered,11/3/2016 18:54,2016,Nov,Thu,18:54,18:00,2/2/2017 16:05,"Off Network e.g. Local Authority Road, Footpath",,Managed Motorways,,,Yes,,,,,,,,,No,,,Motor Bike,Incursion due to breakdown,0,0,0,0,,
27251,Near Miss,Minor or low potential impact,Not Entered,11/3/2016 20:38,2016,Nov,Thu,20:38,18:00,2/3/2017 9:39,"Off Network e.g. Local Authority Road, Footpath",,Managed Motorways,,,Yes,,,,,,,,,No,,,Motor Bike,Incursion to seek information or benefit,0,0,0,0,,
27252,Near Miss,Minor or low potential impact,Not Entered,11/4/2016 10:13,2016,Nov,Fri,10:13,6:00,2/3/2017 9:49,"Off Network e.g. Local Authority Road, Footpath",,Managed Motorways,,,Yes,,,,,,,,,No,,,Motor Bike,Incursion due to breakdown,0,0,0,0,,
27253,Near Miss,Minor or low potential impact,Not Entered,11/4/2016 11:00,2016,Nov,Fri,11:00,6:00,2/3/2017 9:54,"Off Network e.g. Local Authority Road, Footpath",,Managed Motorways,,,Yes,,,,,,,,,No,,,Motor Bike,Incursion due to breakdown,0,0,0,0,,
26991,Near Miss,Minor or low potential impact,Not Entered,11/4/2016 11:00,2016,Nov,Fri,11:00,6:00,1/3/2017 13:02,"Off Network e.g. Local Authority Road, Footpath",,Managed Motorways,,,Yes,,,,,,,,,No,,,Motor Bike,Incursion due to breakdown,0,0,0,0,,
27254,Near Miss,Minor or low potential impact,Not Entered,11/4/2016 16:49,2016,Nov,Fri,16:49,12:00,2/3/2017 10:08,"Off Network e.g. Local Authority Road, Footpath",,Managed Motorways,,,Yes,,,,,,,,,No,,,Motor Bike,Incursion due to breakdown,0,0,0,0,,
27255,Near Miss,Minor or low potential impact,Not Entered,11/4/2016 18:02,2016,Nov,Fri,18:02,18:00,2/3/2017 10:11,"Off Network e.g. Local Authority Road, Footpath",,Managed Motorways,,,Yes,,,,,,,,,No,,,Motor Bike,Incursion due to breakdown,0,0,0,0,,
27256,Near Miss,Minor or low potential impact,Not Entered,11/6/2016 4:34,2016,Nov,Sun,4:34,0:00,2/3/2017 10:17,"Off Network e.g. Local Authority Road, Footpath",,Managed Motorways,,,Yes,,,,,,,,,No,,,Motor Bike,Incursion to seek information or benefit,0,0,0,0,,
27261,Near Miss,Minor or low potential impact,Not Entered,11/9/2016 7:00,2016,Nov,Wed,7:00,6:00,2/3/2017 14:37,"Off Network e.g. Local Authority Road, Footpath",,Managed Motorways,,,Yes,,,,,,,,,No,,,Motor Bike,Incursion due to breakdown,0,0,0,0,,
27257,Near Miss,Minor or low potential impact,Not Entered,11/9/2016 17:10,2016,Nov,Wed,17:10,12:00,2/3/2017 10:23,"Off Network e.g. Local Authority Road, Footpath",,Managed Motorways,,,Yes,,,,,,,,,No,,,Motor Bike,Incursion due to breakdown,0,0,0,0,,
27262,Near Miss,Minor or low potential impact,Not Entered,11/9/2016 19:07,2016,Nov,Wed,19:07,18:00,2/3/2017 14:42,"Off Network e.g. Local Authority Road, Footpath",,Managed Motorways,,,Yes,,,,,,,,,No,,,Motor Bike,Incursion due to breakdown,0,0,0,0,,
27264,Near Miss,Minor or low potential impact,Not Entered,11/11/2016 7:00,2016,Nov,Fri,7:00,6:00,2/3/2017 14:46,"Off Network e.g. Local Authority Road, Footpath",,Managed Motorways,,,Yes,,,,,,,,,No,,,Motor Bike,Incursion to seek information or benefit,0,0,0,0,,
26992,Near Miss,Minor or low potential impact,Not Entered,11/11/2016 10:53,2016,Nov,Fri,10:53,6:00,1/3/2017 13:04,"Off Network e.g. Local Authority Road, Footpath",,Managed Motorways,,,Yes,,,,,,,,,No,,,Motor Bike,Incursion unintentional - confused or follow in,0,0,0,0,,
27296,Near Miss,Minor or low potential impact,Not Entered,11/11/2016 17:32,2016,Nov,Fri,17:32,12:00,2/6/2017 13:32,"Off Network e.g. Local Authority Road, Footpath",,Managed Motorways,,,Yes,,,,,,,,,No,,,Motor Bike,Incursion due to breakdown,0,0,0,0,,
27266,Near Miss,Minor or low potential impact,Not Entered,11/12/2016 17:42,2016,Nov,Sat,17:42,12:00,2/3/2017 14:56,"Off Network e.g. Local Authority Road, Footpath",,Managed Motorways,,,Yes,,,,,,,,,No,,,Motor Bike,Incursion due to breakdown,0,0,0,0,,
27267,Near Miss,Minor or low potential impact,Not Entered,11/13/2016 0:00,2016,Nov,Sun,0:00,0:00,2/3/2017 15:00,"Off Network e.g. Local Authority Road, Footpath",,Managed Motorways,,,Yes,,,,,,,,,No,,,Motor Bike,Incursion unintentional - confused or follow in,0,0,0,0,,
27275,Near Miss,Minor or low potential impact,Not Entered,11/14/2016 0:00,2016,Nov,Mon,0:00,0:00,2/6/2017 9:27,"Off Network e.g. Local Authority Road, Footpath",,Managed Motorways,,,No,,,,,,,,,No,,,,Incursion due to breakdown,0,0,0,0,,
27276,Near Miss,Minor or low potential impact,Not Entered,11/14/2016 11:31,2016,Nov,Mon,11:31,6:00,2/6/2017 9:43,"Off Network e.g. Local Authority Road, Footpath",,Managed Motorways,,,Yes,,,,,,,,,No,,,Motor Bike,Incursion due to breakdown,0,0,0,0,,
27277,Near Miss,Minor or low potential impact,Not Entered,11/14/2016 19:58,2016,Nov,Mon,19:58,18:00,2/6/2017 9:51,"Off Network e.g. Local Authority Road, Footpath",,Managed Motorways,,,Yes,,,,,,,,,No,,,Motor Bike,Incursion due to breakdown,0,0,0,0,,
27279,Near Miss,Minor or low potential impact,Not Entered,11/15/2016 2:33,2016,Nov,Tue,2:33,0:00,2/6/2017 9:54,"Off Network e.g. Local Authority Road, Footpath",,Managed Motorways,,,Yes,,,,,,,,,No,,,Motor Bike,Incursion due to breakdown,0,0,0,0,,
27284,Near Miss,Minor or low potential impact,Not Entered,11/16/2016 0:00,2016,Nov,Wed,0:00,0:00,2/6/2017 12:12,"Off Network e.g. Local Authority Road, Footpath",,Managed Motorways,,,Yes,,,,,,,,,No,,,Motor Bike,Incursion due to breakdown,0,0,0,0,,
27282,Near Miss,Minor or low potential impact,Not Entered,11/16/2016 9:43,2016,Nov,Wed,9:43,6:00,2/6/2017 12:06,"Off Network e.g. Local Authority Road, Footpath",,Managed Motorways,,,Yes,,,,,,,,,No,,,Motor Bike,Incursion due to breakdown,0,0,0,0,,
27283,Near Miss,Minor or low potential impact,Not Entered,11/16/2016 9:55,2016,Nov,Wed,9:55,6:00,2/6/2017 12:09,"Off Network e.g. Local Authority Road, Footpath",,Managed Motorways,,,Yes,,,,,,,,,No,,,Motor Bike,Incursion unintentional as result of accident,0,0,0,0,,
27285,Near Miss,Minor or low potential impact,Not Entered,11/17/2016 13:09,2016,Nov,Thu,13:09,12:00,2/6/2017 12:16,"Off Network e.g. Local Authority Road, Footpath",,Managed Motorways,,,Yes,,,,,,,,,No,,,Motor Bike,Incursion due to breakdown,0,0,0,0,,
27287,Near Miss,Minor or low potential impact,Not Entered,11/17/2016 14:15,2016,Nov,Thu,14:15,12:00,2/6/2017 12:25,"Off Network e.g. Local Authority Road, Footpath",,Managed Motorways,,,Yes,,,,,,,,,No,,,Motor Bike,Incursion due to breakdown,0,0,0,0,,
27286,Near Miss,Minor or low potential impact,Not Entered,11/17/2016 14:53,2016,Nov,Thu,14:53,12:00,2/6/2017 12:20,"Off Network e.g. Local Authority Road, Footpath",,Managed Motorways,,,Yes,,,,,,,,,No,,,Motor Bike,Incursion unintentional - confused or follow in,0,0,0,0,,
27288,Near Miss,Minor or low potential impact,Not Entered,11/17/2016 16:00,2016,Nov,Thu,16:00,12:00,2/6/2017 12:28,"Off Network e.g. Local Authority Road, Footpath",,Managed Motorways,,,Yes,,,,,,,,,No,,,Motor Bike,Incursion due to breakdown,0,0,0,0,,
27289,Near Miss,Minor or low potential impact,Not Entered,11/17/2016 16:08,2016,Nov,Thu,16:08,12:00,2/6/2017 12:31,"Off Network e.g. Local Authority Road, Footpath",,Managed Motorways,,,Yes,,,,,,,,,No,,,Motor Bike,Incursion unintentional - confused or follow in,0,0,0,0,,
27294,Near Miss,Minor or low potential impact,Not Entered,11/18/2016 0:00,2016,Nov,Fri,0:00,0:00,2/6/2017 13:14,"Off Network e.g. Local Authority Road, Footpath",,Managed Motorways,,,Yes,,,,,,,,,No,,,Motor Bike,Incursion unintentional - confused or follow in,0,0,0,0,,
27290,Near Miss,Minor or low potential impact,Not Entered,11/18/2016 9:14,2016,Nov,Fri,9:14,6:00,2/6/2017 12:35,"Off Network e.g. Local Authority Road, Footpath",,Managed Motorways,,,Yes,,,,,,,,,No,,,Motor Bike,Incursion due to breakdown,0,0,0,0,,
27291,Near Miss,Minor or low potential impact,Not Entered,11/18/2016 9:22,2016,Nov,Fri,9:22,6:00,2/6/2017 12:45,"Off Network e.g. Local Authority Road, Footpath",,Managed Motorways,,,Yes,,,,,,,,,No,,,Motor Bike,Incursion due to breakdown,0,0,0,0,,
27292,Near Miss,Minor or low potential impact,Not Entered,11/18/2016 10:06,2016,Nov,Fri,10:06,6:00,2/6/2017 12:50,"Off Network e.g. Local Authority Road, Footpath",,Managed Motorways,,,Yes,,,,,,,,,No,,,Motor Bike,Incursion due to breakdown,0,0,0,0,,
27293,Near Miss,Minor or low potential impact,Not Entered,11/18/2016 11:55,2016,Nov,Fri,11:55,6:00,2/6/2017 12:53,"Off Network e.g. Local Authority Road, Footpath",,Managed Motorways,,,Yes,,,,,,,,,No,,,Motor Bike,Incursion due to breakdown,0,0,0,0,,
27295,Near Miss,Minor or low potential impact,Not Entered,11/19/2016 17:10,2016,Nov,Sat,17:10,12:00,2/6/2017 13:22,"Off Network e.g. Local Authority Road, Footpath",,Managed Motorways,,,Yes,,,,,,,,,No,,,Motor Bike,Incursion unintentional as result of accident,0,0,0,0,,
27298,Near Miss,Minor or low potential impact,Not Entered,11/19/2016 17:32,2016,Nov,Sat,17:32,12:00,2/6/2017 13:35,"Off Network e.g. Local Authority Road, Footpath",,Managed Motorways,,,Yes,,,,,,,,,No,,,Motor Bike,Incursion due to breakdown,0,0,0,0,,
27299,Near Miss,Minor or low potential impact,Not Entered,11/21/2016 18:16,2016,Nov,Mon,18:16,18:00,2/6/2017 13:39,"Off Network e.g. Local Authority Road, Footpath",,Managed Motorways,,,Yes,,,,,,,,,No,,,Motor Bike,Incursion due to breakdown,0,0,0,0,,
27300,Near Miss,Minor or low potential impact,Not Entered,11/21/2016 18:28,2016,Nov,Mon,18:28,18:00,2/6/2017 13:42,"Off Network e.g. Local Authority Road, Footpath",,Managed Motorways,,,Yes,,,,,,,,,No,,,Motor Bike,Incursion due to breakdown,0,0,0,0,,
27301,Near Miss,Minor or low potential impact,Not Entered,11/22/2016 17:20,2016,Nov,Tue,17:20,12:00,2/6/2017 13:45,"Off Network e.g. Local Authority Road, Footpath",,Managed Motorways,,,Yes,,,,,,,,,No,,,Motor Bike,Incursion to seek information or benefit,0,0,0,0,,
27302,Near Miss,Minor or low potential impact,Not Entered,11/22/2016 17:39,2016,Nov,Tue,17:39,12:00,2/6/2017 13:48,"Off Network e.g. Local Authority Road, Footpath",,Managed Motorways,,,Yes,,,,,,,,,No,,,Motor Bike,Incursion due to breakdown,0,0,0,0,,
27304,Near Miss,Minor or low potential impact,Not Entered,11/22/2016 18:15,2016,Nov,Tue,18:15,18:00,2/6/2017 14:45,"Off Network e.g. Local Authority Road, Footpath",,Managed Motorways,,,Yes,,,,,,,,,No,,,Motor Bike,Incursion to seek information or benefit,0,0,0,0,,
27305,Near Miss,Minor or low potential impact,Not Entered,11/22/2016 20:49,2016,Nov,Tue,20:49,18:00,2/6/2017 14:49,"Off Network e.g. Local Authority Road, Footpath",,Managed Motorways,,,Yes,,,,,,,,,No,,,Motor Bike,Incursion due to breakdown,0,0,0,0,,
27306,Near Miss,Minor or low potential impact,Not Entered,11/23/2016 1:36,2016,Nov,Wed,1:36,0:00,2/6/2017 14:52,"Off Network e.g. Local Authority Road, Footpath",,Managed Motorways,,,Yes,,,,,,,,,No,,,Motor Bike,Incursion due to breakdown,0,0,0,0,,
27308,Near Miss,Minor or low potential impact,Not Entered,11/24/2016 0:00,2016,Nov,Thu,0:00,0:00,2/6/2017 15:12,"Off Network e.g. Local Authority Road, Footpath",,Managed Motorways,,,Yes,,,,,,,,,No,,,Motor Bike,Incursion unintentional - confused or follow in,0,0,0,0,,
27307,Near Miss,Minor or low potential impact,Not Entered,11/24/2016 19:00,2016,Nov,Thu,19:00,18:00,2/6/2017 14:56,"Off Network e.g. Local Authority Road, Footpath",,Managed Motorways,,,Yes,,,,,,,,,No,,,Motor Bike,Incursion due to breakdown,0,0,0,0,,
27228,Near Miss,Minor or low potential impact,Not Entered,11/24/2016 23:20,2016,Nov,Thu,23:20,18:00,2/2/2017 14:42,"Off Network e.g. Local Authority Road, Footpath",,Managed Motorways,,,Yes,,,,,,,,,No,,,Motor Bike,Incursion due to breakdown,0,0,0,0,,
26993,Near Miss,Minor or low potential impact,Not Entered,11/25/2016 15:09,2016,Nov,Fri,15:09,12:00,1/3/2017 13:07,"Off Network e.g. Local Authority Road, Footpath",,Managed Motorways,,,Yes,,,,,,,,,No,,,Motor Bike,Incursion due to breakdown,0,0,0,0,,
27309,Near Miss,Minor or low potential impact,Not Entered,11/25/2016 17:38,2016,Nov,Fri,17:38,12:00,2/6/2017 15:14,"Off Network e.g. Local Authority Road, Footpath",,Managed Motorways,,,Yes,,,,,,,,,No,,,Motor Bike,Incursion due to breakdown,0,0,0,0,,
27310,Near Miss,Minor or low potential impact,Not Entered,11/25/2016 17:42,2016,Nov,Fri,17:42,12:00,2/6/2017 15:17,"Off Network e.g. Local Authority Road, Footpath",,Managed Motorways,,,Yes,,,,,,,,,No,,,Motor Bike,Incursion due to breakdown,0,0,0,0,,
27311,Near Miss,Minor or low potential impact,Not Entered,11/25/2016 20:15,2016,Nov,Fri,20:15,18:00,2/6/2017 15:24,"Off Network e.g. Local Authority Road, Footpath",,Managed Motorways,,,Yes,,,,,,,,,No,,,Motor Bike,Incursion due to breakdown,0,0,0,0,,
27312,Near Miss,Minor or low potential impact,Not Entered,11/26/2016 23:02,2016,Nov,Sat,23:02,18:00,2/6/2017 15:28,"Off Network e.g. Local Authority Road, Footpath",,Managed Motorways,,,Yes,,,,,,,,,No,,,Motor Bike,Incursion due to breakdown,0,0,0,0,,
27313,Near Miss,Minor or low potential impact,Not Entered,11/28/2016 17:10,2016,Nov,Mon,17:10,12:00,2/6/2017 15:31,"Off Network e.g. Local Authority Road, Footpath",,Managed Motorways,,,Yes,,,,,,,,,No,,,Motor Bike,Incursion due to breakdown,0,0,0,0,,
27314,Near Miss,Minor or low potential impact,Not Entered,11/29/2016 7:10,2016,Nov,Tue,7:10,6:00,2/6/2017 15:34,"Off Network e.g. Local Authority Road, Footpath",,Managed Motorways,,,Yes,,,,,,,,,No,,,Motor Bike,Incursion due to breakdown,0,0,0,0,,
27315,Near Miss,Minor or low potential impact,Not Entered,11/29/2016 8:27,2016,Nov,Tue,8:27,6:00,2/6/2017 15:38,"Off Network e.g. Local Authority Road, Footpath",,Managed Motorways,,,Yes,,,,,,,,,No,,,Motor Bike,Incursion due to breakdown,0,0,0,0,,
26994,Near Miss,Minor or low potential impact,Not Entered,11/29/2016 9:18,2016,Nov,Tue,9:18,6:00,1/3/2017 13:09,"Off Network e.g. Local Authority Road, Footpath",,Managed Motorways,,,Yes,,,,,,,,,No,,,Motor Bike,Incursion unintentional - confused or follow in,0,0,0,0,,
26995,Near Miss,Minor or low potential impact,Not Entered,11/29/2016 9:44,2016,Nov,Tue,9:44,6:00,1/3/2017 13:11,"Off Network e.g. Local Authority Road, Footpath",,Managed Motorways,,,Yes,,,,,,,,,No,,,Motor Bike,Incursion unintentional - confused or follow in,0,0,0,0,,
26996,Near Miss,Minor or low potential impact,Not Entered,11/29/2016 14:50,2016,Nov,Tue,14:50,12:00,1/3/2017 13:14,"Off Network e.g. Local Authority Road, Footpath",,Managed Motorways,,,Yes,,,,,,,,,No,,,Motor Bike,Incursion unintentional - confused or follow in,0,0,0,0,,
26997,Near Miss,Minor or low potential impact,Not Entered,11/29/2016 15:30,2016,Nov,Tue,15:30,12:00,1/3/2017 13:20,"Off Network e.g. Local Authority Road, Footpath",,Managed Motorways,,,Yes,,,,,,,,,No,,,Motor Bike,Incursion unintentional - confused or follow in,0,0,0,0,,
27316,Near Miss,Minor or low potential impact,Not Entered,11/29/2016 16:38,2016,Nov,Tue,16:38,12:00,2/6/2017 15:46,"Off Network e.g. Local Authority Road, Footpath",,Managed Motorways,,,Yes,,,,,,,,,No,,,Motor Bike,Incursion due to breakdown,0,0,0,0,,
27317,Near Miss,Minor or low potential impact,Not Entered,11/29/2016 16:45,2016,Nov,Tue,16:45,12:00,2/6/2017 15:50,"Off Network e.g. Local Authority Road, Footpath",,Managed Motorways,,,Yes,,,,,,,,,No,,,Motor Bike,Incursion due to breakdown,0,0,0,0,,
27321,Near Miss,Minor or low potential impact,Not Entered,11/29/2016 19:38,2016,Nov,Tue,19:38,18:00,2/7/2017 9:01,"Off Network e.g. Local Authority Road, Footpath",,Managed Motorways,,,Yes,,,,,,,,,No,,,Motor Bike,Incursion due to breakdown,0,0,0,0,,
27318,Near Miss,Minor or low potential impact,Not Entered,11/29/2016 19:38,2016,Nov,Tue,19:38,18:00,2/6/2017 15:55,"Off Network e.g. Local Authority Road, Footpath",,Managed Motorways,,,Yes,,,,,,,,,No,,,Motor Bike,Incursion due to breakdown,0,0,0,0,,
26998,Near Miss,Minor or low potential impact,Not Entered,11/30/2016 8:14,2016,Nov,Wed,8:14,6:00,1/3/2017 13:22,"Off Network e.g. Local Authority Road, Footpath",,Managed Motorways,,,Yes,,,,,,,,,No,,,Motor Bike,Incursion unintentional - confused or follow in,0,0,0,0,,
27326,Near Miss,Minor or low potential impact,Not Entered,11/30/2016 11:42,2016,Nov,Wed,11:42,6:00,2/7/2017 9:20,"Off Network e.g. Local Authority Road, Footpath",,Managed Motorways,,,Yes,,,,,,,,,No,,,Motor Bike,Incursion due to breakdown,0,0,0,0,,
26999,Near Miss,Minor or low potential impact,Not Entered,11/30/2016 14:13,2016,Nov,Wed,14:13,12:00,1/3/2017 13:25,"Off Network e.g. Local Authority Road, Footpath",,Managed Motorways,,,Yes,,,,,,,,,No,,,Motor Bike,Incursion unintentional - confused or follow in,0,0,0,0,,
27328,Near Miss,Minor or low potential impact,Not Entered,11/30/2016 17:55,2016,Nov,Wed,17:55,12:00,2/7/2017 9:24,"Off Network e.g. Local Authority Road, Footpath",,Managed Motorways,,,Yes,,,,,,,,,No,,,Motor Bike,Incursion unintentional as result of accident,0,0,0,0,,
27329,Near Miss,Minor or low potential impact,Not Entered,11/30/2016 18:35,2016,Nov,Wed,18:35,18:00,2/7/2017 9:26,"Off Network e.g. Local Authority Road, Footpath",,Managed Motorways,,,Yes,,,,,,,,,No,,,Motor Bike,Incursion due to breakdown,0,0,0,0,,
27331,Near Miss,Minor or low potential impact,Not Entered,11/30/2016 19:20,2016,Nov,Wed,19:20,18:00,2/7/2017 9:27,"Off Network e.g. Local Authority Road, Footpath",,Managed Motorways,,,Yes,,,,,,,,,No,,,Motor Bike,Incursion due to breakdown,0,0,0,0,,
27332,Near Miss,Minor or low potential impact,Not Entered,11/30/2016 19:30,2016,Nov,Wed,19:30,18:00,2/7/2017 9:29,"Off Network e.g. Local Authority Road, Footpath",,Managed Motorways,,,Yes,,,,,,,,,No,,,Motor Bike,Incursion due to breakdown,0,0,0,0,,
27333,Near Miss,Minor or low potential impact,Not Entered,11/30/2016 23:52,2016,Nov,Wed,23:52,18:00,2/7/2017 9:30,"Off Network e.g. Local Authority Road, Footpath",,Managed Motorways,,,Yes,,,,,,,,,No,,,Motor Bike,Incursion due to breakdown,0,0,0,0,,
27334,Near Miss,Minor or low potential impact,Not Entered,12/1/2016 10:46,2016,Dec,Thu,10:46,6:00,2/7/2017 9:33,"Off Network e.g. Local Authority Road, Footpath",,Managed Motorways,,,Yes,,,,,,,,,No,,,Car,Incursion due to breakdown,0,0,0,0,,
27363,Near Miss,Minor or low potential impact,Not Entered,12/2/2016 13:31,2016,Dec,Fri,13:31,12:00,2/14/2017 11:47,"Off Network e.g. Local Authority Road, Footpath",,Managed Motorways,,,Yes,,,,,,,,,No,,,Motor Bike,Incursion unintentional as result of accident,0,0,0,0,,
27364,Near Miss,Minor or low potential impact,Not Entered,12/2/2016 15:40,2016,Dec,Fri,15:40,12:00,2/14/2017 11:49,"Off Network e.g. Local Authority Road, Footpath",,Managed Motorways,,,Yes,,,,,,,,,No,,,Motor Bike,Incursion due to breakdown,0,0,0,0,,
27362,Near Miss,Minor or low potential impact,Not Entered,12/2/2016 21:09,2016,Dec,Fri,21:09,18:00,2/14/2017 11:46,"Off Network e.g. Local Authority Road, Footpath",,Managed Motorways,,,Yes,,,,,,,,,No,,,Motor Bike,Incursion due to breakdown,0,0,0,0,,
27365,Near Miss,Minor or low potential impact,Not Entered,12/4/2016 11:49,2016,Dec,Sun,11:49,6:00,2/14/2017 11:51,"Off Network e.g. Local Authority Road, Footpath",,Managed Motorways,,,Yes,,,,,,,,,No,,,Motor Bike,Incursion unintentional as result of accident,0,0,0,0,,
27367,Near Miss,Minor or low potential impact,Not Entered,12/5/2016 6:50,2016,Dec,Mon,6:50,6:00,2/14/2017 11:59,"Off Network e.g. Local Authority Road, Footpath",,Managed Motorways,,,Yes,,,,,,,,,No,,,Motor Bike,Incursion due to breakdown,0,0,0,0,,
27366,Near Miss,Minor or low potential impact,Not Entered,12/5/2016 17:17,2016,Dec,Mon,17:17,12:00,2/14/2017 11:55,"Off Network e.g. Local Authority Road, Footpath",,Managed Motorways,,,Yes,,,,,,,,,No,,,Motor Bike,Incursion due to breakdown,0,0,0,0,,
27368,Near Miss,Minor or low potential impact,Not Entered,12/10/2016 11:17,2016,Dec,Sat,11:17,6:00,2/14/2017 12:00,"Off Network e.g. Local Authority Road, Footpath",,Managed Motorways,,,Yes,,,,,,,,,No,,,Motor Bike,Incursion due to breakdown,0,0,0,0,,
27369,Near Miss,Minor or low potential impact,Not Entered,12/11/2016 18:05,2016,Dec,Sun,18:05,18:00,2/14/2017 12:07,"Off Network e.g. Local Authority Road, Footpath",,Managed Motorways,,,Yes,,,,,,,,,No,,,Motor Bike,Incursion due to breakdown,0,0,0,0,,
27000,Near Miss,Minor or low potential impact,Not Entered,12/12/2016 8:14,2016,Dec,Mon,8:14,6:00,1/3/2017 13:29,"Off Network e.g. Local Authority Road, Footpath",,Managed Motorways,,,Yes,,,,,,,,,No,,,Motor Bike,Incursion unintentional as result of accident,0,0,0,0,,
27370,Near Miss,Minor or low potential impact,Not Entered,12/13/2016 19:21,2016,Dec,Tue,19:21,18:00,2/14/2017 12:08,"Off Network e.g. Local Authority Road, Footpath",,Managed Motorways,,,Yes,,,,,,,,,No,,,Motor Bike,Incursion due to breakdown,0,0,0,0,,
27371,Near Miss,Minor or low potential impact,Not Entered,12/15/2016 1:14,2016,Dec,Thu,1:14,0:00,2/14/2017 12:10,"Off Network e.g. Local Authority Road, Footpath",,Managed Motorways,,,Yes,,,,,,,,,No,,,Motor Bike,Incursion due to breakdown,0,0,0,0,,
27375,Near Miss,Minor or low potential impact,Not Entered,12/16/2016 11:13,2016,Dec,Fri,11:13,6:00,2/14/2017 12:16,"Off Network e.g. Local Authority Road, Footpath",,Managed Motorways,,,Yes,,,,,,,,,No,,,Motor Bike,Incursion due to breakdown,0,0,0,0,,
27374,Near Miss,Minor or low potential impact,Not Entered,12/16/2016 12:13,2016,Dec,Fri,12:13,12:00,2/14/2017 12:14,"Off Network e.g. Local Authority Road, Footpath",,Managed Motorways,,,Yes,,,,,,,,,No,,,Motor Bike,Incursion to seek information or benefit,0,0,0,0,,
27373,Near Miss,Minor or low potential impact,Not Entered,12/16/2016 14:40,2016,Dec,Fri,14:40,12:00,2/14/2017 12:13,"Off Network e.g. Local Authority Road, Footpath",,Managed Motorways,,,Yes,,,,,,,,,No,,,Motor Bike,Incursion due to breakdown,0,0,0,0,,
27372,Near Miss,Minor or low potential impact,Not Entered,12/16/2016 14:40,2016,Dec,Fri,14:40,12:00,2/14/2017 12:11,"Off Network e.g. Local Authority Road, Footpath",,Managed Motorways,,,Yes,,,,,,,,,No,,,Motor Bike,Incursion unintentional as result of accident,0,0,0,0,,
27379,Near Miss,Minor or low potential impact,Not Entered,12/17/2016 6:01,2016,Dec,Sat,6:01,6:00,2/14/2017 13:23,"Off Network e.g. Local Authority Road, Footpath",,Managed Motorways,,,Yes,,,,,,,,,No,,,Motor Bike,Incursion due to breakdown,0,0,0,0,,
27378,Near Miss,Minor or low potential impact,Not Entered,12/17/2016 10:29,2016,Dec,Sat,10:29,6:00,2/14/2017 13:22,"Off Network e.g. Local Authority Road, Footpath",,Managed Motorways,,,Yes,,,,,,,,,No,,,Motor Bike,Incursion due to breakdown,0,0,0,0,,
27376,Near Miss,Minor or low potential impact,Not Entered,12/17/2016 15:02,2016,Dec,Sat,15:02,12:00,2/14/2017 12:18,"Off Network e.g. Local Authority Road, Footpath",,Managed Motorways,,,Yes,,,,,,,,,No,,,Motor Bike,Incursion due to breakdown,0,0,0,0,,
27380,Near Miss,Minor or low potential impact,Not Entered,12/18/2016 12:17,2016,Dec,Sun,12:17,12:00,2/14/2017 13:25,"Off Network e.g. Local Authority Road, Footpath",,Managed Motorways,,,Yes,,,,,,,,,No,,,Motor Bike,Incursion due to breakdown,0,0,0,0,,
27001,Near Miss,Minor or low potential impact,Not Entered,12/18/2016 17:17,2016,Dec,Sun,17:17,12:00,1/3/2017 13:31,"Off Network e.g. Local Authority Road, Footpath",,Managed Motorways,,,Yes,,,,,,,,,No,,,Motor Bike,Incursion unintentional - confused or follow in,0,0,0,0,,
27383,Near Miss,Minor or low potential impact,Not Entered,12/19/2016 10:36,2016,Dec,Mon,10:36,6:00,2/14/2017 13:28,"Off Network e.g. Local Authority Road, Footpath",,Managed Motorways,,,Yes,,,,,,,,,No,,,Motor Bike,Incursion due to breakdown,0,0,0,0,,