Event ID,Event Type ,Event Subtype,Type of Person,Date/Time of Event,Year,Month,Day of the Week,Time,Time interval (6 hours),Date/Time Reported,Location,Specific Location (include RCC Log no if relevant),Details of actual job being done at the time,Part of Body Affected,Injury Type,Was there a vehicle involved in this event?,Work related,Accident Type,Vehicle Motion,Who was Hit,Weather/Visibility,Surface Condition,Roadbed Grade,Lighting Conditions,Was A Police Report Filed?,Name of Law Enforcement Agency,Preventable,Type,Kind of Event,Expected Lost Workdays (Total),Actual Lost Workdays (Total),Expected Restricted Workdays (Total),Actual Restricted Workdays (Total),Return To Work Date,Sign Off 1
27384,Near Miss,Minor or low potential impact,Not Entered,12/19/2016 11:09,2016,Dec,Mon,11:09,6:00,2/14/2017 13:30,"Off Network e.g. Local Authority Road, Footpath",,Managed Motorways,,,Yes,,,,,,,,,No,,,Motor Bike,Incursion due to breakdown,0,0,0,0,,
27382,Near Miss,Minor or low potential impact,Not Entered,12/19/2016 12:37,2016,Dec,Mon,12:37,12:00,2/14/2017 13:26,"Off Network e.g. Local Authority Road, Footpath",,Managed Motorways,,,Yes,,,,,,,,,No,,,Motor Bike,Incursion due to breakdown,0,0,0,0,,
27386,Near Miss,Minor or low potential impact,Not Entered,12/21/2016 9:45,2016,Dec,Wed,9:45,6:00,2/14/2017 13:33,"Off Network e.g. Local Authority Road, Footpath",,Managed Motorways,,,Yes,,,,,,,,,No,,,Motor Bike,Incursion due to breakdown,0,0,0,0,,
27385,Near Miss,Minor or low potential impact,Not Entered,12/21/2016 11:22,2016,Dec,Wed,11:22,6:00,2/14/2017 13:31,"Off Network e.g. Local Authority Road, Footpath",,Managed Motorways,,,Yes,,,,,,,,,No,,,Motor Bike,Incursion due to breakdown,0,0,0,0,,
27387,Near Miss,Minor or low potential impact,Not Entered,12/22/2016 13:25,2016,Dec,Thu,13:25,12:00,2/14/2017 13:34,"Off Network e.g. Local Authority Road, Footpath",,Managed Motorways,,,Yes,,,,,,,,,No,,,Motor Bike,Incursion due to breakdown,0,0,0,0,,
27388,Near Miss,Minor or low potential impact,Not Entered,12/22/2016 18:10,2016,Dec,Thu,18:10,18:00,2/14/2017 13:36,"Off Network e.g. Local Authority Road, Footpath",,Managed Motorways,,,Yes,,,,,,,,,No,,,Motor Bike,Incursion due to breakdown,0,0,0,0,,
27389,Near Miss,Minor or low potential impact,Not Entered,12/23/2016 13:20,2016,Dec,Fri,13:20,12:00,2/14/2017 13:37,"Off Network e.g. Local Authority Road, Footpath",,Managed Motorways,,,Yes,,,,,,,,,No,,,Motor Bike,Incursion to seek information or benefit,0,0,0,0,,
27390,Near Miss,Minor or low potential impact,Not Entered,12/24/2016 11:52,2016,Dec,Sat,11:52,6:00,2/14/2017 13:39,"Off Network e.g. Local Authority Road, Footpath",,Managed Motorways,,,Yes,,,,,,,,,No,,,Motor Bike,Incursion due to breakdown,0,0,0,0,,
27392,Near Miss,Minor or low potential impact,Not Entered,12/25/2016 23:00,2016,Dec,Sun,23:00,18:00,2/14/2017 13:40,"Off Network e.g. Local Authority Road, Footpath",,Managed Motorways,,,Yes,,,,,,,,,No,,,Motor Bike,Incursion due to breakdown,0,0,0,0,,
27393,Near Miss,Minor or low potential impact,Not Entered,12/26/2016 12:28,2016,Dec,Mon,12:28,12:00,2/14/2017 13:42,"Off Network e.g. Local Authority Road, Footpath",,Managed Motorways,,,Yes,,,,,,,,,No,,,Motor Bike,Incursion due to breakdown,0,0,0,0,,
27394,Near Miss,Minor or low potential impact,Not Entered,12/26/2016 20:37,2016,Dec,Mon,20:37,18:00,2/14/2017 13:43,"Off Network e.g. Local Authority Road, Footpath",,Managed Motorways,,,Yes,,,,,,,,,No,,,Motor Bike,Incursion due to breakdown,0,0,0,0,,
27395,Near Miss,Minor or low potential impact,Not Entered,12/27/2016 16:25,2016,Dec,Tue,16:25,12:00,2/14/2017 13:45,"Off Network e.g. Local Authority Road, Footpath",,Managed Motorways,,,Yes,,,,,,,,,No,,,Motor Bike,Incursion unintentional as result of accident,0,0,0,0,,
27396,Near Miss,Minor or low potential impact,Not Entered,12/27/2016 20:45,2016,Dec,Tue,20:45,18:00,2/14/2017 13:46,"Off Network e.g. Local Authority Road, Footpath",,Managed Motorways,,,Yes,,,,,,,,,No,,,Motor Bike,Incursion due to breakdown,0,0,0,0,,
27398,Near Miss,Minor or low potential impact,Not Entered,12/29/2016 17:35,2016,Dec,Thu,17:35,12:00,2/14/2017 13:50,"Off Network e.g. Local Authority Road, Footpath",,Managed Motorways,,,Yes,,,,,,,,,No,,,Motor Bike,Incursion due to breakdown,0,0,0,0,,
27397,Near Miss,Minor or low potential impact,Not Entered,12/29/2016 20:35,2016,Dec,Thu,20:35,18:00,2/14/2017 13:48,"Off Network e.g. Local Authority Road, Footpath",,Managed Motorways,,,Yes,,,,,,,,,No,,,Motor Bike,Incursion due to breakdown,0,0,0,0,,
27399,Near Miss,Minor or low potential impact,Not Entered,1/2/2017 16:32,2017,Jan,Mon,16:32,12:00,2/14/2017 13:53,"Off Network e.g. Local Authority Road, Footpath",,Managed Motorways,,,Yes,,,,,,,,,No,,,Motor Bike,Incursion due to breakdown,0,0,0,0,,
27400,Near Miss,Minor or low potential impact,Not Entered,1/3/2017 15:06,2017,Jan,Tue,15:06,12:00,2/14/2017 13:54,"Off Network e.g. Local Authority Road, Footpath",,Managed Motorways,,,Yes,,,,,,,,,No,,,Motor Bike,Incursion to seek information or benefit,0,0,0,0,,
27402,Near Miss,Minor or low potential impact,Not Entered,1/4/2017 9:45,2017,Jan,Wed,9:45,6:00,2/14/2017 13:58,"Off Network e.g. Local Authority Road, Footpath",,Managed Motorways,,,Yes,,,,,,,,,No,,,Motor Bike,Incursion due to breakdown,0,0,0,0,,
27401,Near Miss,Minor or low potential impact,Not Entered,1/4/2017 23:30,2017,Jan,Wed,23:30,18:00,2/14/2017 13:56,"Off Network e.g. Local Authority Road, Footpath",,Managed Motorways,,,Yes,,,,,,,,,No,,,Motor Bike,Incursion to seek information or benefit,0,0,0,0,,
27447,Near Miss,Minor or low potential impact,Not Entered,1/5/2017 7:55,2017,Jan,Thu,7:55,6:00,2/16/2017 8:02,"Off Network e.g. Local Authority Road, Footpath",,Managed Motorways,,,Yes,,,,,,,,,No,,,Motor Bike,Incursion unintentional as result of accident,0,0,0,0,,
27448,Near Miss,Minor or low potential impact,Not Entered,1/5/2017 10:21,2017,Jan,Thu,10:21,6:00,2/16/2017 8:04,"Off Network e.g. Local Authority Road, Footpath",,Managed Motorways,,,Yes,,,,,,,,,No,,,Motor Bike,Incursion due to breakdown,0,0,0,0,,
27449,Near Miss,Minor or low potential impact,Not Entered,1/5/2017 16:11,2017,Jan,Thu,16:11,12:00,2/16/2017 8:05,"Off Network e.g. Local Authority Road, Footpath",,Managed Motorways,,,Yes,,,,,,,,,No,,,Motor Bike,Incursion due to breakdown,0,0,0,0,,
27403,Near Miss,Minor or low potential impact,Not Entered,1/6/2017 13:48,2017,Jan,Fri,13:48,12:00,2/14/2017 14:00,"Off Network e.g. Local Authority Road, Footpath",,Managed Motorways,,,Yes,,,,,,,,,No,,,Motor Bike,Incursion due to breakdown,0,0,0,0,,
27450,Near Miss,Minor or low potential impact,Not Entered,1/6/2017 17:19,2017,Jan,Fri,17:19,12:00,2/16/2017 8:06,"Off Network e.g. Local Authority Road, Footpath",,Managed Motorways,,,Yes,,,,,,,,,No,,,Motor Bike,Incursion due to breakdown,0,0,0,0,,
27451,Near Miss,Minor or low potential impact,Not Entered,1/7/2017 9:48,2017,Jan,Sat,9:48,6:00,2/16/2017 8:08,"Off Network e.g. Local Authority Road, Footpath",,Managed Motorways,,,Yes,,,,,,,,,No,,,Motor Bike,Incursion due to breakdown,0,0,0,0,,
27452,Near Miss,Minor or low potential impact,Not Entered,1/11/2017 0:43,2017,Jan,Wed,0:43,0:00,2/16/2017 8:09,"Off Network e.g. Local Authority Road, Footpath",,Managed Motorways,,,Yes,,,,,,,,,No,,,Motor Bike,Incursion due to breakdown,0,0,0,0,,
27404,Near Miss,Minor or low potential impact,Not Entered,1/11/2017 20:59,2017,Jan,Wed,20:59,18:00,2/14/2017 14:02,"Off Network e.g. Local Authority Road, Footpath",,Managed Motorways,,,Yes,,,,,,,,,No,,,Motor Bike,Incursion due to breakdown,0,0,0,0,,
27405,Near Miss,Minor or low potential impact,Not Entered,1/12/2017 18:50,2017,Jan,Thu,18:50,18:00,2/14/2017 14:03,"Off Network e.g. Local Authority Road, Footpath",,Managed Motorways,,,Yes,,,,,,,,,No,,,Motor Bike,Incursion due to breakdown,0,0,0,0,,
27406,Near Miss,Minor or low potential impact,Not Entered,1/15/2017 19:09,2017,Jan,Sun,19:09,18:00,2/14/2017 14:06,"Off Network e.g. Local Authority Road, Footpath",,Managed Motorways,,,Yes,,,,,,,,,No,,,Motor Bike,Incursion due to breakdown,0,0,0,0,,
27453,Near Miss,Minor or low potential impact,Not Entered,1/16/2017 5:31,2017,Jan,Mon,5:31,0:00,2/16/2017 8:11,"Off Network e.g. Local Authority Road, Footpath",,Managed Motorways,,,Yes,,,,,,,,,No,,,Motor Bike,Incursion due to breakdown,0,0,0,0,,
27409,Near Miss,Minor or low potential impact,Not Entered,1/16/2017 8:59,2017,Jan,Mon,8:59,6:00,2/14/2017 14:14,"Off Network e.g. Local Authority Road, Footpath",,Managed Motorways,,,Yes,,,,,,,,,No,,,Motor Bike,Incursion due to breakdown,0,0,0,0,,
27408,Near Miss,Minor or low potential impact,Not Entered,1/16/2017 10:35,2017,Jan,Mon,10:35,6:00,2/14/2017 14:13,"Off Network e.g. Local Authority Road, Footpath",,Managed Motorways,,,Yes,,,,,,,,,No,,,Motor Bike,Incursion due to breakdown,0,0,0,0,,
27454,Near Miss,Minor or low potential impact,Not Entered,1/17/2017 17:08,2017,Jan,Tue,17:08,12:00,2/16/2017 8:12,"Off Network e.g. Local Authority Road, Footpath",,Managed Motorways,,,Yes,,,,,,,,,No,,,Motor Bike,Incursion due to breakdown,0,0,0,0,,
27455,Near Miss,Minor or low potential impact,Not Entered,1/18/2017 16:46,2017,Jan,Wed,16:46,12:00,2/16/2017 8:14,"Off Network e.g. Local Authority Road, Footpath",,Managed Motorways,,,Yes,,,,,,,,,No,,,Motor Bike,Incursion due to breakdown,0,0,0,0,,
27458,Near Miss,Minor or low potential impact,Not Entered,1/19/2017 6:55,2017,Jan,Thu,6:55,6:00,2/16/2017 8:18,"Off Network e.g. Local Authority Road, Footpath",,Managed Motorways,,,Yes,,,,,,,,,No,,,Motor Bike,Incursion unintentional as result of accident,0,0,0,0,,
27456,Near Miss,Minor or low potential impact,Not Entered,1/19/2017 7:41,2017,Jan,Thu,7:41,6:00,2/16/2017 8:16,"Off Network e.g. Local Authority Road, Footpath",,Managed Motorways,,,Yes,,,,,,,,,No,,,Motor Bike,Incursion due to breakdown,0,0,0,0,,
27457,Near Miss,Minor or low potential impact,Not Entered,1/19/2017 9:00,2017,Jan,Thu,9:00,6:00,2/16/2017 8:17,"Off Network e.g. Local Authority Road, Footpath",,Managed Motorways,,,Yes,,,,,,,,,No,,,Motor Bike,Incursion to seek information or benefit,0,0,0,0,,
27459,Near Miss,Minor or low potential impact,Not Entered,1/20/2017 9:16,2017,Jan,Fri,9:16,6:00,2/16/2017 8:20,"Off Network e.g. Local Authority Road, Footpath",,Managed Motorways,,,Yes,,,,,,,,,No,,,Motor Bike,Incursion due to breakdown,0,0,0,0,,
27460,Near Miss,Minor or low potential impact,Not Entered,1/20/2017 9:54,2017,Jan,Fri,9:54,6:00,2/16/2017 8:21,"Off Network e.g. Local Authority Road, Footpath",,Managed Motorways,,,Yes,,,,,,,,,No,,,Motor Bike,Incursion due to breakdown,0,0,0,0,,
27461,Near Miss,Minor or low potential impact,Not Entered,1/22/2017 11:38,2017,Jan,Sun,11:38,6:00,2/16/2017 8:22,"Off Network e.g. Local Authority Road, Footpath",,Managed Motorways,,,Yes,,,,,,,,,No,,,Motor Bike,Incursion due to breakdown,0,0,0,0,,
27410,Near Miss,Minor or low potential impact,Not Entered,1/22/2017 23:45,2017,Jan,Sun,23:45,18:00,2/14/2017 14:15,"Off Network e.g. Local Authority Road, Footpath",,Managed Motorways,,,Yes,,,,,,,,,No,,,Motor Bike,Incursion due to breakdown,0,0,0,0,,
27462,Near Miss,Minor or low potential impact,Not Entered,1/23/2017 2:48,2017,Jan,Mon,2:48,0:00,2/16/2017 8:23,"Off Network e.g. Local Authority Road, Footpath",,Managed Motorways,,,Yes,,,,,,,,,No,,,Motor Bike,Incursion unintentional as result of accident,0,0,0,0,,
27411,Near Miss,Minor or low potential impact,Not Entered,1/23/2017 9:08,2017,Jan,Mon,9:08,6:00,2/14/2017 14:17,"Off Network e.g. Local Authority Road, Footpath",,Managed Motorways,,,Yes,,,,,,,,,No,,,Motor Bike,Incursion unintentional as result of accident,0,0,0,0,,
27412,Near Miss,Minor or low potential impact,Not Entered,1/23/2017 9:40,2017,Jan,Mon,9:40,6:00,2/14/2017 14:18,"Off Network e.g. Local Authority Road, Footpath",,Managed Motorways,,,Yes,,,,,,,,,No,,,Motor Bike,Incursion to seek information or benefit,0,0,0,0,,
27413,Near Miss,Minor or low potential impact,Not Entered,1/24/2017 10:12,2017,Jan,Tue,10:12,6:00,2/14/2017 14:20,"Off Network e.g. Local Authority Road, Footpath",,Managed Motorways,,,Yes,,,,,,,,,No,,,Motor Bike,Incursion due to breakdown,0,0,0,0,,
27463,Near Miss,Minor or low potential impact,Not Entered,1/28/2017 18:00,2017,Jan,Sat,18:00,18:00,2/16/2017 8:25,"Off Network e.g. Local Authority Road, Footpath",,Managed Motorways,,,Yes,,,,,,,,,No,,,Motor Bike,Incursion due to breakdown,0,0,0,0,,
27465,Near Miss,Minor or low potential impact,Not Entered,1/30/2017 0:57,2017,Jan,Mon,0:57,0:00,2/16/2017 8:29,"Off Network e.g. Local Authority Road, Footpath",,Managed Motorways,,,Yes,,,,,,,,,No,,,Motor Bike,Incursion due to breakdown,0,0,0,0,,
27464,Near Miss,Minor or low potential impact,Not Entered,1/30/2017 1:01,2017,Jan,Mon,1:01,0:00,2/16/2017 8:26,"Off Network e.g. Local Authority Road, Footpath",,Managed Motorways,,,Yes,,,,,,,,,No,,,Motor Bike,Incursion due to breakdown,0,0,0,0,,
27414,Near Miss,Minor or low potential impact,Not Entered,1/30/2017 23:30,2017,Jan,Mon,23:30,18:00,2/14/2017 14:25,"Off Network e.g. Local Authority Road, Footpath",,Managed Motorways,,,Yes,,,,,,,,,No,,,Motor Bike,Incursion unintentional - confused or follow in,0,0,0,0,,
27415,Near Miss,Minor or low potential impact,Not Entered,1/31/2017 15:13,2017,Jan,Tue,15:13,12:00,2/14/2017 14:26,"Off Network e.g. Local Authority Road, Footpath",,Managed Motorways,,,Yes,,,,,,,,,No,,,Motor Bike,Incursion due to breakdown,0,0,0,0,,
27558,Near Miss,Minor or low potential impact,Not Entered,2/2/2017 6:40,2017,Feb,Thu,6:40,6:00,2/22/2017 15:19,"Off Network e.g. Local Authority Road, Footpath",,Managed Motorways,,,Yes,,,,,,,,,No,,,Motor Bike,Incursion due to breakdown,0,0,0,0,,
27534,Near Miss,Minor or low potential impact,Not Entered,2/2/2017 6:52,2017,Feb,Thu,6:52,6:00,2/22/2017 14:32,"Off Network e.g. Local Authority Road, Footpath",,Managed Motorways,,,Yes,,,,,,,,,No,,,Motor Bike,Incursion due to breakdown,0,0,0,0,,
27265,Near Miss,Minor or low potential impact,Not Entered,2/3/2017 4:35,2017,Feb,Fri,4:35,0:00,2/3/2017 14:50,"Off Network e.g. Local Authority Road, Footpath",,Managed Motorways,,,Yes,,,,,,,,,No,,,Motor Bike,Incursion due to breakdown,0,0,0,0,,
27557,Near Miss,Minor or low potential impact,Not Entered,2/3/2017 5:50,2017,Feb,Fri,5:50,0:00,2/22/2017 15:17,"Off Network e.g. Local Authority Road, Footpath",,Managed Motorways,,,Yes,,,,,,,,,No,,,Motor Bike,Incursion due to breakdown,0,0,0,0,,
27556,Near Miss,Minor or low potential impact,Not Entered,2/3/2017 14:35,2017,Feb,Fri,14:35,12:00,2/22/2017 15:16,"Off Network e.g. Local Authority Road, Footpath",,Managed Motorways,,,Yes,,,,,,,,,No,,,Motor Bike,Incursion due to breakdown,0,0,0,0,,
27536,Near Miss,Minor or low potential impact,Not Entered,2/3/2017 15:29,2017,Feb,Fri,15:29,12:00,2/22/2017 14:35,"Off Network e.g. Local Authority Road, Footpath",,Managed Motorways,,,Yes,,,,,,,,,No,,,Motor Bike,Incursion due to breakdown,0,0,0,0,,
27537,Near Miss,Minor or low potential impact,Not Entered,2/4/2017 11:44,2017,Feb,Sat,11:44,6:00,2/22/2017 14:45,"Off Network e.g. Local Authority Road, Footpath",,Managed Motorways,,,Yes,,,,,,,,,No,,,Motor Bike,Incursion due to breakdown,0,0,0,0,,
27555,Near Miss,Minor or low potential impact,Not Entered,2/4/2017 12:25,2017,Feb,Sat,12:25,12:00,2/22/2017 15:13,"Off Network e.g. Local Authority Road, Footpath",,Managed Motorways,,,Yes,,,,,,,,,No,,,Motor Bike,Incursion due to breakdown,0,0,0,0,,
27535,Near Miss,Minor or low potential impact,Not Entered,2/4/2017 12:55,2017,Feb,Sat,12:55,12:00,2/22/2017 14:33,"Off Network e.g. Local Authority Road, Footpath",,Managed Motorways,,,Yes,,,,,,,,,No,,,Motor Bike,Incursion due to breakdown,0,0,0,0,,
27553,Near Miss,Minor or low potential impact,Not Entered,2/5/2017 12:34,2017,Feb,Sun,12:34,12:00,2/22/2017 15:10,"Off Network e.g. Local Authority Road, Footpath",,Managed Motorways,,,Yes,,,,,,,,,No,,,Motor Bike,Incursion due to breakdown,0,0,0,0,,
27552,Near Miss,Minor or low potential impact,Not Entered,2/5/2017 15:07,2017,Feb,Sun,15:07,12:00,2/22/2017 15:09,"Off Network e.g. Local Authority Road, Footpath",,Managed Motorways,,,Yes,,,,,,,,,No,,,Motor Bike,Incursion due to breakdown,0,0,0,0,,
27551,Near Miss,Minor or low potential impact,Not Entered,2/5/2017 16:43,2017,Feb,Sun,16:43,12:00,2/22/2017 15:07,"Off Network e.g. Local Authority Road, Footpath",,Managed Motorways,,,Yes,,,,,,,,,No,,,Motor Bike,Incursion due to breakdown,0,0,0,0,,
27550,Near Miss,Minor or low potential impact,Not Entered,2/7/2017 9:51,2017,Feb,Tue,9:51,6:00,2/22/2017 15:06,"Off Network e.g. Local Authority Road, Footpath",,Managed Motorways,,,Yes,,,,,,,,,No,,,Motor Bike,Incursion due to breakdown,0,0,0,0,,
27549,Near Miss,Minor or low potential impact,Not Entered,2/7/2017 15:03,2017,Feb,Tue,15:03,12:00,2/22/2017 15:04,"Off Network e.g. Local Authority Road, Footpath",,Managed Motorways,,,Yes,,,,,,,,,No,,,Motor Bike,Incursion due to breakdown,0,0,0,0,,
27548,Near Miss,Minor or low potential impact,Not Entered,2/7/2017 17:44,2017,Feb,Tue,17:44,12:00,2/22/2017 15:03,"Off Network e.g. Local Authority Road, Footpath",,Managed Motorways,,,Yes,,,,,,,,,No,,,Motor Bike,Incursion unintentional as result of accident,0,0,0,0,,
27547,Near Miss,Minor or low potential impact,Not Entered,2/7/2017 18:16,2017,Feb,Tue,18:16,18:00,2/22/2017 15:00,"Off Network e.g. Local Authority Road, Footpath",,Managed Motorways,,,Yes,,,,,,,,,No,,,Motor Bike,Incursion unintentional as result of accident,0,0,0,0,,
27546,Near Miss,Minor or low potential impact,Not Entered,2/7/2017 20:07,2017,Feb,Tue,20:07,18:00,2/22/2017 14:58,"Off Network e.g. Local Authority Road, Footpath",,Managed Motorways,,,Yes,,,,,,,,,No,,,Motor Bike,Incursion due to breakdown,0,0,0,0,,
27545,Near Miss,Minor or low potential impact,Not Entered,2/8/2017 17:49,2017,Feb,Wed,17:49,12:00,2/22/2017 14:57,"Off Network e.g. Local Authority Road, Footpath",,Managed Motorways,,,Yes,,,,,,,,,No,,,Motor Bike,Incursion unintentional as result of accident,0,0,0,0,,
27544,Near Miss,Minor or low potential impact,Not Entered,2/8/2017 19:29,2017,Feb,Wed,19:29,18:00,2/22/2017 14:55,"Off Network e.g. Local Authority Road, Footpath",,Managed Motorways,,,Yes,,,,,,,,,No,,,Motor Bike,Incursion due to breakdown,0,0,0,0,,
27532,Near Miss,Minor or low potential impact,Not Entered,2/10/2017 8:10,2017,Feb,Fri,8:10,6:00,2/22/2017 14:28,"Off Network e.g. Local Authority Road, Footpath",,Managed Motorways,,,Yes,,,,,,,,,No,,,Motor Bike,Incursion due to breakdown,0,0,0,0,,
27533,Near Miss,Minor or low potential impact,Not Entered,2/10/2017 10:15,2017,Feb,Fri,10:15,6:00,2/22/2017 14:30,"Off Network e.g. Local Authority Road, Footpath",,Managed Motorways,,,Yes,,,,,,,,,No,,,Motor Bike,Incursion due to breakdown,0,0,0,0,,
27466,Near Miss,Minor or low potential impact,Not Entered,2/10/2017 22:00,2017,Feb,Fri,22:00,18:00,2/16/2017 8:31,"Off Network e.g. Local Authority Road, Footpath",,Managed Motorways,,,Yes,,,,,,,,,No,,,Motor Bike,Incursion unintentional - confused or follow in,0,0,0,0,,
27531,Near Miss,Minor or low potential impact,Not Entered,2/13/2017 7:10,2017,Feb,Mon,7:10,6:00,2/22/2017 14:27,"Off Network e.g. Local Authority Road, Footpath",,Managed Motorways,,,Yes,,,,,,,,,No,,,Motor Bike,Incursion due to breakdown,0,0,0,0,,
27467,Near Miss,Minor or low potential impact,Not Entered,2/14/2017 2:00,2017,Feb,Tue,2:00,0:00,2/16/2017 8:33,"Off Network e.g. Local Authority Road, Footpath",,Managed Motorways,,,Yes,,,,,,,,,No,,,Motor Bike,Incursion to seek information or benefit,0,0,0,0,,
27543,Near Miss,Minor or low potential impact,Not Entered,2/15/2017 0:53,2017,Feb,Wed,0:53,0:00,2/22/2017 14:54,"Off Network e.g. Local Authority Road, Footpath",,Managed Motorways,,,Yes,,,,,,,,,No,,,Motor Bike,Incursion due to breakdown,0,0,0,0,,
27542,Near Miss,Minor or low potential impact,Not Entered,2/16/2017 18:33,2017,Feb,Thu,18:33,18:00,2/22/2017 14:53,"Off Network e.g. Local Authority Road, Footpath",,Managed Motorways,,,Yes,,,,,,,,,No,,,Motor Bike,Incursion due to breakdown,0,0,0,0,,
27541,Near Miss,Minor or low potential impact,Not Entered,2/16/2017 21:54,2017,Feb,Thu,21:54,18:00,2/22/2017 14:51,"Off Network e.g. Local Authority Road, Footpath",,Managed Motorways,,,Yes,,,,,,,,,No,,,Motor Bike,Incursion due to breakdown,0,0,0,0,,
27476,Near Miss,Minor or low potential impact,Not Entered,2/17/2017 2:28,2017,Feb,Fri,2:28,0:00,2/17/2017 10:32,"Off Network e.g. Local Authority Road, Footpath",,Managed Motorways,,,Yes,,,,,,,,,No,,,Motor Bike,Incursion to seek information or benefit,0,0,0,0,,
27477,Near Miss,Minor or low potential impact,Not Entered,2/17/2017 2:50,2017,Feb,Fri,2:50,0:00,2/17/2017 11:25,"Off Network e.g. Local Authority Road, Footpath",,Managed Motorways,,,Yes,,,,,,,,,No,,,Motor Bike,Incursion to seek information or benefit,0,0,0,0,,
27478,Near Miss,Minor or low potential impact,Not Entered,2/17/2017 3:00,2017,Feb,Fri,3:00,0:00,2/17/2017 11:27,"Off Network e.g. Local Authority Road, Footpath",,Managed Motorways,,,Yes,,,,,,,,,No,,,Motor Bike,Incursion to seek information or benefit,0,0,0,0,,
27540,Near Miss,Minor or low potential impact,Not Entered,2/17/2017 5:11,2017,Feb,Fri,5:11,0:00,2/22/2017 14:49,"Off Network e.g. Local Authority Road, Footpath",,Managed Motorways,,,Yes,,,,,,,,,No,,,Motor Bike,Incursion due to breakdown,0,0,0,0,,
27530,Near Miss,Minor or low potential impact,Not Entered,2/17/2017 22:56,2017,Feb,Fri,22:56,18:00,2/22/2017 14:23,"Off Network e.g. Local Authority Road, Footpath",,Managed Motorways,,,Yes,,,,,,,,,No,,,Motor Bike,Incursion due to breakdown,0,0,0,0,,
27539,Near Miss,Minor or low potential impact,Not Entered,2/18/2017 18:02,2017,Feb,Sat,18:02,18:00,2/22/2017 14:48,"Off Network e.g. Local Authority Road, Footpath",,Managed Motorways,,,Yes,,,,,,,,,No,,,Motor Bike,Incursion unintentional as result of accident,0,0,0,0,,
27538,Near Miss,Minor or low potential impact,Not Entered,2/18/2017 18:12,2017,Feb,Sat,18:12,18:00,2/22/2017 14:46,"Off Network e.g. Local Authority Road, Footpath",,Managed Motorways,,,Yes,,,,,,,,,No,,,Motor Bike,Incursion due to breakdown,0,0,0,0,,
23809,Near Miss,Minor or low potential impact,Not Entered,11/14/2015 12:30,2015,Nov,Sat,12:30,12:00,11/17/2015 12:10,"Off Network e.g. Local Authority Road, Footpath",,Managed Motorways,,,No,,,,,Storm,,,Non,No,,,,N/A,0,0,0,0,,
20186,Near Miss,Minor or low potential impact,Not Entered,10/17/2013 7:30,2013,Oct,Thu,7:30,6:00,10/25/2013 12:16,"Off Network e.g. Local Authority Road, Footpath",,Managed Motorways,,,,,,,,,,,,,,,,N/A,,,,,,
24027,Near Miss,Minor or low potential impact,Not Entered,2/3/2016 15:00,2016,Feb,Wed,15:00,12:00,2/4/2016 19:17,"Off Network e.g. Local Authority Road, Footpath",,Managed Motorways,,,No,,,,,,,,,No,,,,Hit by a moving or falling object,0,0,0,0,,
24216,Near Miss,Minor or low potential impact,Not Entered,4/23/2016 6:57,2016,Apr,Sat,6:57,6:00,4/25/2016 17:55,"Off Network e.g. Local Authority Road, Footpath",,Managed Motorways,,,Yes,,,,,,,,,Yes,,,Truck,Hit by a moving vehicle or plant,0,0,0,0,,
24559,Near Miss,Minor or low potential impact,Not Entered,6/27/2016 14:47,2016,Jun,Mon,14:47,12:00,8/8/2016 9:21,"Off Network e.g. Local Authority Road, Footpath",,Managed Motorways,,,No,,,,,,,,,No,,,,Incursion unintentional as result of accident,0,0,0,0,,
24557,Near Miss,Minor or low potential impact,Not Entered,7/28/2016 23:30,2016,Jul,Thu,23:30,18:00,8/8/2016 8:24,"Off Network e.g. Local Authority Road, Footpath",,Managed Motorways,,,No,,,,,,,,,Yes,,,,Incursion unintentional - confused or follow in,0,0,0,0,,
26519,Near Miss,Minor or low potential impact,Not Entered,10/6/2016 2:00,2016,Oct,Thu,2:00,0:00,10/7/2016 9:56,"Off Network e.g. Local Authority Road, Footpath",,Managed Motorways,,,No,,,,,,,,,No,,,,Hit by a moving vehicle or plant,0,0,0,0,,
26674,Near Miss,Minor or low potential impact,Not Entered,11/9/2016 8:30,2016,Nov,Wed,8:30,6:00,11/10/2016 9:17,"Off Network e.g. Local Authority Road, Footpath",,Managed Motorways,,,No,,,,,,,,,No,,,,N/A,0,0,0,0,,
28196,Personal illness or injury ,1 to 3 Day Injury,Contractor,5/18/2017 9:00,2017,May,Thu,9:00,6:00,5/19/2017 14:49,,,Managed Motorways,Finger/Thumb,Fracture,No,,,,,,,,,No,,,,Injured while handling lifting or carrying,0,0,0,0,,