Event ID,Event Type ,Event Subtype,Type of Person,Date/Time of Event,Year,Month,Day of the Week,Time,Time interval (6 hours),Date/Time Reported,Location,Specific Location (include RCC Log no if relevant),Details of actual job being done at the time,Part of Body Affected,Injury Type,Was there a vehicle involved in this event?,Work related,Accident Type,Vehicle Motion,Who was Hit,Weather/Visibility,Surface Condition,Roadbed Grade,Lighting Conditions,Was A Police Report Filed?,Name of Law Enforcement Agency,Preventable,Type,Kind of Event,Expected Lost Workdays (Total),Actual Lost Workdays (Total),Expected Restricted Workdays (Total),Actual Restricted Workdays (Total),Return To Work Date,Sign Off 1
24070,Near Miss,Minor or low potential impact,Not Entered,2/24/2016 9:00,2016,Feb,Wed,9:00,6:00,2/24/2016 17:07,,,Managed Motorways,,,No,,,,,,,,,No,,,,Hit by a moving or falling object,0,0,0,0,,Yes
21279,Personal illness or injury ,Riddor - Specified Injury,Employee,3/12/2014 21:41,2014,Mar,Wed,21:41,18:00,3/13/2014 11:57,,,Managed Motorways,Ankle/Foot,Fracture,No,,,,,,,,,No,,,,Hit by a moving vehicle or plant,35,0,35,0,4/20/2014,
24050,Personal illness or injury ,Riddor - Specified Injury,Employee,2/15/2016 7:45,2016,Feb,Mon,7:45,6:00,2/16/2016 15:50,,,Civil Engineering ,Leg,Fracture,No,,,,,,,,,No,,,,Fell from a height,50,0,0,0,,Yes
22853,Personal illness or injury ,Riddor Member of public hospital adm,Employee,2/27/2015 9:20,2015,Feb,Fri,9:20,6:00,3/5/2015 11:16,,,Civil Engineering ,Ankle/Foot,Abrasion,No,,,,,,,,,No,,,,Injured while handling lifting or carrying,0,0,0,0,,
23819,Personal illness or injury ,Riddor - Specified Injury,Employee,11/17/2015 13:00,2015,Nov,Tue,13:00,12:00,11/18/2015 16:10,,,Civil Engineering ,Neck/Shoulder,Fracture,No,,,,,,,,,No,,,,"Fell, slipped, or tripped on same level",0,0,0,0,,Yes
23801,Personal illness or injury ,No Lost Time Injury,Employee,11/4/2015 14:00,2015,Nov,Wed,14:00,12:00,11/16/2015 8:45,,,Civil Engineering ,Eyes,Scald / burn (non-chemical),No,,,,,,,,,No,,,,Person exposed to harmful substance,0,0,0,0,,
23477,Near Miss,Minor or low potential impact,Not Entered,8/10/2015 19:30,2015,Aug,Mon,19:30,18:00,8/11/2015 17:02,,,Civil Engineering ,,,Yes,,,,,,,,,Yes,,,Truck,Hit by a moving vehicle or plant,0,0,0,0,,Yes
24514,Personal illness or injury ,No Lost Time Injury,Contractor,7/21/2016 22:30,2016,Jul,Thu,22:30,18:00,7/22/2016 13:36,,,Civil Engineering ,Chest/Stomach,Abrasion,No,,,,,,,,,No,,,,"Fell, slipped, or tripped on same level",0,1,0,0,,
23608,Personal illness or injury ,No Lost Time Injury,Contractor,9/20/2015 12:15,2015,Sep,Sun,12:15,12:00,9/21/2015 8:15,,,Civil Engineering ,Finger/Thumb,Fracture,No,,,,,,,,,No,,,,Hit by a moving vehicle or plant,0,0,0,0,,
24186,Personal illness or injury ,No Lost Time Injury,Contractor,4/7/2016 0:00,2016,Apr,Thu,0:00,0:00,4/8/2016 13:33,,,Civil Engineering ,Leg,Abrasion,No,,,,,,,,,No,,,,"Fell, slipped, or tripped on same level",0,0,0,0,,
26667,Personal illness or injury ,1 to 3 Day Injury,Employee,11/7/2016 10:00,2016,Nov,Mon,10:00,6:00,11/9/2016 14:15,,,Civil Engineering ,Ankle/Foot,Abrasion,No,,,,,,,,,No,,,,Injured while handling lifting or carrying,1,1,0,0,,
23744,Personal illness or injury ,No Lost Time Injury,Contractor,10/28/2015 20:00,2015,Oct,Wed,20:00,18:00,10/30/2015 15:43,,,Civil Engineering ,Eyes,Puncture Wound,No,,,,,,,,,No,,,,Hit by a moving or falling object,0,0,0,0,10/29/2015,
23745,Personal illness or injury ,No Lost Time Injury,Employee,10/29/2015 12:30,2015,Oct,Thu,12:30,12:00,10/30/2015 15:57,,,Civil Engineering ,,"Cut / laceration, Abrasion",No,,,,,,,,,No,,,,"Fell, slipped, or tripped on same level",0,0,0,0,,
22852,Personal illness or injury ,1 to 3 Day Injury,Employee,12/8/2014 15:00,2014,Dec,Mon,15:00,12:00,3/5/2015 10:56,,,Civil Engineering ,Back/Spine,Strain / sprain,No,,,,,,,,,No,,,,Injured while handling lifting or carrying,3,3,3,3,,
23430,Personal illness or injury ,Riddor Fatality,Contractor,7/27/2015 10:10,2015,Jul,Mon,10:10,6:00,7/28/2015 14:18,,,Civil Engineering ,,,No,,,,,,,,,Yes,TBA,,,Hit by a moving vehicle or plant,0,0,0,0,,
22850,Personal illness or injury ,No Lost Time Injury,Employee,6/5/2014 0:00,2014,Jun,Thu,0:00,0:00,3/5/2015 10:25,,,Civil Engineering ,Finger/Thumb,Abrasion,No,,,,,,,,,No,,,,Injured while handling lifting or carrying,0,0,0,0,,
23830,Personal illness or injury ,1 to 3 Day Injury,Contractor,11/18/2015 3:30,2015,Nov,Wed,3:30,0:00,11/20/2015 10:08,,,Civil Engineering ,Eyes,Puncture Wound,No,,,,,,,,,No,,,,N/A,1,1,1,1,11/23/2015,
22851,Personal illness or injury ,No Lost Time Injury,Employee,7/4/2014 21:30,2014,Jul,Fri,21:30,18:00,3/5/2015 10:38,,,Civil Engineering ,Finger/Thumb,Abrasion,No,,,,,,,,,No,,,,Injured while handling lifting or carrying,3,3,3,3,,
23703,Infrastructure asset,"Property, vehicle, plant damage",Not Entered,10/20/2015 8:30,2015,Oct,Tue,8:30,6:00,10/20/2015 14:57,,,Civil Engineering ,,,Yes,,,,,,,,,No,,,Truck,Hit by a moving or falling object,0,0,0,0,,
24540,Near Miss,Minor or low potential impact,Not Entered,7/27/2016 11:20,2016,Jul,Wed,11:20,6:00,7/29/2016 12:58,,,Civil Engineering ,,,Yes,,,,,,,,,Yes,N/A,,Van,Incursion unintentional as result of accident,0,0,0,0,,
26134,Near Miss,Minor or low potential impact,Not Entered,7/28/2016 9:48,2016,Jul,Thu,9:48,6:00,9/19/2016 9:17,,,Civil Engineering ,,,Yes,,,,,,,,,No,,,Motor Bike,Incursion due to breakdown,0,0,0,0,,
24570,Near Miss,Minor or low potential impact,Not Entered,8/1/2016 17:45,2016,Aug,Mon,17:45,12:00,8/10/2016 11:41,,,Civil Engineering ,,,Yes,,,,,,,,,No,,,Van,Incursion unintentional as result of accident,0,0,0,0,,
24571,Near Miss,Minor or low potential impact,Not Entered,8/1/2016 17:50,2016,Aug,Mon,17:50,12:00,8/10/2016 11:43,,,Civil Engineering ,,,Yes,,,,,,,,,No,,,Motor Bike,Incursion due to breakdown,0,0,0,0,,
24572,Near Miss,Minor or low potential impact,Not Entered,8/1/2016 18:10,2016,Aug,Mon,18:10,18:00,8/10/2016 11:46,,,Civil Engineering ,,,Yes,,,,,,,,,No,,,Motor Bike,Incursion to seek information or benefit,0,0,0,0,,
24573,Near Miss,Minor or low potential impact,Not Entered,8/1/2016 21:05,2016,Aug,Mon,21:05,18:00,8/10/2016 11:57,,,Civil Engineering ,,,Yes,,,,,,,,,No,,,Motor Bike,Incursion to seek information or benefit,0,0,0,0,,
25591,Near Miss,Minor or low potential impact,Not Entered,8/2/2016 12:08,2016,Aug,Tue,12:08,12:00,8/15/2016 7:43,,,Civil Engineering ,,,Yes,,,,,,,,,No,,,Motor Bike,Incursion due to breakdown,0,0,0,0,,
25590,Near Miss,Minor or low potential impact,Not Entered,8/2/2016 13:28,2016,Aug,Tue,13:28,12:00,8/15/2016 7:41,,,Civil Engineering ,,,Yes,,,,,,,,,No,,,Motor Bike,Incursion due to breakdown,0,0,0,0,,
24569,Near Miss,Minor or low potential impact,Not Entered,8/2/2016 13:45,2016,Aug,Tue,13:45,12:00,8/10/2016 11:38,,,Civil Engineering ,,,Yes,,,,,,,,,No,,,Motor Bike,Incursion due to breakdown,0,0,0,0,,
25592,Near Miss,Minor or low potential impact,Not Entered,8/2/2016 14:13,2016,Aug,Tue,14:13,12:00,8/15/2016 7:46,,,Civil Engineering ,,,Yes,,,,,,,,,No,,,Motor Bike,Incursion due to breakdown,0,0,0,0,,
25593,Near Miss,Minor or low potential impact,Not Entered,8/2/2016 14:40,2016,Aug,Tue,14:40,12:00,8/15/2016 7:48,,,Civil Engineering ,,,Yes,,,,,,,,,No,,,Motor Bike,Incursion due to breakdown,0,0,0,0,,
25594,Near Miss,Minor or low potential impact,Not Entered,8/2/2016 17:50,2016,Aug,Tue,17:50,12:00,8/15/2016 7:51,,,Civil Engineering ,,,Yes,,,,,,,,,No,,,Motor Bike,Incursion due to breakdown,0,0,0,0,,
25595,Near Miss,Minor or low potential impact,Not Entered,8/2/2016 18:48,2016,Aug,Tue,18:48,18:00,8/15/2016 7:54,,,Civil Engineering ,,,Yes,,,,,,,,,No,,,Motor Bike,Incursion due to breakdown,0,0,0,0,,
25596,Near Miss,Minor or low potential impact,Not Entered,8/3/2016 9:26,2016,Aug,Wed,9:26,6:00,8/15/2016 7:59,,,Civil Engineering ,,,Yes,,,,,,,,,No,,,Motor Bike,Incursion due to breakdown,0,0,0,0,,
25597,Near Miss,Minor or low potential impact,Not Entered,8/3/2016 18:31,2016,Aug,Wed,18:31,18:00,8/15/2016 9:27,,,Civil Engineering ,,,Yes,,,,,,,,,No,,,Motor Bike,Incursion to seek information or benefit,0,0,0,0,,
25598,Near Miss,Minor or low potential impact,Not Entered,8/3/2016 19:01,2016,Aug,Wed,19:01,18:00,8/15/2016 9:30,,,Civil Engineering ,,,Yes,,,,,,,,,No,,,Motor Bike,Incursion due to breakdown,0,0,0,0,,
25599,Near Miss,Minor or low potential impact,Not Entered,8/3/2016 19:20,2016,Aug,Wed,19:20,18:00,8/15/2016 9:35,,,Civil Engineering ,,,Yes,,,,,,,,,No,,,Motor Bike,Incursion due to breakdown,0,0,0,0,,
25601,Near Miss,Minor or low potential impact,Not Entered,8/3/2016 20:00,2016,Aug,Wed,20:00,18:00,8/15/2016 10:00,,,Civil Engineering ,,,Yes,,,,,,,,,No,,,Motor Bike,Incursion due to breakdown,0,0,0,0,,
25600,Near Miss,Minor or low potential impact,Not Entered,8/3/2016 20:00,2016,Aug,Wed,20:00,18:00,8/15/2016 9:53,,,Civil Engineering ,,,Yes,,,,,,,,,No,,,Motor Bike,Incursion due to breakdown,0,0,0,0,,
25602,Near Miss,Minor or low potential impact,Not Entered,8/3/2016 21:20,2016,Aug,Wed,21:20,18:00,8/15/2016 10:03,,,Civil Engineering ,,,Yes,,,,,,,,,No,,,Motor Bike,Incursion to seek information or benefit,0,0,0,0,,
25619,Near Miss,Minor or low potential impact,Not Entered,8/3/2016 21:39,2016,Aug,Wed,21:39,18:00,8/16/2016 11:44,,,Civil Engineering ,,,Yes,,,,,,,,,No,,,Motor Bike,Incursion to seek information or benefit,0,0,0,0,,
25620,Near Miss,Minor or low potential impact,Not Entered,8/4/2016 6:47,2016,Aug,Thu,6:47,6:00,8/16/2016 11:49,,,Civil Engineering ,,,Yes,,,,,,,,,No,,,Motor Bike,Incursion due to breakdown,0,0,0,0,,
25621,Near Miss,Minor or low potential impact,Not Entered,8/4/2016 7:00,2016,Aug,Thu,7:00,6:00,8/16/2016 11:53,,,Civil Engineering ,,,Yes,,,,,,,,,No,,,Motor Bike,Incursion due to breakdown,0,0,0,0,,
25622,Near Miss,Minor or low potential impact,Not Entered,8/4/2016 10:25,2016,Aug,Thu,10:25,6:00,8/16/2016 11:56,,,Civil Engineering ,,,Yes,,,,,,,,,No,,,Motor Bike,Incursion due to breakdown,0,0,0,0,,
25623,Near Miss,Minor or low potential impact,Not Entered,8/4/2016 13:35,2016,Aug,Thu,13:35,12:00,8/16/2016 12:00,,,Civil Engineering ,,,Yes,,,,,,,,,No,,,Motor Bike,Incursion due to breakdown,0,0,0,0,,
25629,Near Miss,Minor or low potential impact,Not Entered,8/4/2016 14:58,2016,Aug,Thu,14:58,12:00,8/17/2016 9:40,,,Civil Engineering ,,,Yes,,,,,,,,,No,,,Motor Bike,Incursion due to breakdown,0,0,0,0,,
25630,Near Miss,Minor or low potential impact,Not Entered,8/4/2016 15:18,2016,Aug,Thu,15:18,12:00,8/17/2016 9:47,,,Civil Engineering ,,,Yes,,,,,,,,,No,,,Motor Bike,Incursion due to breakdown,0,0,0,0,,
25631,Near Miss,Minor or low potential impact,Not Entered,8/4/2016 17:43,2016,Aug,Thu,17:43,12:00,8/17/2016 9:49,,,Civil Engineering ,,,Yes,,,,,,,,,No,,,Motor Bike,Incursion due to breakdown,0,0,0,0,,
25632,Near Miss,Minor or low potential impact,Not Entered,8/4/2016 18:24,2016,Aug,Thu,18:24,18:00,8/17/2016 9:53,,,Civil Engineering ,,,Yes,,,,,,,,,No,,,Motor Bike,Incursion due to breakdown,0,0,0,0,,
25633,Near Miss,Minor or low potential impact,Not Entered,8/4/2016 19:39,2016,Aug,Thu,19:39,18:00,8/17/2016 10:02,,,Civil Engineering ,,,Yes,,,,,,,,,No,,,Van,Incursion unintentional as result of accident,0,0,0,0,,
25643,Near Miss,Minor or low potential impact,Not Entered,8/4/2016 21:05,2016,Aug,Thu,21:05,18:00,8/17/2016 13:10,,,Civil Engineering ,,,Yes,,,,,,,,,No,,,Motor Bike,Incursion unintentional - confused or follow in,0,0,0,0,,
25642,Near Miss,Minor or low potential impact,Not Entered,8/4/2016 21:05,2016,Aug,Thu,21:05,18:00,8/17/2016 13:08,,,Civil Engineering ,,,Yes,,,,,,,,,No,,,Motor Bike,Incursion unintentional - confused or follow in,0,0,0,0,,
25732,Near Miss,Minor or low potential impact,Not Entered,8/4/2016 22:34,2016,Aug,Thu,22:34,18:00,8/24/2016 11:44,,,Civil Engineering ,,,Yes,,,,,,,,,No,,,Motor Bike,Incursion unintentional - confused or follow in,0,0,0,0,,
25733,Near Miss,Minor or low potential impact,Not Entered,8/4/2016 22:52,2016,Aug,Thu,22:52,18:00,8/24/2016 11:46,,,Civil Engineering ,,,Yes,,,,,,,,,No,,,Motor Bike,Incursion due to breakdown,0,0,0,0,,
25734,Near Miss,Minor or low potential impact,Not Entered,8/4/2016 22:54,2016,Aug,Thu,22:54,18:00,8/24/2016 11:48,,,Civil Engineering ,,,Yes,,,,,,,,,No,,,Motor Bike,Incursion unintentional - confused or follow in,0,0,0,0,,
25735,Near Miss,Minor or low potential impact,Not Entered,8/4/2016 23:48,2016,Aug,Thu,23:48,18:00,8/24/2016 11:50,,,Civil Engineering ,,,Yes,,,,,,,,,No,,,Motor Bike,Incursion unintentional - confused or follow in,0,0,0,0,,
25736,Near Miss,Minor or low potential impact,Not Entered,8/5/2016 0:33,2016,Aug,Fri,0:33,0:00,8/24/2016 11:58,,,Civil Engineering ,,,Yes,,,,,,,,,No,,,Motor Bike,Incursion unintentional - confused or follow in,0,0,0,0,,
25738,Near Miss,Minor or low potential impact,Not Entered,8/5/2016 5:10,2016,Aug,Fri,5:10,0:00,8/24/2016 12:03,,,Civil Engineering ,,,Yes,,,,,,,,,No,,,Motor Bike,Incursion unintentional - confused or follow in,0,0,0,0,,
25737,Near Miss,Minor or low potential impact,Not Entered,8/5/2016 5:10,2016,Aug,Fri,5:10,0:00,8/24/2016 12:01,,,Civil Engineering ,,,Yes,,,,,,,,,No,,,Motor Bike,Incursion unintentional - confused or follow in,0,0,0,0,,
25739,Near Miss,Minor or low potential impact,Not Entered,8/5/2016 10:45,2016,Aug,Fri,10:45,6:00,8/24/2016 12:06,,,Civil Engineering ,,,Yes,,,,,,,,,No,,,Motor Bike,Incursion due to breakdown,0,0,0,0,,
25740,Near Miss,Minor or low potential impact,Not Entered,8/5/2016 12:19,2016,Aug,Fri,12:19,12:00,8/24/2016 12:08,,,Civil Engineering ,,,Yes,,,,,,,,,No,,,Motor Bike,Incursion due to breakdown,0,0,0,0,,
25741,Near Miss,Minor or low potential impact,Not Entered,8/5/2016 13:23,2016,Aug,Fri,13:23,12:00,8/24/2016 12:11,,,Civil Engineering ,,,Yes,,,,,,,,,No,,,Motor Bike,Incursion unintentional - confused or follow in,0,0,0,0,,
25746,Near Miss,Minor or low potential impact,Not Entered,8/5/2016 16:45,2016,Aug,Fri,16:45,12:00,8/25/2016 13:01,,,Civil Engineering ,,,Yes,,,,,,,,,No,,,Van,Incursion unintentional as result of accident,0,0,0,0,,
25747,Near Miss,Minor or low potential impact,Not Entered,8/5/2016 18:40,2016,Aug,Fri,18:40,18:00,8/25/2016 13:06,,,Civil Engineering ,,,Yes,,,,,,,,,No,,,Motor Bike,Incursion to seek information or benefit,0,0,0,0,,
25748,Near Miss,Minor or low potential impact,Not Entered,8/5/2016 19:00,2016,Aug,Fri,19:00,18:00,8/25/2016 13:09,,,Civil Engineering ,,,Yes,,,,,,,,,No,,,Motor Bike,Incursion to seek information or benefit,0,0,0,0,,
25749,Near Miss,Minor or low potential impact,Not Entered,8/5/2016 20:13,2016,Aug,Fri,20:13,18:00,8/25/2016 13:12,,,Civil Engineering ,,,Yes,,,,,,,,,No,,,Motor Bike,Incursion to seek information or benefit,0,0,0,0,,
25750,Near Miss,Minor or low potential impact,Not Entered,8/5/2016 20:41,2016,Aug,Fri,20:41,18:00,8/25/2016 13:15,,,Civil Engineering ,,,Yes,,,,,,,,,No,,,Motor Bike,Incursion to seek information or benefit,0,0,0,0,,
25751,Near Miss,Minor or low potential impact,Not Entered,8/5/2016 22:00,2016,Aug,Fri,22:00,18:00,8/25/2016 13:17,,,Civil Engineering ,,,Yes,,,,,,,,,No,,,Motor Bike,Incursion due to breakdown,0,0,0,0,,
25752,Near Miss,Minor or low potential impact,Not Entered,8/5/2016 23:40,2016,Aug,Fri,23:40,18:00,8/25/2016 13:20,,,Civil Engineering ,,,Yes,,,,,,,,,No,,,Motor Bike,Incursion to seek information or benefit,0,0,0,0,,
25804,Near Miss,Minor or low potential impact,Not Entered,8/6/2016 9:24,2016,Aug,Sat,9:24,6:00,8/31/2016 7:27,,,Civil Engineering ,,,Yes,,,,,,,,,No,,,Motor Bike,Incursion due to breakdown,0,0,0,0,,
25805,Near Miss,Minor or low potential impact,Not Entered,8/6/2016 11:58,2016,Aug,Sat,11:58,6:00,8/31/2016 7:30,,,Civil Engineering ,,,Yes,,,,,,,,,No,,,Motor Bike,Incursion due to breakdown,0,0,0,0,,
25806,Near Miss,Minor or low potential impact,Not Entered,8/6/2016 12:30,2016,Aug,Sat,12:30,12:00,8/31/2016 7:32,,,Civil Engineering ,,,Yes,,,,,,,,,No,,,Motor Bike,Incursion unintentional - confused or follow in,0,0,0,0,,
25807,Near Miss,Minor or low potential impact,Not Entered,8/6/2016 12:55,2016,Aug,Sat,12:55,12:00,8/31/2016 9:28,,,Civil Engineering ,,,Yes,,,,,,,,,No,,,Motor Bike,Incursion due to breakdown,0,0,0,0,,
25809,Near Miss,Minor or low potential impact,Not Entered,8/6/2016 13:10,2016,Aug,Sat,13:10,12:00,8/31/2016 9:34,,,Civil Engineering ,,,Yes,,,,,,,,,No,,,Motor Bike,Incursion due to breakdown,0,0,0,0,,
25808,Near Miss,Minor or low potential impact,Not Entered,8/6/2016 13:10,2016,Aug,Sat,13:10,12:00,8/31/2016 9:32,,,Civil Engineering ,,,Yes,,,,,,,,,No,,,Motor Bike,Incursion due to breakdown,0,0,0,0,,
25811,Near Miss,Minor or low potential impact,Not Entered,8/6/2016 14:45,2016,Aug,Sat,14:45,12:00,8/31/2016 9:40,,,Civil Engineering ,,,Yes,,,,,,,,,No,,,Motor Bike,Incursion due to breakdown,0,0,0,0,,
25810,Near Miss,Minor or low potential impact,Not Entered,8/6/2016 14:45,2016,Aug,Sat,14:45,12:00,8/31/2016 9:37,,,Civil Engineering ,,,Yes,,,,,,,,,No,,,Motor Bike,Incursion due to breakdown,0,0,0,0,,
25882,Near Miss,Minor or low potential impact,Not Entered,8/6/2016 14:55,2016,Aug,Sat,14:55,12:00,9/6/2016 9:26,,,Civil Engineering ,,,Yes,,,,,,,,,No,,,Motor Bike,Incursion due to breakdown,0,0,0,0,,
25883,Near Miss,Minor or low potential impact,Not Entered,8/6/2016 16:35,2016,Aug,Sat,16:35,12:00,9/6/2016 9:28,,,Civil Engineering ,,,Yes,,,,,,,,,No,,,Van,Incursion unintentional as result of accident,0,0,0,0,,
25884,Near Miss,Minor or low potential impact,Not Entered,8/6/2016 18:55,2016,Aug,Sat,18:55,18:00,9/6/2016 9:30,,,Civil Engineering ,,,Yes,,,,,,,,,No,,,Motor Bike,Incursion to seek information or benefit,0,0,0,0,,
25885,Near Miss,Minor or low potential impact,Not Entered,8/6/2016 20:31,2016,Aug,Sat,20:31,18:00,9/6/2016 9:33,,,Civil Engineering ,,,Yes,,,,,,,,,No,,,Motor Bike,Incursion to seek information or benefit,0,0,0,0,,
25886,Near Miss,Minor or low potential impact,Not Entered,8/7/2016 0:12,2016,Aug,Sun,0:12,0:00,9/6/2016 9:35,,,Civil Engineering ,,,Yes,,,,,,,,,No,,,Motor Bike,Incursion to seek information or benefit,0,0,0,0,,
25887,Near Miss,Minor or low potential impact,Not Entered,8/7/2016 12:50,2016,Aug,Sun,12:50,12:00,9/6/2016 9:38,,,Civil Engineering ,,,Yes,,,,,,,,,No,,,Motor Bike,Incursion due to breakdown,0,0,0,0,,
25888,Near Miss,Minor or low potential impact,Not Entered,8/7/2016 13:05,2016,Aug,Sun,13:05,12:00,9/6/2016 9:40,,,Civil Engineering ,,,Yes,,,,,,,,,No,,,Motor Bike,Incursion due to breakdown,0,0,0,0,,
25889,Near Miss,Minor or low potential impact,Not Entered,8/7/2016 13:20,2016,Aug,Sun,13:20,12:00,9/6/2016 9:50,,,Civil Engineering ,,,Yes,,,,,,,,,No,,,Motor Bike,Incursion unintentional - confused or follow in,0,0,0,0,,
25890,Near Miss,Minor or low potential impact,Not Entered,8/7/2016 14:08,2016,Aug,Sun,14:08,12:00,9/6/2016 9:53,,,Civil Engineering ,,,Yes,,,,,,,,,No,,,Motor Bike,Incursion unintentional - confused or follow in,0,0,0,0,,
25891,Near Miss,Minor or low potential impact,Not Entered,8/7/2016 14:39,2016,Aug,Sun,14:39,12:00,9/6/2016 9:57,,,Civil Engineering ,,,Yes,,,,,,,,,No,,,Motor Bike,Incursion due to breakdown,0,0,0,0,,
25892,Near Miss,Minor or low potential impact,Not Entered,8/7/2016 14:50,2016,Aug,Sun,14:50,12:00,9/6/2016 10:02,,,Civil Engineering ,,,Yes,,,,,,,,,No,,,Motor Bike,Incursion due to breakdown,0,0,0,0,,
25893,Near Miss,Minor or low potential impact,Not Entered,8/7/2016 16:25,2016,Aug,Sun,16:25,12:00,9/6/2016 10:08,,,Civil Engineering ,,,Yes,,,,,,,,,No,,,Motor Bike,Incursion due to breakdown,0,0,0,0,,
25894,Near Miss,Minor or low potential impact,Not Entered,8/7/2016 17:08,2016,Aug,Sun,17:08,12:00,9/6/2016 10:14,,,Civil Engineering ,,,Yes,,,,,,,,,No,,,Motor Bike,Incursion due to breakdown,0,0,0,0,,
25895,Near Miss,Minor or low potential impact,Not Entered,8/7/2016 17:50,2016,Aug,Sun,17:50,12:00,9/6/2016 10:21,,,Civil Engineering ,,,Yes,,,,,,,,,No,,,Motor Bike,Incursion due to breakdown,0,0,0,0,,
25897,Near Miss,Minor or low potential impact,Not Entered,8/7/2016 18:00,2016,Aug,Sun,18:00,18:00,9/6/2016 12:22,,,Civil Engineering ,,,Yes,,,,,,,,,No,,,Motor Bike,Incursion due to breakdown,0,0,0,0,,
25898,Near Miss,Minor or low potential impact,Not Entered,8/7/2016 18:43,2016,Aug,Sun,18:43,18:00,9/6/2016 12:26,,,Civil Engineering ,,,Yes,,,,,,,,,No,,,Motor Bike,Incursion due to breakdown,0,0,0,0,,
25900,Near Miss,Minor or low potential impact,Not Entered,8/7/2016 18:44,2016,Aug,Sun,18:44,18:00,9/6/2016 12:36,,,Civil Engineering ,,,Yes,,,,,,,,,No,,,Motor Bike,Incursion due to breakdown,0,0,0,0,,
25901,Near Miss,Minor or low potential impact,Not Entered,8/7/2016 19:05,2016,Aug,Sun,19:05,18:00,9/6/2016 12:42,,,Civil Engineering ,,,Yes,,,,,,,,,No,,,Motor Bike,Incursion due to breakdown,0,0,0,0,,
25902,Near Miss,Minor or low potential impact,Not Entered,8/7/2016 21:00,2016,Aug,Sun,21:00,18:00,9/6/2016 12:47,,,Civil Engineering ,,,Yes,,,,,,,,,No,,,Motor Bike,Incursion due to breakdown,0,0,0,0,,
25903,Near Miss,Minor or low potential impact,Not Entered,8/7/2016 22:43,2016,Aug,Sun,22:43,18:00,9/6/2016 12:59,,,Civil Engineering ,,,Yes,,,,,,,,,No,,,Motor Bike,Incursion unintentional - confused or follow in,0,0,0,0,,
25904,Near Miss,Minor or low potential impact,Not Entered,8/8/2016 8:50,2016,Aug,Mon,8:50,6:00,9/6/2016 13:11,,,Civil Engineering ,,,Yes,,,,,,,,,No,,,Motor Bike,Incursion due to breakdown,0,0,0,0,,
25907,Near Miss,Minor or low potential impact,Not Entered,8/8/2016 10:29,2016,Aug,Mon,10:29,6:00,9/6/2016 13:14,,,Civil Engineering ,,,Yes,,,,,,,,,No,,,Motor Bike,Incursion due to breakdown,0,0,0,0,,
25908,Near Miss,Minor or low potential impact,Not Entered,8/8/2016 14:32,2016,Aug,Mon,14:32,12:00,9/6/2016 13:18,,,Civil Engineering ,,,Yes,,,,,,,,,No,,,Van,Incursion due to breakdown,0,0,0,0,,
25909,Near Miss,Minor or low potential impact,Not Entered,8/8/2016 16:03,2016,Aug,Mon,16:03,12:00,9/6/2016 13:22,,,Civil Engineering ,,,Yes,,,,,,,,,No,,,Motor Bike,Incursion due to breakdown,0,0,0,0,,
25910,Near Miss,Minor or low potential impact,Not Entered,8/8/2016 16:30,2016,Aug,Mon,16:30,12:00,9/6/2016 13:25,,,Civil Engineering ,,,Yes,,,,,,,,,No,,,Motor Bike,Incursion due to breakdown,0,0,0,0,,
25919,Near Miss,Minor or low potential impact,Not Entered,8/9/2016 7:45,2016,Aug,Tue,7:45,6:00,9/7/2016 7:25,,,Civil Engineering ,,,Yes,,,,,,,,,No,,,Motor Bike,Incursion due to breakdown,0,0,0,0,,
25911,Near Miss,Minor or low potential impact,Not Entered,8/9/2016 18:17,2016,Aug,Tue,18:17,18:00,9/6/2016 13:30,,,Civil Engineering ,,,Yes,,,,,,,,,No,,,Motor Bike,Incursion due to breakdown,0,0,0,0,,
25912,Near Miss,Minor or low potential impact,Not Entered,8/9/2016 18:23,2016,Aug,Tue,18:23,18:00,9/6/2016 13:36,,,Civil Engineering ,,,Yes,,,,,,,,,No,,,Motor Bike,Incursion due to breakdown,0,0,0,0,,
25913,Near Miss,Minor or low potential impact,Not Entered,8/9/2016 19:05,2016,Aug,Tue,19:05,18:00,9/6/2016 13:38,,,Civil Engineering ,,,Yes,,,,,,,,,No,,,Motor Bike,Incursion due to breakdown,0,0,0,0,,
25916,Near Miss,Minor or low potential impact,Not Entered,8/9/2016 20:23,2016,Aug,Tue,20:23,18:00,9/7/2016 7:15,,,Civil Engineering ,,,Yes,,,,,,,,,No,,,Motor Bike,Incursion unintentional - confused or follow in,0,0,0,0,,
25917,Near Miss,Minor or low potential impact,Not Entered,8/9/2016 21:10,2016,Aug,Tue,21:10,18:00,9/7/2016 7:18,,,Civil Engineering ,,,Yes,,,,,,,,,No,,,Motor Bike,Incursion due to breakdown,0,0,0,0,,
25918,Near Miss,Minor or low potential impact,Not Entered,8/9/2016 21:22,2016,Aug,Tue,21:22,18:00,9/7/2016 7:21,,,Civil Engineering ,,,Yes,,,,,,,,,No,,,Motor Bike,Incursion due to breakdown,0,0,0,0,,
25921,Near Miss,Minor or low potential impact,Not Entered,8/10/2016 8:09,2016,Aug,Wed,8:09,6:00,9/7/2016 7:33,,,Civil Engineering ,,,Yes,,,,,,,,,No,,,Motor Bike,Incursion to seek information or benefit,0,0,0,0,,
25920,Near Miss,Minor or low potential impact,Not Entered,8/10/2016 8:09,2016,Aug,Wed,8:09,6:00,9/7/2016 7:30,,,Civil Engineering ,,,Yes,,,,,,,,,No,,,Motor Bike,Incursion to seek information or benefit,0,0,0,0,,
25922,Near Miss,Minor or low potential impact,Not Entered,8/10/2016 16:08,2016,Aug,Wed,16:08,12:00,9/7/2016 7:36,,,Civil Engineering ,,,Yes,,,,,,,,,No,,,Motor Bike,Incursion due to breakdown,0,0,0,0,,
25923,Near Miss,Minor or low potential impact,Not Entered,8/10/2016 16:57,2016,Aug,Wed,16:57,12:00,9/7/2016 7:38,,,Civil Engineering ,,,Yes,,,,,,,,,No,,,Motor Bike,Incursion unintentional - confused or follow in,0,0,0,0,,
25924,Near Miss,Minor or low potential impact,Not Entered,8/10/2016 21:51,2016,Aug,Wed,21:51,18:00,9/7/2016 7:44,,,Civil Engineering ,,,Yes,,,,,,,,,No,,,Motor Bike,Incursion due to breakdown,0,0,0,0,,