Event ID,Event Type ,Event Subtype,Type of Person,Date/Time of Event,Year,Month,Day of the Week,Time,Time interval (6 hours),Date/Time Reported,Location,Specific Location (include RCC Log no if relevant),Details of actual job being done at the time,Part of Body Affected,Injury Type,Was there a vehicle involved in this event?,Work related,Accident Type,Vehicle Motion,Who was Hit,Weather/Visibility,Surface Condition,Roadbed Grade,Lighting Conditions,Was A Police Report Filed?,Name of Law Enforcement Agency,Preventable,Type,Kind of Event,Expected Lost Workdays (Total),Actual Lost Workdays (Total),Expected Restricted Workdays (Total),Actual Restricted Workdays (Total),Return To Work Date,Sign Off 1
25925,Near Miss,Minor or low potential impact,Not Entered,8/10/2016 22:25,2016,Aug,Wed,22:25,18:00,9/7/2016 7:50,,,Civil Engineering ,,,Yes,,,,,,,,,No,,,Motor Bike,Incursion to seek information or benefit,0,0,0,0,,
25927,Near Miss,Minor or low potential impact,Not Entered,8/11/2016 7:05,2016,Aug,Thu,7:05,6:00,9/7/2016 8:07,,,Civil Engineering ,,,Yes,,,,,,,,,No,,,Motor Bike,Incursion due to breakdown,0,0,0,0,,
25926,Near Miss,Minor or low potential impact,Not Entered,8/11/2016 7:05,2016,Aug,Thu,7:05,6:00,9/7/2016 7:59,,,Civil Engineering ,,,Yes,,,,,,,,,No,,,Motor Bike,Incursion due to breakdown,0,0,0,0,,
25928,Near Miss,Minor or low potential impact,Not Entered,8/11/2016 10:53,2016,Aug,Thu,10:53,6:00,9/7/2016 8:11,,,Civil Engineering ,,,Yes,,,,,,,,,No,,,Motor Bike,Incursion due to breakdown,0,0,0,0,,
25929,Near Miss,Minor or low potential impact,Not Entered,8/11/2016 12:00,2016,Aug,Thu,12:00,12:00,9/7/2016 8:14,,,Civil Engineering ,,,Yes,,,,,,,,,No,,,Motor Bike,Incursion due to breakdown,0,0,0,0,,
25930,Near Miss,Minor or low potential impact,Not Entered,8/11/2016 12:03,2016,Aug,Thu,12:03,12:00,9/7/2016 8:18,,,Civil Engineering ,,,Yes,,,,,,,,,No,,,Motor Bike,Incursion unintentional - confused or follow in,0,0,0,0,,
25931,Near Miss,Minor or low potential impact,Not Entered,8/11/2016 13:03,2016,Aug,Thu,13:03,12:00,9/7/2016 8:21,,,Civil Engineering ,,,Yes,,,,,,,,,No,,,Motor Bike,Incursion due to breakdown,0,0,0,0,,
25934,Near Miss,Minor or low potential impact,Not Entered,8/11/2016 16:28,2016,Aug,Thu,16:28,12:00,9/7/2016 8:37,,,Civil Engineering ,,,Yes,,,,,,,,,No,,,Motor Bike,Incursion due to breakdown,0,0,0,0,,
25933,Near Miss,Minor or low potential impact,Not Entered,8/11/2016 16:28,2016,Aug,Thu,16:28,12:00,9/7/2016 8:29,,,Civil Engineering ,,,Yes,,,,,,,,,No,,,Motor Bike,Incursion due to breakdown,0,0,0,0,,
25932,Near Miss,Minor or low potential impact,Not Entered,8/11/2016 16:28,2016,Aug,Thu,16:28,12:00,9/7/2016 8:26,,,Civil Engineering ,,,Yes,,,,,,,,,No,,,Motor Bike,Incursion due to breakdown,0,0,0,0,,
25935,Near Miss,Minor or low potential impact,Not Entered,8/11/2016 17:24,2016,Aug,Thu,17:24,12:00,9/7/2016 8:41,,,Civil Engineering ,,,Yes,,,,,,,,,No,,,Motor Bike,Incursion due to breakdown,0,0,0,0,,
25936,Near Miss,Minor or low potential impact,Not Entered,8/11/2016 20:40,2016,Aug,Thu,20:40,18:00,9/7/2016 8:43,,,Civil Engineering ,,,Yes,,,,,,,,,No,,,Motor Bike,Incursion due to breakdown,0,0,0,0,,
25938,Near Miss,Minor or low potential impact,Not Entered,8/12/2016 6:20,2016,Aug,Fri,6:20,6:00,9/7/2016 9:28,,,Civil Engineering ,,,Yes,,,,,,,,,No,,,Motor Bike,Incursion due to breakdown,0,0,0,0,,
25937,Near Miss,Minor or low potential impact,Not Entered,8/12/2016 6:20,2016,Aug,Fri,6:20,6:00,9/7/2016 9:10,,,Civil Engineering ,,,Yes,,,,,,,,,No,,,Motor Bike,Incursion due to breakdown,0,0,0,0,,
25939,Near Miss,Minor or low potential impact,Not Entered,8/12/2016 13:50,2016,Aug,Fri,13:50,12:00,9/7/2016 9:41,,,Civil Engineering ,,,Yes,,,,,,,,,No,,,Motor Bike,Incursion due to breakdown,0,0,0,0,,
25940,Near Miss,Minor or low potential impact,Not Entered,8/12/2016 14:54,2016,Aug,Fri,14:54,12:00,9/7/2016 9:48,,,Civil Engineering ,,,Yes,,,,,,,,,No,,,Motor Bike,Incursion due to breakdown,0,0,0,0,,
25941,Near Miss,Minor or low potential impact,Not Entered,8/12/2016 15:55,2016,Aug,Fri,15:55,12:00,9/7/2016 9:50,,,Civil Engineering ,,,Yes,,,,,,,,,No,,,Motor Bike,Incursion due to breakdown,0,0,0,0,,
25952,Near Miss,Minor or low potential impact,Not Entered,8/14/2016 1:02,2016,Aug,Sun,1:02,0:00,9/7/2016 12:32,,,Civil Engineering ,,,Yes,,,,,,,,,No,,,Motor Bike,Incursion to seek information or benefit,0,0,0,0,,
25960,Near Miss,Minor or low potential impact,Not Entered,8/14/2016 3:10,2016,Aug,Sun,3:10,0:00,9/7/2016 13:42,,,Civil Engineering ,,,Yes,,,,,,,,,No,,,Motor Bike,Incursion to seek information or benefit,0,0,0,0,,
25942,Near Miss,Minor or low potential impact,Not Entered,8/14/2016 6:38,2016,Aug,Sun,6:38,6:00,9/7/2016 10:03,,,Civil Engineering ,,,Yes,,,,,,,,,No,,,Motor Bike,Incursion due to breakdown,0,0,0,0,,
25943,Near Miss,Minor or low potential impact,Not Entered,8/14/2016 6:56,2016,Aug,Sun,6:56,6:00,9/7/2016 10:12,,,Civil Engineering ,,,Yes,,,,,,,,,No,,,Motor Bike,Incursion due to breakdown,0,0,0,0,,
25944,Near Miss,Minor or low potential impact,Not Entered,8/14/2016 8:54,2016,Aug,Sun,8:54,6:00,9/7/2016 10:17,,,Civil Engineering ,,,Yes,,,,,,,,,No,,,Motor Bike,Incursion due to breakdown,0,0,0,0,,
25945,Near Miss,Minor or low potential impact,Not Entered,8/14/2016 9:20,2016,Aug,Sun,9:20,6:00,9/7/2016 12:14,,,Civil Engineering ,,,Yes,,,,,,,,,No,,,Motor Bike,Incursion to seek information or benefit,0,0,0,0,,
25946,Near Miss,Minor or low potential impact,Not Entered,8/14/2016 9:49,2016,Aug,Sun,9:49,6:00,9/7/2016 12:16,,,Civil Engineering ,,,Yes,,,,,,,,,No,,,Motor Bike,Incursion to seek information or benefit,0,0,0,0,,
25947,Near Miss,Minor or low potential impact,Not Entered,8/14/2016 10:12,2016,Aug,Sun,10:12,6:00,9/7/2016 12:19,,,Civil Engineering ,,,Yes,,,,,,,,,No,,,Motor Bike,Incursion due to breakdown,0,0,0,0,,
25948,Near Miss,Minor or low potential impact,Not Entered,8/14/2016 11:34,2016,Aug,Sun,11:34,6:00,9/7/2016 12:21,,,Civil Engineering ,,,Yes,,,,,,,,,No,,,Motor Bike,Incursion to seek information or benefit,0,0,0,0,,
25949,Near Miss,Minor or low potential impact,Not Entered,8/14/2016 11:48,2016,Aug,Sun,11:48,6:00,9/7/2016 12:23,,,Civil Engineering ,,,Yes,,,,,,,,,No,,,Motor Bike,Incursion to seek information or benefit,0,0,0,0,,
25950,Near Miss,Minor or low potential impact,Not Entered,8/14/2016 12:13,2016,Aug,Sun,12:13,12:00,9/7/2016 12:26,,,Civil Engineering ,,,Yes,,,,,,,,,No,,,Motor Bike,Incursion due to breakdown,0,0,0,0,,
25951,Near Miss,Minor or low potential impact,Not Entered,8/14/2016 12:29,2016,Aug,Sun,12:29,12:00,9/7/2016 12:29,,,Civil Engineering ,,,Yes,,,,,,,,,No,,,Motor Bike,Incursion to seek information or benefit,0,0,0,0,,
25963,Near Miss,Minor or low potential impact,Not Entered,8/14/2016 12:40,2016,Aug,Sun,12:40,12:00,9/7/2016 13:51,,,Civil Engineering ,,,Yes,,,,,,,,,No,,,Motor Bike,Incursion due to breakdown,0,0,0,0,,
25955,Near Miss,Minor or low potential impact,Not Entered,8/14/2016 15:54,2016,Aug,Sun,15:54,12:00,9/7/2016 12:48,,,Civil Engineering ,,,Yes,,,,,,,,,No,,,Motor Bike,Incursion to seek information or benefit,0,0,0,0,,
25956,Near Miss,Minor or low potential impact,Not Entered,8/14/2016 16:05,2016,Aug,Sun,16:05,12:00,9/7/2016 12:52,,,Civil Engineering ,,,Yes,,,,,,,,,No,,,Motor Bike,Incursion to seek information or benefit,0,0,0,0,,
25957,Near Miss,Minor or low potential impact,Not Entered,8/14/2016 16:07,2016,Aug,Sun,16:07,12:00,9/7/2016 13:02,,,Civil Engineering ,,,Yes,,,,,,,,,No,,,Motor Bike,Incursion to seek information or benefit,0,0,0,0,,
25958,Near Miss,Minor or low potential impact,Not Entered,8/14/2016 16:33,2016,Aug,Sun,16:33,12:00,9/7/2016 13:06,,,Civil Engineering ,,,Yes,,,,,,,,,No,,,Motor Bike,Incursion to seek information or benefit,0,0,0,0,,
25959,Near Miss,Minor or low potential impact,Not Entered,8/14/2016 17:03,2016,Aug,Sun,17:03,12:00,9/7/2016 13:31,,,Civil Engineering ,,,Yes,,,,,,,,,No,,,Motor Bike,Incursion due to breakdown,0,0,0,0,,
25954,Near Miss,Minor or low potential impact,Not Entered,8/14/2016 17:15,2016,Aug,Sun,17:15,12:00,9/7/2016 12:44,,,Civil Engineering ,,,Yes,,,,,,,,,No,,,Motor Bike,Incursion to seek information or benefit,0,0,0,0,,
25953,Near Miss,Minor or low potential impact,Not Entered,8/14/2016 17:15,2016,Aug,Sun,17:15,12:00,9/7/2016 12:36,,,Civil Engineering ,,,Yes,,,,,,,,,No,,,Motor Bike,Incursion to seek information or benefit,0,0,0,0,,
25962,Near Miss,Minor or low potential impact,Not Entered,8/15/2016 12:15,2016,Aug,Mon,12:15,12:00,9/7/2016 13:49,,,Civil Engineering ,,,Yes,,,,,,,,,No,,,Motor Bike,Incursion to seek information or benefit,0,0,0,0,,
25961,Near Miss,Minor or low potential impact,Not Entered,8/15/2016 12:15,2016,Aug,Mon,12:15,12:00,9/7/2016 13:46,,,Civil Engineering ,,,Yes,,,,,,,,,No,,,Motor Bike,Incursion due to breakdown,0,0,0,0,,
25964,Near Miss,Minor or low potential impact,Not Entered,8/15/2016 16:40,2016,Aug,Mon,16:40,12:00,9/7/2016 13:58,,,Civil Engineering ,,,Yes,,,,,,,,,No,,,Motor Bike,Incursion due to breakdown,0,0,0,0,,
25981,Near Miss,Minor or low potential impact,Not Entered,8/16/2016 4:08,2016,Aug,Tue,4:08,0:00,9/9/2016 10:49,,,Civil Engineering ,,,Yes,,,,,,,,,No,,,Motor Bike,Incursion due to breakdown,0,0,0,0,,
25973,Near Miss,Minor or low potential impact,Not Entered,8/16/2016 10:15,2016,Aug,Tue,10:15,6:00,9/9/2016 9:45,,,Civil Engineering ,,,Yes,,,,,,,,,No,,,Van,Incursion unintentional as result of accident,0,0,0,0,,
25974,Near Miss,Minor or low potential impact,Not Entered,8/16/2016 11:45,2016,Aug,Tue,11:45,6:00,9/9/2016 9:56,,,Civil Engineering ,,,Yes,,,,,,,,,No,,,Motor Bike,Incursion due to breakdown,0,0,0,0,,
25975,Near Miss,Minor or low potential impact,Not Entered,8/16/2016 12:35,2016,Aug,Tue,12:35,12:00,9/9/2016 10:02,,,Civil Engineering ,,,Yes,,,,,,,,,No,,,Motor Bike,Incursion to seek information or benefit,0,0,0,0,,
25976,Near Miss,Minor or low potential impact,Not Entered,8/16/2016 13:10,2016,Aug,Tue,13:10,12:00,9/9/2016 10:05,,,Civil Engineering ,,,Yes,,,,,,,,,No,,,Motor Bike,Incursion due to breakdown,0,0,0,0,,
25977,Near Miss,Minor or low potential impact,Not Entered,8/16/2016 15:25,2016,Aug,Tue,15:25,12:00,9/9/2016 10:08,,,Civil Engineering ,,,Yes,,,,,,,,,No,,,Motor Bike,Incursion due to breakdown,0,0,0,0,,
25979,Near Miss,Minor or low potential impact,Not Entered,8/16/2016 17:00,2016,Aug,Tue,17:00,12:00,9/9/2016 10:33,,,Civil Engineering ,,,Yes,,,,,,,,,No,,,Motor Bike,Incursion due to breakdown,0,0,0,0,,
25980,Near Miss,Minor or low potential impact,Not Entered,8/16/2016 17:20,2016,Aug,Tue,17:20,12:00,9/9/2016 10:44,,,Civil Engineering ,,,Yes,,,,,,,,,No,,,Motor Bike,Incursion due to breakdown,0,0,0,0,,
26016,Near Miss,Minor or low potential impact,Not Entered,8/17/2016 12:09,2016,Aug,Wed,12:09,12:00,9/12/2016 7:27,,,Civil Engineering ,,,Yes,,,,,,,,,No,,,Motor Bike,Incursion due to breakdown,0,0,0,0,,
26017,Near Miss,Minor or low potential impact,Not Entered,8/17/2016 16:21,2016,Aug,Wed,16:21,12:00,9/12/2016 7:31,,,Civil Engineering ,,,Yes,,,,,,,,,No,,,Motor Bike,Incursion due to breakdown,0,0,0,0,,
26018,Near Miss,Minor or low potential impact,Not Entered,8/17/2016 17:23,2016,Aug,Wed,17:23,12:00,9/12/2016 7:41,,,Civil Engineering ,,,Yes,,,,,,,,,No,,,Motor Bike,Incursion due to breakdown,0,0,0,0,,
26028,Near Miss,Minor or low potential impact,Not Entered,8/18/2016 5:42,2016,Aug,Thu,5:42,0:00,9/12/2016 8:33,,,Civil Engineering ,,,Yes,,,,,,,,,No,,,Motor Bike,Incursion to seek information or benefit,0,0,0,0,,
26019,Near Miss,Minor or low potential impact,Not Entered,8/18/2016 7:26,2016,Aug,Thu,7:26,6:00,9/12/2016 7:43,,,Civil Engineering ,,,Yes,,,,,,,,,No,,,Motor Bike,Incursion to seek information or benefit,0,0,0,0,,
26020,Near Miss,Minor or low potential impact,Not Entered,8/18/2016 9:58,2016,Aug,Thu,9:58,6:00,9/12/2016 7:45,,,Civil Engineering ,,,No,,,,,,,,,No,,,,Incursion due to breakdown,0,0,0,0,,
25683,Near Miss,Minor or low potential impact,Not Entered,8/18/2016 11:35,2016,Aug,Thu,11:35,6:00,8/19/2016 12:34,,,Civil Engineering ,,,No,,,,,,,,,No,,,,Hit by a moving or falling object,0,0,0,0,,
26021,Near Miss,Minor or low potential impact,Not Entered,8/18/2016 12:45,2016,Aug,Thu,12:45,12:00,9/12/2016 7:48,,,Civil Engineering ,,,Yes,,,,,,,,,No,,,Motor Bike,Incursion due to breakdown,0,0,0,0,,
26022,Near Miss,Minor or low potential impact,Not Entered,8/18/2016 13:47,2016,Aug,Thu,13:47,12:00,9/12/2016 7:57,,,Civil Engineering ,,,Yes,,,,,,,,,No,,,Motor Bike,Incursion unintentional - confused or follow in,0,0,0,0,,
26023,Near Miss,Minor or low potential impact,Not Entered,8/18/2016 14:55,2016,Aug,Thu,14:55,12:00,9/12/2016 8:10,,,Civil Engineering ,,,Yes,,,,,,,,,No,,,Van,Incursion unintentional as result of accident,0,0,0,0,,
26024,Near Miss,Minor or low potential impact,Not Entered,8/18/2016 17:10,2016,Aug,Thu,17:10,12:00,9/12/2016 8:16,,,Civil Engineering ,,,Yes,,,,,,,,,No,,,Motor Bike,Incursion due to breakdown,0,0,0,0,,
26025,Near Miss,Minor or low potential impact,Not Entered,8/18/2016 17:50,2016,Aug,Thu,17:50,12:00,9/12/2016 8:23,,,Civil Engineering ,,,Yes,,,,,,,,,No,,,Motor Bike,Incursion due to breakdown,0,0,0,0,,
26026,Near Miss,Minor or low potential impact,Not Entered,8/18/2016 22:07,2016,Aug,Thu,22:07,18:00,9/12/2016 8:26,,,Civil Engineering ,,,Yes,,,,,,,,,No,,,Motor Bike,Incursion unintentional - confused or follow in,0,0,0,0,,
26027,Near Miss,Minor or low potential impact,Not Entered,8/18/2016 22:37,2016,Aug,Thu,22:37,18:00,9/12/2016 8:29,,,Civil Engineering ,,,Yes,,,,,,,,,No,,,Motor Bike,Incursion due to breakdown,0,0,0,0,,
26029,Near Miss,Minor or low potential impact,Not Entered,8/19/2016 6:06,2016,Aug,Fri,6:06,6:00,9/12/2016 8:35,,,Civil Engineering ,,,Yes,,,,,,,,,No,,,Motor Bike,Incursion to seek information or benefit,0,0,0,0,,
26030,Near Miss,Minor or low potential impact,Not Entered,8/19/2016 11:55,2016,Aug,Fri,11:55,6:00,9/12/2016 8:38,,,Civil Engineering ,,,Yes,,,,,,,,,No,,,Motor Bike,Incursion due to breakdown,0,0,0,0,,
26031,Near Miss,Minor or low potential impact,Not Entered,8/19/2016 20:44,2016,Aug,Fri,20:44,18:00,9/12/2016 8:42,,,Civil Engineering ,,,Yes,,,,,,,,,No,,,Motor Bike,Incursion due to breakdown,0,0,0,0,,
26032,Near Miss,Minor or low potential impact,Not Entered,8/19/2016 21:15,2016,Aug,Fri,21:15,18:00,9/12/2016 8:46,,,Civil Engineering ,,,Yes,,,,,,,,,No,,,Motor Bike,Incursion due to breakdown,0,0,0,0,,
26033,Near Miss,Minor or low potential impact,Not Entered,8/20/2016 8:20,2016,Aug,Sat,8:20,6:00,9/12/2016 8:50,,,Civil Engineering ,,,Yes,,,,,,,,,No,,,Motor Bike,Incursion due to breakdown,0,0,0,0,,
26034,Near Miss,Minor or low potential impact,Not Entered,8/20/2016 11:35,2016,Aug,Sat,11:35,6:00,9/12/2016 9:07,,,Civil Engineering ,,,Yes,,,,,,,,,Yes,,,Van,Incursion unintentional as result of accident,0,0,0,0,,
26035,Near Miss,Minor or low potential impact,Not Entered,8/20/2016 14:08,2016,Aug,Sat,14:08,12:00,9/12/2016 9:11,,,Civil Engineering ,,,Yes,,,,,,,,,No,,,Motor Bike,Incursion due to breakdown,0,0,0,0,,
26036,Near Miss,Minor or low potential impact,Not Entered,8/20/2016 15:55,2016,Aug,Sat,15:55,12:00,9/12/2016 9:26,,,Civil Engineering ,,,Yes,,,,,,,,,No,,,Motor Bike,Incursion to seek information or benefit,0,0,0,0,,
26037,Near Miss,Minor or low potential impact,Not Entered,8/20/2016 17:55,2016,Aug,Sat,17:55,12:00,9/12/2016 9:30,,,Civil Engineering ,,,Yes,,,,,,,,,No,,,Motor Bike,Incursion due to breakdown,0,0,0,0,,
26038,Near Miss,Minor or low potential impact,Not Entered,8/20/2016 19:41,2016,Aug,Sat,19:41,18:00,9/12/2016 9:36,,,Civil Engineering ,,,Yes,,,,,,,,,No,,,Motor Bike,Incursion due to breakdown,0,0,0,0,,
26039,Near Miss,Minor or low potential impact,Not Entered,8/21/2016 12:52,2016,Aug,Sun,12:52,12:00,9/12/2016 9:42,,,Civil Engineering ,,,Yes,,,,,,,,,No,,,Motor Bike,Incursion due to breakdown,0,0,0,0,,
26040,Near Miss,Minor or low potential impact,Not Entered,8/21/2016 17:15,2016,Aug,Sun,17:15,12:00,9/12/2016 9:44,,,Civil Engineering ,,,Yes,,,,,,,,,No,,,Motor Bike,Incursion due to breakdown,0,0,0,0,,
26041,Near Miss,Minor or low potential impact,Not Entered,8/22/2016 9:40,2016,Aug,Mon,9:40,6:00,9/12/2016 10:07,,,Civil Engineering ,,,Yes,,,,,,,,,No,,,Motor Bike,Incursion due to breakdown,0,0,0,0,,
26042,Near Miss,Minor or low potential impact,Not Entered,8/22/2016 11:45,2016,Aug,Mon,11:45,6:00,9/12/2016 10:15,,,Civil Engineering ,,,Yes,,,,,,,,,No,,,Motor Bike,Incursion due to breakdown,0,0,0,0,,
26043,Near Miss,Minor or low potential impact,Not Entered,8/22/2016 12:15,2016,Aug,Mon,12:15,12:00,9/12/2016 11:44,,,Civil Engineering ,,,Yes,,,,,,,,,No,,,Motor Bike,Incursion due to breakdown,0,0,0,0,,
26044,Near Miss,Minor or low potential impact,Not Entered,8/22/2016 12:31,2016,Aug,Mon,12:31,12:00,9/12/2016 11:53,,,Civil Engineering ,,,Yes,,,,,,,,,No,,,Motor Bike,Incursion to seek information or benefit,0,0,0,0,,
26045,Near Miss,Minor or low potential impact,Not Entered,8/22/2016 14:20,2016,Aug,Mon,14:20,12:00,9/12/2016 12:06,,,Civil Engineering ,,,Yes,,,,,,,,,No,,,Motor Bike,Incursion to seek information or benefit,0,0,0,0,,
26047,Near Miss,Minor or low potential impact,Not Entered,8/22/2016 15:30,2016,Aug,Mon,15:30,12:00,9/12/2016 12:14,,,Civil Engineering ,,,Yes,,,,,,,,,No,,,Van,Incursion unintentional as result of accident,0,0,0,0,,
26048,Near Miss,Minor or low potential impact,Not Entered,8/22/2016 16:00,2016,Aug,Mon,16:00,12:00,9/12/2016 12:21,,,Civil Engineering ,,,Yes,,,,,,,,,No,,,Motor Bike,Incursion to seek information or benefit,0,0,0,0,,
26049,Near Miss,Minor or low potential impact,Not Entered,8/22/2016 16:41,2016,Aug,Mon,16:41,12:00,9/12/2016 12:32,,,Civil Engineering ,,,Yes,,,,,,,,,No,,,Car,Incursion to seek information or benefit,0,0,0,0,,
26050,Near Miss,Minor or low potential impact,Not Entered,8/22/2016 16:53,2016,Aug,Mon,16:53,12:00,9/12/2016 12:42,,,Civil Engineering ,,,Yes,,,,,,,,,No,,,Motor Bike,Incursion unintentional - confused or follow in,0,0,0,0,,
26051,Near Miss,Minor or low potential impact,Not Entered,8/22/2016 17:03,2016,Aug,Mon,17:03,12:00,9/12/2016 12:45,,,Civil Engineering ,,,Yes,,,,,,,,,No,,,Motor Bike,Incursion unintentional as result of accident,0,0,0,0,,
26052,Near Miss,Minor or low potential impact,Not Entered,8/22/2016 17:43,2016,Aug,Mon,17:43,12:00,9/12/2016 12:56,,,Civil Engineering ,,,Yes,,,,,,,,,No,,,Motor Bike,Incursion to seek information or benefit,0,0,0,0,,
26053,Near Miss,Minor or low potential impact,Not Entered,8/22/2016 17:53,2016,Aug,Mon,17:53,12:00,9/12/2016 13:01,,,Civil Engineering ,,,Yes,,,,,,,,,No,,,Motor Bike,Incursion to seek information or benefit,0,0,0,0,,
26060,Near Miss,Minor or low potential impact,Not Entered,8/23/2016 8:27,2016,Aug,Tue,8:27,6:00,9/13/2016 14:07,,,Civil Engineering ,,,Yes,,,,,,,,,No,,,Motor Bike,Incursion to seek information or benefit,0,0,0,0,,
26061,Near Miss,Minor or low potential impact,Not Entered,8/23/2016 9:23,2016,Aug,Tue,9:23,6:00,9/13/2016 14:29,,,Civil Engineering ,,,Yes,,,,,,,,,No,,,Motor Bike,Incursion unintentional - confused or follow in,0,0,0,0,,
26062,Near Miss,Minor or low potential impact,Not Entered,8/23/2016 11:46,2016,Aug,Tue,11:46,6:00,9/13/2016 14:35,,,Civil Engineering ,,,Yes,,,,,,,,,No,,,Motor Bike,Incursion unintentional - confused or follow in,0,0,0,0,,
26065,Near Miss,Minor or low potential impact,Not Entered,8/23/2016 12:03,2016,Aug,Tue,12:03,12:00,9/14/2016 7:39,,,Civil Engineering ,,,Yes,,,,,,,,,No,,,Motor Bike,Incursion unintentional - confused or follow in,0,0,0,0,,
26064,Near Miss,Minor or low potential impact,Not Entered,8/23/2016 12:03,2016,Aug,Tue,12:03,12:00,9/14/2016 7:35,,,Civil Engineering ,,,Yes,,,,,,,,,No,,,Motor Bike,Incursion unintentional - confused or follow in,0,0,0,0,,
26066,Near Miss,Minor or low potential impact,Not Entered,8/23/2016 16:30,2016,Aug,Tue,16:30,12:00,9/14/2016 7:42,,,Civil Engineering ,,,Yes,,,,,,,,,No,,,Motor Bike,Incursion due to breakdown,0,0,0,0,,
26067,Near Miss,Minor or low potential impact,Not Entered,8/23/2016 17:00,2016,Aug,Tue,17:00,12:00,9/14/2016 7:44,,,Civil Engineering ,,,Yes,,,,,,,,,No,,,Motor Bike,Incursion to seek information or benefit,0,0,0,0,,
26068,Near Miss,Minor or low potential impact,Not Entered,8/23/2016 17:25,2016,Aug,Tue,17:25,12:00,9/14/2016 7:46,,,Civil Engineering ,,,Yes,,,,,,,,,No,,,Motor Bike,Incursion to seek information or benefit,0,0,0,0,,
26069,Near Miss,Minor or low potential impact,Not Entered,8/23/2016 17:49,2016,Aug,Tue,17:49,12:00,9/14/2016 7:48,,,Civil Engineering ,,,Yes,,,,,,,,,No,,,Motor Bike,Incursion due to breakdown,0,0,0,0,,
26070,Near Miss,Minor or low potential impact,Not Entered,8/23/2016 17:58,2016,Aug,Tue,17:58,12:00,9/14/2016 7:51,,,Civil Engineering ,,,Yes,,,,,,,,,No,,,Motor Bike,Incursion unintentional as result of accident,0,0,0,0,,
26071,Near Miss,Minor or low potential impact,Not Entered,8/23/2016 19:06,2016,Aug,Tue,19:06,18:00,9/14/2016 7:59,,,Civil Engineering ,,,Yes,,,,,,,,,No,,,Motor Bike,Incursion due to breakdown,0,0,0,0,,
26072,Near Miss,Minor or low potential impact,Not Entered,8/23/2016 19:42,2016,Aug,Tue,19:42,18:00,9/14/2016 8:02,,,Civil Engineering ,,,Yes,,,,,,,,,No,,,Motor Bike,Incursion due to breakdown,0,0,0,0,,
26073,Near Miss,Minor or low potential impact,Not Entered,8/23/2016 19:50,2016,Aug,Tue,19:50,18:00,9/14/2016 8:06,,,Civil Engineering ,,,Yes,,,,,,,,,No,,,Motor Bike,Incursion due to breakdown,0,0,0,0,,
26081,Near Miss,Minor or low potential impact,Not Entered,8/24/2016 9:37,2016,Aug,Wed,9:37,6:00,9/14/2016 8:38,,,Civil Engineering ,,,Yes,,,,,,,,,No,,,Motor Bike,Incursion due to breakdown,0,0,0,0,,
26074,Near Miss,Minor or low potential impact,Not Entered,8/24/2016 12:20,2016,Aug,Wed,12:20,12:00,9/14/2016 8:08,,,Civil Engineering ,,,Yes,,,,,,,,,No,,,Motor Bike,Incursion to seek information or benefit,0,0,0,0,,
26075,Near Miss,Minor or low potential impact,Not Entered,8/24/2016 12:30,2016,Aug,Wed,12:30,12:00,9/14/2016 8:15,,,Civil Engineering ,,,Yes,,,,,,,,,No,,,Motor Bike,Incursion due to breakdown,0,0,0,0,,
26076,Near Miss,Minor or low potential impact,Not Entered,8/24/2016 14:35,2016,Aug,Wed,14:35,12:00,9/14/2016 8:17,,,Civil Engineering ,,,Yes,,,,,,,,,No,,,Van,Incursion unintentional as result of accident,0,0,0,0,,
26077,Near Miss,Minor or low potential impact,Not Entered,8/24/2016 16:05,2016,Aug,Wed,16:05,12:00,9/14/2016 8:27,,,Civil Engineering ,,,Yes,,,,,,,,,No,,,Motor Bike,Incursion due to breakdown,0,0,0,0,,
26078,Near Miss,Minor or low potential impact,Not Entered,8/24/2016 16:30,2016,Aug,Wed,16:30,12:00,9/14/2016 8:29,,,Civil Engineering ,,,Yes,,,,,,,,,No,,,Motor Bike,Incursion due to breakdown,0,0,0,0,,
26079,Near Miss,Minor or low potential impact,Not Entered,8/24/2016 16:40,2016,Aug,Wed,16:40,12:00,9/14/2016 8:32,,,Civil Engineering ,,,Yes,,,,,,,,,No,,,Motor Bike,Incursion due to breakdown,0,0,0,0,,
26103,Near Miss,Minor or low potential impact,Not Entered,8/25/2016 8:34,2016,Aug,Thu,8:34,6:00,9/16/2016 11:25,,,Civil Engineering ,,,Yes,,,,,,,,,No,,,Motor Bike,Incursion due to breakdown,0,0,0,0,,
26080,Near Miss,Minor or low potential impact,Not Entered,8/25/2016 9:00,2016,Aug,Thu,9:00,6:00,9/14/2016 8:33,,,Civil Engineering ,,,Yes,,,,,,,,,No,,,Motor Bike,Incursion to seek information or benefit,0,0,0,0,,
26082,Near Miss,Minor or low potential impact,Not Entered,8/25/2016 9:40,2016,Aug,Thu,9:40,6:00,9/14/2016 8:43,,,Civil Engineering ,,,Yes,,,,,,,,,No,,,Motor Bike,Incursion due to breakdown,0,0,0,0,,
26089,Near Miss,Minor or low potential impact,Not Entered,8/25/2016 11:20,2016,Aug,Thu,11:20,6:00,9/15/2016 14:30,,,Civil Engineering ,,,Yes,,,,,,,,,No,,,Motor Bike,Incursion due to breakdown,0,0,0,0,,
26090,Near Miss,Minor or low potential impact,Not Entered,8/25/2016 12:50,2016,Aug,Thu,12:50,12:00,9/15/2016 14:34,,,Civil Engineering ,,,Yes,,,,,,,,,No,,,Motor Bike,Incursion due to breakdown,0,0,0,0,,
26107,Near Miss,Minor or low potential impact,Not Entered,8/25/2016 15:42,2016,Aug,Thu,15:42,12:00,9/16/2016 12:19,,,Civil Engineering ,,,Yes,,,,,,,,,No,,,Motor Bike,Incursion due to breakdown,0,0,0,0,,
26092,Near Miss,Minor or low potential impact,Not Entered,8/25/2016 17:15,2016,Aug,Thu,17:15,12:00,9/16/2016 9:45,,,Civil Engineering ,,,Yes,,,,,,,,,No,,,Motor Bike,Incursion due to breakdown,0,0,0,0,,