Event ID,Event Type ,Event Subtype,Type of Person,Date/Time of Event,Year,Month,Day of the Week,Time,Time interval (6 hours),Date/Time Reported,Location,Specific Location (include RCC Log no if relevant),Details of actual job being done at the time,Part of Body Affected,Injury Type,Was there a vehicle involved in this event?,Work related,Accident Type,Vehicle Motion,Who was Hit,Weather/Visibility,Surface Condition,Roadbed Grade,Lighting Conditions,Was A Police Report Filed?,Name of Law Enforcement Agency,Preventable,Type,Kind of Event,Expected Lost Workdays (Total),Actual Lost Workdays (Total),Expected Restricted Workdays (Total),Actual Restricted Workdays (Total),Return To Work Date,Sign Off 1
26093,Near Miss,Minor or low potential impact,Not Entered,8/25/2016 17:33,2016,Aug,Thu,17:33,12:00,9/16/2016 9:49,,,Civil Engineering ,,,Yes,,,,,,,,,No,,,Motor Bike,Incursion to seek information or benefit,0,0,0,0,,
26094,Near Miss,Minor or low potential impact,Not Entered,8/25/2016 20:21,2016,Aug,Thu,20:21,18:00,9/16/2016 9:53,,,Civil Engineering ,,,Yes,,,,,,,,,No,,,Motor Bike,Incursion to seek information or benefit,0,0,0,0,,
26095,Near Miss,Minor or low potential impact,Not Entered,8/26/2016 2:53,2016,Aug,Fri,2:53,0:00,9/16/2016 9:56,,,Civil Engineering ,,,Yes,,,,,,,,,No,,,Motor Bike,Incursion to seek information or benefit,0,0,0,0,,
26096,Near Miss,Minor or low potential impact,Not Entered,8/26/2016 7:07,2016,Aug,Fri,7:07,6:00,9/16/2016 9:59,,,Civil Engineering ,,,Yes,,,,,,,,,No,,,Motor Bike,Incursion due to breakdown,0,0,0,0,,
26097,Near Miss,Minor or low potential impact,Not Entered,8/26/2016 7:14,2016,Aug,Fri,7:14,6:00,9/16/2016 10:12,,,Civil Engineering ,,,Yes,,,,,,,,,No,,,Motor Bike,Incursion to seek information or benefit,0,0,0,0,,
26098,Near Miss,Minor or low potential impact,Not Entered,8/26/2016 7:17,2016,Aug,Fri,7:17,6:00,9/16/2016 10:15,,,Civil Engineering ,,,Yes,,,,,,,,,No,,,Motor Bike,Incursion to seek information or benefit,0,0,0,0,,
26099,Near Miss,Minor or low potential impact,Not Entered,8/26/2016 7:32,2016,Aug,Fri,7:32,6:00,9/16/2016 10:18,,,Civil Engineering ,,,Yes,,,,,,,,,No,,,Motor Bike,Incursion due to breakdown,0,0,0,0,,
26102,Near Miss,Minor or low potential impact,Not Entered,8/26/2016 8:02,2016,Aug,Fri,8:02,6:00,9/16/2016 11:22,,,Civil Engineering ,,,Yes,,,,,,,,,No,,,Motor Bike,Incursion to seek information or benefit,0,0,0,0,,
26104,Near Miss,Minor or low potential impact,Not Entered,8/26/2016 8:56,2016,Aug,Fri,8:56,6:00,9/16/2016 11:27,,,Civil Engineering ,,,Yes,,,,,,,,,No,,,Motor Bike,Incursion to seek information or benefit,0,0,0,0,,
26105,Near Miss,Minor or low potential impact,Not Entered,8/26/2016 14:00,2016,Aug,Fri,14:00,12:00,9/16/2016 11:33,,,Civil Engineering ,,,Yes,,,,,,,,,No,,,Motor Bike,Incursion to seek information or benefit,0,0,0,0,,
26108,Near Miss,Minor or low potential impact,Not Entered,8/26/2016 15:55,2016,Aug,Fri,15:55,12:00,9/16/2016 12:34,,,Civil Engineering ,,,Yes,,,,,,,,,No,,,Motor Bike,Incursion due to breakdown,0,0,0,0,,
26109,Near Miss,Minor or low potential impact,Not Entered,8/26/2016 16:36,2016,Aug,Fri,16:36,12:00,9/19/2016 7:28,,,Civil Engineering ,,,Yes,,,,,,,,,No,,,Motor Bike,Incursion to seek information or benefit,0,0,0,0,,
26110,Near Miss,Minor or low potential impact,Not Entered,8/26/2016 16:43,2016,Aug,Fri,16:43,12:00,9/19/2016 7:33,,,Civil Engineering ,,,Yes,,,,,,,,,No,,,Motor Bike,Incursion to seek information or benefit,0,0,0,0,,
26111,Near Miss,Minor or low potential impact,Not Entered,8/26/2016 17:10,2016,Aug,Fri,17:10,12:00,9/19/2016 7:36,,,Civil Engineering ,,,Yes,,,,,,,,,No,,,Motor Bike,Incursion to seek information or benefit,0,0,0,0,,
26112,Near Miss,Minor or low potential impact,Not Entered,8/26/2016 17:18,2016,Aug,Fri,17:18,12:00,9/19/2016 7:48,,,Civil Engineering ,,,Yes,,,,,,,,,No,,,Motor Bike,Incursion unintentional - confused or follow in,0,0,0,0,,
26113,Near Miss,Minor or low potential impact,Not Entered,8/26/2016 17:26,2016,Aug,Fri,17:26,12:00,9/19/2016 8:07,,,Civil Engineering ,,,Yes,,,,,,,,,No,,,Motor Bike,Incursion due to breakdown,0,0,0,0,,
26114,Near Miss,Minor or low potential impact,Not Entered,8/26/2016 19:30,2016,Aug,Fri,19:30,18:00,9/19/2016 8:12,,,Civil Engineering ,,,Yes,,,,,,,,,No,,,Motor Bike,Incursion to seek information or benefit,0,0,0,0,,
26115,Near Miss,Minor or low potential impact,Not Entered,8/26/2016 19:59,2016,Aug,Fri,19:59,18:00,9/19/2016 8:15,,,Civil Engineering ,,,Yes,,,,,,,,,No,,,Motor Bike,Incursion due to breakdown,0,0,0,0,,
26116,Near Miss,Minor or low potential impact,Not Entered,8/27/2016 6:44,2016,Aug,Sat,6:44,6:00,9/19/2016 8:18,,,Civil Engineering ,,,Yes,,,,,,,,,No,,,Motor Bike,Incursion to seek information or benefit,0,0,0,0,,
26117,Near Miss,Minor or low potential impact,Not Entered,8/27/2016 9:27,2016,Aug,Sat,9:27,6:00,9/19/2016 8:20,,,Civil Engineering ,,,Yes,,,,,,,,,No,,,Motor Bike,Incursion to seek information or benefit,0,0,0,0,,
26118,Near Miss,Minor or low potential impact,Not Entered,8/27/2016 9:28,2016,Aug,Sat,9:28,6:00,9/19/2016 8:23,,,Civil Engineering ,,,Yes,,,,,,,,,No,,,Motor Bike,Incursion to seek information or benefit,0,0,0,0,,
26120,Near Miss,Minor or low potential impact,Not Entered,8/27/2016 9:33,2016,Aug,Sat,9:33,6:00,9/19/2016 8:28,,,Civil Engineering ,,,Yes,,,,,,,,,No,,,Motor Bike,Incursion to seek information or benefit,0,0,0,0,,
26119,Near Miss,Minor or low potential impact,Not Entered,8/27/2016 9:33,2016,Aug,Sat,9:33,6:00,9/19/2016 8:26,,,Civil Engineering ,,,Yes,,,,,,,,,No,,,Motor Bike,Incursion to seek information or benefit,0,0,0,0,,
26122,Near Miss,Minor or low potential impact,Not Entered,8/27/2016 9:51,2016,Aug,Sat,9:51,6:00,9/19/2016 8:34,,,Civil Engineering ,,,Yes,,,,,,,,,No,,,Motor Bike,Incursion due to breakdown,0,0,0,0,,
26123,Near Miss,Minor or low potential impact,Not Entered,8/27/2016 10:00,2016,Aug,Sat,10:00,6:00,9/19/2016 8:36,,,Civil Engineering ,,,Yes,,,,,,,,,No,,,Motor Bike,Incursion to seek information or benefit,0,0,0,0,,
26124,Near Miss,Minor or low potential impact,Not Entered,8/27/2016 11:15,2016,Aug,Sat,11:15,6:00,9/19/2016 8:38,,,Civil Engineering ,,,Yes,,,,,,,,,No,,,Motor Bike,Incursion due to breakdown,0,0,0,0,,
26125,Near Miss,Minor or low potential impact,Not Entered,8/27/2016 12:53,2016,Aug,Sat,12:53,12:00,9/19/2016 8:41,,,Civil Engineering ,,,Yes,,,,,,,,,No,,,Motor Bike,Incursion due to breakdown,0,0,0,0,,
26126,Near Miss,Minor or low potential impact,Not Entered,8/27/2016 13:04,2016,Aug,Sat,13:04,12:00,9/19/2016 8:44,,,Civil Engineering ,,,Yes,,,,,,,,,No,,,Motor Bike,Incursion to seek information or benefit,0,0,0,0,,
26127,Near Miss,Minor or low potential impact,Not Entered,8/27/2016 13:36,2016,Aug,Sat,13:36,12:00,9/19/2016 8:47,,,Civil Engineering ,,,Yes,,,,,,,,,No,,,Motor Bike,Incursion due to breakdown,0,0,0,0,,
26128,Near Miss,Minor or low potential impact,Not Entered,8/27/2016 13:55,2016,Aug,Sat,13:55,12:00,9/19/2016 8:50,,,Civil Engineering ,,,Yes,,,,,,,,,No,,,Motor Bike,Incursion due to breakdown,0,0,0,0,,
26129,Near Miss,Minor or low potential impact,Not Entered,8/27/2016 14:13,2016,Aug,Sat,14:13,12:00,9/19/2016 8:52,,,Civil Engineering ,,,Yes,,,,,,,,,No,,,Motor Bike,Incursion due to breakdown,0,0,0,0,,
26130,Near Miss,Minor or low potential impact,Not Entered,8/27/2016 16:03,2016,Aug,Sat,16:03,12:00,9/19/2016 8:54,,,Civil Engineering ,,,Yes,,,,,,,,,No,,,Motor Bike,Incursion to seek information or benefit,0,0,0,0,,
26131,Near Miss,Minor or low potential impact,Not Entered,8/27/2016 16:24,2016,Aug,Sat,16:24,12:00,9/19/2016 8:58,,,Civil Engineering ,,,Yes,,,,,,,,,No,,,Motor Bike,Incursion due to breakdown,0,0,0,0,,
26132,Near Miss,Minor or low potential impact,Not Entered,8/27/2016 17:14,2016,Aug,Sat,17:14,12:00,9/19/2016 9:13,,,Civil Engineering ,,,Yes,,,,,,,,,No,,,Motor Bike,Incursion to seek information or benefit,0,0,0,0,,
26133,Near Miss,Minor or low potential impact,Not Entered,8/28/2016 8:17,2016,Aug,Sun,8:17,6:00,9/19/2016 9:15,,,Civil Engineering ,,,Yes,,,,,,,,,No,,,Motor Bike,Incursion due to breakdown,0,0,0,0,,
26135,Near Miss,Minor or low potential impact,Not Entered,8/28/2016 10:39,2016,Aug,Sun,10:39,6:00,9/19/2016 9:21,,,Civil Engineering ,,,Yes,,,,,,,,,No,,,Motor Bike,Incursion due to breakdown,0,0,0,0,,
26136,Near Miss,Minor or low potential impact,Not Entered,8/28/2016 11:08,2016,Aug,Sun,11:08,6:00,9/19/2016 9:50,,,Civil Engineering ,,,Yes,,,,,,,,,No,,,Motor Bike,Incursion to seek information or benefit,0,0,0,0,,
26137,Near Miss,Minor or low potential impact,Not Entered,8/28/2016 11:40,2016,Aug,Sun,11:40,6:00,9/19/2016 9:52,,,Civil Engineering ,,,Yes,,,,,,,,,No,,,Motor Bike,Incursion to seek information or benefit,0,0,0,0,,
26138,Near Miss,Minor or low potential impact,Not Entered,8/28/2016 14:53,2016,Aug,Sun,14:53,12:00,9/19/2016 9:54,,,Civil Engineering ,,,Yes,,,,,,,,,Yes,,,Motor Bike,Incursion due to breakdown,0,0,0,0,,
26139,Near Miss,Minor or low potential impact,Not Entered,8/28/2016 15:45,2016,Aug,Sun,15:45,12:00,9/19/2016 10:06,,,Civil Engineering ,,,Yes,,,,,,,,,No,,,Motor Bike,Incursion to seek information or benefit,0,0,0,0,,
26140,Near Miss,Minor or low potential impact,Not Entered,8/28/2016 17:20,2016,Aug,Sun,17:20,12:00,9/19/2016 10:22,,,Civil Engineering ,,,Yes,,,,,,,,,No,,,Motor Bike,Incursion due to breakdown,0,0,0,0,,
26141,Near Miss,Minor or low potential impact,Not Entered,8/28/2016 17:30,2016,Aug,Sun,17:30,12:00,9/19/2016 10:28,,,Civil Engineering ,,,Yes,,,,,,,,,No,,,Motor Bike,Incursion due to breakdown,0,0,0,0,,
26142,Near Miss,Minor or low potential impact,Not Entered,8/29/2016 11:06,2016,Aug,Mon,11:06,6:00,9/19/2016 10:35,,,Civil Engineering ,,,Yes,,,,,,,,,No,,,Motor Bike,Incursion due to breakdown,0,0,0,0,,
26143,Near Miss,Minor or low potential impact,Not Entered,8/29/2016 11:10,2016,Aug,Mon,11:10,6:00,9/19/2016 10:40,,,Civil Engineering ,,,Yes,,,,,,,,,No,,,Motor Bike,Incursion to seek information or benefit,0,0,0,0,,
26144,Near Miss,Minor or low potential impact,Not Entered,8/29/2016 22:15,2016,Aug,Mon,22:15,18:00,9/19/2016 10:42,,,Civil Engineering ,,,Yes,,,,,,,,,No,,,Motor Bike,Incursion due to breakdown,0,0,0,0,,
26145,Near Miss,Minor or low potential impact,Not Entered,8/29/2016 23:40,2016,Aug,Mon,23:40,18:00,9/19/2016 10:43,,,Civil Engineering ,,,Yes,,,,,,,,,No,,,Motor Bike,Incursion due to breakdown,0,0,0,0,,
26146,Near Miss,Minor or low potential impact,Not Entered,8/30/2016 15:42,2016,Aug,Tue,15:42,12:00,9/19/2016 10:46,,,Civil Engineering ,,,Yes,,,,,,,,,No,,,Motor Bike,Incursion due to breakdown,0,0,0,0,,
26147,Near Miss,Minor or low potential impact,Not Entered,8/30/2016 16:20,2016,Aug,Tue,16:20,12:00,9/19/2016 10:48,,,Civil Engineering ,,,Yes,,,,,,,,,No,,,Motor Bike,Incursion due to breakdown,0,0,0,0,,
26148,Near Miss,Minor or low potential impact,Not Entered,8/31/2016 6:26,2016,Aug,Wed,6:26,6:00,9/19/2016 10:50,,,Civil Engineering ,,,Yes,,,,,,,,,No,,,Motor Bike,Incursion due to breakdown,0,0,0,0,,
26149,Near Miss,Minor or low potential impact,Not Entered,8/31/2016 7:25,2016,Aug,Wed,7:25,6:00,9/19/2016 10:52,,,Civil Engineering ,,,Yes,,,,,,,,,No,,,Motor Bike,Incursion due to breakdown,0,0,0,0,,
26150,Near Miss,Minor or low potential impact,Not Entered,8/31/2016 9:51,2016,Aug,Wed,9:51,6:00,9/19/2016 10:54,,,Civil Engineering ,,,Yes,,,,,,,,,No,,,Motor Bike,Incursion due to breakdown,0,0,0,0,,
26151,Near Miss,Minor or low potential impact,Not Entered,8/31/2016 10:26,2016,Aug,Wed,10:26,6:00,9/19/2016 10:56,,,Civil Engineering ,,,Yes,,,,,,,,,No,,,Motor Bike,Incursion to seek information or benefit,0,0,0,0,,
26152,Near Miss,Minor or low potential impact,Not Entered,8/31/2016 11:19,2016,Aug,Wed,11:19,6:00,9/19/2016 10:57,,,Civil Engineering ,,,Yes,,,,,,,,,No,,,Motor Bike,Incursion due to breakdown,0,0,0,0,,
26153,Near Miss,Minor or low potential impact,Not Entered,8/31/2016 15:27,2016,Aug,Wed,15:27,12:00,9/19/2016 11:00,,,Civil Engineering ,,,Yes,,,,,,,,,No,,,Van,Incursion unintentional as result of accident,0,0,0,0,,
26154,Near Miss,Minor or low potential impact,Not Entered,8/31/2016 15:40,2016,Aug,Wed,15:40,12:00,9/19/2016 11:01,,,Civil Engineering ,,,Yes,,,,,,,,,No,,,Motor Bike,Incursion due to breakdown,0,0,0,0,,
26155,Near Miss,Minor or low potential impact,Not Entered,8/31/2016 15:43,2016,Aug,Wed,15:43,12:00,9/19/2016 11:03,,,Civil Engineering ,,,Yes,,,,,,,,,No,,,Motor Bike,Incursion due to breakdown,0,0,0,0,,
26156,Near Miss,Minor or low potential impact,Not Entered,8/31/2016 16:23,2016,Aug,Wed,16:23,12:00,9/19/2016 11:04,,,Civil Engineering ,,,Yes,,,,,,,,,No,,,Motor Bike,Incursion due to breakdown,0,0,0,0,,
26760,Near Miss,Minor or low potential impact,Not Entered,9/1/2016 0:51,2016,Sep,Thu,0:51,0:00,11/23/2016 13:48,,,Civil Engineering ,,,Yes,,,,,,,,,No,,,Motor Bike,Incursion due to breakdown,0,0,0,0,,
26761,Near Miss,Minor or low potential impact,Not Entered,9/1/2016 2:20,2016,Sep,Thu,2:20,0:00,11/23/2016 13:50,,,Civil Engineering ,,,Yes,,,,,,,,,No,,,Motor Bike,Incursion unintentional - confused or follow in,0,0,0,0,,
26762,Near Miss,Minor or low potential impact,Not Entered,9/1/2016 7:00,2016,Sep,Thu,7:00,6:00,11/23/2016 13:52,,,Civil Engineering ,,,Yes,,,,,,,,,No,,,Motor Bike,Incursion due to breakdown,0,0,0,0,,
26763,Near Miss,Minor or low potential impact,Not Entered,9/1/2016 7:14,2016,Sep,Thu,7:14,6:00,11/23/2016 13:54,,,Civil Engineering ,,,Yes,,,,,,,,,No,,,Motor Bike,Incursion due to breakdown,0,0,0,0,,
26764,Near Miss,Minor or low potential impact,Not Entered,9/1/2016 12:23,2016,Sep,Thu,12:23,12:00,11/23/2016 13:56,,,Civil Engineering ,,,Yes,,,,,,,,,No,,,Motor Bike,Incursion due to breakdown,0,0,0,0,,
26765,Near Miss,Minor or low potential impact,Not Entered,9/1/2016 15:00,2016,Sep,Thu,15:00,12:00,11/23/2016 13:58,,,Civil Engineering ,,,Yes,,,,,,,,,No,,,Motor Bike,Incursion due to breakdown,0,0,0,0,,
26766,Near Miss,Minor or low potential impact,Not Entered,9/1/2016 15:07,2016,Sep,Thu,15:07,12:00,11/23/2016 14:10,,,Civil Engineering ,,,Yes,,,,,,,,,No,,,Motor Bike,Incursion due to breakdown,0,0,0,0,,
26767,Near Miss,Minor or low potential impact,Not Entered,9/1/2016 15:47,2016,Sep,Thu,15:47,12:00,11/23/2016 14:13,,,Civil Engineering ,,,Yes,,,,,,,,,No,,,Motor Bike,Incursion due to breakdown,0,0,0,0,,
27356,Near Miss,Minor or low potential impact,Not Entered,1/12/2017 7:12,2017,Jan,Thu,7:12,6:00,2/13/2017 12:06,,,Civil Engineering ,,,Yes,,,,,,,,,No,,,Motor Bike,Incursion to seek information or benefit,0,0,0,0,,
27582,Infrastructure asset,"Property, vehicle, plant damage",Not Entered,2/23/2017 11:05,2017,Feb,Thu,11:05,6:00,2/24/2017 14:39,,,Civil Engineering ,,,Yes,,,,,,,,,No,,,Truck,Hit by a moving or falling object,0,0,0,0,,
23173,Near Miss,Minor or low potential impact,Not Entered,4/30/2015 11:30,2015,Apr,Thu,11:30,6:00,6/2/2015 10:20,,,Civil Engineering ,,,No,,,,,,,,,No,,,,Person contact with electricity,0,0,0,0,,
23726,Near Miss,Minor or low potential impact,Not Entered,10/24/2015 1:50,2015,Oct,Sat,1:50,0:00,10/26/2015 16:46,,,Civil Engineering ,,,Yes,,,,,,,,,Yes,,,Van,Hit by a moving vehicle or plant,0,0,0,0,,
28114,Near Miss,Minor or low potential impact,Not Entered,5/7/2017 22:45,2017,May,Sun,22:45,18:00,5/8/2017 15:55,,,Civil Engineering ,,,No,,,,,,,,,Yes,,,,Incursion to seek information or benefit,0,0,0,0,,
29422,Infrastructure asset,Service Strike,Not Entered,6/7/2017 1:45,2017,Jun,Wed,1:45,0:00,6/7/2017 15:26,,,Civil Engineering ,,,No,,,,,,,,,No,,,,Person contact with electricity,0,0,0,0,,
30316,Near Miss,Minor or low potential impact,Not Entered,9/7/2017 0:40,2017,Sep,Thu,0:40,0:00,9/8/2017 13:44,,,Civil Engineering ,,,Yes,,,,,,,,,No,,,Motor Bike,Incursion to seek information or benefit,0,0,0,0,,
23063,Personal illness or injury ,No Lost Time Injury,Contractor,4/2/2015 0:00,2015,Apr,Thu,0:00,0:00,4/28/2015 11:32,,,Civil Engineering ,Hand,"Cut / laceration, Abrasion",No,,,,,,,,,No,,,,"Fell, slipped, or tripped on same level",0,0,0,0,4/2/2015,
24108,Personal illness or injury ,No Lost Time Injury,Contractor,3/3/2016 20:30,2016,Mar,Thu,20:30,18:00,3/4/2016 16:33,,,Civil Engineering ,Upper arm including elbow,Abrasion,No,,,,,,,,,No,,,,Fell from a height,0,0,0,0,,
21637,Personal illness or injury ,No Lost Time Injury,Employee,4/9/2014 18:00,2014,Apr,Wed,18:00,18:00,5/23/2014 14:33,"Off Network e.g. Local Authority Road, Footpath",,Construction & Maintenance,Ankle/Foot,"Cut / laceration, Abrasion",Yes,,,,,Clear,,,Non,Yes,,,Van,Hit by a moving vehicle or plant,0,0,3,0,4/14/2014,Yes
20794,Personal illness or injury ,No Lost Time Injury,Contractor,11/13/2013 0:00,2013,Nov,Wed,0:00,0:00,12/17/2013 11:50,"Off Network e.g. Local Authority Road, Footpath",,Construction & Maintenance,Face,"Cut / laceration, Abrasion",No,,,,,Clear,,,Non,No,,,,Collision with fixed or stationary object or material,0,0,0,0,11/13/2013,Yes
19575,Near Miss,Minor or low potential impact,Not Entered,7/4/2013 0:00,2013,Jul,Thu,0:00,0:00,7/18/2013 13:42,"Off Network e.g. Local Authority Road, Footpath",,Construction & Maintenance,,,No,,,,,Clear,,,100%,No,,,,N/A,0,0,0,0,,Yes
19574,Near Miss,Minor or low potential impact,Not Entered,7/4/2013 0:00,2013,Jul,Thu,0:00,0:00,7/18/2013 13:26,"Off Network e.g. Local Authority Road, Footpath",,Construction & Maintenance,,,No,,,,,Clear,,,100%,No,,,,N/A,0,0,0,0,,Yes
20009,Near Miss,Minor or low potential impact,Not Entered,8/5/2013 12:00,2013,Aug,Mon,12:00,12:00,9/16/2013 11:03,"Off Network e.g. Local Authority Road, Footpath",,Construction & Maintenance,,,No,,,,,Clear,,,100%,No,,,,N/A,0,0,0,0,,Yes
20311,Near Miss,Minor or low potential impact,Not Entered,10/14/2013 14:00,2013,Oct,Mon,14:00,12:00,11/8/2013 16:00,"Off Network e.g. Local Authority Road, Footpath",,Construction & Maintenance,,,No,,,,,Clear,,,100%,No,,,,N/A,0,0,0,0,,Yes
20793,Near Miss,Minor or low potential impact,Not Entered,11/25/2013 0:00,2013,Nov,Mon,0:00,0:00,12/17/2013 10:32,"Off Network e.g. Local Authority Road, Footpath",,Design,,,No,,,,,Clear,,,Non,No,,,,N/A,0,0,0,0,,Yes
21430,Near Miss,Minor or low potential impact,Not Entered,4/2/2014 10:30,2014,Apr,Wed,10:30,6:00,4/7/2014 13:28,"Off Network e.g. Local Authority Road, Footpath",,Construction & Maintenance,,,Yes,,,,,Clear,,,Non,Yes,,,Van,Hit by a moving vehicle or plant,0,0,0,0,,Yes
21623,Near Miss,Minor or low potential impact,Not Entered,4/30/2014 13:00,2014,Apr,Wed,13:00,12:00,5/22/2014 11:13,"Off Network e.g. Local Authority Road, Footpath",,Construction & Maintenance,,,No,,,,,Clear,,,Non,No,,,,Hit by a moving vehicle or plant,0,0,0,0,,Yes
21624,Near Miss,Minor or low potential impact,Not Entered,5/14/2014 17:30,2014,May,Wed,17:30,12:00,5/22/2014 12:43,"Off Network e.g. Local Authority Road, Footpath",,Construction & Maintenance,,,No,,,,,Clear,,,Non,No,,,,Hit by a moving vehicle or plant,0,0,0,0,,Yes
21768,Near Miss,Minor or low potential impact,Not Entered,6/10/2014 10:30,2014,Jun,Tue,10:30,6:00,6/16/2014 14:17,"Off Network e.g. Local Authority Road, Footpath",,Construction & Maintenance,,,No,,,,,Clear,,,Non,No,,,,Hit by a moving vehicle or plant,0,0,0,0,,Yes
26938,Near Miss,Minor or low potential impact,Not Entered,12/15/2016 0:00,2016,Dec,Thu,0:00,0:00,12/16/2016 12:46,"Off Network e.g. Local Authority Road, Footpath",,Construction & Maintenance,,,Yes,,,,,Clear,,,Non,No,,,Motor Bike,Incursion to seek information or benefit,0,0,0,0,,Yes
24232,Near Miss,Minor or low potential impact,Not Entered,4/9/2016 1:30,2016,Apr,Sat,1:30,0:00,5/2/2016 8:46,"Off Network e.g. Local Authority Road, Footpath",,Construction & Maintenance,,,No,,,,,Clear,,,100%,No,,,,Person exposed to harmful substance,0,0,0,0,,Yes
28253,Near Miss,Minor or low potential impact,Not Entered,5/24/2017 1:12,2017,May,Wed,1:12,0:00,5/25/2017 13:40,,,Civil Engineering ,,,No,,,,,,,,,No,,,,Incursion unintentional - confused or follow in,0,0,0,0,,
29316,Near Miss,Minor or low potential impact,Not Entered,5/26/2017 1:11,2017,May,Fri,1:11,0:00,6/1/2017 14:08,,,Civil Engineering ,,,Yes,,,,,,,,,No,,,Motor Bike,Incursion unintentional - confused or follow in,0,0,0,0,,
29556,Near Miss,Minor or low potential impact,Not Entered,6/2/2017 1:11,2017,Jun,Fri,1:11,0:00,6/23/2017 12:41,,,Civil Engineering ,,,Yes,,,,,,,,,No,,,Motor Bike,Incursion unintentional - confused or follow in,0,0,0,0,,
29557,Near Miss,Minor or low potential impact,Not Entered,6/5/2017 12:33,2017,Jun,Mon,12:33,12:00,6/23/2017 12:45,,,Civil Engineering ,,,Yes,,,,,,,,,No,,,Motor Bike,Incursion to seek information or benefit,0,0,0,0,,
29558,Near Miss,Minor or low potential impact,Not Entered,6/7/2017 0:02,2017,Jun,Wed,0:02,0:00,6/23/2017 12:49,,,Civil Engineering ,,,Yes,,,,,,,,,No,,,Motor Bike,Incursion to seek information or benefit,0,0,0,0,,
29560,Near Miss,Minor or low potential impact,Not Entered,6/8/2017 23:13,2017,Jun,Thu,23:13,18:00,6/23/2017 12:55,,,Civil Engineering ,,,Yes,,,,,,,,,No,,,Motor Bike,Incursion unintentional - confused or follow in,0,0,0,0,,
29559,Near Miss,Minor or low potential impact,Not Entered,6/9/2017 0:40,2017,Jun,Fri,0:40,0:00,6/23/2017 12:52,,,Civil Engineering ,,,Yes,,,,,,,,,No,,,Motor Bike,Incursion due to breakdown,0,0,0,0,,
29561,Near Miss,Minor or low potential impact,Not Entered,6/14/2017 3:31,2017,Jun,Wed,3:31,0:00,6/23/2017 13:06,,,Civil Engineering ,,,Yes,,,,,,,,,No,,,Motor Bike,Incursion unintentional - confused or follow in,0,0,0,0,,
29562,Near Miss,Minor or low potential impact,Not Entered,6/20/2017 23:57,2017,Jun,Tue,23:57,18:00,6/23/2017 13:09,,,Civil Engineering ,,,Yes,,,,,,,,,No,,,Motor Bike,Incursion to seek information or benefit,0,0,0,0,,
29634,Near Miss,Minor or low potential impact,Not Entered,6/27/2017 23:20,2017,Jun,Tue,23:20,18:00,7/3/2017 9:52,,,Civil Engineering ,,,Yes,,,,,,,,,No,,,Motor Bike,Incursion to seek information or benefit,0,0,0,0,,
29890,Near Miss,Minor or low potential impact,Not Entered,7/1/2017 0:05,2017,Jul,Sat,0:05,0:00,7/31/2017 9:58,,,Construction & Maintenance,,,Yes,,,,,,,,,No,,,Motor Bike,Incursion to seek information or benefit,0,0,0,0,,
29891,Near Miss,Minor or low potential impact,Not Entered,7/1/2017 3:03,2017,Jul,Sat,3:03,0:00,7/31/2017 10:00,,,Construction & Maintenance,,,Yes,,,,,,,,,No,,,Motor Bike,Incursion unintentional - confused or follow in,0,0,0,0,,
29892,Near Miss,Minor or low potential impact,Not Entered,7/4/2017 2:11,2017,Jul,Tue,2:11,0:00,7/31/2017 10:02,,,Construction & Maintenance,,,Yes,,,,,,,,,No,,,Motor Bike,Incursion unintentional - confused or follow in,0,0,0,0,,
29894,Near Miss,Minor or low potential impact,Not Entered,7/8/2017 2:11,2017,Jul,Sat,2:11,0:00,7/31/2017 10:06,,,Construction & Maintenance,,,Yes,,,,,,,,,No,,,Motor Bike,Incursion to seek information or benefit,0,0,0,0,,
29981,Near Miss,Minor or low potential impact,Not Entered,7/14/2017 23:30,2017,Jul,Fri,23:30,18:00,8/7/2017 14:05,,,Construction & Maintenance,,,Yes,,,,,,,,,No,,,Motor Bike,Incursion to seek information or benefit,0,0,0,0,,
29896,Near Miss,Minor or low potential impact,Not Entered,7/15/2017 0:00,2017,Jul,Sat,0:00,0:00,7/31/2017 10:10,,,Construction & Maintenance,,,Yes,,,,,,,,,No,,,Motor Bike,Incursion to seek information or benefit,0,0,0,0,,
30247,Near Miss,Minor or low potential impact,Not Entered,8/8/2017 0:00,2017,Aug,Tue,0:00,0:00,9/4/2017 9:34,,,Construction & Maintenance,,,No,,,,,,,,,No,,,,Incursion unintentional - confused or follow in,0,0,0,0,,
30510,Near Miss,Minor or low potential impact,Not Entered,9/12/2017 0:37,2017,Sep,Tue,0:37,0:00,10/2/2017 9:57,,,Construction & Maintenance,,,Yes,,,,,,,,,No,,,Motor Bike,Incursion to seek information or benefit,0,0,0,0,,
30511,Near Miss,Minor or low potential impact,Not Entered,9/15/2017 2:59,2017,Sep,Fri,2:59,0:00,10/2/2017 10:01,,,Construction & Maintenance,,,Yes,,,,,,,,,No,,,Truck,Incursion to seek information or benefit,0,0,0,0,,
27996,Near Miss,Minor or low potential impact,Not Entered,4/25/2017 1:02,2017,Apr,Tue,1:02,0:00,4/25/2017 11:47,,,Construction & Maintenance,,,Yes,,,,,,,,,Yes,,,Van,Incursion unintentional as result of accident,0,0,0,0,,
25850,Near Miss,Minor or low potential impact,Not Entered,8/2/2016 0:00,2016,Aug,Tue,0:00,0:00,9/5/2016 10:51,,,Construction & Maintenance,,,No,,,,,,,,,No,,,,Incursion due to breakdown,0,0,0,0,,Yes
25852,Near Miss,Minor or low potential impact,Not Entered,8/14/2016 0:00,2016,Aug,Sun,0:00,0:00,9/5/2016 10:59,,,Construction & Maintenance,,,No,,,,,,,,,No,,,,Incursion due to breakdown,0,0,0,0,,Yes