Event ID,Event Type ,Event Subtype,Type of Person,Date/Time of Event,Year,Month,Day of the Week,Time,Time interval (6 hours),Date/Time Reported,Location,Specific Location (include RCC Log no if relevant),Details of actual job being done at the time,Part of Body Affected,Injury Type,Was there a vehicle involved in this event?,Work related,Accident Type,Vehicle Motion,Who was Hit,Weather/Visibility,Surface Condition,Roadbed Grade,Lighting Conditions,Was A Police Report Filed?,Name of Law Enforcement Agency,Preventable,Type,Kind of Event,Expected Lost Workdays (Total),Actual Lost Workdays (Total),Expected Restricted Workdays (Total),Actual Restricted Workdays (Total),Return To Work Date,Sign Off 1
26629,Near Miss,Minor or low potential impact,Not Entered,10/29/2016 1:37,2016,Oct,Sat,1:37,0:00,10/31/2016 11:17,,,Construction & Maintenance,,,Yes,,,,,,,,,Yes,,,Van,Incursion unintentional as result of accident,0,0,0,0,,Yes
23355,Personal illness or injury ,No Lost Time Injury,Contractor,7/1/2015 15:26,2015,Jul,Wed,15:26,12:00,7/13/2015 14:48,"Off Network e.g. Local Authority Road, Footpath",,Construction & Maintenance,Leg,Abrasion,No,,,,,Clear,,,100%,No,,,,Fell from a height,0,0,0,0,,
22275,Personal illness or injury ,No Lost Time Injury,Employee,9/26/2014 11:00,2014,Sep,Fri,11:00,6:00,10/21/2014 10:36,"Off Network e.g. Local Authority Road, Footpath",,Construction & Maintenance,Finger/Thumb,Abrasion,No,,,,,,,,,No,,,,Hit by a moving or falling object,0,0,0,0,9/26/2014,
21075,Personal illness or injury ,No Lost Time Injury,Employee,9/24/2013 9:30,2013,Sep,Tue,9:30,6:00,2/9/2014 15:30,"Off Network e.g. Local Authority Road, Footpath",,Construction & Maintenance,Leg,"Cut / laceration, Abrasion",No,,,,,,,,,No,,,,"Fell, slipped, or tripped on same level",0,0,0,0,9/24/2013,
22787,Personal illness or injury ,Riddor > 7 Days,Employee,2/14/2015 2:30,2015,Feb,Sat,2:30,0:00,2/20/2015 15:06,"Off Network e.g. Local Authority Road, Footpath",,Construction & Maintenance,Leg,Contact / exposure (chemicals),No,,,,,,,,,No,,,,Person exposed to harmful substance,0,0,0,0,,
23353,Personal illness or injury ,No Lost Time Injury,Employee,7/24/2014 0:00,2014,Jul,Thu,0:00,0:00,7/13/2015 13:03,"Off Network e.g. Local Authority Road, Footpath",,Construction & Maintenance,Finger/Thumb,Fracture,No,,,,,Clear,,,100%,No,,,,Injured while handling lifting or carrying,0,0,0,0,,
22563,Personal illness or injury ,No Lost Time Injury,Contractor,12/9/2014 15:29,2014,Dec,Tue,15:29,12:00,1/19/2015 8:40,"Off Network e.g. Local Authority Road, Footpath",,Construction & Maintenance,Leg,Abrasion,No,,,,,,,,,No,,,,"Fell, slipped, or tripped on same level",0,0,0,0,12/9/2014,
23220,Personal illness or injury ,4 to 7 Day Injury,Employee,3/12/2015 16:30,2015,Mar,Thu,16:30,12:00,6/16/2015 13:59,"Off Network e.g. Local Authority Road, Footpath",,Construction & Maintenance,Ankle/Foot,Strain / sprain,Yes,,,,,Clear,,,100%,No,,,Truck,"Fell, slipped, or tripped on same level",6,6,0,0,3/19/2015,
23228,Personal illness or injury ,1 to 3 Day Injury,Employee,5/28/2015 13:00,2015,May,Thu,13:00,12:00,6/16/2015 14:32,"Off Network e.g. Local Authority Road, Footpath",,Construction & Maintenance,Back/Spine,Strain / sprain,No,,,,,Clear,,,100%,No,,,,Injured while handling lifting or carrying,0,1,0,0,6/1/2015,
22132,Personal illness or injury ,Riddor Member of public hospital adm,Member of the Public,9/15/2014 0:55,2014,Sep,Mon,0:55,0:00,9/22/2014 12:14,"Off Network e.g. Local Authority Road, Footpath",,Construction & Maintenance,,,Yes,,,,,Clear,,,Non,Yes,,,Van,Incursion unintentional as result of accident,0,0,0,0,,
21829,Personal illness or injury ,No Lost Time Injury,Contractor,6/6/2014 8:00,2014,Jun,Fri,8:00,6:00,6/30/2014 19:20,"Off Network e.g. Local Authority Road, Footpath",,Construction & Maintenance,Ankle/Foot,Strain / sprain,No,,,,,,,,,No,,,,"Fell, slipped, or tripped on same level",0,0,0,0,6/6/2014,
22207,Personal illness or injury ,Riddor > 7 Days,Contractor,10/1/2014 12:00,2014,Oct,Wed,12:00,12:00,10/7/2014 8:31,"Off Network e.g. Local Authority Road, Footpath",,Construction & Maintenance,Back/Spine,Strain / sprain,No,,,,,,,,,No,,,,Injured while handling lifting or carrying,0,0,0,0,,
21034,Personal illness or injury ,4 to 7 Day Injury,Contractor,1/27/2014 14:10,2014,Jan,Mon,14:10,12:00,2/2/2014 19:25,"Off Network e.g. Local Authority Road, Footpath",,Construction & Maintenance,Chest/Stomach,Abrasion,No,,,,,,,,,No,,,,Hit by a moving vehicle or plant,0,0,0,0,,
21078,Personal illness or injury ,No Lost Time Injury,Employee,10/16/2013 21:00,2013,Oct,Wed,21:00,18:00,2/9/2014 16:01,"Off Network e.g. Local Authority Road, Footpath",,Construction & Maintenance,Lower arm,Abrasion,No,,,,,,,,,No,,,,Hit by a moving or falling object,0,0,0,0,10/16/2013,
21341,Personal illness or injury ,4 to 7 Day Injury,Employee,3/25/2014 22:30,2014,Mar,Tue,22:30,18:00,3/27/2014 17:03,"Off Network e.g. Local Authority Road, Footpath",,Construction & Maintenance,Leg,Abrasion,No,,,,,,,,,No,,,,Fell from a height,3,6,3,6,3/31/2014,
21426,Personal illness or injury ,1 to 3 Day Injury,Employee,3/28/2014 1:00,2014,Mar,Fri,1:00,0:00,4/4/2014 21:03,"Off Network e.g. Local Authority Road, Footpath",,Construction & Maintenance,Leg,Strain / sprain,No,,,,,,,,,No,,,,Fell from a height,5,3,5,3,3/31/2014,
20899,Personal illness or injury ,No Lost Time Injury,Contractor,12/11/2013 10:00,2013,Dec,Wed,10:00,6:00,1/9/2014 10:51,"Off Network e.g. Local Authority Road, Footpath",,Construction & Maintenance,Hand,"Cut / laceration, Abrasion",No,,,,,,,,,No,,,,Hit by a moving or falling object,0,0,0,0,12/11/2013,
23348,Near Miss,Minor or low potential impact,Not Entered,4/7/2014 0:00,2014,Apr,Mon,0:00,0:00,7/13/2015 11:20,"Off Network e.g. Local Authority Road, Footpath",,Construction & Maintenance,,,No,,,,,Clear,,,100%,No,,,,"Structure, trench, or scaffold collapse",0,0,0,0,,
23349,Near Miss,Minor or low potential impact,Not Entered,7/3/2014 0:00,2014,Jul,Thu,0:00,0:00,7/13/2015 11:36,"Off Network e.g. Local Authority Road, Footpath",,Construction & Maintenance,,,No,,,,,Clear,,,100%,No,,,,Hit by a moving or falling object,0,0,0,0,,
22313,Near Miss,Minor or low potential impact,Not Entered,10/29/2014 9:48,2014,Oct,Wed,9:48,6:00,10/31/2014 10:18,"Off Network e.g. Local Authority Road, Footpath",,Construction & Maintenance,,,Yes,,,,,,,,,No,,,Truck,Hit by a moving or falling object,0,0,0,0,,
22580,Infrastructure asset,"Property, vehicle, plant damage",Not Entered,1/20/2015 12:30,2015,Jan,Tue,12:30,12:00,1/21/2015 9:26,"Off Network e.g. Local Authority Road, Footpath",,Construction & Maintenance,,,Yes,,,,,,,,100%,Yes,,,Van,Hit by a moving vehicle or plant,0,0,0,0,,
21074,Near Miss,Minor or low potential impact,Not Entered,9/18/2013 2:30,2013,Sep,Wed,2:30,0:00,2/9/2014 15:24,"Off Network e.g. Local Authority Road, Footpath",,Construction & Maintenance,,,No,,,,,,,,,No,,,,Hit by a moving vehicle or plant,0,0,0,0,,
21076,Infrastructure asset,"Property, vehicle, plant damage",Not Entered,9/29/2013 14:54,2013,Sep,Sun,14:54,12:00,2/9/2014 15:34,"Off Network e.g. Local Authority Road, Footpath",,Construction & Maintenance,,,No,,,,,,,,,No,,,,Collision with fixed or stationary object or material,0,0,0,0,,
21077,Infrastructure asset,"Property, vehicle, plant damage",Not Entered,10/6/2013 13:45,2013,Oct,Sun,13:45,12:00,2/9/2014 15:48,"Off Network e.g. Local Authority Road, Footpath",,Construction & Maintenance,,,No,,,,,,,,,No,,,,Collision with fixed or stationary object or material,0,0,0,0,,
21079,Infrastructure asset,"Property, vehicle, plant damage",Not Entered,10/25/2013 9:44,2013,Oct,Fri,9:44,6:00,2/9/2014 16:07,"Off Network e.g. Local Authority Road, Footpath",,Construction & Maintenance,,,No,,,,,,,,,No,,,,Collision with fixed or stationary object or material,0,0,0,0,,
21080,Infrastructure asset,"Property, vehicle, plant damage",Not Entered,11/8/2013 7:00,2013,Nov,Fri,7:00,6:00,2/9/2014 16:10,"Off Network e.g. Local Authority Road, Footpath",,Construction & Maintenance,,,No,,,,,,,,,No,,,,Collision with fixed or stationary object or material,0,0,0,0,,
21081,Near Miss,Minor or low potential impact,Not Entered,11/27/2013 9:44,2013,Nov,Wed,9:44,6:00,2/9/2014 16:14,"Off Network e.g. Local Authority Road, Footpath",,Construction & Maintenance,,,,,,,,,,,,,,,,N/A,,,,,,
21082,Infrastructure asset,"Property, vehicle, plant damage",Not Entered,11/28/2013 18:00,2013,Nov,Thu,18:00,18:00,2/9/2014 16:17,"Off Network e.g. Local Authority Road, Footpath",,Construction & Maintenance,,,No,,,,,,,,,No,,,,Collision with fixed or stationary object or material,0,0,0,0,,
20903,Near Miss,Minor or low potential impact,Not Entered,12/11/2013 9:30,2013,Dec,Wed,9:30,6:00,1/9/2014 11:12,"Off Network e.g. Local Authority Road, Footpath",,Construction & Maintenance,,,No,,,,,,,,,No,,,,Person contact with electricity,0,0,0,0,,
20901,Infrastructure asset,"Property, vehicle, plant damage",Not Entered,12/11/2013 11:05,2013,Dec,Wed,11:05,6:00,1/9/2014 11:00,"Off Network e.g. Local Authority Road, Footpath",,Construction & Maintenance,,,No,,,,,,,,,No,,,,Collision with fixed or stationary object or material,0,0,0,0,,
20900,Infrastructure asset,"Property, vehicle, plant damage",Not Entered,12/11/2013 14:30,2013,Dec,Wed,14:30,12:00,1/9/2014 10:57,"Off Network e.g. Local Authority Road, Footpath",,Construction & Maintenance,,,No,,,,,,,,,No,,,,Collision with fixed or stationary object or material,0,0,0,0,,
20902,Infrastructure asset,"Property, vehicle, plant damage",Not Entered,12/16/2013 9:50,2013,Dec,Mon,9:50,6:00,1/9/2014 11:05,"Off Network e.g. Local Authority Road, Footpath",,Construction & Maintenance,,,No,,,,,,,,,No,,,,Collision with fixed or stationary object or material,0,0,0,0,,
21083,Infrastructure asset,"Property, vehicle, plant damage",Not Entered,12/19/2013 21:37,2013,Dec,Thu,21:37,18:00,2/9/2014 16:21,"Off Network e.g. Local Authority Road, Footpath",,Construction & Maintenance,,,No,,,,,,,,,No,,,,Collision with fixed or stationary object or material,0,0,0,0,,
21028,Infrastructure asset,"Property, vehicle, plant damage",Not Entered,1/5/2014 14:05,2014,Jan,Sun,14:05,12:00,2/2/2014 18:48,"Off Network e.g. Local Authority Road, Footpath",,Construction & Maintenance,,,No,,,,,,,,,No,,,,Collision with fixed or stationary object or material,0,0,0,0,,
21029,Infrastructure asset,"Property, vehicle, plant damage",Not Entered,1/10/2014 8:30,2014,Jan,Fri,8:30,6:00,2/2/2014 19:02,"Off Network e.g. Local Authority Road, Footpath",,Construction & Maintenance,,,No,,,,,,,,,No,,,,Person contact with electricity,0,0,0,0,,
21030,Infrastructure asset,"Property, vehicle, plant damage",Not Entered,1/14/2014 0:30,2014,Jan,Tue,0:30,0:00,2/2/2014 19:06,"Off Network e.g. Local Authority Road, Footpath",,Construction & Maintenance,,,No,,,,,,,,,No,,,,Collision with fixed or stationary object or material,0,0,0,0,,
21031,Infrastructure asset,"Property, vehicle, plant damage",Not Entered,1/22/2014 8:30,2014,Jan,Wed,8:30,6:00,2/2/2014 19:11,"Off Network e.g. Local Authority Road, Footpath",,Construction & Maintenance,,,No,,,,,,,,,No,,,,Collision with fixed or stationary object or material,0,0,0,0,,
21032,Infrastructure asset,Service Strike,Not Entered,1/22/2014 15:35,2014,Jan,Wed,15:35,12:00,2/2/2014 19:16,"Off Network e.g. Local Authority Road, Footpath",,Construction & Maintenance,,,No,,,,,,,,,No,,,,Person contact with electricity,0,0,0,0,,
21033,Infrastructure asset,"Property, vehicle, plant damage",Not Entered,1/31/2014 18:00,2014,Jan,Fri,18:00,18:00,2/2/2014 19:20,"Off Network e.g. Local Authority Road, Footpath",,Construction & Maintenance,,,No,,,,,,,,,No,,,,Collision with fixed or stationary object or material,0,0,0,0,,
21233,Infrastructure asset,"Property, vehicle, plant damage",Not Entered,2/3/2014 12:20,2014,Feb,Mon,12:20,12:00,3/5/2014 13:47,"Off Network e.g. Local Authority Road, Footpath",,Construction & Maintenance,,,No,,,,,,,,,No,,,,Collision with fixed or stationary object or material,0,0,0,0,,
21234,Infrastructure asset,"Property, vehicle, plant damage",Not Entered,2/5/2014 14:50,2014,Feb,Wed,14:50,12:00,3/5/2014 13:51,"Off Network e.g. Local Authority Road, Footpath",,Construction & Maintenance,,,No,,,,,,,,,No,,,,Collision with fixed or stationary object or material,0,0,0,0,,
21235,Infrastructure asset,"Property, vehicle, plant damage",Not Entered,2/5/2014 23:00,2014,Feb,Wed,23:00,18:00,3/5/2014 13:57,"Off Network e.g. Local Authority Road, Footpath",,Construction & Maintenance,,,No,,,,,,,,,No,,,,Collision with fixed or stationary object or material,0,0,0,0,,
21238,Infrastructure asset,"Property, vehicle, plant damage",Not Entered,2/24/2014 11:20,2014,Feb,Mon,11:20,6:00,3/5/2014 14:16,"Off Network e.g. Local Authority Road, Footpath",,Construction & Maintenance,,,No,,,,,,,,,No,,,,Hit by a moving vehicle or plant,0,0,0,0,,
21329,Infrastructure asset,"Property, vehicle, plant damage",Not Entered,3/7/2014 0:45,2014,Mar,Fri,0:45,0:00,3/27/2014 14:14,"Off Network e.g. Local Authority Road, Footpath",,Construction & Maintenance,,,No,,,,,,,,,No,,,,Person contact with electricity,0,0,0,0,,
21330,Infrastructure asset,Service Strike,Not Entered,3/8/2014 11:30,2014,Mar,Sat,11:30,6:00,3/27/2014 14:26,"Off Network e.g. Local Authority Road, Footpath",,Construction & Maintenance,,,No,,,,,,,,,No,,,,Person contact with electricity,0,0,0,0,,
21331,Infrastructure asset,"Property, vehicle, plant damage",Not Entered,3/10/2014 9:25,2014,Mar,Mon,9:25,6:00,3/27/2014 14:34,"Off Network e.g. Local Authority Road, Footpath",,Construction & Maintenance,,,No,,,,,,,,,No,,,,Collision with fixed or stationary object or material,0,0,0,0,,
21332,Infrastructure asset,"Property, vehicle, plant damage",Not Entered,3/12/2014 2:40,2014,Mar,Wed,2:40,0:00,3/27/2014 14:43,"Off Network e.g. Local Authority Road, Footpath",,Construction & Maintenance,,,No,,,,,,,,,No,,,,Hit by a moving vehicle or plant,0,0,0,0,,
21333,Infrastructure asset,"Property, vehicle, plant damage",Not Entered,3/16/2014 19:05,2014,Mar,Sun,19:05,18:00,3/27/2014 14:51,"Off Network e.g. Local Authority Road, Footpath",,Construction & Maintenance,,,Yes,,,,,,,,,No,,,Van,Collision with fixed or stationary object or material,0,0,0,0,,
21334,Infrastructure asset,"Property, vehicle, plant damage",Not Entered,3/17/2014 15:38,2014,Mar,Mon,15:38,12:00,3/27/2014 15:05,"Off Network e.g. Local Authority Road, Footpath",,Construction & Maintenance,,,Yes,,,,,,,,,Yes,,,Van,Collision with fixed or stationary object or material,0,0,0,0,,
21337,Infrastructure asset,"Property, vehicle, plant damage",Not Entered,3/19/2014 17:00,2014,Mar,Wed,17:00,12:00,3/27/2014 16:48,"Off Network e.g. Local Authority Road, Footpath",,Construction & Maintenance,,,No,,,,,,,,,No,,,,Collision with fixed or stationary object or material,0,0,0,0,,
21339,Infrastructure asset,"Property, vehicle, plant damage",Not Entered,3/24/2014 13:00,2014,Mar,Mon,13:00,12:00,3/27/2014 16:52,"Off Network e.g. Local Authority Road, Footpath",,Construction & Maintenance,,,No,,,,,,,,,No,,,,Collision with fixed or stationary object or material,0,0,0,0,,
21340,Infrastructure asset,"Property, vehicle, plant damage",Not Entered,3/25/2014 16:45,2014,Mar,Tue,16:45,12:00,3/27/2014 16:55,"Off Network e.g. Local Authority Road, Footpath",,Construction & Maintenance,,,No,,,,,,,,,No,,,,Collision with fixed or stationary object or material,0,0,0,0,,
21481,Infrastructure asset,"Property, vehicle, plant damage",Not Entered,3/28/2014 13:15,2014,Mar,Fri,13:15,12:00,5/5/2014 19:57,"Off Network e.g. Local Authority Road, Footpath",,Construction & Maintenance,,,No,,,,,,,,,No,,,,Person contact with electricity,0,0,0,0,,
21482,Infrastructure asset,Service Strike,Not Entered,4/1/2014 14:00,2014,Apr,Tue,14:00,12:00,5/5/2014 20:01,"Off Network e.g. Local Authority Road, Footpath",,Construction & Maintenance,,,No,,,,,,,,,No,,,,Person contact with electricity,0,0,0,0,,
21484,Infrastructure asset,"Property, vehicle, plant damage",Not Entered,4/15/2014 9:00,2014,Apr,Tue,9:00,6:00,5/5/2014 20:15,"Off Network e.g. Local Authority Road, Footpath",,Construction & Maintenance,,,No,,,,,,,,,No,,,,Collision with fixed or stationary object or material,0,0,0,0,,
21485,Infrastructure asset,"Property, vehicle, plant damage",Not Entered,4/16/2014 8:00,2014,Apr,Wed,8:00,6:00,5/5/2014 20:19,"Off Network e.g. Local Authority Road, Footpath",,Construction & Maintenance,,,No,,,,,,,,,No,,,,Collision with fixed or stationary object or material,0,0,0,0,,
21488,Infrastructure asset,"Property, vehicle, plant damage",Not Entered,4/22/2014 18:31,2014,Apr,Tue,18:31,18:00,5/5/2014 20:36,"Off Network e.g. Local Authority Road, Footpath",,Construction & Maintenance,,,No,,,,,,,,,No,,,,Collision with fixed or stationary object or material,0,0,0,0,,
21820,Infrastructure asset,"Property, vehicle, plant damage",Not Entered,5/5/2014 11:59,2014,May,Mon,11:59,6:00,6/30/2014 18:14,"Off Network e.g. Local Authority Road, Footpath",,Construction & Maintenance,,,No,,,,,,,,,No,,,,Collision with fixed or stationary object or material,0,0,0,0,,
21821,Infrastructure asset,"Property, vehicle, plant damage",Not Entered,5/7/2014 17:15,2014,May,Wed,17:15,12:00,6/30/2014 18:18,"Off Network e.g. Local Authority Road, Footpath",,Construction & Maintenance,,,No,,,,,,,,,No,,,,Collision with fixed or stationary object or material,0,0,0,0,,
21823,Infrastructure asset,Service Strike,Not Entered,5/8/2014 10:30,2014,May,Thu,10:30,6:00,6/30/2014 18:27,"Off Network e.g. Local Authority Road, Footpath",,Construction & Maintenance,,,No,,,,,,,,,No,,,,Person contact with electricity,0,0,0,0,,
21824,Infrastructure asset,"Property, vehicle, plant damage",Not Entered,5/15/2014 6:00,2014,May,Thu,6:00,6:00,6/30/2014 18:31,"Off Network e.g. Local Authority Road, Footpath",,Construction & Maintenance,,,No,,,,,,,,,No,,,,Collision with fixed or stationary object or material,0,0,0,0,,
21831,Infrastructure asset,"Property, vehicle, plant damage",Not Entered,6/21/2014 12:00,2014,Jun,Sat,12:00,12:00,6/30/2014 19:25,"Off Network e.g. Local Authority Road, Footpath",,Construction & Maintenance,,,No,,,,,,,,,No,,,,Collision with fixed or stationary object or material,0,0,0,0,,
21826,Infrastructure asset,Service Strike,Not Entered,6/21/2014 13:50,2014,Jun,Sat,13:50,12:00,6/30/2014 18:38,"Off Network e.g. Local Authority Road, Footpath",,Construction & Maintenance,,,No,,,,,,,,,No,,,,Person contact with electricity,0,0,0,0,,
21832,Infrastructure asset,"Property, vehicle, plant damage",Not Entered,6/21/2014 23:00,2014,Jun,Sat,23:00,18:00,6/30/2014 19:48,"Off Network e.g. Local Authority Road, Footpath",,Construction & Maintenance,,,No,,,,,,,,,No,,,,Hit by a moving vehicle or plant,0,0,0,0,,
22018,Infrastructure asset,"Property, vehicle, plant damage",Not Entered,6/28/2014 13:54,2014,Jun,Sat,13:54,12:00,8/1/2014 16:05,"Off Network e.g. Local Authority Road, Footpath",,Construction & Maintenance,,,No,,,,,Clear,,,100%,No,,,,Collision with fixed or stationary object or material,0,0,0,0,,
22019,Infrastructure asset,"Property, vehicle, plant damage",Not Entered,7/1/2014 6:25,2014,Jul,Tue,6:25,6:00,8/1/2014 16:11,"Off Network e.g. Local Authority Road, Footpath",,Construction & Maintenance,,,No,,,,,,,,,No,,,,Collision with fixed or stationary object or material,0,0,0,0,,
22020,Infrastructure asset,"Property, vehicle, plant damage",Not Entered,7/2/2014 8:11,2014,Jul,Wed,8:11,6:00,8/1/2014 16:19,"Off Network e.g. Local Authority Road, Footpath",,Construction & Maintenance,,,No,,,,,,,,,No,,,,Collision with fixed or stationary object or material,0,0,0,0,,
22024,Infrastructure asset,"Property, vehicle, plant damage",Not Entered,7/11/2014 6:00,2014,Jul,Fri,6:00,6:00,8/1/2014 16:40,"Off Network e.g. Local Authority Road, Footpath",,Construction & Maintenance,,,No,,,,,,,,,No,,,,Collision with fixed or stationary object or material,0,0,0,0,,
22026,Near Miss,Minor or low potential impact,Not Entered,7/25/2014 12:45,2014,Jul,Fri,12:45,12:00,8/1/2014 16:50,"Off Network e.g. Local Authority Road, Footpath",,Construction & Maintenance,,,No,,,,,Clear,,,100%,No,,,,Hit by a moving or falling object,0,0,0,0,,
22097,Infrastructure asset,"Property, vehicle, plant damage",Not Entered,8/6/2014 10:05,2014,Aug,Wed,10:05,6:00,8/31/2014 20:14,"Off Network e.g. Local Authority Road, Footpath",,Construction & Maintenance,,,No,,,,,,,,,No,,,,Collision with fixed or stationary object or material,0,0,0,0,,
22133,Near Miss,Minor or low potential impact,Not Entered,9/17/2014 11:00,2014,Sep,Wed,11:00,6:00,9/22/2014 12:20,"Off Network e.g. Local Authority Road, Footpath",,Construction & Maintenance,,,Yes,,,,,Clear,,,Non,No,,,Van,Incursion unintentional as result of accident,0,0,0,0,,
22130,Personal illness or injury ,No Lost Time Injury,Employee,9/5/2014 12:00,2014,Sep,Fri,12:00,12:00,9/22/2014 11:43,,,Construction & Maintenance,Head,"Cut / laceration, Abrasion",No,,,,,,,,,No,,,,Collision with fixed or stationary object or material,0,0,0,0,9/5/2014,
21073,Personal illness or injury ,No Lost Time Injury,Employee,9/10/2013 16:15,2013,Sep,Tue,16:15,12:00,2/9/2014 15:17,,,Construction & Maintenance,Finger/Thumb,Fracture,No,,,,,,,,,No,,,,Hit by a moving or falling object,0,0,0,0,9/10/2013,
22426,Personal illness or injury ,No Lost Time Injury,Employee,11/7/2014 12:00,2014,Nov,Fri,12:00,12:00,12/1/2014 15:24,,,Construction & Maintenance,Wrist,Strain / sprain,No,,,,,,,,,No,,,,Injured while handling lifting or carrying,0,0,0,0,11/10/2014,
21830,Personal illness or injury ,No Lost Time Injury,Employee,6/17/2014 9:00,2014,Jun,Tue,9:00,6:00,6/30/2014 19:23,,,Construction & Maintenance,Ankle/Foot,Strain / sprain,No,,,,,,,,,No,,,,"Fell, slipped, or tripped on same level",0,0,0,0,6/17/2014,
21072,Personal illness or injury ,No Lost Time Injury,Contractor,8/21/2013 23:30,2013,Aug,Wed,23:30,18:00,2/9/2014 15:12,,,Construction & Maintenance,,Abrasion,No,,,,,,,,,No,,,,"Fell, slipped, or tripped on same level",0,0,0,0,8/21/2013,
22096,Personal illness or injury ,No Lost Time Injury,Employee,8/4/2014 3:20,2014,Aug,Mon,3:20,0:00,8/31/2014 20:05,,,Construction & Maintenance,Ankle/Foot,Strain / sprain,No,,,,,,,,,No,,,,"Fell, slipped, or tripped on same level",0,6,0,3,8/10/2014,
23354,Personal illness or injury ,No Lost Time Injury,Employee,6/12/2015 16:00,2015,Jun,Fri,16:00,12:00,7/13/2015 13:16,,,Construction & Maintenance,Wrist,Strain / sprain,No,,,,,,,,,No,,,,Hit by a moving or falling object,0,0,0,0,,
23540,Infrastructure asset,"Property, vehicle, plant damage",Not Entered,8/14/2015 21:45,2015,Aug,Fri,21:45,18:00,9/2/2015 12:15,,,Construction & Maintenance,,,No,,,,,,,,,No,,,,Hit by a moving vehicle or plant,0,0,0,0,,
20898,Infrastructure asset,"Property, vehicle, plant damage",Not Entered,12/6/2013 18:00,2013,Dec,Fri,18:00,18:00,1/9/2014 10:16,,,Construction & Maintenance,,,No,,,,,,,,,No,,,,Collision with fixed or stationary object or material,0,0,0,0,,
21236,Infrastructure asset,"Property, vehicle, plant damage",Not Entered,2/12/2014 17:39,2014,Feb,Wed,17:39,12:00,3/5/2014 14:07,,,Construction & Maintenance,,,No,,,,,,,,,No,,,,Hit by a moving or falling object,0,0,0,0,,
21237,Infrastructure asset,"Property, vehicle, plant damage",Not Entered,2/19/2014 21:40,2014,Feb,Wed,21:40,18:00,3/5/2014 14:13,,,Construction & Maintenance,,,No,,,,,,,,,No,,,,Hit by a moving vehicle or plant,0,0,0,0,,
29785,Personal illness or injury ,4 to 7 Day Injury,Contractor,7/14/2017 2:50,2017,Jul,Fri,2:50,0:00,7/24/2017 10:52,"Off Network e.g. Local Authority Road, Footpath",,Design,Finger/Thumb,Fracture,No,,,,,,,,,No,,,,Collision with fixed or stationary object or material,0,0,0,0,,
26850,Near Miss,Minor or low potential impact,Not Entered,9/13/2016 23:00,2016,Sep,Tue,23:00,18:00,12/1/2016 14:05,"Off Network e.g. Local Authority Road, Footpath",,Design,,,No,,,,,,,,,No,,,,Incursion unintentional - confused or follow in,0,0,0,0,,
26846,Near Miss,Minor or low potential impact,Not Entered,9/13/2016 23:30,2016,Sep,Tue,23:30,18:00,12/1/2016 13:32,"Off Network e.g. Local Authority Road, Footpath",,Design,,,No,,,,,,,,,No,,,,Person exposed to harmful substance,0,0,0,0,,
30008,Near Miss,Minor or low potential impact,Not Entered,8/4/2017 2:30,2017,Aug,Fri,2:30,0:00,8/9/2017 12:15,"Off Network e.g. Local Authority Road, Footpath",,Design,,,No,,,,,,,,,No,,,,"Asset, vehicle or plant failure, damage, or unsafe condition",0,0,0,0,,