Event ID,Event Type ,Event Subtype,Type of Person,Date/Time of Event,Year,Month,Day of the Week,Time,Time interval (6 hours),Date/Time Reported,Location,Specific Location (include RCC Log no if relevant),Details of actual job being done at the time,Part of Body Affected,Injury Type,Was there a vehicle involved in this event?,Work related,Accident Type,Vehicle Motion,Who was Hit,Weather/Visibility,Surface Condition,Roadbed Grade,Lighting Conditions,Was A Police Report Filed?,Name of Law Enforcement Agency,Preventable,Type,Kind of Event,Expected Lost Workdays (Total),Actual Lost Workdays (Total),Expected Restricted Workdays (Total),Actual Restricted Workdays (Total),Return To Work Date,Sign Off 1
27609,Personal illness or injury ,No Lost Time Injury,Employee,2/4/2017 4:30,2017,Feb,Sat,4:30,0:00,3/1/2017 9:57,,,Not Applicable,Back/Spine,Abrasion,Yes,,,,,,,,,Yes,Unknown,,Motor Bike,Incursion to seek information or benefit,0,0,0,0,,
27965,Near Miss,Minor or low potential impact,Not Entered,3/1/2017 23:00,2017,Mar,Wed,23:00,18:00,4/24/2017 9:55,,,Construction & Maintenance,,,Yes,,,,,,,,,No,,,Motor Bike,Incursion due to breakdown,0,0,0,0,,
27967,Near Miss,Minor or low potential impact,Not Entered,3/13/2017 23:11,2017,Mar,Mon,23:11,18:00,4/24/2017 10:10,,,Construction & Maintenance,,,Yes,,,,,,,,,No,,,Motor Bike,Incursion to seek information or benefit,0,0,0,0,,
27969,Near Miss,Minor or low potential impact,Not Entered,3/14/2017 1:45,2017,Mar,Tue,1:45,0:00,4/24/2017 10:47,,,Construction & Maintenance,,,Yes,,,,,,,,,No,,,Motor Bike,Incursion due to breakdown,0,0,0,0,,
27730,Near Miss,Minor or low potential impact,Not Entered,3/13/2017 22:20,2017,Mar,Mon,22:20,18:00,3/14/2017 13:32,,,Not Applicable,,,Yes,,,,,,,,,No,,,Motor Bike,Incursion unintentional - confused or follow in,0,0,0,0,,
27955,Near Miss,Minor or low potential impact,Not Entered,4/20/2017 4:00,2017,Apr,Thu,4:00,0:00,4/20/2017 13:05,,,Not Applicable,,,No,,,,,,,,,No,,,,N/A,0,0,0,0,,
27966,Near Miss,Minor or low potential impact,Not Entered,3/2/2017 2:12,2017,Mar,Thu,2:12,0:00,4/24/2017 10:03,,,Construction & Maintenance,,,Yes,,,,,,,,,No,,,Motor Bike,Incursion to seek information or benefit,0,0,0,0,,
23236,Near Miss,Minor or low potential impact,Not Entered,5/29/2015 0:00,2015,May,Fri,0:00,0:00,6/17/2015 11:37,"Off Network e.g. Local Authority Road, Footpath",,Construction & Maintenance,,,No,,,,,,,,,No,,,,Incursion unintentional - confused or follow in,0,0,0,0,,Yes
23224,Near Miss,Minor or low potential impact,Not Entered,11/17/2014 0:00,2014,Nov,Mon,0:00,0:00,6/16/2015 14:18,"Off Network e.g. Local Authority Road, Footpath",,Construction & Maintenance,,,No,,,,,,,,,No,,,,Incursion unintentional - confused or follow in,0,0,0,0,,
23225,Near Miss,Minor or low potential impact,Not Entered,12/3/2014 0:00,2014,Dec,Wed,0:00,0:00,6/16/2015 14:23,"Off Network e.g. Local Authority Road, Footpath",,Construction & Maintenance,,,No,,,,,,,,,No,,,,Incursion to seek information or benefit,0,0,0,0,,
23226,Near Miss,Minor or low potential impact,Not Entered,1/13/2015 0:00,2015,Jan,Tue,0:00,0:00,6/16/2015 14:27,"Off Network e.g. Local Authority Road, Footpath",,Construction & Maintenance,,,No,,,,,,,,,No,,,,Incursion unintentional - confused or follow in,0,0,0,0,,
23231,Near Miss,Minor or low potential impact,Not Entered,1/19/2015 0:00,2015,Jan,Mon,0:00,0:00,6/16/2015 14:45,"Off Network e.g. Local Authority Road, Footpath",,Construction & Maintenance,,,No,,,,,,,,,No,,,,Incursion to seek information or benefit,0,0,0,0,,
23230,Near Miss,Minor or low potential impact,Not Entered,1/21/2015 0:00,2015,Jan,Wed,0:00,0:00,6/16/2015 14:39,"Off Network e.g. Local Authority Road, Footpath",,Construction & Maintenance,,,No,,,,,,,,,No,,,,Incursion to seek information or benefit,0,0,0,0,,
23229,Near Miss,Minor or low potential impact,Not Entered,1/21/2015 0:00,2015,Jan,Wed,0:00,0:00,6/16/2015 14:35,"Off Network e.g. Local Authority Road, Footpath",,Construction & Maintenance,,,No,,,,,,,,,No,,,,Hit by a moving or falling object,0,0,0,0,,
23227,Near Miss,Minor or low potential impact,Not Entered,1/21/2015 0:00,2015,Jan,Wed,0:00,0:00,6/16/2015 14:31,"Off Network e.g. Local Authority Road, Footpath",,Construction & Maintenance,,,No,,,,,,,,,No,,,,Hit by a moving or falling object,0,0,0,0,,
23233,Near Miss,Minor or low potential impact,Not Entered,1/27/2015 0:00,2015,Jan,Tue,0:00,0:00,6/16/2015 14:55,"Off Network e.g. Local Authority Road, Footpath",,Construction & Maintenance,,,No,,,,,,,,,No,,,,Incursion to seek information or benefit,0,0,0,0,,
23232,Near Miss,Minor or low potential impact,Not Entered,1/27/2015 0:00,2015,Jan,Tue,0:00,0:00,6/16/2015 14:50,"Off Network e.g. Local Authority Road, Footpath",,Construction & Maintenance,,,No,,,,,,,,,No,,,,Incursion to seek information or benefit,0,0,0,0,,
23235,Near Miss,Minor or low potential impact,Not Entered,3/29/2015 0:00,2015,Mar,Sun,0:00,0:00,6/17/2015 11:33,"Off Network e.g. Local Authority Road, Footpath",,Construction & Maintenance,,,No,,,,,,,,,No,,,,Incursion unintentional - confused or follow in,0,0,0,0,,
23234,Near Miss,Minor or low potential impact,Not Entered,3/29/2015 0:00,2015,Mar,Sun,0:00,0:00,6/16/2015 15:03,"Off Network e.g. Local Authority Road, Footpath",,Construction & Maintenance,,,No,,,,,,,,,No,,,,Incursion unintentional - confused or follow in,0,0,0,0,,
29910,Personal illness or injury ,No Lost Time Injury,Contractor,7/19/2017 9:30,2017,Jul,Wed,9:30,6:00,7/31/2017 15:33,"Off Network e.g. Local Authority Road, Footpath",,Construction & Maintenance,Finger/Thumb,"Cut / laceration, Abrasion",No,,,,,Clear,,,100%,,,,,"Fell, slipped, or tripped on same level",0,0,0,0,7/19/2017,
30487,Infrastructure asset,"Property, vehicle, plant damage",Not Entered,9/22/2017 11:30,2017,Sep,Fri,11:30,6:00,9/28/2017 9:50,,,Construction & Maintenance,,,Yes,,,,,,,,,No,,,Truck,Collision with fixed or stationary object or material,0,0,0,0,,
22085,Personal illness or injury ,No Lost Time Injury,Member of the Public,8/17/2014 11:00,2014,Aug,Sun,11:00,6:00,8/20/2014 9:06,"Off Network e.g. Local Authority Road, Footpath",,Construction & Maintenance,Face,Abrasion,No,,,,,Clear,,,100%,Yes,Unknown,,,Physical assault,0,0,0,0,8/10/2014,
24210,Personal illness or injury ,No Lost Time Injury,Contractor,4/19/2016 16:40,2016,Apr,Tue,16:40,12:00,4/25/2016 7:17,"Off Network e.g. Local Authority Road, Footpath",,Construction & Maintenance,Finger/Thumb,Abrasion,No,,,,,Clear,,,100%,No,,,,Injured while handling lifting or carrying,0,0,0,0,,
24212,Personal illness or injury ,No Lost Time Injury,Contractor,4/20/2016 3:30,2016,Apr,Wed,3:30,0:00,4/25/2016 7:43,"Off Network e.g. Local Authority Road, Footpath",,Construction & Maintenance,Finger/Thumb,Abrasion,No,,,,,Raining,,,Non,No,,,,Injured while handling lifting or carrying,0,0,0,0,,
23539,Personal illness or injury ,No Lost Time Injury,Contractor,8/28/2015 13:28,2015,Aug,Fri,13:28,12:00,9/2/2015 8:44,"Off Network e.g. Local Authority Road, Footpath",,Construction & Maintenance,Hand,Strain / sprain,No,,,,,Clear,,,Non,No,,,,Collision with fixed or stationary object or material,0,0,0,0,8/28/2015,
24053,Personal illness or injury ,4 to 7 Day Injury,Contractor,2/15/2016 9:15,2016,Feb,Mon,9:15,6:00,2/17/2016 14:42,"Off Network e.g. Local Authority Road, Footpath",,Construction & Maintenance,,Abrasion,No,,,,,Clear,,,Non,No,,,,"Fell, slipped, or tripped on same level",0,0,0,0,,
24107,Personal illness or injury ,No Lost Time Injury,Contractor,3/2/2016 15:00,2016,Mar,Wed,15:00,12:00,3/4/2016 10:57,"Off Network e.g. Local Authority Road, Footpath",,Construction & Maintenance,Leg,"Cut / laceration, Abrasion",No,,,,,Raining,,,100%,No,,,,Injured while handling lifting or carrying,0,0,0,0,3/2/2016,
29467,Personal illness or injury ,Riddor - Specified Injury,Contractor,6/14/2017 2:28,2017,Jun,Wed,2:28,0:00,6/14/2017 9:50,"Off Network e.g. Local Authority Road, Footpath",,Construction & Maintenance,Chest/Stomach,Fracture,No,,,,,Clear,,,Non,No,,,,Hit by a moving or falling object,0,0,0,0,,
22672,Near Miss,Minor or low potential impact,Not Entered,8/20/2014 23:30,2014,Aug,Wed,23:30,18:00,2/6/2015 10:26,"Off Network e.g. Local Authority Road, Footpath",,Construction & Maintenance,,,No,,,,,Clear,,,100%,No,,,,Hit by a moving or falling object,0,0,0,0,,
22227,Near Miss,Minor or low potential impact,Not Entered,10/6/2014 15:00,2014,Oct,Mon,15:00,12:00,10/10/2014 10:15,"Off Network e.g. Local Authority Road, Footpath",,Construction & Maintenance,,,No,,,,,Clear,,,100%,No,,,,N/A,0,0,0,0,,
22673,Infrastructure asset,"Property, vehicle, plant damage",Not Entered,10/9/2014 20:00,2014,Oct,Thu,20:00,18:00,2/6/2015 10:39,"Off Network e.g. Local Authority Road, Footpath",,Construction & Maintenance,,,Yes,,,,,Clear,,,Non,No,,,Motor Bike,N/A,0,0,0,0,,
22228,Near Miss,Minor or low potential impact,Not Entered,10/9/2014 20:30,2014,Oct,Thu,20:30,18:00,10/10/2014 10:28,"Off Network e.g. Local Authority Road, Footpath",,Construction & Maintenance,,,No,,,,,Clear,,,100%,No,,,,N/A,0,0,0,0,,
22675,Infrastructure asset,Service Strike,Not Entered,11/7/2014 0:00,2014,Nov,Fri,0:00,0:00,2/6/2015 11:42,"Off Network e.g. Local Authority Road, Footpath",,Construction & Maintenance,,,No,,,,,Clear,,,Non,No,,,,Person contact with electricity,0,0,0,0,,
22677,Near Miss,Minor or low potential impact,Not Entered,11/14/2014 21:50,2014,Nov,Fri,21:50,18:00,2/6/2015 12:04,"Off Network e.g. Local Authority Road, Footpath",,Construction & Maintenance,,,No,,,,,Storm,,,Non,No,,,,Hit by a moving vehicle or plant,0,0,0,0,,
22977,Near Miss,Minor or low potential impact,Not Entered,1/7/2015 15:40,2015,Jan,Wed,15:40,12:00,3/31/2015 6:34,"Off Network e.g. Local Authority Road, Footpath",,Construction & Maintenance,,,No,,,,,Clear,,,100%,No,,,,N/A,0,0,0,0,,
22914,Near Miss,Minor or low potential impact,Not Entered,3/6/2015 22:15,2015,Mar,Fri,22:15,18:00,3/19/2015 13:51,"Off Network e.g. Local Authority Road, Footpath",,Construction & Maintenance,,,No,,,,,Clear,,,100%,No,,,,Incursion to seek information or benefit,0,0,0,0,,
23465,Near Miss,Minor or low potential impact,Not Entered,7/27/2015 20:30,2015,Jul,Mon,20:30,18:00,8/7/2015 8:50,"Off Network e.g. Local Authority Road, Footpath",,Construction & Maintenance,,,No,,,,,Clear,,,Non,No,,,,Collision with fixed or stationary object or material,0,0,0,0,,
23478,Infrastructure asset,Service Strike,Not Entered,8/7/2015 23:28,2015,Aug,Fri,23:28,18:00,8/12/2015 7:05,"Off Network e.g. Local Authority Road, Footpath",,Construction & Maintenance,,,No,,,,,Clear,,,Non,No,,,,Person contact with electricity,0,0,0,0,,
23486,Near Miss,Minor or low potential impact,Not Entered,8/12/2015 19:30,2015,Aug,Wed,19:30,18:00,8/14/2015 14:22,"Off Network e.g. Local Authority Road, Footpath",,Construction & Maintenance,,,No,,,,,Clear,,,Non,No,,,,Hit by a moving vehicle or plant,0,0,0,0,,
23488,Near Miss,Minor or low potential impact,Not Entered,8/15/2015 19:17,2015,Aug,Sat,19:17,18:00,8/17/2015 12:42,"Off Network e.g. Local Authority Road, Footpath",,Construction & Maintenance,,,No,,,,,Clear,,,Non,No,,,,N/A,0,0,0,0,,
23503,Infrastructure asset,Service Strike,Not Entered,8/20/2015 0:45,2015,Aug,Thu,0:45,0:00,8/20/2015 11:05,"Off Network e.g. Local Authority Road, Footpath",,Construction & Maintenance,,,No,,,,,Clear,,,Non,No,,,,Person contact with electricity,0,0,0,0,,
23619,Near Miss,Minor or low potential impact,Not Entered,9/24/2015 15:30,2015,Sep,Thu,15:30,12:00,9/25/2015 10:30,"Off Network e.g. Local Authority Road, Footpath",,Construction & Maintenance,,,No,,,,,Clear,,,100%,No,,,,Hit by a moving or falling object,0,0,0,0,,Yes
23712,Infrastructure asset,Service Strike,Not Entered,10/21/2015 12:00,2015,Oct,Wed,12:00,12:00,10/21/2015 17:10,"Off Network e.g. Local Authority Road, Footpath",,Construction & Maintenance,,,No,,,,,Clear,,,Non,No,,,,Person contact with electricity,0,0,0,0,,
24217,Infrastructure asset,"Property, vehicle, plant damage",Not Entered,4/21/2016 4:45,2016,Apr,Thu,4:45,0:00,4/26/2016 7:53,"Off Network e.g. Local Authority Road, Footpath",,Construction & Maintenance,,,Yes,,,,,Clear,,,Non,No,,,Truck,N/A,0,0,0,0,,
24493,Infrastructure asset,"Property, vehicle, plant damage",Not Entered,7/12/2016 16:30,2016,Jul,Tue,16:30,12:00,7/13/2016 12:23,"Off Network e.g. Local Authority Road, Footpath",,Construction & Maintenance,,,Yes,,,,,Clear,,,100%,No,,,Van,Hit by a moving vehicle or plant,0,0,0,0,,
26358,Near Miss,Minor or low potential impact,Not Entered,10/5/2016 14:45,2016,Oct,Wed,14:45,12:00,10/5/2016 17:44,"Off Network e.g. Local Authority Road, Footpath",,Construction & Maintenance,,,No,,,,,Clear,,,100%,No,,,,N/A,0,0,0,0,,
26596,Near Miss,Minor or low potential impact,Not Entered,10/20/2016 10:28,2016,Oct,Thu,10:28,6:00,10/20/2016 16:11,"Off Network e.g. Local Authority Road, Footpath",,Construction & Maintenance,,,Yes,,,,,Clear,,,100%,Yes,Unknown ,,Truck,N/A,0,0,0,0,,
26739,Asset security or personal security,Verbal abuse or intimidation,Not Entered,11/8/2016 23:25,2016,Nov,Tue,23:25,18:00,11/22/2016 11:11,"Off Network e.g. Local Authority Road, Footpath",,Construction & Maintenance,,,Yes,,,,,,,,,Yes,,,Car,N/A,0,0,0,0,,
27084,Near Miss,Minor or low potential impact,Not Entered,1/17/2017 4:15,2017,Jan,Tue,4:15,0:00,1/18/2017 8:59,"Off Network e.g. Local Authority Road, Footpath",,Construction & Maintenance,,,No,,,,,Clear,,,100%,No,,,,N/A,0,0,0,0,,
29439,Near Miss,Minor or low potential impact,Not Entered,6/10/2017 9:15,2017,Jun,Sat,9:15,6:00,6/12/2017 8:38,"Off Network e.g. Local Authority Road, Footpath",,Construction & Maintenance,,,No,,,,,Raining,,,100%,Yes,Unknown ,,,N/A,0,0,0,0,,Yes
29545,Infrastructure asset,Service Strike,Not Entered,6/21/2017 15:00,2017,Jun,Wed,15:00,12:00,6/22/2017 6:52,"Off Network e.g. Local Authority Road, Footpath",,Construction & Maintenance,,,No,,,,,Clear,,,100%,No,,,,N/A,0,0,0,0,,Yes
29567,Infrastructure asset,Service Strike,Not Entered,6/24/2017 23:28,2017,Jun,Sat,23:28,18:00,6/26/2017 7:10,"Off Network e.g. Local Authority Road, Footpath",,Construction & Maintenance,,,No,,,,,,,,,No,,,,Person contact with electricity,0,0,0,0,,Yes
22433,Near Miss,Minor or low potential impact,Not Entered,8/20/2014 23:30,2014,Aug,Wed,23:30,18:00,12/2/2014 15:25,"Off Network e.g. Local Authority Road, Footpath",,Construction & Maintenance,,,No,,,,,Clear,,,100%,No,,,,Fell from a height,0,0,0,0,,
22434,Near Miss,Minor or low potential impact,Not Entered,10/9/2014 20:00,2014,Oct,Thu,20:00,18:00,12/2/2014 15:47,"Off Network e.g. Local Authority Road, Footpath",,Construction & Maintenance,,,Yes,,,,,Clear,,,Non,No,,,Motor Bike,Hit by a moving vehicle or plant,0,0,0,0,,
22435,Infrastructure asset,Service Strike,Not Entered,10/15/2014 14:00,2014,Oct,Wed,14:00,12:00,12/2/2014 16:04,"Off Network e.g. Local Authority Road, Footpath",,Construction & Maintenance,,,No,,,,,Clear,,,100%,No,,,,Person contact with electricity,0,0,0,0,,
22436,Infrastructure asset,Service Strike,Not Entered,11/7/2014 22:22,2014,Nov,Fri,22:22,18:00,12/2/2014 16:23,"Off Network e.g. Local Authority Road, Footpath",,Construction & Maintenance,,,No,,,,,Clear,,,100%,No,,,,Person contact with electricity,0,0,0,0,,
23731,Near Miss,Minor or low potential impact,Not Entered,12/3/2014 22:45,2014,Dec,Wed,22:45,18:00,10/28/2015 11:59,"Off Network e.g. Local Authority Road, Footpath",,Construction & Maintenance,,,Yes,,,,,Clear,,,Non,No,,,Motor Bike,Incursion unintentional - confused or follow in,0,0,0,0,,
23734,Near Miss,Minor or low potential impact,Not Entered,1/17/2015 0:50,2015,Jan,Sat,0:50,0:00,10/28/2015 16:02,"Off Network e.g. Local Authority Road, Footpath",,Construction & Maintenance,,,Yes,,,,,Clear,,,Non,No,,,Motor Bike,Incursion to seek information or benefit,0,0,0,0,,
23735,Near Miss,Minor or low potential impact,Not Entered,1/28/2015 0:50,2015,Jan,Wed,0:50,0:00,10/28/2015 16:11,"Off Network e.g. Local Authority Road, Footpath",,Construction & Maintenance,,,Yes,,,,,Clear,,,Non,No,,,Motor Bike,Incursion to seek information or benefit,0,0,0,0,,
23736,Near Miss,Minor or low potential impact,Not Entered,1/29/2015 10:23,2015,Jan,Thu,10:23,6:00,10/28/2015 16:18,"Off Network e.g. Local Authority Road, Footpath",,Construction & Maintenance,,,Yes,,,,,Clear,,,Non,No,,,Car,Incursion unintentional - confused or follow in,0,0,0,0,,
24286,Near Miss,Minor or low potential impact,Not Entered,1/31/2015 22:05,2015,Jan,Sat,22:05,18:00,5/25/2016 6:35,"Off Network e.g. Local Authority Road, Footpath",,Construction & Maintenance,,,No,,,,,Clear,,,Non,No,,,,Incursion to seek information or benefit,0,0,0,0,,
24287,Near Miss,Minor or low potential impact,Not Entered,2/5/2015 2:05,2015,Feb,Thu,2:05,0:00,5/25/2016 6:44,"Off Network e.g. Local Authority Road, Footpath",,Construction & Maintenance,,,No,,,,,Clear,,,Non,No,,,,Incursion to seek information or benefit,0,0,0,0,,
24288,Near Miss,Minor or low potential impact,Not Entered,2/10/2015 22:36,2015,Feb,Tue,22:36,18:00,5/25/2016 6:50,"Off Network e.g. Local Authority Road, Footpath",,Construction & Maintenance,,,No,,,,,Clear,,,Non,No,,,,Incursion to seek information or benefit,0,0,0,0,,
24289,Near Miss,Minor or low potential impact,Not Entered,2/12/2015 23:50,2015,Feb,Thu,23:50,18:00,5/25/2016 6:55,"Off Network e.g. Local Authority Road, Footpath",,Construction & Maintenance,,,No,,,,,Clear,,,Non,No,,,,Incursion to seek information or benefit,0,0,0,0,,
24290,Near Miss,Minor or low potential impact,Not Entered,2/18/2015 3:00,2015,Feb,Wed,3:00,0:00,5/25/2016 6:59,"Off Network e.g. Local Authority Road, Footpath",,Construction & Maintenance,,,No,,,,,Clear,,,Non,No,,,,Incursion to seek information or benefit,0,0,0,0,,
24291,Near Miss,Minor or low potential impact,Not Entered,2/19/2015 22:50,2015,Feb,Thu,22:50,18:00,5/25/2016 7:06,"Off Network e.g. Local Authority Road, Footpath",,Construction & Maintenance,,,No,,,,,Clear,,,Non,No,,,,Incursion to seek information or benefit,0,0,0,0,,
24292,Near Miss,Minor or low potential impact,Not Entered,3/11/2015 22:45,2015,Mar,Wed,22:45,18:00,5/25/2016 7:13,"Off Network e.g. Local Authority Road, Footpath",,Construction & Maintenance,,,No,,,,,Clear,,,Non,No,,,,Incursion to seek information or benefit,0,0,0,0,,
24293,Near Miss,Minor or low potential impact,Not Entered,3/13/2015 0:55,2015,Mar,Fri,0:55,0:00,5/25/2016 7:16,"Off Network e.g. Local Authority Road, Footpath",,Construction & Maintenance,,,No,,,,,Clear,,,Non,No,,,,Incursion to seek information or benefit,0,0,0,0,,
24294,Near Miss,Minor or low potential impact,Not Entered,3/19/2015 12:31,2015,Mar,Thu,12:31,12:00,5/25/2016 7:24,"Off Network e.g. Local Authority Road, Footpath",,Construction & Maintenance,,,No,,,,,Clear,,,Non,No,,,,Incursion to seek information or benefit,0,0,0,0,,
24295,Near Miss,Minor or low potential impact,Not Entered,3/24/2015 0:05,2015,Mar,Tue,0:05,0:00,5/25/2016 7:27,"Off Network e.g. Local Authority Road, Footpath",,Construction & Maintenance,,,No,,,,,Clear,,,Non,No,,,,Incursion to seek information or benefit,0,0,0,0,,
24296,Near Miss,Minor or low potential impact,Not Entered,3/26/2015 1:52,2015,Mar,Thu,1:52,0:00,5/25/2016 7:32,"Off Network e.g. Local Authority Road, Footpath",,Construction & Maintenance,,,No,,,,,Clear,,,Non,No,,,,Incursion to seek information or benefit,0,0,0,0,,
24299,Near Miss,Minor or low potential impact,Not Entered,4/8/2015 11:30,2015,Apr,Wed,11:30,6:00,5/25/2016 12:07,"Off Network e.g. Local Authority Road, Footpath",,Construction & Maintenance,,,No,,,,,Clear,,,Non,No,,,,Incursion to seek information or benefit,0,0,0,0,,
24298,Near Miss,Minor or low potential impact,Not Entered,4/8/2015 11:30,2015,Apr,Wed,11:30,6:00,5/25/2016 12:03,"Off Network e.g. Local Authority Road, Footpath",,Construction & Maintenance,,,No,,,,,Clear,,,Non,No,,,,Incursion to seek information or benefit,0,0,0,0,,
24297,Near Miss,Minor or low potential impact,Not Entered,4/8/2015 11:30,2015,Apr,Wed,11:30,6:00,5/25/2016 12:00,"Off Network e.g. Local Authority Road, Footpath",,Construction & Maintenance,,,No,,,,,Clear,,,Non,No,,,,Incursion to seek information or benefit,0,0,0,0,,
24300,Near Miss,Minor or low potential impact,Not Entered,4/14/2015 22:45,2015,Apr,Tue,22:45,18:00,5/25/2016 12:11,"Off Network e.g. Local Authority Road, Footpath",,Construction & Maintenance,,,No,,,,,Clear,,,Non,No,,,,Incursion to seek information or benefit,0,0,0,0,,
24301,Near Miss,Minor or low potential impact,Not Entered,4/16/2015 13:00,2015,Apr,Thu,13:00,12:00,5/25/2016 12:14,"Off Network e.g. Local Authority Road, Footpath",,Construction & Maintenance,,,No,,,,,Clear,,,Non,No,,,,Incursion to seek information or benefit,0,0,0,0,,
24302,Near Miss,Minor or low potential impact,Not Entered,4/21/2015 15:00,2015,Apr,Tue,15:00,12:00,5/25/2016 12:17,"Off Network e.g. Local Authority Road, Footpath",,Construction & Maintenance,,,No,,,,,Clear,,,Non,No,,,,Incursion to seek information or benefit,0,0,0,0,,
24303,Near Miss,Minor or low potential impact,Not Entered,4/21/2015 23:25,2015,Apr,Tue,23:25,18:00,5/25/2016 12:20,"Off Network e.g. Local Authority Road, Footpath",,Construction & Maintenance,,,No,,,,,Clear,,,Non,No,,,,Incursion to seek information or benefit,0,0,0,0,,
24305,Near Miss,Minor or low potential impact,Not Entered,4/22/2015 0:00,2015,Apr,Wed,0:00,0:00,5/25/2016 13:11,"Off Network e.g. Local Authority Road, Footpath",,Construction & Maintenance,,,No,,,,,Clear,,,Non,No,,,,Incursion to seek information or benefit,0,0,0,0,,
24304,Near Miss,Minor or low potential impact,Not Entered,4/22/2015 0:00,2015,Apr,Wed,0:00,0:00,5/25/2016 12:23,"Off Network e.g. Local Authority Road, Footpath",,Construction & Maintenance,,,No,,,,,Clear,,,Non,No,,,,Incursion to seek information or benefit,0,0,0,0,,
24306,Near Miss,Minor or low potential impact,Not Entered,4/23/2015 0:00,2015,Apr,Thu,0:00,0:00,5/25/2016 13:15,"Off Network e.g. Local Authority Road, Footpath",,Construction & Maintenance,,,No,,,,,Clear,,,Non,No,,,,Incursion to seek information or benefit,0,0,0,0,,
24307,Near Miss,Minor or low potential impact,Not Entered,4/27/2015 0:00,2015,Apr,Mon,0:00,0:00,5/25/2016 13:18,"Off Network e.g. Local Authority Road, Footpath",,Construction & Maintenance,,,No,,,,,Clear,,,Non,No,,,,Incursion to seek information or benefit,0,0,0,0,,
24308,Near Miss,Minor or low potential impact,Not Entered,4/29/2015 0:00,2015,Apr,Wed,0:00,0:00,5/25/2016 13:22,"Off Network e.g. Local Authority Road, Footpath",,Construction & Maintenance,,,No,,,,,Clear,,,Non,No,,,,Incursion to seek information or benefit,0,0,0,0,,
24309,Near Miss,Minor or low potential impact,Not Entered,4/30/2015 0:00,2015,Apr,Thu,0:00,0:00,5/25/2016 13:32,"Off Network e.g. Local Authority Road, Footpath",,Construction & Maintenance,,,No,,,,,Clear,,,Non,Yes,,,,Incursion to seek information or benefit,0,0,0,0,,
24310,Near Miss,Minor or low potential impact,Not Entered,5/5/2015 0:00,2015,May,Tue,0:00,0:00,5/25/2016 13:47,"Off Network e.g. Local Authority Road, Footpath",,Construction & Maintenance,,,No,,,,,Clear,,,Non,No,,,,Incursion to seek information or benefit,0,0,0,0,,
24312,Near Miss,Minor or low potential impact,Not Entered,6/1/2015 0:00,2015,Jun,Mon,0:00,0:00,5/25/2016 13:53,"Off Network e.g. Local Authority Road, Footpath",,Construction & Maintenance,,,No,,,,,Clear,,,Non,No,,,,Incursion to seek information or benefit,0,0,0,0,,
24311,Near Miss,Minor or low potential impact,Not Entered,6/1/2015 0:00,2015,Jun,Mon,0:00,0:00,5/25/2016 13:49,"Off Network e.g. Local Authority Road, Footpath",,Construction & Maintenance,,,No,,,,,Clear,,,Non,No,,,,Incursion to seek information or benefit,0,0,0,0,,
24313,Near Miss,Minor or low potential impact,Not Entered,7/2/2015 0:00,2015,Jul,Thu,0:00,0:00,5/25/2016 13:57,"Off Network e.g. Local Authority Road, Footpath",,Construction & Maintenance,,,No,,,,,Clear,,,Non,No,,,,Incursion to seek information or benefit,0,0,0,0,,
24315,Near Miss,Minor or low potential impact,Not Entered,7/5/2015 0:00,2015,Jul,Sun,0:00,0:00,5/25/2016 14:02,"Off Network e.g. Local Authority Road, Footpath",,Construction & Maintenance,,,No,,,,,Clear,,,Non,No,,,,Incursion to seek information or benefit,0,0,0,0,,
24314,Near Miss,Minor or low potential impact,Not Entered,7/5/2015 0:00,2015,Jul,Sun,0:00,0:00,5/25/2016 14:00,"Off Network e.g. Local Authority Road, Footpath",,Construction & Maintenance,,,No,,,,,Clear,,,Non,No,,,,Incursion to seek information or benefit,0,0,0,0,,