Event ID,Event Type ,Event Subtype,Type of Person,Date/Time of Event,Year,Month,Day of the Week,Time,Time interval (6 hours),Date/Time Reported,Location,Specific Location (include RCC Log no if relevant),Details of actual job being done at the time,Part of Body Affected,Injury Type,Was there a vehicle involved in this event?,Work related,Accident Type,Vehicle Motion,Who was Hit,Weather/Visibility,Surface Condition,Roadbed Grade,Lighting Conditions,Was A Police Report Filed?,Name of Law Enforcement Agency,Preventable,Type,Kind of Event,Expected Lost Workdays (Total),Actual Lost Workdays (Total),Expected Restricted Workdays (Total),Actual Restricted Workdays (Total),Return To Work Date,Sign Off 1
24316,Near Miss,Minor or low potential impact,Not Entered,7/20/2015 0:00,2015,Jul,Mon,0:00,0:00,5/25/2016 14:10,"Off Network e.g. Local Authority Road, Footpath",,Construction & Maintenance,,,No,,,,,Clear,,,Non,No,,,,Incursion to seek information or benefit,0,0,0,0,,
24317,Near Miss,Minor or low potential impact,Not Entered,10/1/2015 2:31,2015,Oct,Thu,2:31,0:00,5/25/2016 14:13,"Off Network e.g. Local Authority Road, Footpath",,Construction & Maintenance,,,No,,,,,Clear,,,Non,No,,,,Incursion to seek information or benefit,0,0,0,0,,
24318,Near Miss,Minor or low potential impact,Not Entered,10/1/2015 3:05,2015,Oct,Thu,3:05,0:00,5/25/2016 14:18,"Off Network e.g. Local Authority Road, Footpath",,Construction & Maintenance,,,No,,,,,Clear,,,Non,No,,,,Incursion to seek information or benefit,0,0,0,0,,
23733,Near Miss,Minor or low potential impact,Not Entered,10/10/2015 22:20,2015,Oct,Sat,22:20,18:00,10/28/2015 15:53,"Off Network e.g. Local Authority Road, Footpath",,Construction & Maintenance,,,Yes,,,,,Clear,,,Non,No,,,Motor Bike,Incursion unintentional - confused or follow in,0,0,0,0,,
24319,Near Miss,Minor or low potential impact,Not Entered,10/19/2015 12:55,2015,Oct,Mon,12:55,12:00,5/25/2016 14:21,"Off Network e.g. Local Authority Road, Footpath",,Construction & Maintenance,,,No,,,,,Clear,,,Non,No,,,,Incursion unintentional - confused or follow in,0,0,0,0,,
24320,Near Miss,Minor or low potential impact,Not Entered,10/29/2015 5:37,2015,Oct,Thu,5:37,0:00,5/25/2016 14:25,"Off Network e.g. Local Authority Road, Footpath",,Construction & Maintenance,,,No,,,,,Clear,,,Non,No,,,,Incursion unintentional - confused or follow in,0,0,0,0,,
24321,Near Miss,Minor or low potential impact,Not Entered,11/2/2015 2:00,2015,Nov,Mon,2:00,0:00,5/25/2016 14:39,"Off Network e.g. Local Authority Road, Footpath",,Construction & Maintenance,,,No,,,,,Clear,,,Non,No,,,,Incursion to seek information or benefit,0,0,0,0,,
24322,Near Miss,Minor or low potential impact,Not Entered,11/4/2015 23:09,2015,Nov,Wed,23:09,18:00,5/25/2016 14:42,"Off Network e.g. Local Authority Road, Footpath",,Construction & Maintenance,,,No,,,,,Clear,,,Non,No,,,,Incursion to seek information or benefit,0,0,0,0,,
24323,Near Miss,Minor or low potential impact,Not Entered,11/10/2015 23:45,2015,Nov,Tue,23:45,18:00,5/25/2016 14:48,"Off Network e.g. Local Authority Road, Footpath",,Construction & Maintenance,,,No,,,,,Clear,,,Non,No,,,,Incursion to seek information or benefit,0,0,0,0,,
25840,Near Miss,Minor or low potential impact,Not Entered,11/19/2015 12:55,2015,Nov,Thu,12:55,12:00,9/5/2016 8:53,"Off Network e.g. Local Authority Road, Footpath",,Construction & Maintenance,,,No,,,,,Clear,,,Non,No,,,,Incursion unintentional - confused or follow in,0,0,0,0,,
24325,Near Miss,Minor or low potential impact,Not Entered,1/20/2016 4:53,2016,Jan,Wed,4:53,0:00,5/25/2016 14:57,"Off Network e.g. Local Authority Road, Footpath",,Construction & Maintenance,,,No,,,,,Clear,,,Non,No,,,,Incursion to seek information or benefit,0,0,0,0,,
24324,Near Miss,Minor or low potential impact,Not Entered,1/20/2016 14:10,2016,Jan,Wed,14:10,12:00,5/25/2016 14:53,"Off Network e.g. Local Authority Road, Footpath",,Construction & Maintenance,,,No,,,,,Clear,,,Non,No,,,,Incursion to seek information or benefit,0,0,0,0,,
24326,Near Miss,Minor or low potential impact,Not Entered,1/24/2016 1:11,2016,Jan,Sun,1:11,0:00,5/25/2016 15:11,"Off Network e.g. Local Authority Road, Footpath",,Construction & Maintenance,,,No,,,,,Clear,,,Non,No,,,,Incursion to seek information or benefit,0,0,0,0,,
24327,Near Miss,Minor or low potential impact,Not Entered,1/24/2016 23:35,2016,Jan,Sun,23:35,18:00,5/25/2016 15:14,"Off Network e.g. Local Authority Road, Footpath",,Construction & Maintenance,,,No,,,,,Clear,,,Non,No,,,,Incursion to seek information or benefit,0,0,0,0,,
24329,Near Miss,Minor or low potential impact,Not Entered,1/26/2016 23:00,2016,Jan,Tue,23:00,18:00,5/25/2016 15:20,"Off Network e.g. Local Authority Road, Footpath",,Construction & Maintenance,,,No,,,,,Clear,,,Non,No,,,,Incursion to seek information or benefit,0,0,0,0,,
24328,Near Miss,Minor or low potential impact,Not Entered,1/26/2016 23:20,2016,Jan,Tue,23:20,18:00,5/25/2016 15:17,"Off Network e.g. Local Authority Road, Footpath",,Construction & Maintenance,,,No,,,,,Clear,,,Non,No,,,,Incursion to seek information or benefit,0,0,0,0,,
24333,Near Miss,Minor or low potential impact,Not Entered,1/29/2016 1:05,2016,Jan,Fri,1:05,0:00,5/25/2016 15:39,"Off Network e.g. Local Authority Road, Footpath",,Construction & Maintenance,,,No,,,,,Clear,,,Non,No,,,,Incursion to seek information or benefit,0,0,0,0,,
24330,Near Miss,Minor or low potential impact,Not Entered,1/29/2016 4:05,2016,Jan,Fri,4:05,0:00,5/25/2016 15:23,"Off Network e.g. Local Authority Road, Footpath",,Construction & Maintenance,,,No,,,,,Clear,,,Non,No,,,,Incursion to seek information or benefit,0,0,0,0,,
24332,Near Miss,Minor or low potential impact,Not Entered,1/29/2016 22:24,2016,Jan,Fri,22:24,18:00,5/25/2016 15:30,"Off Network e.g. Local Authority Road, Footpath",,Construction & Maintenance,,,No,,,,,Clear,,,Non,No,,,,Incursion to seek information or benefit,0,0,0,0,,
24331,Near Miss,Minor or low potential impact,Not Entered,1/29/2016 22:24,2016,Jan,Fri,22:24,18:00,5/25/2016 15:27,"Off Network e.g. Local Authority Road, Footpath",,Construction & Maintenance,,,No,,,,,Clear,,,Non,No,,,,Incursion to seek information or benefit,0,0,0,0,,
24334,Near Miss,Minor or low potential impact,Not Entered,1/30/2016 2:31,2016,Jan,Sat,2:31,0:00,5/25/2016 15:44,"Off Network e.g. Local Authority Road, Footpath",,Construction & Maintenance,,,No,,,,,Clear,,,Non,No,,,,Incursion to seek information or benefit,0,0,0,0,,
24335,Near Miss,Minor or low potential impact,Not Entered,2/3/2016 14:00,2016,Feb,Wed,14:00,12:00,5/25/2016 15:48,"Off Network e.g. Local Authority Road, Footpath",,Construction & Maintenance,,,No,,,,,Clear,,,Non,No,,,,Incursion to seek information or benefit,0,0,0,0,,
24339,Near Miss,Minor or low potential impact,Not Entered,2/15/2016 2:16,2016,Feb,Mon,2:16,0:00,5/27/2016 8:07,"Off Network e.g. Local Authority Road, Footpath",,Construction & Maintenance,,,No,,,,,Clear,,,Non,No,,,,Incursion to seek information or benefit,0,0,0,0,,
24340,Near Miss,Minor or low potential impact,Not Entered,2/17/2016 23:50,2016,Feb,Wed,23:50,18:00,5/27/2016 8:09,"Off Network e.g. Local Authority Road, Footpath",,Construction & Maintenance,,,No,,,,,Clear,,,Non,No,,,,Incursion to seek information or benefit,0,0,0,0,,
25841,Near Miss,Minor or low potential impact,Not Entered,2/20/2016 0:00,2016,Feb,Sat,0:00,0:00,9/5/2016 9:10,"Off Network e.g. Local Authority Road, Footpath",,Construction & Maintenance,,,No,,,,,Clear,,,Non,No,,,,Incursion to seek information or benefit,0,0,0,0,,
25842,Near Miss,Minor or low potential impact,Not Entered,2/20/2016 3:10,2016,Feb,Sat,3:10,0:00,9/5/2016 9:30,"Off Network e.g. Local Authority Road, Footpath",,Construction & Maintenance,,,No,,,,,Clear,,,Non,No,,,,Incursion to seek information or benefit,0,0,0,0,,
24341,Near Miss,Minor or low potential impact,Not Entered,2/20/2016 3:10,2016,Feb,Sat,3:10,0:00,5/27/2016 8:12,"Off Network e.g. Local Authority Road, Footpath",,Construction & Maintenance,,,No,,,,,Clear,,,Non,No,,,,Incursion to seek information or benefit,0,0,0,0,,
25846,Near Miss,Minor or low potential impact,Not Entered,3/8/2016 0:50,2016,Mar,Tue,0:50,0:00,9/5/2016 10:25,"Off Network e.g. Local Authority Road, Footpath",,Construction & Maintenance,,,No,,,,,Clear,,,Non,No,,,,Incursion to seek information or benefit,0,0,0,0,,
25847,Near Miss,Minor or low potential impact,Not Entered,3/22/2016 3:10,2016,Mar,Tue,3:10,0:00,9/5/2016 10:34,"Off Network e.g. Local Authority Road, Footpath",,Construction & Maintenance,,,No,,,,,Clear,,,Non,No,,,,Incursion to seek information or benefit,0,0,0,0,,
25848,Near Miss,Minor or low potential impact,Not Entered,4/1/2016 1:15,2016,Apr,Fri,1:15,0:00,9/5/2016 10:38,"Off Network e.g. Local Authority Road, Footpath",,Construction & Maintenance,,,No,,,,,Clear,,,Non,No,,,,Incursion to seek information or benefit,0,0,0,0,,
25849,Near Miss,Minor or low potential impact,Not Entered,5/24/2016 11:14,2016,May,Tue,11:14,6:00,9/5/2016 10:41,"Off Network e.g. Local Authority Road, Footpath",,Construction & Maintenance,,,No,,,,,Clear,,,Non,No,,,,Incursion unintentional - confused or follow in,0,0,0,0,,
25851,Near Miss,Minor or low potential impact,Not Entered,6/4/2016 3:56,2016,Jun,Sat,3:56,0:00,9/5/2016 10:55,"Off Network e.g. Local Authority Road, Footpath",,Construction & Maintenance,,,No,,,,,Clear,,,Non,No,,,,Incursion to seek information or benefit,0,0,0,0,,
25855,Near Miss,Minor or low potential impact,Not Entered,6/18/2016 16:48,2016,Jun,Sat,16:48,12:00,9/5/2016 11:43,"Off Network e.g. Local Authority Road, Footpath",,Construction & Maintenance,,,No,,,,,Clear,,,Non,No,,,,Incursion to seek information or benefit,0,0,0,0,,
25857,Near Miss,Minor or low potential impact,Not Entered,6/22/2016 23:11,2016,Jun,Wed,23:11,18:00,9/5/2016 11:46,"Off Network e.g. Local Authority Road, Footpath",,Construction & Maintenance,,,No,,,,,Clear,,,Non,No,,,,Incursion to seek information or benefit,0,0,0,0,,
25859,Near Miss,Minor or low potential impact,Not Entered,7/9/2016 3:09,2016,Jul,Sat,3:09,0:00,9/5/2016 11:53,"Off Network e.g. Local Authority Road, Footpath",,Construction & Maintenance,,,No,,,,,Clear,,,Non,No,,,,Incursion to seek information or benefit,0,0,0,0,,
25858,Near Miss,Minor or low potential impact,Not Entered,7/10/2016 1:35,2016,Jul,Sun,1:35,0:00,9/5/2016 11:50,"Off Network e.g. Local Authority Road, Footpath",,Construction & Maintenance,,,No,,,,,Clear,,,Non,No,,,,Incursion to seek information or benefit,0,0,0,0,,
25860,Near Miss,Minor or low potential impact,Not Entered,7/13/2016 13:00,2016,Jul,Wed,13:00,12:00,9/5/2016 11:56,"Off Network e.g. Local Authority Road, Footpath",,Construction & Maintenance,,,No,,,,,Clear,,,Non,No,,,,Incursion to seek information or benefit,0,0,0,0,,
25861,Near Miss,Minor or low potential impact,Not Entered,7/15/2016 13:00,2016,Jul,Fri,13:00,12:00,9/5/2016 12:15,"Off Network e.g. Local Authority Road, Footpath",,Construction & Maintenance,,,No,,,,,Clear,,,Non,No,,,,Incursion to seek information or benefit,0,0,0,0,,
25862,Near Miss,Minor or low potential impact,Not Entered,7/21/2016 3:00,2016,Jul,Thu,3:00,0:00,9/5/2016 12:18,"Off Network e.g. Local Authority Road, Footpath",,Construction & Maintenance,,,No,,,,,Clear,,,Non,No,,,,Incursion to seek information or benefit,0,0,0,0,,
25864,Near Miss,Minor or low potential impact,Not Entered,7/26/2016 22:20,2016,Jul,Tue,22:20,18:00,9/5/2016 12:25,"Off Network e.g. Local Authority Road, Footpath",,Construction & Maintenance,,,No,,,,,Clear,,,Non,No,,,,Incursion to seek information or benefit,0,0,0,0,,
25863,Near Miss,Minor or low potential impact,Not Entered,7/26/2016 22:20,2016,Jul,Tue,22:20,18:00,9/5/2016 12:21,"Off Network e.g. Local Authority Road, Footpath",,Construction & Maintenance,,,No,,,,,Clear,,,Non,No,,,,Incursion to seek information or benefit,0,0,0,0,,
25865,Near Miss,Minor or low potential impact,Not Entered,8/2/2016 2:00,2016,Aug,Tue,2:00,0:00,9/5/2016 12:27,"Off Network e.g. Local Authority Road, Footpath",,Construction & Maintenance,,,No,,,,,Clear,,,Non,No,,,,Incursion to seek information or benefit,0,0,0,0,,
25866,Near Miss,Minor or low potential impact,Not Entered,8/3/2016 14:15,2016,Aug,Wed,14:15,12:00,9/5/2016 12:30,"Off Network e.g. Local Authority Road, Footpath",,Construction & Maintenance,,,No,,,,,Clear,,,Non,No,,,,Incursion to seek information or benefit,0,0,0,0,,
25867,Near Miss,Minor or low potential impact,Not Entered,8/4/2016 0:00,2016,Aug,Thu,0:00,0:00,9/5/2016 12:34,"Off Network e.g. Local Authority Road, Footpath",,Construction & Maintenance,,,No,,,,,Clear,,,Non,No,,,,Incursion to seek information or benefit,0,0,0,0,,
25868,Near Miss,Minor or low potential impact,Not Entered,8/16/2016 18:00,2016,Aug,Tue,18:00,18:00,9/5/2016 12:37,"Off Network e.g. Local Authority Road, Footpath",,Construction & Maintenance,,,No,,,,,Clear,,,Non,No,,,,Incursion to seek information or benefit,0,0,0,0,,
25869,Near Miss,Minor or low potential impact,Not Entered,8/17/2016 23:20,2016,Aug,Wed,23:20,18:00,9/5/2016 12:40,"Off Network e.g. Local Authority Road, Footpath",,Construction & Maintenance,,,No,,,,,Clear,,,Non,No,,,,Incursion to seek information or benefit,0,0,0,0,,
25870,Near Miss,Minor or low potential impact,Not Entered,8/21/2016 4:20,2016,Aug,Sun,4:20,0:00,9/5/2016 12:46,"Off Network e.g. Local Authority Road, Footpath",,Construction & Maintenance,,,No,,,,,Clear,,,Non,No,,,,Incursion to seek information or benefit,0,0,0,0,,
25871,Near Miss,Minor or low potential impact,Not Entered,8/22/2016 11:18,2016,Aug,Mon,11:18,6:00,9/5/2016 12:58,"Off Network e.g. Local Authority Road, Footpath",,Construction & Maintenance,,,No,,,,,Clear,,,Non,No,,,,Incursion to seek information or benefit,0,0,0,0,,
25873,Near Miss,Minor or low potential impact,Not Entered,8/24/2016 0:48,2016,Aug,Wed,0:48,0:00,9/5/2016 13:03,"Off Network e.g. Local Authority Road, Footpath",,Construction & Maintenance,,,No,,,,,Clear,,,Non,No,,,,Incursion to seek information or benefit,0,0,0,0,,
25872,Near Miss,Minor or low potential impact,Not Entered,8/24/2016 18:50,2016,Aug,Wed,18:50,18:00,9/5/2016 13:00,"Off Network e.g. Local Authority Road, Footpath",,Construction & Maintenance,,,No,,,,,Clear,,,Non,No,,,,Incursion due to breakdown,0,0,0,0,,
25874,Near Miss,Minor or low potential impact,Not Entered,8/31/2016 22:29,2016,Aug,Wed,22:29,18:00,9/5/2016 13:07,"Off Network e.g. Local Authority Road, Footpath",,Construction & Maintenance,,,No,,,,,Clear,,,Non,No,,,,Incursion to seek information or benefit,0,0,0,0,,
25875,Near Miss,Minor or low potential impact,Not Entered,9/2/2016 13:10,2016,Sep,Fri,13:10,12:00,9/5/2016 13:26,"Off Network e.g. Local Authority Road, Footpath",,Construction & Maintenance,,,No,,,,,Clear,,,Non,No,,,,Incursion unintentional - confused or follow in,0,0,0,0,,
26014,Near Miss,Minor or low potential impact,Not Entered,9/6/2016 11:34,2016,Sep,Tue,11:34,6:00,9/12/2016 6:58,"Off Network e.g. Local Authority Road, Footpath",,Construction & Maintenance,,,No,,,,,Clear,,,Non,No,,,,Incursion to seek information or benefit,0,0,0,0,,
26015,Near Miss,Minor or low potential impact,Not Entered,9/7/2016 4:25,2016,Sep,Wed,4:25,0:00,9/12/2016 7:01,"Off Network e.g. Local Authority Road, Footpath",,Construction & Maintenance,,,No,,,,,Clear,,,Non,No,,,,Incursion to seek information or benefit,0,0,0,0,,
23996,Near Miss,Minor or low potential impact,Not Entered,1/27/2016 3:30,2016,Jan,Wed,3:30,0:00,1/28/2016 8:12,"Off Network e.g. Local Authority Road, Footpath",,Construction & Maintenance,,,No,,,,,,,,100%,No,,,,N/A,0,0,0,0,,
24025,Infrastructure asset,Service Strike,Not Entered,2/3/2016 3:00,2016,Feb,Wed,3:00,0:00,2/4/2016 7:44,"Off Network e.g. Local Authority Road, Footpath",,Construction & Maintenance,,,No,,,,,Clear,,,100%,No,,,,N/A,0,0,0,0,,
24185,Near Miss,Minor or low potential impact,Not Entered,4/5/2016 0:01,2016,Apr,Tue,0:01,0:00,4/8/2016 13:27,"Off Network e.g. Local Authority Road, Footpath",,Construction & Maintenance,,,No,,,,,Clear,,,100%,No,,,,N/A,0,0,0,0,,
24202,Infrastructure asset,Service Strike,Not Entered,4/12/2016 8:30,2016,Apr,Tue,8:30,6:00,4/15/2016 13:20,"Off Network e.g. Local Authority Road, Footpath",,Construction & Maintenance,,,No,,,,,Clear,,,100%,No,,,,N/A,0,0,0,0,,
24211,Near Miss,Minor or low potential impact,Not Entered,4/19/2016 13:20,2016,Apr,Tue,13:20,12:00,4/25/2016 7:32,"Off Network e.g. Local Authority Road, Footpath",,Construction & Maintenance,,,No,,,,,Clear,,,100%,No,,,,Incursion unintentional - confused or follow in,0,0,0,0,,
24274,Near Miss,Minor or low potential impact,Not Entered,5/13/2016 22:30,2016,May,Fri,22:30,18:00,5/19/2016 14:30,"Off Network e.g. Local Authority Road, Footpath",,Construction & Maintenance,,,Yes,,,,,Clear,,,100%,No,,,Motor Bike,N/A,0,0,0,0,,
24549,Personal illness or injury ,Riddor - Specified Injury,Contractor,7/26/2016 12:15,2016,Jul,Tue,12:15,12:00,8/2/2016 11:41,,,Construction & Maintenance,Hand,Fracture,No,,,,,,,,,No,,,,Injured while handling lifting or carrying,0,0,0,0,7/26/2016,Yes
24244,Personal illness or injury ,No Lost Time Injury,Contractor,5/5/2016 12:06,2016,May,Thu,12:06,12:00,5/5/2016 15:29,,,Construction & Maintenance,Wrist,Strain / sprain,No,,,,,,,,,No,,,,Injured while handling lifting or carrying,0,0,0,0,,
29757,Personal illness or injury ,Riddor > 7 Days,Contractor,7/18/2017 9:00,2017,Jul,Tue,9:00,6:00,7/18/2017 19:02,,,Construction & Maintenance,Finger/Thumb,Amputation,No,,,,,,,,,No,,,,Injured while handling lifting or carrying,0,0,0,0,,Yes
23564,Personal illness or injury ,Riddor - Specified Injury,Contractor,9/12/2015 0:30,2015,Sep,Sat,0:30,0:00,9/15/2015 5:56,,,Construction & Maintenance,Ankle/Foot,Fracture,No,,,,,,,,,No,,,,"Fell, slipped, or tripped on same level",4,4,0,0,,Yes
23110,Personal illness or injury ,No Lost Time Injury,Contractor,4/29/2015 21:30,2015,Apr,Wed,21:30,18:00,5/11/2015 10:38,,,Construction & Maintenance,Leg,Strain / sprain,No,,,,,,,,,No,,,,N/A,0,0,0,0,4/29/2015,
23780,Personal illness or injury ,No Lost Time Injury,Employee,11/4/2015 16:15,2015,Nov,Wed,16:15,12:00,11/10/2015 7:30,,,Construction & Maintenance,Leg,Abrasion,No,,,,,,,,,No,,,,"Fell, slipped, or tripped on same level",0,0,0,0,11/4/2015,
26281,Personal illness or injury ,4 to 7 Day Injury,Employee,9/24/2016 3:15,2016,Sep,Sat,3:15,0:00,9/27/2016 7:00,,,Construction & Maintenance,Leg,Abrasion,No,,,,,,,,,No,,,,Fell from a height,1,0,0,0,9/27/2016,
26942,Personal illness or injury ,4 to 7 Day Injury,Contractor,12/17/2016 0:28,2016,Dec,Sat,0:28,0:00,12/19/2016 9:49,,,Construction & Maintenance,Chest/Stomach,Fracture,No,,,,,,,,,No,,,,N/A,5,5,0,0,12/23/2016,
29724,Personal illness or injury ,4 to 7 Day Injury,Contractor,7/11/2017 13:05,2017,Jul,Tue,13:05,12:00,7/12/2017 9:00,,,Construction & Maintenance,Hand,"Cut / laceration, Abrasion",No,,,,,,,,,No,,,,Explosion,6,6,0,0,7/11/2017,Yes
25812,Personal illness or injury ,Riddor - Specified Injury,Contractor,8/31/2016 8:00,2016,Aug,Wed,8:00,6:00,8/31/2016 10:35,,,Construction & Maintenance,Hand,Fracture,No,,,,,,,,,No,,,,Hit by a moving vehicle or plant,0,0,0,0,,Yes
23890,Personal illness or injury ,No Lost Time Injury,Employee,12/10/2015 9:30,2015,Dec,Thu,9:30,6:00,12/10/2015 12:51,,,Construction & Maintenance,Face,"Cut / laceration, Abrasion",No,,,,,,,,,No,,,,"Fell, slipped, or tripped on same level",0,0,0,0,,
24417,Personal illness or injury ,No Lost Time Injury,Employee,6/16/2016 15:45,2016,Jun,Thu,15:45,12:00,6/20/2016 9:15,,,Construction & Maintenance,Hand,Abrasion,No,,,,,,,,,No,,,,N/A,0,0,0,0,,
22676,Infrastructure asset,Service Strike,Not Entered,11/5/2014 15:21,2014,Nov,Wed,15:21,12:00,2/6/2015 11:52,,,Construction & Maintenance,,,No,,,,,,,,,No,,,,Person contact with electricity,0,0,0,0,,
22679,Infrastructure asset,"Property, vehicle, plant damage",Not Entered,11/17/2014 15:28,2014,Nov,Mon,15:28,12:00,2/6/2015 12:22,,,Construction & Maintenance,,,No,,,,,,,,,No,,,,Collision with fixed or stationary object or material,0,0,0,0,,
22678,Infrastructure asset,"Property, vehicle, plant damage",Not Entered,11/20/2014 10:30,2014,Nov,Thu,10:30,6:00,2/6/2015 12:15,,,Construction & Maintenance,,,No,,,,,,,,,No,,,,Collision with fixed or stationary object or material,0,0,0,0,,
23018,Infrastructure asset,Service Strike,Not Entered,2/12/2015 9:00,2015,Feb,Thu,9:00,6:00,4/15/2015 8:49,,,Construction & Maintenance,,,No,,,,,,,,,No,,,,Collision with fixed or stationary object or material,0,0,0,0,,
23019,Infrastructure asset,Service Strike,Not Entered,2/19/2015 14:00,2015,Feb,Thu,14:00,12:00,4/15/2015 8:55,,,Construction & Maintenance,,,No,,,,,,,,,No,,,,N/A,0,0,0,0,,
22918,Infrastructure asset,"Property, vehicle, plant damage",Not Entered,2/22/2015 14:28,2015,Feb,Sun,14:28,12:00,3/20/2015 10:51,,,Construction & Maintenance,,,No,,,,,,,,,No,,,,N/A,0,0,0,0,,
22886,Infrastructure asset,Service Strike,Not Entered,2/25/2015 12:09,2015,Feb,Wed,12:09,12:00,3/13/2015 12:32,,,Construction & Maintenance,,,No,,,,,,,,,No,,,,Person contact with electricity,0,0,0,0,,
22877,Near Miss,Minor or low potential impact,Not Entered,3/5/2015 12:50,2015,Mar,Thu,12:50,12:00,3/11/2015 10:19,,,Construction & Maintenance,,,No,,,,,,,,,No,,,,N/A,0,0,0,0,,
23122,Infrastructure asset,Service Strike,Not Entered,5/8/2015 9:30,2015,May,Fri,9:30,6:00,5/15/2015 7:28,,,Construction & Maintenance,,,No,,,,,,,,,No,,,,Person contact with electricity,0,0,0,0,,
23166,Infrastructure asset,Service Strike,Not Entered,5/15/2015 12:00,2015,May,Fri,12:00,12:00,5/29/2015 8:46,,,Construction & Maintenance,,,No,,,,,,,,,No,,,,Person contact with electricity,0,0,0,0,,
23148,Infrastructure asset,Service Strike,Not Entered,5/19/2015 0:30,2015,May,Tue,0:30,0:00,5/22/2015 10:07,,,Construction & Maintenance,,,No,,,,,,,,,No,,,,N/A,0,0,0,0,,
23258,Infrastructure asset,Service Strike,Not Entered,6/9/2015 3:00,2015,Jun,Tue,3:00,0:00,6/22/2015 9:24,,,Construction & Maintenance,,,No,,,,,,,,,No,,,,Person contact with electricity,0,0,0,0,,
23260,Infrastructure asset,Service Strike,Not Entered,6/10/2015 3:00,2015,Jun,Wed,3:00,0:00,6/22/2015 9:32,,,Construction & Maintenance,,,No,,,,,,,,,No,,,,Person contact with electricity,0,0,0,0,,
23261,Infrastructure asset,Service Strike,Not Entered,6/13/2015 0:35,2015,Jun,Sat,0:35,0:00,6/22/2015 10:14,,,Construction & Maintenance,,,No,,,,,,,,,No,,,,Person contact with electricity,0,0,0,0,,
23308,Near Miss,Minor or low potential impact,Not Entered,6/21/2015 11:40,2015,Jun,Sun,11:40,6:00,7/1/2015 10:45,,,Construction & Maintenance,,,No,,,,,,,,,No,,,,N/A,0,0,0,0,,
23371,Near Miss,Minor or low potential impact,Not Entered,7/8/2015 12:45,2015,Jul,Wed,12:45,12:00,7/18/2015 18:27,,,Construction & Maintenance,,,No,,,,,,,,,No,,,,Collision with fixed or stationary object or material,0,0,0,0,,
23337,Infrastructure asset,Service Strike,Not Entered,7/9/2015 3:00,2015,Jul,Thu,3:00,0:00,7/10/2015 9:31,,,Construction & Maintenance,,,No,,,,,,,,,No,,,,Person contact with electricity,0,0,0,0,,
23569,Infrastructure asset,"Property, vehicle, plant damage",Not Entered,9/15/2015 3:28,2015,Sep,Tue,3:28,0:00,9/15/2015 13:15,,,Construction & Maintenance,,,Yes,,,,,,,,,No,,,Truck,Collision with fixed or stationary object or material,0,0,0,0,,
23674,Near Miss,Minor or low potential impact,Not Entered,10/19/2015 8:00,2015,Oct,Mon,8:00,6:00,10/19/2015 14:41,,,Construction & Maintenance,,,Yes,,,,,,,,,No,,,Truck,Hit by a moving or falling object,0,0,0,0,,
23770,Infrastructure asset,"Property, vehicle, plant damage",Not Entered,11/4/2015 15:30,2015,Nov,Wed,15:30,12:00,11/5/2015 10:47,,,Construction & Maintenance,,,No,,,,,,,,,No,,,,Collision with fixed or stationary object or material,0,0,0,0,,
23827,Infrastructure asset,"Property, vehicle, plant damage",Not Entered,11/13/2015 7:00,2015,Nov,Fri,7:00,6:00,11/20/2015 7:10,,,Construction & Maintenance,,,Yes,,,,,,,,,No,,,Truck,Hit by a moving vehicle or plant,0,0,0,0,,
23817,Near Miss,Minor or low potential impact,Not Entered,11/17/2015 0:15,2015,Nov,Tue,0:15,0:00,11/18/2015 12:21,,,Construction & Maintenance,,,Yes,,,,,,,,,No,,,Truck,Hit by a moving vehicle or plant,0,0,0,0,,Yes
23826,Infrastructure asset,"Property, vehicle, plant damage",Not Entered,11/17/2015 21:05,2015,Nov,Tue,21:05,18:00,11/19/2015 18:29,,,Construction & Maintenance,,,Yes,,,,,,,,,No,,,Truck,Hit by a moving or falling object,0,0,0,0,,