Event ID,Event Type ,Event Subtype,Type of Person,Date/Time of Event,Year,Month,Day of the Week,Time,Time interval (6 hours),Date/Time Reported,Location,Specific Location (include RCC Log no if relevant),Details of actual job being done at the time,Part of Body Affected,Injury Type,Was there a vehicle involved in this event?,Work related,Accident Type,Vehicle Motion,Who was Hit,Weather/Visibility,Surface Condition,Roadbed Grade,Lighting Conditions,Was A Police Report Filed?,Name of Law Enforcement Agency,Preventable,Type,Kind of Event,Expected Lost Workdays (Total),Actual Lost Workdays (Total),Expected Restricted Workdays (Total),Actual Restricted Workdays (Total),Return To Work Date,Sign Off 1
23904,Near Miss,Minor or low potential impact,Not Entered,12/14/2015 13:30,2015,Dec,Mon,13:30,12:00,12/17/2015 7:15,,,Construction & Maintenance,,,No,,,,,,,,,No,,,,Person contact with electricity,0,0,0,0,,
23905,Infrastructure asset,Service Strike,Not Entered,12/16/2015 0:00,2015,Dec,Wed,0:00,0:00,12/17/2015 7:47,,,Construction & Maintenance,,,No,,,,,,,,,No,,,,Person contact with electricity,0,0,0,0,,
23998,Infrastructure asset,"Property, vehicle, plant damage",Not Entered,1/28/2016 3:28,2016,Jan,Thu,3:28,0:00,1/29/2016 7:10,,,Construction & Maintenance,,,Yes,,,,,,,,,No,,,Truck,Collision with fixed or stationary object or material,0,0,0,0,,
24413,Near Miss,Minor or low potential impact,Not Entered,6/10/2016 19:45,2016,Jun,Fri,19:45,18:00,6/17/2016 14:26,,,Construction & Maintenance,,,Yes,,,,,,,,,No,,,Truck,N/A,0,0,0,0,,
24414,Near Miss,Minor or low potential impact,Not Entered,6/16/2016 0:00,2016,Jun,Thu,0:00,0:00,6/17/2016 15:54,,,Construction & Maintenance,,,No,,,,,,,,,No,,,,N/A,0,0,0,0,,
24497,Infrastructure asset,Service Strike,Not Entered,7/13/2016 2:00,2016,Jul,Wed,2:00,0:00,7/15/2016 12:46,,,Construction & Maintenance,,,No,,,,,,,,,No,,,,Person contact with electricity,0,0,0,0,,
25583,Infrastructure asset,Service Strike,Not Entered,8/12/2016 11:45,2016,Aug,Fri,11:45,6:00,8/12/2016 13:20,,,Construction & Maintenance,,,No,,,,,,,,,No,,,,Person contact with electricity,0,0,0,0,,
26652,Infrastructure asset,Service Strike,Not Entered,10/12/2016 9:28,2016,Oct,Wed,9:28,6:00,11/4/2016 13:43,,,Construction & Maintenance,,,No,,,,,,,,,No,,,,Person contact with electricity,0,0,0,0,,
27573,Near Miss,Minor or low potential impact,Not Entered,2/22/2017 11:00,2017,Feb,Wed,11:00,6:00,2/24/2017 8:36,,,Construction & Maintenance,,,No,,,,,,,,,No,,,,Fire,,,,,,Yes
29421,Infrastructure asset,"Property, vehicle, plant damage",Not Entered,6/7/2017 11:00,2017,Jun,Wed,11:00,6:00,6/7/2017 14:44,,,Construction & Maintenance,,,Yes,,,,,,,,,No,,,Truck,N/A,0,0,0,0,,
24079,Infrastructure asset,"Property, vehicle, plant damage",Not Entered,2/25/2016 7:42,2016,Feb,Thu,7:42,6:00,2/26/2016 15:21,,,Construction & Maintenance,,,Yes,,,,,,,,,No,,,Truck,Collision with fixed or stationary object or material,0,0,0,0,,
24475,Personal illness or injury ,Riddor > 7 Days,Contractor,7/6/2016 15:00,2016,Jul,Wed,15:00,12:00,7/7/2016 13:06,,,Construction & Maintenance,Hand,Scald / burn (non-chemical),Yes,,,,,,,,,No,,,Truck,Fire,0,18,0,0,7/25/2016,Yes
22674,Infrastructure asset,Service Strike,Not Entered,10/15/2014 13:59,2014,Oct,Wed,13:59,12:00,2/6/2015 11:00,,,Construction & Maintenance,,,No,,,,,,,,,No,,,,Person contact with electricity,0,0,0,0,,
22680,Near Miss,Minor or low potential impact,Not Entered,1/8/2015 11:12,2015,Jan,Thu,11:12,6:00,2/6/2015 12:32,,,Construction & Maintenance,,,No,,,,,,,,,No,,,,N/A,0,0,0,0,,
23037,Infrastructure asset,Service Strike,Not Entered,3/16/2015 14:30,2015,Mar,Mon,14:30,12:00,4/20/2015 14:53,,,Construction & Maintenance,,,No,,,,,,,,,No,,,,N/A,0,0,0,0,,
23038,Infrastructure asset,Service Strike,Not Entered,3/26/2015 11:35,2015,Mar,Thu,11:35,6:00,4/20/2015 15:01,,,Construction & Maintenance,,,No,,,,,,,,,No,,,,N/A,0,0,0,0,,
23039,Near Miss,Minor or low potential impact,Not Entered,3/31/2015 4:06,2015,Mar,Tue,4:06,0:00,4/20/2015 15:47,,,Construction & Maintenance,,,No,,,,,,,,,No,,,,Hit by a moving or falling object,0,0,0,0,,
23040,Infrastructure asset,Service Strike,Not Entered,4/15/2015 0:30,2015,Apr,Wed,0:30,0:00,4/20/2015 16:50,,,Construction & Maintenance,,,No,,,,,,,,,No,,,,N/A,0,0,0,0,,
23645,Near Miss,Minor or low potential impact,Not Entered,10/6/2015 10:00,2015,Oct,Tue,10:00,6:00,10/8/2015 9:19,,,Construction & Maintenance,,,No,,,,,,,,,No,,,,Person contact with electricity,0,0,0,0,,Yes
23188,Personal illness or injury ,Riddor - Specified Injury,Employee,10/27/2014 14:30,2014,Oct,Mon,14:30,12:00,6/8/2015 10:15,"Off Network e.g. Local Authority Road, Footpath",,Not Applicable,Eyes,Fracture,No,,,,,,,,,No,,,,Hit by a moving vehicle or plant,0,0,0,0,,
26743,Near Miss,Minor or low potential impact,Not Entered,11/17/2016 23:10,2016,Nov,Thu,23:10,18:00,11/22/2016 12:20,"Off Network e.g. Local Authority Road, Footpath",,Construction & Maintenance,,,No,,,,,,,,,No,,,,Incursion to seek information or benefit,0,0,0,0,,
27522,Infrastructure asset,"Property, vehicle, plant damage",Not Entered,1/25/2017 2:57,2017,Jan,Wed,2:57,0:00,2/22/2017 9:08,"Off Network e.g. Local Authority Road, Footpath",,Construction & Maintenance,,,No,,,,,Dark,,,Poor,No,,,,Hit by a moving or falling object,0,0,0,0,,Yes
27169,Infrastructure asset,"Property, vehicle, plant damage",Not Entered,1/25/2017 3:30,2017,Jan,Wed,3:30,0:00,1/30/2017 9:56,"Off Network e.g. Local Authority Road, Footpath",,Not Applicable,,,No,,,,,,,,,No,,,,Hit by a moving or falling object,0,0,0,0,,Yes
27168,Near Miss,Minor or low potential impact,Not Entered,1/26/2017 4:19,2017,Jan,Thu,4:19,0:00,1/30/2017 9:14,"Off Network e.g. Local Authority Road, Footpath",,Not Applicable,,,No,,,,,,,,,No,,,,Incursion unintentional - confused or follow in,0,0,0,0,,
27167,Near Miss,Minor or low potential impact,Not Entered,1/27/2017 0:45,2017,Jan,Fri,0:45,0:00,1/30/2017 9:10,"Off Network e.g. Local Authority Road, Footpath",,Not Applicable,,,No,,,,,,,,,Yes,,,,Incursion to seek information or benefit,0,0,0,0,,Yes
24122,Personal illness or injury ,No Lost Time Injury,Employee,3/10/2016 6:55,2016,Mar,Thu,6:55,6:00,3/10/2016 18:24,,,Construction & Maintenance,Leg,Abrasion,No,,,,,,,,,No,,,,"Fell, slipped, or tripped on same level",0,0,0,0,3/10/2016,Yes
26735,Personal illness or injury ,No Lost Time Injury,Contractor,11/21/2016 8:40,2016,Nov,Mon,8:40,6:00,11/22/2016 10:20,,,Construction & Maintenance,Finger/Thumb,"Cut / laceration, Abrasion",No,,,,,,,,,No,,,,Injured while handling lifting or carrying,0,0,0,0,11/21/2016,
30421,Personal illness or injury ,Riddor > 7 Days,Contractor,9/15/2017 0:00,2017,Sep,Fri,0:00,0:00,9/19/2017 19:52,,,Not Applicable,Leg,Strain / sprain,No,,,,,,,,,No,,,,"Fell, slipped, or tripped on same level",0,0,0,0,,
27750,Personal illness or injury ,1 to 3 Day Injury,Contractor,3/11/2017 11:30,2017,Mar,Sat,11:30,6:00,3/16/2017 12:34,,,Not Applicable,Leg,Strain / sprain,No,,,,,,,,,No,,,,"Fell, slipped, or tripped on same level",0,3,0,0,3/16/2017,
26626,Personal illness or injury ,1 to 3 Day Injury,Contractor,10/25/2016 9:30,2016,Oct,Tue,9:30,6:00,10/28/2016 10:42,,,Construction & Maintenance,Finger/Thumb,"Cut / laceration, Abrasion",No,,,,,,,,,No,,,,Hit by a moving vehicle or plant,1,1,0,0,10/27/2016,Yes
27921,Near Miss,Minor or low potential impact,Not Entered,4/10/2017 22:40,2017,Apr,Mon,22:40,18:00,4/12/2017 12:46,,,Construction & Maintenance,,,No,,,,,,,,,No,,,,Incursion to seek information or benefit,0,0,0,0,,
27959,Near Miss,Minor or low potential impact,Not Entered,4/20/2017 2:20,2017,Apr,Thu,2:20,0:00,4/21/2017 10:51,,,Construction & Maintenance,,,No,,,,,,,,,No,,,,Incursion to seek information or benefit,0,0,0,0,,
28133,Near Miss,Minor or low potential impact,Not Entered,5/9/2017 21:50,2017,May,Tue,21:50,18:00,5/11/2017 15:26,,,Construction & Maintenance,,,No,,,,,,,,,No,,,,Incursion to seek information or benefit,0,0,0,0,,
29498,Near Miss,Minor or low potential impact,Not Entered,5/31/2017 16:30,2017,May,Wed,16:30,12:00,6/19/2017 8:21,,,Construction & Maintenance,,,No,,,,,,,,,No,,,,Hit by a moving vehicle or plant,0,0,0,0,,
29499,Infrastructure asset,"Property, vehicle, plant damage",Not Entered,6/1/2017 22:20,2017,Jun,Thu,22:20,18:00,6/19/2017 8:39,,,Construction & Maintenance,,,No,,,,,,,,,No,,,,Hit by a moving vehicle or plant,0,0,0,0,,
29501,Near Miss,Minor or low potential impact,Not Entered,6/2/2017 23:00,2017,Jun,Fri,23:00,18:00,6/19/2017 9:23,,,Construction & Maintenance,,,No,,,,,,,,,No,,,,Incursion to seek information or benefit,0,0,0,0,,
29500,Near Miss,Minor or low potential impact,Not Entered,6/3/2017 20:30,2017,Jun,Sat,20:30,18:00,6/19/2017 9:16,,,Construction & Maintenance,,,No,,,,,,,,,No,,,,Incursion to seek information or benefit,0,0,0,0,,
29502,Near Miss,Minor or low potential impact,Not Entered,6/5/2017 1:35,2017,Jun,Mon,1:35,0:00,6/19/2017 9:34,,,Construction & Maintenance,,,No,,,,,,,,,No,,,,Incursion to seek information or benefit,0,0,0,0,,
29503,Near Miss,Minor or low potential impact,Not Entered,6/8/2017 1:30,2017,Jun,Thu,1:30,0:00,6/19/2017 9:43,,,Construction & Maintenance,,,No,,,,,,,,,No,,,,Incursion to seek information or benefit,0,0,0,0,,
29504,Near Miss,Minor or low potential impact,Not Entered,6/11/2017 20:47,2017,Jun,Sun,20:47,18:00,6/19/2017 9:49,,,Construction & Maintenance,,,No,,,,,,,,,No,,,,Incursion due to breakdown,0,0,0,0,,
29505,Near Miss,Minor or low potential impact,Not Entered,6/17/2017 18:29,2017,Jun,Sat,18:29,18:00,6/19/2017 9:57,,,Construction & Maintenance,,,No,,,,,,,,,No,,,,Incursion due to breakdown,0,0,0,0,,
30486,Infrastructure asset,"Property, vehicle, plant damage",Not Entered,9/22/2017 8:25,2017,Sep,Fri,8:25,6:00,9/28/2017 8:52,,,Construction & Maintenance,,,Yes,,,,,,,,,Yes,U/K,,Van,Incursion unintentional as result of accident,0,0,0,0,,
25728,Infrastructure asset,Service Strike,Not Entered,8/18/2016 11:30,2016,Aug,Thu,11:30,6:00,8/24/2016 8:22,,,Construction & Maintenance,,,No,,,,,,,,,No,,,,Collision with fixed or stationary object or material,0,0,0,0,,
27468,Near Miss,Minor or low potential impact,Not Entered,1/13/2017 10:19,2017,Jan,Fri,10:19,6:00,2/16/2017 10:48,,,Construction & Maintenance,,,No,,,,,,,,,No,,,,Incursion unintentional - confused or follow in,0,0,0,0,,Yes
28185,Near Miss,Minor or low potential impact,Not Entered,5/17/2017 10:15,2017,May,Wed,10:15,6:00,5/17/2017 17:04,,,Construction & Maintenance,,,No,,,,,,,,,No,,,,Incursion due to breakdown,0,0,0,0,,
28255,Near Miss,Minor or low potential impact,Not Entered,5/25/2017 12:50,2017,May,Thu,12:50,12:00,5/25/2017 17:46,,,Construction & Maintenance,,,No,,,,,,,,,No,,,,Incursion unintentional - confused or follow in,0,0,0,0,,
29286,Near Miss,Minor or low potential impact,Not Entered,5/30/2017 10:46,2017,May,Tue,10:46,6:00,5/30/2017 16:01,,,Construction & Maintenance,,,No,,,,,,,,,No,,,,Incursion due to breakdown,0,0,0,0,,
30482,Near Miss,Minor or low potential impact,Not Entered,8/24/2017 9:45,2017,Aug,Thu,9:45,6:00,9/27/2017 17:53,,,Construction & Maintenance,,,No,,,,,,,,,No,,,,Hit by a moving or falling object,0,0,0,0,,
30458,Near Miss,Minor or low potential impact,Not Entered,9/25/2017 6:45,2017,Sep,Mon,6:45,6:00,9/25/2017 17:25,,,Construction & Maintenance,,,No,,,,,,,,,No,,,,Incursion unintentional - confused or follow in,0,0,0,0,,
30459,Near Miss,Minor or low potential impact,Not Entered,9/25/2017 7:10,2017,Sep,Mon,7:10,6:00,9/25/2017 17:31,,,Construction & Maintenance,,,No,,,,,,,,,No,,,,Incursion unintentional - confused or follow in,0,0,0,0,,
27941,Near Miss,Minor or low potential impact,Not Entered,4/10/2017 22:40,2017,Apr,Mon,22:40,18:00,4/16/2017 13:41,,,Not Applicable,,,No,,,,,,,,,No,,,,Incursion to seek information or benefit,0,0,0,0,,
28259,Near Miss,Minor or low potential impact,Not Entered,5/10/2017 13:30,2017,May,Wed,13:30,12:00,5/26/2017 15:22,,,Not Applicable,,,No,,,,,,,,,No,,,,Hit by a moving vehicle or plant,0,0,0,0,,
29529,Near Miss,Minor or low potential impact,Not Entered,6/8/2017 21:00,2017,Jun,Thu,21:00,18:00,6/20/2017 15:38,,,Not Applicable,,,No,,,,,,,,,No,,,,Incursion due to breakdown,0,0,0,0,,
29530,Near Miss,Minor or low potential impact,Not Entered,6/17/2017 17:35,2017,Jun,Sat,17:35,12:00,6/20/2017 15:50,,,Not Applicable,,,No,,,,,,,,,No,,,,Incursion to seek information or benefit,0,0,0,0,,
29965,Near Miss,Minor or low potential impact,Not Entered,7/26/2017 21:35,2017,Jul,Wed,21:35,18:00,8/4/2017 13:39,,,Not Applicable,,,No,,,,,,,,,No,,,,Incursion to seek information or benefit,0,0,0,0,,
29966,Near Miss,Minor or low potential impact,Not Entered,7/27/2017 21:35,2017,Jul,Thu,21:35,18:00,8/4/2017 13:45,,,Not Applicable,,,No,,,,,,,,,No,,,,Incursion to seek information or benefit,0,0,0,0,,
29964,Near Miss,Minor or low potential impact,Not Entered,7/30/2017 18:00,2017,Jul,Sun,18:00,18:00,8/4/2017 13:31,,,Not Applicable,,,No,,,,,,,,,No,,,,Incursion unintentional - confused or follow in,0,0,0,0,,
27469,Personal illness or injury ,No Lost Time Injury,Contractor,2/15/2017 12:00,2017,Feb,Wed,12:00,12:00,2/16/2017 15:53,,,Construction & Maintenance,Finger/Thumb,Abrasion,No,,,,,,,,,No,,,,Hit by a moving or falling object,0,0,0,0,2/16/2017,
26969,Personal illness or injury ,No Lost Time Injury,Contractor,12/20/2016 16:30,2016,Dec,Tue,16:30,12:00,12/21/2016 15:21,,,Construction & Maintenance,Hand,Other,No,,,,,,,,,No,,,,Hit by a moving or falling object,0,0,0,0,12/21/2016,
29950,Personal illness or injury ,No Lost Time Injury,Employee,7/28/2017 15:00,2017,Jul,Fri,15:00,12:00,8/3/2017 8:12,,,Construction & Maintenance,Neck/Shoulder,Strain / sprain,No,,,,,,,,,No,,,,"Fell, slipped, or tripped on same level",0,0,0,0,,
29967,Infrastructure asset,"Property, vehicle, plant damage",Not Entered,8/2/2017 14:40,2017,Aug,Wed,14:40,12:00,8/4/2017 14:41,,,Construction & Maintenance,,,No,,,,,,,,,No,,,,N/A,0,0,0,0,,
29951,Infrastructure asset,"Property, vehicle, plant damage",Not Entered,8/2/2017 14:00,2017,Aug,Wed,14:00,12:00,8/3/2017 8:15,,,Construction & Maintenance,,,No,,,,,,,,,No,,,,N/A,0,0,0,0,,
28159,Asset security or personal security,Verbal abuse or intimidation,Not Entered,2/23/2017 9:30,2017,Feb,Thu,9:30,6:00,5/16/2017 13:06,,,Construction & Maintenance,,,No,,,,,,,,,No,,,,N/A,0,0,0,0,,
29497,Near Miss,Minor or low potential impact,Not Entered,5/26/2017 19:20,2017,May,Fri,19:20,18:00,6/19/2017 8:11,,,Construction & Maintenance,,,No,,,,,,,,,No,,,,Incursion to seek information or benefit,0,0,0,0,,
24023,Personal illness or injury ,No Lost Time Injury,Contractor,1/6/2016 9:45,2016,Jan,Wed,9:45,6:00,2/3/2016 15:50,,,Construction & Maintenance,Lower arm,Abrasion,No,,,,,,,,,No,,,,Hit by a moving or falling object,0,0,0,0,,
24143,Personal illness or injury ,No Lost Time Injury,Contractor,2/25/2016 8:00,2016,Feb,Thu,8:00,6:00,3/22/2016 8:20,,,Construction & Maintenance,Finger/Thumb,Other,No,,,,,,,,,Yes,,,,Physical assault,0,0,0,0,,
23556,Personal illness or injury ,1 to 3 Day Injury,Contractor,9/1/2015 16:00,2015,Sep,Tue,16:00,12:00,9/8/2015 7:59,,,Construction & Maintenance,Ankle/Foot,Strain / sprain,No,,,,,,,,,No,,,,"Fell, slipped, or tripped on same level",3,2,3,2,9/4/2015,
22408,Personal illness or injury ,No Lost Time Injury,Contractor,11/21/2014 10:00,2014,Nov,Fri,10:00,6:00,11/28/2014 11:40,,,Construction & Maintenance,Finger/Thumb,"Cut / laceration, Abrasion",No,,,,,,,,,No,,,,Collision with fixed or stationary object or material,0,0,0,0,11/21/2014,
23295,Personal illness or injury ,No Lost Time Injury,Employee,5/28/2015 2:00,2015,May,Thu,2:00,0:00,6/29/2015 12:21,,,Construction & Maintenance,Chest/Stomach,Abrasion,No,,,,,,,,,No,,,,"Fell, slipped, or tripped on same level",0,0,0,0,5/28/2015,
23307,Personal illness or injury ,No Lost Time Injury,Contractor,6/30/2015 13:45,2015,Jun,Tue,13:45,12:00,7/1/2015 8:16,,,Construction & Maintenance,Leg,Strain / sprain,No,,,,,,,,,No,,,,"Fell, slipped, or tripped on same level",0,0,0,0,6/30/2015,
23375,Personal illness or injury ,No Lost Time Injury,Contractor,7/9/2015 16:45,2015,Jul,Thu,16:45,12:00,7/20/2015 14:21,,,Construction & Maintenance,Back/Spine,Abrasion,No,,,,,,,,,No,,,,"Fell, slipped, or tripped on same level",0,0,0,0,7/9/2015,
24553,Personal illness or injury ,No Lost Time Injury,Employee,8/1/2016 19:00,2016,Aug,Mon,19:00,18:00,8/3/2016 12:16,,,Construction & Maintenance,Neck/Shoulder,"Cut / laceration, Abrasion",No,,,,,,,,,No,,,,Fell from a height,0,0,0,0,8/2/2016,
23549,Personal illness or injury ,No Lost Time Injury,Contractor,8/28/2015 11:00,2015,Aug,Fri,11:00,6:00,9/3/2015 15:19,,,Construction & Maintenance,Finger/Thumb,"Cut / laceration, Abrasion",No,,,,,,,,,No,,,,Collision with fixed or stationary object or material,0,0,0,0,8/28/2015,
24044,Personal illness or injury ,4 to 7 Day Injury,Contractor,2/11/2016 14:00,2016,Feb,Thu,14:00,12:00,2/12/2016 14:22,,,Construction & Maintenance,Ankle/Foot,Strain / sprain,No,,,,,,,,,No,,,,"Fell, slipped, or tripped on same level",3,4,3,4,,
22410,Infrastructure asset,"Property, vehicle, plant damage",Not Entered,9/2/2014 21:00,2014,Sep,Tue,21:00,18:00,11/28/2014 12:01,,,Construction & Maintenance,,,Yes,,,,,,,,,No,,,Truck,N/A,0,0,0,0,,
22409,Near Miss,Minor or low potential impact,Not Entered,9/26/2014 11:15,2014,Sep,Fri,11:15,6:00,11/28/2014 11:51,,,Construction & Maintenance,,,No,,,,,,,,,No,,,,N/A,0,0,0,0,,
22274,Infrastructure asset,"Property, vehicle, plant damage",Not Entered,10/1/2014 9:00,2014,Oct,Wed,9:00,6:00,10/21/2014 9:32,,,Construction & Maintenance,,,Yes,,,,,,,,,No,,,Truck,N/A,0,0,0,0,,
22406,Infrastructure asset,"Property, vehicle, plant damage",Not Entered,10/1/2014 15:30,2014,Oct,Wed,15:30,12:00,11/28/2014 10:30,,,Construction & Maintenance,,,Yes,,,,,,,,,Yes,,,Truck,N/A,0,0,0,0,,
22407,Infrastructure asset,Service Strike,Not Entered,10/16/2014 10:00,2014,Oct,Thu,10:00,6:00,11/28/2014 10:43,,,Construction & Maintenance,,,No,,,,,,,,,No,,,,N/A,0,0,0,0,,
23292,Near Miss,Minor or low potential impact,Not Entered,5/14/2015 3:00,2015,May,Thu,3:00,0:00,6/29/2015 11:47,,,Construction & Maintenance,,,No,,,,,,,,,No,,,,Person contact with electricity,0,0,0,0,,
23293,Near Miss,Minor or low potential impact,Not Entered,5/18/2015 12:00,2015,May,Mon,12:00,12:00,6/29/2015 12:02,,,Construction & Maintenance,,,No,,,,,,,,,No,,,,Collision with fixed or stationary object or material,0,0,0,0,,
23294,Infrastructure asset,Service Strike,Not Entered,5/27/2015 13:00,2015,May,Wed,13:00,12:00,6/29/2015 12:14,,,Construction & Maintenance,,,No,,,,,,,,,No,,,,Person contact with electricity,0,0,0,0,,
23296,Infrastructure asset,"Property, vehicle, plant damage",Not Entered,6/5/2015 8:15,2015,Jun,Fri,8:15,6:00,6/29/2015 12:38,,,Construction & Maintenance,,,No,,,,,,,,,No,,,Truck,Hit by a moving vehicle or plant,0,0,0,0,,
23548,Infrastructure asset,"Property, vehicle, plant damage",Not Entered,8/25/2015 4:00,2015,Aug,Tue,4:00,0:00,9/3/2015 15:11,,,Construction & Maintenance,,,No,,,,,,,,,No,,,,Hit by a moving vehicle or plant,0,0,0,0,,
23838,Near Miss,Minor or low potential impact,Not Entered,10/18/2015 14:00,2015,Oct,Sun,14:00,12:00,11/24/2015 16:02,,,Construction & Maintenance,,,No,,,,,,,,,Yes,ponteland,,,Hit by a moving vehicle or plant,0,0,0,0,,
24505,Personal illness or injury ,Riddor - Specified Injury,Employee,6/30/2016 23:00,2016,Jun,Thu,23:00,18:00,7/20/2016 14:39,,,Construction & Maintenance,Leg,Fracture,No,,,,,,,,,No,,,,Hit by a moving or falling object,0,0,0,0,9/1/2016,Yes
24354,Near Miss,Minor or low potential impact,Not Entered,2/15/2016 6:00,2016,Feb,Mon,6:00,6:00,6/1/2016 7:56,,,Construction & Maintenance,,,No,,,,,,,,,No,,,,N/A,,,,,,
24352,Near Miss,Minor or low potential impact,Not Entered,2/15/2016 6:00,2016,Feb,Mon,6:00,6:00,6/1/2016 7:26,,,Construction & Maintenance,,,No,,,,,,,,,No,,,,N/A,0,0,0,0,,
23861,Near Miss,Minor or low potential impact,Not Entered,11/24/2015 16:00,2015,Nov,Tue,16:00,12:00,12/1/2015 11:13,,,Construction & Maintenance,,,No,,,,,,,,,No,,,,Hit by a moving vehicle or plant,0,0,0,0,,Yes
24208,Near Miss,Minor or low potential impact,Not Entered,4/20/2016 9:30,2016,Apr,Wed,9:30,6:00,4/20/2016 21:09,,,Construction & Maintenance,,,No,,,,,,,,,No,,,,Hit by a moving or falling object,0,0,0,0,,Yes
27686,Near Miss,Minor or low potential impact,Not Entered,3/9/2017 8:00,2017,Mar,Thu,8:00,6:00,3/9/2017 17:24,,,Construction & Maintenance,,,No,,,,,,,,,No,,,,"Asset, vehicle or plant failure, damage, or unsafe condition",0,0,0,0,,
24517,Personal illness or injury ,Riddor - Specified Injury,Contractor,7/22/2016 9:45,2016,Jul,Fri,9:45,6:00,7/25/2016 16:30,,,Construction & Maintenance,Hand,Fracture,No,,,,,,,,,No,,,,Hit by a moving or falling object,42,42,42,42,8/31/2016,Yes
29661,Personal illness or injury ,Riddor Member of public hospital adm,Contractor,7/3/2017 18:35,2017,Jul,Mon,18:35,18:00,7/4/2017 14:11,"Off Network e.g. Local Authority Road, Footpath",,Recovery,Head,"Cut / laceration, Abrasion",No,,,,,Clear,,,100%,No,,,,Hit by a moving vehicle or plant,0,0,0,0,,
26964,Personal illness or injury ,Riddor Member of public hospital adm,Member of the Public,12/20/2016 8:55,2016,Dec,Tue,8:55,6:00,12/20/2016 15:00,"Off Network e.g. Local Authority Road, Footpath",,Not Applicable,,,Yes,,,,,Clear,,,100%,Yes,,,Truck,Hit by a moving vehicle or plant,0,0,0,0,,
24422,Personal illness or injury ,No Lost Time Injury,Employee,6/18/2016 0:00,2016,Jun,Sat,0:00,0:00,6/21/2016 18:14,"Off Network e.g. Local Authority Road, Footpath",,Construction & Maintenance,Back/Spine,Strain / sprain,No,,,,,Clear,,,Non,No,,,,Injured while handling lifting or carrying,3,0,3,0,,
25966,Near Miss,Minor or low potential impact,Not Entered,8/31/2016 10:00,2016,Aug,Wed,10:00,6:00,9/7/2016 16:03,"Off Network e.g. Local Authority Road, Footpath",,Construction & Maintenance,,,Yes,,,,,Clear,,,100%,No,,,Truck,Incursion to seek information or benefit,0,0,0,0,,
25970,Near Miss,Minor or low potential impact,Not Entered,8/31/2016 14:30,2016,Aug,Wed,14:30,12:00,9/8/2016 15:43,"Off Network e.g. Local Authority Road, Footpath",,Construction & Maintenance,,,No,,,,,Clear,,,100%,No,,,,Incursion unintentional - confused or follow in,0,0,0,0,,
25905,Near Miss,Minor or low potential impact,Not Entered,9/1/2016 18:15,2016,Sep,Thu,18:15,18:00,9/6/2016 13:14,"Off Network e.g. Local Authority Road, Footpath",,Construction & Maintenance,,,No,,,,,Clear,,,100%,Yes,,,,Incursion to seek information or benefit,0,0,0,0,,
26059,Near Miss,Minor or low potential impact,Not Entered,9/8/2016 13:10,2016,Sep,Thu,13:10,12:00,9/13/2016 13:58,"Off Network e.g. Local Authority Road, Footpath",,Construction & Maintenance,,,No,,,,,Clear,,,100%,No,,,,Incursion due to breakdown,0,0,0,0,,
26250,Near Miss,Minor or low potential impact,Not Entered,9/8/2016 13:30,2016,Sep,Thu,13:30,12:00,9/21/2016 15:15,"Off Network e.g. Local Authority Road, Footpath",,Construction & Maintenance,,,Yes,,,,,Clear,,,100%,No,,,Truck,Incursion to seek information or benefit,0,0,0,0,,
26253,Near Miss,Minor or low potential impact,Not Entered,9/12/2016 9:55,2016,Sep,Mon,9:55,6:00,9/22/2016 10:01,"Off Network e.g. Local Authority Road, Footpath",,Construction & Maintenance,,,Yes,,,,,Clear,,,100%,No,,,Motor Bike,Incursion unintentional - confused or follow in,0,0,0,0,,
26255,Near Miss,Minor or low potential impact,Not Entered,9/12/2016 11:00,2016,Sep,Mon,11:00,6:00,9/22/2016 10:39,"Off Network e.g. Local Authority Road, Footpath",,Construction & Maintenance,,,No,,,,,Clear,,,100%,Yes,,,,Incursion to seek information or benefit,0,0,0,0,,
26168,Near Miss,Minor or low potential impact,Not Entered,9/19/2016 14:51,2016,Sep,Mon,14:51,12:00,9/20/2016 9:57,"Off Network e.g. Local Authority Road, Footpath",,Construction & Maintenance,,,No,,,,,Clear,,,100%,No,,,,Incursion unintentional - confused or follow in,0,0,0,0,,
26258,Near Miss,Minor or low potential impact,Not Entered,9/21/2016 17:17,2016,Sep,Wed,17:17,12:00,9/22/2016 12:36,"Off Network e.g. Local Authority Road, Footpath",,Construction & Maintenance,,,Yes,,,,,Clear,,,100%,No,,,Truck,Incursion to seek information or benefit,0,0,0,0,,
26259,Near Miss,Minor or low potential impact,Not Entered,9/21/2016 17:46,2016,Sep,Wed,17:46,12:00,9/22/2016 13:11,"Off Network e.g. Local Authority Road, Footpath",,Construction & Maintenance,,,Yes,,,,,Clear,,,100%,No,,,Motor Bike,Incursion due to breakdown,0,0,0,0,,