Event ID,Event Type ,Event Subtype,Type of Person,Date/Time of Event,Year,Month,Day of the Week,Time,Time interval (6 hours),Date/Time Reported,Location,Specific Location (include RCC Log no if relevant),Details of actual job being done at the time,Part of Body Affected,Injury Type,Was there a vehicle involved in this event?,Work related,Accident Type,Vehicle Motion,Who was Hit,Weather/Visibility,Surface Condition,Roadbed Grade,Lighting Conditions,Was A Police Report Filed?,Name of Law Enforcement Agency,Preventable,Type,Kind of Event,Expected Lost Workdays (Total),Actual Lost Workdays (Total),Expected Restricted Workdays (Total),Actual Restricted Workdays (Total),Return To Work Date,Sign Off 1
26280,Near Miss,Minor or low potential impact,Not Entered,9/25/2016 15:00,2016,Sep,Sun,15:00,12:00,9/26/2016 15:23,"Off Network e.g. Local Authority Road, Footpath",,Construction & Maintenance,,,Yes,,,,,Clear,,,100%,Yes,,,Truck,Incursion to seek information or benefit,0,0,0,0,,
26296,Near Miss,Minor or low potential impact,Not Entered,9/27/2016 15:15,2016,Sep,Tue,15:15,12:00,9/28/2016 16:55,"Off Network e.g. Local Authority Road, Footpath",,Construction & Maintenance,,,Yes,,,,,Clear,,,100%,No,,,Motor Bike,Incursion unintentional - confused or follow in,0,0,0,0,,
26524,Near Miss,Minor or low potential impact,Not Entered,9/30/2016 19:17,2016,Sep,Fri,19:17,18:00,10/10/2016 15:32,"Off Network e.g. Local Authority Road, Footpath",,Construction & Maintenance,,,Yes,,,,,Clear,,,Non,No,,,Truck,Incursion to seek information or benefit,0,0,0,0,,
26691,Near Miss,Minor or low potential impact,Not Entered,10/4/2016 7:50,2016,Oct,Tue,7:50,6:00,11/14/2016 16:17,"Off Network e.g. Local Authority Road, Footpath",,Construction & Maintenance,,,Yes,,,,,Clear,,,Non,No,,,Motor Bike,Incursion due to breakdown,0,0,0,0,,
26557,Near Miss,Minor or low potential impact,Not Entered,10/6/2016 16:49,2016,Oct,Thu,16:49,12:00,10/12/2016 14:12,"Off Network e.g. Local Authority Road, Footpath",,Construction & Maintenance,,,Yes,,,,,Clear,,,Non,No,,,Motor Bike,Incursion unintentional - confused or follow in,0,0,0,0,,
26558,Near Miss,Minor or low potential impact,Not Entered,10/9/2016 8:20,2016,Oct,Sun,8:20,6:00,10/12/2016 15:03,"Off Network e.g. Local Authority Road, Footpath",,Construction & Maintenance,,,Yes,,,,,Clear,,,100%,No,,,Motor Bike,Incursion due to breakdown,0,0,0,0,,
26692,Near Miss,Minor or low potential impact,Not Entered,10/12/2016 20:28,2016,Oct,Wed,20:28,18:00,11/14/2016 16:40,"Off Network e.g. Local Authority Road, Footpath",,Construction & Maintenance,,,Yes,,,,,Clear,,,Non,No,,,Motor Bike,Incursion due to breakdown,0,0,0,0,,
26595,Near Miss,Minor or low potential impact,Not Entered,10/17/2016 10:46,2016,Oct,Mon,10:46,6:00,10/20/2016 14:24,"Off Network e.g. Local Authority Road, Footpath",,Construction & Maintenance,,,No,,,,,Clear,,,100%,Yes,,,,Incursion to seek information or benefit,0,0,0,0,,
26594,Near Miss,Minor or low potential impact,Not Entered,10/17/2016 11:34,2016,Oct,Mon,11:34,6:00,10/20/2016 13:35,"Off Network e.g. Local Authority Road, Footpath",,Construction & Maintenance,,,Yes,,,,,Clear,,,100%,No,,,Truck,Incursion to seek information or benefit,0,0,0,0,,
26693,Near Miss,Minor or low potential impact,Not Entered,10/20/2016 13:02,2016,Oct,Thu,13:02,12:00,11/14/2016 17:13,"Off Network e.g. Local Authority Road, Footpath",,Construction & Maintenance,,,Yes,,,,,Clear,,,Non,No,,,Motor Bike,Incursion due to breakdown,0,0,0,0,,
26694,Near Miss,Minor or low potential impact,Not Entered,10/22/2016 8:13,2016,Oct,Sat,8:13,6:00,11/14/2016 17:28,"Off Network e.g. Local Authority Road, Footpath",,Construction & Maintenance,,,Yes,,,,,Clear,,,Non,No,,,Motor Bike,Incursion due to breakdown,0,0,0,0,,
26696,Near Miss,Minor or low potential impact,Not Entered,10/22/2016 12:24,2016,Oct,Sat,12:24,12:00,11/14/2016 17:40,"Off Network e.g. Local Authority Road, Footpath",,Construction & Maintenance,,,Yes,,,,,Clear,,,100%,No,,,Motor Bike,Incursion due to breakdown,0,0,0,0,,
26697,Near Miss,Minor or low potential impact,Not Entered,10/24/2016 14:36,2016,Oct,Mon,14:36,12:00,11/15/2016 9:37,"Off Network e.g. Local Authority Road, Footpath",,Construction & Maintenance,,,Yes,,,,,Windy,,,Non,No,,,Motor Bike,Incursion due to breakdown,0,0,0,0,,
26698,Near Miss,Minor or low potential impact,Not Entered,10/26/2016 10:40,2016,Oct,Wed,10:40,6:00,11/15/2016 9:54,"Off Network e.g. Local Authority Road, Footpath",,Construction & Maintenance,,,Yes,,,,,Clear,,,100%,No,,,Motor Bike,Incursion due to breakdown,0,0,0,0,,
26700,Near Miss,Minor or low potential impact,Not Entered,11/4/2016 23:43,2016,Nov,Fri,23:43,18:00,11/15/2016 10:41,"Off Network e.g. Local Authority Road, Footpath",,Construction & Maintenance,,,Yes,,,,,Clear,,,Non,No,,,Motor Bike,Incursion due to breakdown,0,0,0,0,,
26701,Near Miss,Minor or low potential impact,Not Entered,11/7/2016 10:23,2016,Nov,Mon,10:23,6:00,11/15/2016 11:02,"Off Network e.g. Local Authority Road, Footpath",,Construction & Maintenance,,,Yes,,,,,Clear,,,100%,No,,,Motor Bike,Incursion due to breakdown,0,0,0,0,,
26702,Near Miss,Minor or low potential impact,Not Entered,11/7/2016 11:35,2016,Nov,Mon,11:35,6:00,11/15/2016 11:30,"Off Network e.g. Local Authority Road, Footpath",,Construction & Maintenance,,,Yes,,,,,Clear,,,100%,No,,,Motor Bike,Incursion due to breakdown,0,0,0,0,,
26669,Near Miss,Minor or low potential impact,Not Entered,11/7/2016 12:10,2016,Nov,Mon,12:10,12:00,11/9/2016 14:49,"Off Network e.g. Local Authority Road, Footpath",,Construction & Maintenance,,,Yes,,,,,Clear,,,100%,No,,,Motor Bike,Incursion unintentional - confused or follow in,0,0,0,0,,
26703,Near Miss,Minor or low potential impact,Not Entered,11/9/2016 9:45,2016,Nov,Wed,9:45,6:00,11/15/2016 13:56,"Off Network e.g. Local Authority Road, Footpath",,Construction & Maintenance,,,Yes,,,,,Raining,,,Poor,No,,,Motor Bike,Incursion due to breakdown,0,0,0,0,,
26679,Near Miss,Minor or low potential impact,Not Entered,11/9/2016 9:45,2016,Nov,Wed,9:45,6:00,11/10/2016 16:44,"Off Network e.g. Local Authority Road, Footpath",,Construction & Maintenance,,,Yes,,,,,Clear,,,100%,No,,,Motor Bike,Incursion due to breakdown,0,0,0,0,,
26704,Near Miss,Minor or low potential impact,Not Entered,11/9/2016 19:15,2016,Nov,Wed,19:15,18:00,11/15/2016 14:41,"Off Network e.g. Local Authority Road, Footpath",,Construction & Maintenance,,,Yes,,,,,Clear,,,Non,No,,,Van,Incursion to seek information or benefit,0,0,0,0,,
26706,Near Miss,Minor or low potential impact,Not Entered,11/10/2016 10:03,2016,Nov,Thu,10:03,6:00,11/15/2016 15:57,"Off Network e.g. Local Authority Road, Footpath",,Construction & Maintenance,,,Yes,,,,,Raining,,,Poor,No,,,Motor Bike,Incursion due to breakdown,0,0,0,0,,
26707,Near Miss,Minor or low potential impact,Not Entered,11/11/2016 7:42,2016,Nov,Fri,7:42,6:00,11/15/2016 17:27,"Off Network e.g. Local Authority Road, Footpath",,Construction & Maintenance,,,Yes,,,,,Clear,,,Non,No,,,Motor Bike,Incursion due to breakdown,0,0,0,0,,
26720,Near Miss,Minor or low potential impact,Not Entered,11/11/2016 9:10,2016,Nov,Fri,9:10,6:00,11/17/2016 16:29,"Off Network e.g. Local Authority Road, Footpath",,Construction & Maintenance,,,Yes,,,,,Clear,,,100%,No,,,Motor Bike,Incursion unintentional as result of accident,0,0,0,0,,
26721,Near Miss,Minor or low potential impact,Not Entered,11/12/2016 1:28,2016,Nov,Sat,1:28,0:00,11/17/2016 17:40,"Off Network e.g. Local Authority Road, Footpath",,Construction & Maintenance,,,Yes,,,,,Raining,,,Poor,Yes,,,Van,Incursion unintentional as result of accident,0,0,0,0,,
26733,Near Miss,Minor or low potential impact,Not Entered,11/13/2016 13:49,2016,Nov,Sun,13:49,12:00,11/22/2016 9:09,"Off Network e.g. Local Authority Road, Footpath",,Construction & Maintenance,,,Yes,,,,,Clear,,,100%,No,,,Motor Bike,Incursion due to breakdown,0,0,0,0,,
26737,Near Miss,Minor or low potential impact,Not Entered,11/13/2016 17:30,2016,Nov,Sun,17:30,12:00,11/22/2016 10:43,"Off Network e.g. Local Authority Road, Footpath",,Construction & Maintenance,,,Yes,,,,,Clear,,,Non,No,,,Motor Bike,Incursion due to breakdown,0,0,0,0,,
26738,Near Miss,Minor or low potential impact,Not Entered,11/13/2016 18:33,2016,Nov,Sun,18:33,18:00,11/22/2016 10:55,"Off Network e.g. Local Authority Road, Footpath",,Construction & Maintenance,,,Yes,,,,,Clear,,,Non,No,,,Motor Bike,Incursion due to breakdown,0,0,0,0,,
26740,Near Miss,Minor or low potential impact,Not Entered,11/15/2016 9:01,2016,Nov,Tue,9:01,6:00,11/22/2016 11:29,"Off Network e.g. Local Authority Road, Footpath",,Construction & Maintenance,,,Yes,,,,,Raining,,,Poor,No,,,Motor Bike,Incursion due to breakdown,0,0,0,0,,
26745,Near Miss,Minor or low potential impact,Not Entered,11/15/2016 10:05,2016,Nov,Tue,10:05,6:00,11/22/2016 13:29,"Off Network e.g. Local Authority Road, Footpath",,Construction & Maintenance,,,Yes,,,,,Raining,,,Non,No,,,Motor Bike,Incursion due to breakdown,0,0,0,0,,
26750,Near Miss,Minor or low potential impact,Not Entered,11/15/2016 12:12,2016,Nov,Tue,12:12,12:00,11/22/2016 15:56,"Off Network e.g. Local Authority Road, Footpath",,Construction & Maintenance,,,Yes,,,,,Clear,,,100%,No,,,Motor Bike,Incursion unintentional - confused or follow in,0,0,0,0,,
26746,Near Miss,Minor or low potential impact,Not Entered,11/15/2016 15:26,2016,Nov,Tue,15:26,12:00,11/22/2016 13:42,"Off Network e.g. Local Authority Road, Footpath",,Construction & Maintenance,,,Yes,,,,,Clear,,,100%,No,,,Motor Bike,Incursion due to breakdown,0,0,0,0,,
26752,Near Miss,Minor or low potential impact,Not Entered,11/16/2016 15:23,2016,Nov,Wed,15:23,12:00,11/22/2016 16:54,"Off Network e.g. Local Authority Road, Footpath",,Construction & Maintenance,,,Yes,,,,,Clear,,,100%,No,,,Motor Bike,Incursion to seek information or benefit,0,0,0,0,,
26753,Near Miss,Minor or low potential impact,Not Entered,11/16/2016 17:31,2016,Nov,Wed,17:31,12:00,11/22/2016 18:12,"Off Network e.g. Local Authority Road, Footpath",,Construction & Maintenance,,,Yes,,,,,Clear,,,Non,No,,,Motor Bike,Incursion to seek information or benefit,0,0,0,0,,
26758,Near Miss,Minor or low potential impact,Not Entered,11/16/2016 23:34,2016,Nov,Wed,23:34,18:00,11/23/2016 11:43,"Off Network e.g. Local Authority Road, Footpath",,Construction & Maintenance,,,Yes,,,,,Clear,,,Non,No,,,Motor Bike,Incursion due to breakdown,0,0,0,0,,
26759,Near Miss,Minor or low potential impact,Not Entered,11/17/2016 15:31,2016,Nov,Thu,15:31,12:00,11/23/2016 12:07,"Off Network e.g. Local Authority Road, Footpath",,Construction & Maintenance,,,Yes,,,,,Clear,,,100%,No,,,Motor Bike,Incursion due to breakdown,0,0,0,0,,
26768,Near Miss,Minor or low potential impact,Not Entered,11/17/2016 16:25,2016,Nov,Thu,16:25,12:00,11/23/2016 15:25,"Off Network e.g. Local Authority Road, Footpath",,Construction & Maintenance,,,Yes,,,,,Clear,,,Non,No,,,Motor Bike,Incursion due to breakdown,0,0,0,0,,
26788,Near Miss,Minor or low potential impact,Not Entered,11/18/2016 14:30,2016,Nov,Fri,14:30,12:00,11/24/2016 17:29,"Off Network e.g. Local Authority Road, Footpath",,Construction & Maintenance,,,Yes,,,,,Clear,,,100%,No,,,Truck,Incursion to seek information or benefit,0,0,0,0,,
26771,Near Miss,Minor or low potential impact,Not Entered,11/20/2016 10:55,2016,Nov,Sun,10:55,6:00,11/23/2016 16:13,"Off Network e.g. Local Authority Road, Footpath",,Construction & Maintenance,,,Yes,,,,,Raining,,,Poor,No,,,Motor Bike,Incursion due to breakdown,0,0,0,0,,
26770,Near Miss,Minor or low potential impact,Not Entered,11/20/2016 10:55,2016,Nov,Sun,10:55,6:00,11/23/2016 15:47,"Off Network e.g. Local Authority Road, Footpath",,Construction & Maintenance,,,Yes,,,,,Raining,,,Poor,No,,,,Incursion due to breakdown,,,,,,
26769,Near Miss,Minor or low potential impact,Not Entered,11/20/2016 10:55,2016,Nov,Sun,10:55,6:00,11/23/2016 15:47,"Off Network e.g. Local Authority Road, Footpath",,Construction & Maintenance,,,Yes,,,,,Raining,,,Poor,No,,,Motor Bike,Incursion due to breakdown,0,0,0,0,,
26772,Near Miss,Minor or low potential impact,Not Entered,11/20/2016 17:20,2016,Nov,Sun,17:20,12:00,11/23/2016 16:28,"Off Network e.g. Local Authority Road, Footpath",,Construction & Maintenance,,,Yes,,,,,Clear,,,Non,No,,,Motor Bike,Incursion due to breakdown,0,0,0,0,,
26780,Near Miss,Minor or low potential impact,Not Entered,11/21/2016 0:00,2016,Nov,Mon,0:00,0:00,11/24/2016 14:40,"Off Network e.g. Local Authority Road, Footpath",,Construction & Maintenance,,,Yes,,,,,Raining,,,Poor,No,,,Motor Bike,Incursion due to breakdown,0,0,0,0,,
26783,Near Miss,Minor or low potential impact,Not Entered,11/21/2016 22:44,2016,Nov,Mon,22:44,18:00,11/24/2016 15:04,"Off Network e.g. Local Authority Road, Footpath",,Construction & Maintenance,,,Yes,,,,,Clear,,,Non,No,,,Motor Bike,Incursion due to breakdown,0,0,0,0,,
26784,Near Miss,Minor or low potential impact,Not Entered,11/22/2016 1:04,2016,Nov,Tue,1:04,0:00,11/24/2016 15:21,"Off Network e.g. Local Authority Road, Footpath",,Construction & Maintenance,,,Yes,,,,,Raining,,,Poor,No,,,Motor Bike,Incursion due to breakdown,0,0,0,0,,
26786,Near Miss,Minor or low potential impact,Not Entered,11/22/2016 14:25,2016,Nov,Tue,14:25,12:00,11/24/2016 16:14,"Off Network e.g. Local Authority Road, Footpath",,Construction & Maintenance,,,Yes,,,,,Clear,,,100%,No,,,Motor Bike,Incursion unintentional - confused or follow in,0,0,0,0,,
26785,Near Miss,Minor or low potential impact,Not Entered,11/22/2016 14:25,2016,Nov,Tue,14:25,12:00,11/24/2016 15:52,"Off Network e.g. Local Authority Road, Footpath",,Construction & Maintenance,,,Yes,,,,,Raining,,,Poor,No,,,Motor Bike,Incursion due to breakdown,0,0,0,0,,
26807,Near Miss,Minor or low potential impact,Not Entered,11/23/2016 11:51,2016,Nov,Wed,11:51,6:00,11/28/2016 15:14,"Off Network e.g. Local Authority Road, Footpath",,Construction & Maintenance,,,Yes,,,,,Clear,,,100%,No,,,Motor Bike,Incursion due to breakdown,0,0,0,0,,
26808,Near Miss,Minor or low potential impact,Not Entered,11/23/2016 13:58,2016,Nov,Wed,13:58,12:00,11/28/2016 15:26,"Off Network e.g. Local Authority Road, Footpath",,Construction & Maintenance,,,Yes,,,,,Clear,,,100%,No,,,Motor Bike,Incursion due to breakdown,0,0,0,0,,
26809,Near Miss,Minor or low potential impact,Not Entered,11/23/2016 16:00,2016,Nov,Wed,16:00,12:00,11/28/2016 15:41,"Off Network e.g. Local Authority Road, Footpath",,Construction & Maintenance,,,Yes,,,,,Clear,,,100%,No,,,Motor Bike,Incursion due to breakdown,0,0,0,0,,
26813,Near Miss,Minor or low potential impact,Not Entered,11/24/2016 12:16,2016,Nov,Thu,12:16,12:00,11/28/2016 16:21,"Off Network e.g. Local Authority Road, Footpath",,Construction & Maintenance,,,Yes,,,,,Clear,,,100%,No,,,Motor Bike,Incursion due to breakdown,0,0,0,0,,
26814,Near Miss,Minor or low potential impact,Not Entered,11/24/2016 16:38,2016,Nov,Thu,16:38,12:00,11/28/2016 17:00,"Off Network e.g. Local Authority Road, Footpath",,Construction & Maintenance,,,Yes,,,,,Clear,,,Non,No,,,Motor Bike,Incursion due to breakdown,0,0,0,0,,
26816,Near Miss,Minor or low potential impact,Not Entered,11/25/2016 0:58,2016,Nov,Fri,0:58,0:00,11/29/2016 10:31,"Off Network e.g. Local Authority Road, Footpath",,Construction & Maintenance,,,Yes,,,,,Clear,,,Non,No,,,Motor Bike,Incursion due to breakdown,0,0,0,0,,
26817,Near Miss,Minor or low potential impact,Not Entered,11/26/2016 7:59,2016,Nov,Sat,7:59,6:00,11/29/2016 10:50,"Off Network e.g. Local Authority Road, Footpath",,Construction & Maintenance,,,Yes,,,,,Dark,,,Poor,No,,,Motor Bike,Collision with fixed or stationary object or material,0,0,0,0,,
26822,Near Miss,Minor or low potential impact,Not Entered,11/27/2016 10:47,2016,Nov,Sun,10:47,6:00,11/29/2016 12:23,"Off Network e.g. Local Authority Road, Footpath",,Construction & Maintenance,,,Yes,,,,,Clear,,,100%,No,,,Motor Bike,Incursion due to breakdown,0,0,0,0,,
26823,Near Miss,Minor or low potential impact,Not Entered,11/27/2016 19:14,2016,Nov,Sun,19:14,18:00,11/29/2016 13:11,"Off Network e.g. Local Authority Road, Footpath",,Construction & Maintenance,,,Yes,,,,,Clear,,,Non,Yes,,,Motor Bike,Incursion unintentional as result of accident,0,0,0,0,,
26826,Near Miss,Minor or low potential impact,Not Entered,11/27/2016 22:56,2016,Nov,Sun,22:56,18:00,11/29/2016 13:54,"Off Network e.g. Local Authority Road, Footpath",,Construction & Maintenance,,,Yes,,,,,Clear,,,Non,No,,,Motor Bike,Incursion unintentional - confused or follow in,0,0,0,0,,
26828,Near Miss,Minor or low potential impact,Not Entered,11/28/2016 8:16,2016,Nov,Mon,8:16,6:00,11/29/2016 16:01,"Off Network e.g. Local Authority Road, Footpath",,Construction & Maintenance,,,Yes,,,,,Clear,,,100%,No,,,Motor Bike,Incursion due to breakdown,0,0,0,0,,
26827,Near Miss,Minor or low potential impact,Not Entered,11/28/2016 11:30,2016,Nov,Mon,11:30,6:00,11/29/2016 14:15,"Off Network e.g. Local Authority Road, Footpath",,Construction & Maintenance,,,Yes,,,,,Clear,,,100%,Yes,,,Truck,Incursion to seek information or benefit,0,0,0,0,,
26829,Near Miss,Minor or low potential impact,Not Entered,11/28/2016 14:28,2016,Nov,Mon,14:28,12:00,11/29/2016 16:14,"Off Network e.g. Local Authority Road, Footpath",,Construction & Maintenance,,,Yes,,,,,Clear,,,100%,No,,,Motor Bike,Incursion due to breakdown,0,0,0,0,,
26841,Near Miss,Minor or low potential impact,Not Entered,11/30/2016 18:50,2016,Nov,Wed,18:50,18:00,12/1/2016 9:08,"Off Network e.g. Local Authority Road, Footpath",,Construction & Maintenance,,,Yes,,,,,Clear,,,Non,No,,,Motor Bike,Incursion due to breakdown,0,0,0,0,,
26861,Near Miss,Minor or low potential impact,Not Entered,12/1/2016 9:33,2016,Dec,Thu,9:33,6:00,12/5/2016 14:43,"Off Network e.g. Local Authority Road, Footpath",,Construction & Maintenance,,,Yes,,,,,Clear,,,100%,No,,,Motor Bike,Incursion due to breakdown,0,0,0,0,,
26862,Near Miss,Minor or low potential impact,Not Entered,12/1/2016 19:15,2016,Dec,Thu,19:15,18:00,12/5/2016 15:07,"Off Network e.g. Local Authority Road, Footpath",,Construction & Maintenance,,,Yes,,,,,Clear,,,Non,No,,,Motor Bike,Incursion due to breakdown,0,0,0,0,,
26863,Near Miss,Minor or low potential impact,Not Entered,12/2/2016 11:15,2016,Dec,Fri,11:15,6:00,12/5/2016 16:02,"Off Network e.g. Local Authority Road, Footpath",,Construction & Maintenance,,,Yes,,,,,Dark,,,Non,No,,,Motor Bike,Incursion due to breakdown,0,0,0,0,,
26864,Near Miss,Minor or low potential impact,Not Entered,12/2/2016 12:09,2016,Dec,Fri,12:09,12:00,12/5/2016 16:12,"Off Network e.g. Local Authority Road, Footpath",,Construction & Maintenance,,,Yes,,,,,Dark,,,Non,No,,,Motor Bike,Incursion due to breakdown,0,0,0,0,,
26865,Near Miss,Minor or low potential impact,Not Entered,12/2/2016 13:42,2016,Dec,Fri,13:42,12:00,12/5/2016 16:29,"Off Network e.g. Local Authority Road, Footpath",,Construction & Maintenance,,,Yes,,,,,Clear,,,100%,No,,,Motor Bike,Incursion due to breakdown,0,0,0,0,,
26866,Near Miss,Minor or low potential impact,Not Entered,12/2/2016 23:59,2016,Dec,Fri,23:59,18:00,12/5/2016 17:10,"Off Network e.g. Local Authority Road, Footpath",,Construction & Maintenance,,,Yes,,,,,Clear,,,Non,No,,,Motor Bike,Incursion due to breakdown,0,0,0,0,,
26877,Near Miss,Minor or low potential impact,Not Entered,12/6/2016 7:48,2016,Dec,Tue,7:48,6:00,12/7/2016 14:00,"Off Network e.g. Local Authority Road, Footpath",,Construction & Maintenance,,,Yes,,,,,Clear,,,Non,No,,,Motor Bike,Incursion due to breakdown,0,0,0,0,,
26882,Near Miss,Minor or low potential impact,Not Entered,12/6/2016 12:47,2016,Dec,Tue,12:47,12:00,12/7/2016 16:44,"Off Network e.g. Local Authority Road, Footpath",,Construction & Maintenance,,,Yes,,,,,Clear,,,100%,No,,,Motor Bike,Incursion unintentional as result of accident,0,0,0,0,,
26883,Near Miss,Minor or low potential impact,Not Entered,12/6/2016 23:28,2016,Dec,Tue,23:28,18:00,12/7/2016 16:55,"Off Network e.g. Local Authority Road, Footpath",,Construction & Maintenance,,,Yes,,,,,Clear,,,Non,No,,,Motor Bike,Incursion due to breakdown,0,0,0,0,,
26915,Near Miss,Minor or low potential impact,Not Entered,12/8/2016 8:35,2016,Dec,Thu,8:35,6:00,12/13/2016 10:19,"Off Network e.g. Local Authority Road, Footpath",,Construction & Maintenance,,,Yes,,,,,Raining,,,Poor,No,,,Motor Bike,Incursion due to breakdown,0,0,0,0,,
26916,Near Miss,Minor or low potential impact,Not Entered,12/8/2016 8:52,2016,Dec,Thu,8:52,6:00,12/13/2016 10:37,"Off Network e.g. Local Authority Road, Footpath",,Construction & Maintenance,,,Yes,,,,,Raining,,,Poor,No,,,Motor Bike,Incursion due to breakdown,0,0,0,0,,
26917,Near Miss,Minor or low potential impact,Not Entered,12/8/2016 12:44,2016,Dec,Thu,12:44,12:00,12/13/2016 10:58,"Off Network e.g. Local Authority Road, Footpath",,Construction & Maintenance,,,Yes,,,,,Raining,,,Poor,No,,,Motor Bike,Incursion due to breakdown,0,0,0,0,,
26926,Near Miss,Minor or low potential impact,Not Entered,12/8/2016 13:12,2016,Dec,Thu,13:12,12:00,12/13/2016 17:33,"Off Network e.g. Local Authority Road, Footpath",,Construction & Maintenance,,,Yes,,,,,Clear,,,100%,No,,,Motor Bike,Incursion unintentional - confused or follow in,0,0,0,0,,
26918,Near Miss,Minor or low potential impact,Not Entered,12/8/2016 16:08,2016,Dec,Thu,16:08,12:00,12/13/2016 11:31,"Off Network e.g. Local Authority Road, Footpath",,Construction & Maintenance,,,Yes,,,,,Clear,,,Non,No,,,Motor Bike,Incursion due to breakdown,0,0,0,0,,
26919,Near Miss,Minor or low potential impact,Not Entered,12/9/2016 22:48,2016,Dec,Fri,22:48,18:00,12/13/2016 12:01,"Off Network e.g. Local Authority Road, Footpath",,Construction & Maintenance,,,Yes,,,,,Clear,,,Non,No,,,Motor Bike,Incursion due to breakdown,0,0,0,0,,
26920,Near Miss,Minor or low potential impact,Not Entered,12/10/2016 1:24,2016,Dec,Sat,1:24,0:00,12/13/2016 12:09,"Off Network e.g. Local Authority Road, Footpath",,Construction & Maintenance,,,Yes,,,,,Clear,,,Non,No,,,Motor Bike,Incursion due to breakdown,0,0,0,0,,
26921,Near Miss,Minor or low potential impact,Not Entered,12/11/2016 12:08,2016,Dec,Sun,12:08,12:00,12/13/2016 13:15,"Off Network e.g. Local Authority Road, Footpath",,Construction & Maintenance,,,Yes,,,,,Clear,,,100%,No,,,Motor Bike,Incursion due to breakdown,0,0,0,0,,
26923,Near Miss,Minor or low potential impact,Not Entered,12/12/2016 12:18,2016,Dec,Mon,12:18,12:00,12/13/2016 16:31,"Off Network e.g. Local Authority Road, Footpath",,Construction & Maintenance,,,Yes,,,,,Clear,,,100%,No,,,Motor Bike,Incursion due to breakdown,0,0,0,0,,
26925,Near Miss,Minor or low potential impact,Not Entered,12/12/2016 16:20,2016,Dec,Mon,16:20,12:00,12/13/2016 16:48,"Off Network e.g. Local Authority Road, Footpath",,Construction & Maintenance,,,Yes,,,,,,,,Non,No,,,Motor Bike,Incursion due to breakdown,0,0,0,0,,
26924,Near Miss,Minor or low potential impact,Not Entered,12/13/2016 4:17,2016,Dec,Tue,4:17,0:00,12/13/2016 16:39,"Off Network e.g. Local Authority Road, Footpath",,Construction & Maintenance,,,Yes,,,,,,,,Non,No,,,Motor Bike,Incursion due to breakdown,0,0,0,0,,
26929,Near Miss,Minor or low potential impact,Not Entered,12/13/2016 9:37,2016,Dec,Tue,9:37,6:00,12/14/2016 11:20,"Off Network e.g. Local Authority Road, Footpath",,Construction & Maintenance,,,Yes,,,,,Clear,,,100%,No,,,Motor Bike,Incursion due to breakdown,0,0,0,0,,
26930,Near Miss,Minor or low potential impact,Not Entered,12/13/2016 9:57,2016,Dec,Tue,9:57,6:00,12/14/2016 11:29,"Off Network e.g. Local Authority Road, Footpath",,Construction & Maintenance,,,Yes,,,,,Clear,,,100%,No,,,Motor Bike,Incursion due to breakdown,0,0,0,0,,
26931,Near Miss,Minor or low potential impact,Not Entered,12/13/2016 11:47,2016,Dec,Tue,11:47,6:00,12/14/2016 11:47,"Off Network e.g. Local Authority Road, Footpath",,Construction & Maintenance,,,Yes,,,,,Clear,,,100%,No,,,Motor Bike,Incursion due to breakdown,0,0,0,0,,
26945,Near Miss,Minor or low potential impact,Not Entered,12/14/2016 8:37,2016,Dec,Wed,8:37,6:00,12/19/2016 14:51,"Off Network e.g. Local Authority Road, Footpath",,Construction & Maintenance,,,Yes,,,,,Clear,,,Non,No,,,Motor Bike,Incursion due to breakdown,0,0,0,0,,
26946,Near Miss,Minor or low potential impact,Not Entered,12/14/2016 16:43,2016,Dec,Wed,16:43,12:00,12/19/2016 15:00,"Off Network e.g. Local Authority Road, Footpath",,Construction & Maintenance,,,Yes,,,,,Clear,,,Non,No,,,Motor Bike,Incursion due to breakdown,0,0,0,0,,
26947,Near Miss,Minor or low potential impact,Not Entered,12/16/2016 19:39,2016,Dec,Fri,19:39,18:00,12/19/2016 15:11,"Off Network e.g. Local Authority Road, Footpath",,Construction & Maintenance,,,Yes,,,,,Clear,,,Non,No,,,Motor Bike,Incursion due to breakdown,0,0,0,0,,