Event ID,Event Type ,Event Subtype,Type of Person,Date/Time of Event,Year,Month,Day of the Week,Time,Time interval (6 hours),Date/Time Reported,Location,Specific Location (include RCC Log no if relevant),Details of actual job being done at the time,Part of Body Affected,Injury Type,Was there a vehicle involved in this event?,Work related,Accident Type,Vehicle Motion,Who was Hit,Weather/Visibility,Surface Condition,Roadbed Grade,Lighting Conditions,Was A Police Report Filed?,Name of Law Enforcement Agency,Preventable,Type,Kind of Event,Expected Lost Workdays (Total),Actual Lost Workdays (Total),Expected Restricted Workdays (Total),Actual Restricted Workdays (Total),Return To Work Date,Sign Off 1
26948,Near Miss,Minor or low potential impact,Not Entered,12/17/2016 10:49,2016,Dec,Sat,10:49,6:00,12/19/2016 15:25,"Off Network e.g. Local Authority Road, Footpath",,Construction & Maintenance,,,Yes,,,,,Dark,,,Poor,No,,,Motor Bike,Incursion due to breakdown,0,0,0,0,,
26949,Near Miss,Minor or low potential impact,Not Entered,12/18/2016 10:08,2016,Dec,Sun,10:08,6:00,12/19/2016 15:38,"Off Network e.g. Local Authority Road, Footpath",,Construction & Maintenance,,,Yes,,,,,Clear,,,100%,No,,,Motor Bike,Incursion due to breakdown,0,0,0,0,,
26954,Near Miss,Minor or low potential impact,Not Entered,12/18/2016 13:35,2016,Dec,Sun,13:35,12:00,12/19/2016 16:10,"Off Network e.g. Local Authority Road, Footpath",,Construction & Maintenance,,,Yes,,,,,Clear,,,100%,No,,,Motor Bike,Incursion due to breakdown,0,0,0,0,,
26960,Near Miss,Minor or low potential impact,Not Entered,12/18/2016 16:18,2016,Dec,Sun,16:18,12:00,12/19/2016 16:24,"Off Network e.g. Local Authority Road, Footpath",,Construction & Maintenance,,,Yes,,,,,Clear,,,Non,No,,,Motor Bike,Incursion due to breakdown,0,0,0,0,,
26961,Near Miss,Minor or low potential impact,Not Entered,12/18/2016 20:10,2016,Dec,Sun,20:10,18:00,12/19/2016 16:32,"Off Network e.g. Local Authority Road, Footpath",,Construction & Maintenance,,,Yes,,,,,Clear,,,Non,No,,,Motor Bike,Incursion due to breakdown,0,0,0,0,,
26965,Near Miss,Minor or low potential impact,Not Entered,12/19/2016 8:18,2016,Dec,Mon,8:18,6:00,12/20/2016 17:05,"Off Network e.g. Local Authority Road, Footpath",,Construction & Maintenance,,,Yes,,,,,Clear,,,Non,No,,,Motor Bike,Incursion due to breakdown,0,0,0,0,,
26966,Near Miss,Minor or low potential impact,Not Entered,12/19/2016 13:44,2016,Dec,Mon,13:44,12:00,12/20/2016 17:15,"Off Network e.g. Local Authority Road, Footpath",,Construction & Maintenance,,,Yes,,,,,Clear,,,100%,No,,,Motor Bike,Incursion due to breakdown,0,0,0,0,,
26967,Near Miss,Minor or low potential impact,Not Entered,12/20/2016 10:16,2016,Dec,Tue,10:16,6:00,12/21/2016 8:56,"Off Network e.g. Local Authority Road, Footpath",,Construction & Maintenance,,,Yes,,,,,Clear,,,100%,No,,,Motor Bike,Incursion due to breakdown,0,0,0,0,,
26968,Near Miss,Minor or low potential impact,Not Entered,12/20/2016 14:49,2016,Dec,Tue,14:49,12:00,12/21/2016 9:27,"Off Network e.g. Local Authority Road, Footpath",,Construction & Maintenance,,,Yes,,,,,Clear,,,100%,No,,,Motor Bike,Incursion due to breakdown,0,0,0,0,,
26972,Near Miss,Minor or low potential impact,Not Entered,12/21/2016 15:31,2016,Dec,Wed,15:31,12:00,12/22/2016 9:47,"Off Network e.g. Local Authority Road, Footpath",,Construction & Maintenance,,,Yes,,,,,Clear,,,100%,No,,,Motor Bike,Incursion due to breakdown,0,0,0,0,,
26973,Near Miss,Minor or low potential impact,Not Entered,12/21/2016 15:48,2016,Dec,Wed,15:48,12:00,12/22/2016 10:06,"Off Network e.g. Local Authority Road, Footpath",,Construction & Maintenance,,,Yes,,,,,Clear,,,Non,No,,,Motor Bike,Incursion due to breakdown,0,0,0,0,,
27077,Near Miss,Minor or low potential impact,Not Entered,12/22/2016 13:58,2016,Dec,Thu,13:58,12:00,1/17/2017 14:35,"Off Network e.g. Local Authority Road, Footpath",,Construction & Maintenance,,,Yes,,,,,Clear,,,100%,No,,,Motor Bike,Incursion due to breakdown,0,0,0,0,,
27078,Near Miss,Minor or low potential impact,Not Entered,12/22/2016 16:22,2016,Dec,Thu,16:22,12:00,1/17/2017 14:49,"Off Network e.g. Local Authority Road, Footpath",,Construction & Maintenance,,,Yes,,,,,Clear,,,Non,No,,,Motor Bike,Incursion due to breakdown,0,0,0,0,,
27079,Near Miss,Minor or low potential impact,Not Entered,12/22/2016 16:32,2016,Dec,Thu,16:32,12:00,1/17/2017 16:57,"Off Network e.g. Local Authority Road, Footpath",,Construction & Maintenance,,,Yes,,,,,Clear,,,Non,No,,,Motor Bike,Incursion due to breakdown,0,0,0,0,,
27080,Near Miss,Minor or low potential impact,Not Entered,12/22/2016 17:20,2016,Dec,Thu,17:20,12:00,1/17/2017 17:35,"Off Network e.g. Local Authority Road, Footpath",,Construction & Maintenance,,,Yes,,,,,Clear,,,Non,No,,,Motor Bike,Incursion due to breakdown,0,0,0,0,,
27083,Near Miss,Minor or low potential impact,Not Entered,12/24/2016 1:07,2016,Dec,Sat,1:07,0:00,1/18/2017 8:56,"Off Network e.g. Local Authority Road, Footpath",,Construction & Maintenance,,,Yes,,,,,Clear,,,Non,No,,,Motor Bike,Incursion due to breakdown,0,0,0,0,,
27085,Near Miss,Minor or low potential impact,Not Entered,12/24/2016 16:53,2016,Dec,Sat,16:53,12:00,1/18/2017 9:24,"Off Network e.g. Local Authority Road, Footpath",,Construction & Maintenance,,,Yes,,,,,Clear,,,Non,No,,,Motor Bike,Incursion due to breakdown,0,0,0,0,,
27086,Near Miss,Minor or low potential impact,Not Entered,12/26/2016 9:06,2016,Dec,Mon,9:06,6:00,1/18/2017 9:39,"Off Network e.g. Local Authority Road, Footpath",,Construction & Maintenance,,,Yes,,,,,Clear,,,100%,No,,,Motor Bike,Incursion due to breakdown,0,0,0,0,,
27087,Near Miss,Minor or low potential impact,Not Entered,12/26/2016 12:12,2016,Dec,Mon,12:12,12:00,1/18/2017 10:13,"Off Network e.g. Local Authority Road, Footpath",,Construction & Maintenance,,,Yes,,,,,Clear,,,100%,No,,,Motor Bike,Incursion unintentional as result of accident,0,0,0,0,,
27088,Near Miss,Minor or low potential impact,Not Entered,12/26/2016 15:52,2016,Dec,Mon,15:52,12:00,1/18/2017 10:28,"Off Network e.g. Local Authority Road, Footpath",,Construction & Maintenance,,,Yes,,,,,Clear,,,Non,No,,,Motor Bike,Incursion due to breakdown,0,0,0,0,,
27090,Near Miss,Minor or low potential impact,Not Entered,12/27/2016 10:41,2016,Dec,Tue,10:41,6:00,1/18/2017 13:07,"Off Network e.g. Local Authority Road, Footpath",,Construction & Maintenance,,,Yes,,,,,Clear,,,100%,No,,,Motor Bike,Incursion due to breakdown,0,0,0,0,,
27089,Near Miss,Minor or low potential impact,Not Entered,12/27/2016 10:41,2016,Dec,Tue,10:41,6:00,1/18/2017 11:14,"Off Network e.g. Local Authority Road, Footpath",,Construction & Maintenance,,,Yes,,,,,Clear,,,100%,No,,,Motor Bike,Incursion due to breakdown,0,0,0,0,,
27091,Near Miss,Minor or low potential impact,Not Entered,12/27/2016 11:57,2016,Dec,Tue,11:57,6:00,1/18/2017 13:24,"Off Network e.g. Local Authority Road, Footpath",,Construction & Maintenance,,,Yes,,,,,Clear,,,100%,No,,,Motor Bike,Incursion due to breakdown,0,0,0,0,,
27092,Near Miss,Minor or low potential impact,Not Entered,12/27/2016 18:42,2016,Dec,Tue,18:42,18:00,1/18/2017 13:47,"Off Network e.g. Local Authority Road, Footpath",,Construction & Maintenance,,,Yes,,,,,Clear,,,Non,No,,,Motor Bike,Incursion due to breakdown,0,0,0,0,,
27093,Near Miss,Minor or low potential impact,Not Entered,12/28/2016 17:21,2016,Dec,Wed,17:21,12:00,1/18/2017 14:13,"Off Network e.g. Local Authority Road, Footpath",,Construction & Maintenance,,,Yes,,,,,Clear,,,Non,No,,,Motor Bike,Incursion unintentional as result of accident,0,0,0,0,,
27094,Near Miss,Minor or low potential impact,Not Entered,12/29/2016 15:43,2016,Dec,Thu,15:43,12:00,1/18/2017 15:06,"Off Network e.g. Local Authority Road, Footpath",,Construction & Maintenance,,,Yes,,,,,Clear,,,Non,No,,,Motor Bike,Incursion due to breakdown,0,0,0,0,,
27096,Near Miss,Minor or low potential impact,Not Entered,12/29/2016 17:11,2016,Dec,Thu,17:11,12:00,1/18/2017 16:03,"Off Network e.g. Local Authority Road, Footpath",,Construction & Maintenance,,,Yes,,,,,Clear,,,Non,No,,,Motor Bike,Incursion due to breakdown,0,0,0,0,,
27097,Near Miss,Minor or low potential impact,Not Entered,12/30/2016 15:22,2016,Dec,Fri,15:22,12:00,1/18/2017 16:13,"Off Network e.g. Local Authority Road, Footpath",,Construction & Maintenance,,,Yes,,,,,Clear,,,Non,No,,,Motor Bike,Incursion due to breakdown,0,0,0,0,,
27098,Near Miss,Minor or low potential impact,Not Entered,1/2/2017 11:45,2017,Jan,Mon,11:45,6:00,1/19/2017 9:51,"Off Network e.g. Local Authority Road, Footpath",,Construction & Maintenance,,,Yes,,,,,Clear,,,100%,Yes,,,Motor Bike,Incursion unintentional as result of accident,0,0,0,0,,
27099,Near Miss,Minor or low potential impact,Not Entered,1/2/2017 20:34,2017,Jan,Mon,20:34,18:00,1/19/2017 10:12,"Off Network e.g. Local Authority Road, Footpath",,Construction & Maintenance,,,Yes,,,,,Clear,,,Non,No,,,Motor Bike,Incursion due to breakdown,0,0,0,0,,
27100,Near Miss,Minor or low potential impact,Not Entered,1/2/2017 23:24,2017,Jan,Mon,23:24,18:00,1/19/2017 10:22,"Off Network e.g. Local Authority Road, Footpath",,Construction & Maintenance,,,Yes,,,,,Clear,,,Non,No,,,Motor Bike,Incursion due to breakdown,0,0,0,0,,
27101,Near Miss,Minor or low potential impact,Not Entered,1/3/2017 14:54,2017,Jan,Tue,14:54,12:00,1/19/2017 10:40,"Off Network e.g. Local Authority Road, Footpath",,Construction & Maintenance,,,Yes,,,,,Clear,,,Non,No,,,Motor Bike,Incursion due to breakdown,0,0,0,0,,
27102,Near Miss,Minor or low potential impact,Not Entered,1/4/2017 10:42,2017,Jan,Wed,10:42,6:00,1/19/2017 11:04,"Off Network e.g. Local Authority Road, Footpath",,Construction & Maintenance,,,Yes,,,,,Clear,,,100%,No,,,Motor Bike,Incursion due to breakdown,0,0,0,0,,
27103,Near Miss,Minor or low potential impact,Not Entered,1/4/2017 11:37,2017,Jan,Wed,11:37,6:00,1/19/2017 11:37,"Off Network e.g. Local Authority Road, Footpath",,Construction & Maintenance,,,Yes,,,,,Clear,,,100%,No,,,Motor Bike,Incursion due to breakdown,0,0,0,0,,
27104,Near Miss,Minor or low potential impact,Not Entered,1/5/2017 13:18,2017,Jan,Thu,13:18,12:00,1/19/2017 11:54,"Off Network e.g. Local Authority Road, Footpath",,Construction & Maintenance,,,Yes,,,,,Clear,,,100%,No,,,Motor Bike,Incursion due to breakdown,0,0,0,0,,
27106,Near Miss,Minor or low potential impact,Not Entered,1/5/2017 15:01,2017,Jan,Thu,15:01,12:00,1/19/2017 13:09,"Off Network e.g. Local Authority Road, Footpath",,Construction & Maintenance,,,Yes,,,,,Clear,,,100%,No,,,Motor Bike,Incursion due to breakdown,0,0,0,0,,
27107,Near Miss,Minor or low potential impact,Not Entered,1/6/2017 13:27,2017,Jan,Fri,13:27,12:00,1/19/2017 13:29,"Off Network e.g. Local Authority Road, Footpath",,Construction & Maintenance,,,Yes,,,,,Raining,,,Poor,No,,,Motor Bike,Incursion due to breakdown,0,0,0,0,,
27108,Near Miss,Minor or low potential impact,Not Entered,1/6/2017 22:57,2017,Jan,Fri,22:57,18:00,1/19/2017 13:39,"Off Network e.g. Local Authority Road, Footpath",,Construction & Maintenance,,,Yes,,,,,Clear,,,Poor,No,,,Motor Bike,Incursion due to breakdown,0,0,0,0,,
27109,Near Miss,Minor or low potential impact,Not Entered,1/6/2017 23:28,2017,Jan,Fri,23:28,18:00,1/19/2017 14:00,"Off Network e.g. Local Authority Road, Footpath",,Construction & Maintenance,,,Yes,,,,,Raining,,,Poor,No,,,Motor Bike,Incursion due to breakdown,0,0,0,0,,
27110,Near Miss,Minor or low potential impact,Not Entered,1/7/2017 1:03,2017,Jan,Sat,1:03,0:00,1/19/2017 14:24,"Off Network e.g. Local Authority Road, Footpath",,Construction & Maintenance,,,Yes,,,,,Raining,,,Poor,No,,,Motor Bike,Incursion due to breakdown,0,0,0,0,,
27111,Near Miss,Minor or low potential impact,Not Entered,1/9/2017 20:35,2017,Jan,Mon,20:35,18:00,1/19/2017 14:52,"Off Network e.g. Local Authority Road, Footpath",,Construction & Maintenance,,,Yes,,,,,Clear,,,Non,No,,,Motor Bike,Incursion due to breakdown,0,0,0,0,,
27112,Near Miss,Minor or low potential impact,Not Entered,1/10/2017 1:35,2017,Jan,Tue,1:35,0:00,1/19/2017 15:18,"Off Network e.g. Local Authority Road, Footpath",,Construction & Maintenance,,,Yes,,,,,Clear,,,Non,No,,,Car,Incursion due to breakdown,0,0,0,0,,
27113,Near Miss,Minor or low potential impact,Not Entered,1/12/2017 7:21,2017,Jan,Thu,7:21,6:00,1/19/2017 15:50,"Off Network e.g. Local Authority Road, Footpath",,Construction & Maintenance,,,Yes,,,,,Clear,,,Non,No,,,Motor Bike,Incursion due to breakdown,0,0,0,0,,
27114,Near Miss,Minor or low potential impact,Not Entered,1/12/2017 12:35,2017,Jan,Thu,12:35,12:00,1/19/2017 16:04,"Off Network e.g. Local Authority Road, Footpath",,Construction & Maintenance,,,Yes,,,,,Clear,,,100%,No,,,Motor Bike,Incursion due to breakdown,0,0,0,0,,
27115,Near Miss,Minor or low potential impact,Not Entered,1/12/2017 15:11,2017,Jan,Thu,15:11,12:00,1/19/2017 16:16,"Off Network e.g. Local Authority Road, Footpath",,Construction & Maintenance,,,Yes,,,,,Raining,,,Poor,No,,,Motor Bike,Incursion due to breakdown,0,0,0,0,,
27118,Near Miss,Minor or low potential impact,Not Entered,1/13/2017 16:16,2017,Jan,Fri,16:16,12:00,1/23/2017 10:43,"Off Network e.g. Local Authority Road, Footpath",,Construction & Maintenance,,,Yes,,,,,Clear,,,Non,No,,,Motor Bike,Incursion due to breakdown,0,0,0,0,,
27119,Near Miss,Minor or low potential impact,Not Entered,1/13/2017 20:13,2017,Jan,Fri,20:13,18:00,1/23/2017 10:54,"Off Network e.g. Local Authority Road, Footpath",,Construction & Maintenance,,,Yes,,,,,Clear,,,Non,No,,,Motor Bike,Incursion due to breakdown,0,0,0,0,,
27120,Near Miss,Minor or low potential impact,Not Entered,1/14/2017 9:54,2017,Jan,Sat,9:54,6:00,1/23/2017 11:04,"Off Network e.g. Local Authority Road, Footpath",,Construction & Maintenance,,,Yes,,,,,Clear,,,100%,No,,,Motor Bike,Incursion due to breakdown,0,0,0,0,,
27121,Near Miss,Minor or low potential impact,Not Entered,1/16/2017 20:45,2017,Jan,Mon,20:45,18:00,1/23/2017 11:18,"Off Network e.g. Local Authority Road, Footpath",,Construction & Maintenance,,,Yes,,,,,Clear,,,Non,No,,,Motor Bike,Incursion due to breakdown,0,0,0,0,,
27122,Near Miss,Minor or low potential impact,Not Entered,1/18/2017 23:28,2017,Jan,Wed,23:28,18:00,1/23/2017 11:56,"Off Network e.g. Local Authority Road, Footpath",,Construction & Maintenance,,,Yes,,,,,Clear,,,Non,No,,,Motor Bike,Incursion due to breakdown,0,0,0,0,,
27123,Near Miss,Minor or low potential impact,Not Entered,1/19/2017 13:05,2017,Jan,Thu,13:05,12:00,1/23/2017 14:34,"Off Network e.g. Local Authority Road, Footpath",,Construction & Maintenance,,,Yes,,,,,Clear,,,100%,No,,,Motor Bike,Incursion due to breakdown,0,0,0,0,,
27125,Near Miss,Minor or low potential impact,Not Entered,1/20/2017 11:45,2017,Jan,Fri,11:45,6:00,1/23/2017 14:55,"Off Network e.g. Local Authority Road, Footpath",,Construction & Maintenance,,,Yes,,,,,Clear,,,100%,No,,,Motor Bike,Incursion due to breakdown,0,0,0,0,,
27140,Near Miss,Minor or low potential impact,Not Entered,1/20/2017 12:20,2017,Jan,Fri,12:20,12:00,1/24/2017 11:16,"Off Network e.g. Local Authority Road, Footpath",,Construction & Maintenance,,,Yes,,,,,Clear,,,100%,No,,,Motor Bike,Incursion to seek information or benefit,0,0,0,0,,
27126,Near Miss,Minor or low potential impact,Not Entered,1/20/2017 15:06,2017,Jan,Fri,15:06,12:00,1/23/2017 15:27,"Off Network e.g. Local Authority Road, Footpath",,Construction & Maintenance,,,Yes,,,,,Clear,,,100%,No,,,Motor Bike,Incursion due to breakdown,0,0,0,0,,
27127,Near Miss,Minor or low potential impact,Not Entered,1/20/2017 16:21,2017,Jan,Fri,16:21,12:00,1/23/2017 15:40,"Off Network e.g. Local Authority Road, Footpath",,Construction & Maintenance,,,Yes,,,,,Clear,,,100%,No,,,Motor Bike,Incursion due to breakdown,0,0,0,0,,
27128,Near Miss,Minor or low potential impact,Not Entered,1/20/2017 16:49,2017,Jan,Fri,16:49,12:00,1/23/2017 15:50,"Off Network e.g. Local Authority Road, Footpath",,Construction & Maintenance,,,Yes,,,,,Clear,,,Non,No,,,Motor Bike,Incursion due to breakdown,0,0,0,0,,
27129,Near Miss,Minor or low potential impact,Not Entered,1/20/2017 18:31,2017,Jan,Fri,18:31,18:00,1/23/2017 16:12,"Off Network e.g. Local Authority Road, Footpath",,Construction & Maintenance,,,Yes,,,,,Clear,,,Non,No,,,Motor Bike,Incursion due to breakdown,0,0,0,0,,
27130,Near Miss,Minor or low potential impact,Not Entered,1/20/2017 22:50,2017,Jan,Fri,22:50,18:00,1/23/2017 16:45,"Off Network e.g. Local Authority Road, Footpath",,Construction & Maintenance,,,Yes,,,,,Clear,,,Non,No,,,Motor Bike,Incursion due to breakdown,0,0,0,0,,
27131,Near Miss,Minor or low potential impact,Not Entered,1/21/2017 11:00,2017,Jan,Sat,11:00,6:00,1/23/2017 17:01,"Off Network e.g. Local Authority Road, Footpath",,Construction & Maintenance,,,Yes,,,,,Clear,,,Non,No,,,Motor Bike,Incursion due to breakdown,0,0,0,0,,
27132,Near Miss,Minor or low potential impact,Not Entered,1/22/2017 14:54,2017,Jan,Sun,14:54,12:00,1/23/2017 17:15,"Off Network e.g. Local Authority Road, Footpath",,Construction & Maintenance,,,Yes,,,,,Clear,,,100%,No,,,Motor Bike,Incursion due to breakdown,0,0,0,0,,
27138,Near Miss,Minor or low potential impact,Not Entered,1/23/2017 21:16,2017,Jan,Mon,21:16,18:00,1/24/2017 9:59,"Off Network e.g. Local Authority Road, Footpath",,Construction & Maintenance,,,Yes,,,,,Dark,,,Poor,No,,,Motor Bike,Incursion due to breakdown,0,0,0,0,,
27150,Near Miss,Minor or low potential impact,Not Entered,1/25/2017 0:15,2017,Jan,Wed,0:15,0:00,1/25/2017 9:20,"Off Network e.g. Local Authority Road, Footpath",,Construction & Maintenance,,,Yes,,,,,Clear,,,Non,No,,,Motor Bike,Incursion due to breakdown,0,0,0,0,,
27157,Near Miss,Minor or low potential impact,Not Entered,1/25/2017 8:39,2017,Jan,Wed,8:39,6:00,1/26/2017 15:41,"Off Network e.g. Local Authority Road, Footpath",,Construction & Maintenance,,,Yes,,,,,Clear,,,100%,No,,,Motor Bike,Incursion due to breakdown,0,0,0,0,,
27158,Near Miss,Minor or low potential impact,Not Entered,1/25/2017 18:01,2017,Jan,Wed,18:01,18:00,1/26/2017 15:59,"Off Network e.g. Local Authority Road, Footpath",,Construction & Maintenance,,,Yes,,,,,Clear,,,Non,No,,,Motor Bike,Incursion due to breakdown,0,0,0,0,,
27171,Near Miss,Minor or low potential impact,Not Entered,1/26/2017 11:49,2017,Jan,Thu,11:49,6:00,1/31/2017 13:27,"Off Network e.g. Local Authority Road, Footpath",,Construction & Maintenance,,,Yes,,,,,Clear,,,100%,No,,,Motor Bike,Incursion due to breakdown,0,0,0,0,,
27172,Near Miss,Minor or low potential impact,Not Entered,1/26/2017 13:29,2017,Jan,Thu,13:29,12:00,1/31/2017 13:36,"Off Network e.g. Local Authority Road, Footpath",,Construction & Maintenance,,,Yes,,,,,Clear,,,100%,No,,,Motor Bike,Incursion due to breakdown,0,0,0,0,,
27173,Near Miss,Minor or low potential impact,Not Entered,1/26/2017 13:57,2017,Jan,Thu,13:57,12:00,1/31/2017 13:45,"Off Network e.g. Local Authority Road, Footpath",,Construction & Maintenance,,,Yes,,,,,Clear,,,100%,No,,,Motor Bike,Incursion due to breakdown,0,0,0,0,,
27174,Near Miss,Minor or low potential impact,Not Entered,1/27/2017 18:50,2017,Jan,Fri,18:50,18:00,1/31/2017 14:09,"Off Network e.g. Local Authority Road, Footpath",,Construction & Maintenance,,,Yes,,,,,Clear,,,Non,No,,,Motor Bike,Incursion due to breakdown,0,0,0,0,,
27175,Near Miss,Minor or low potential impact,Not Entered,1/31/2017 3:00,2017,Jan,Tue,3:00,0:00,1/31/2017 14:20,"Off Network e.g. Local Authority Road, Footpath",,Construction & Maintenance,,,Yes,,,,,Clear,,,Non,No,,,Motor Bike,Incursion due to breakdown,0,0,0,0,,
27192,Near Miss,Minor or low potential impact,Not Entered,1/31/2017 21:07,2017,Jan,Tue,21:07,18:00,2/1/2017 15:25,"Off Network e.g. Local Authority Road, Footpath",,Construction & Maintenance,,,Yes,,,,,Raining,,,Poor,No,,,Motor Bike,Incursion due to breakdown,0,0,0,0,,
27227,Near Miss,Minor or low potential impact,Not Entered,2/1/2017 8:38,2017,Feb,Wed,8:38,6:00,2/2/2017 14:41,"Off Network e.g. Local Authority Road, Footpath",,Construction & Maintenance,,,Yes,,,,,Clear,,,100%,No,,,Motor Bike,Incursion unintentional - confused or follow in,0,0,0,0,,
27211,Near Miss,Minor or low potential impact,Not Entered,2/1/2017 16:11,2017,Feb,Wed,16:11,12:00,2/2/2017 10:06,"Off Network e.g. Local Authority Road, Footpath",,Construction & Maintenance,,,Yes,,,,,Clear,,,Non,No,,,Motor Bike,Incursion due to breakdown,0,0,0,0,,
27280,Near Miss,Minor or low potential impact,Not Entered,2/3/2017 0:35,2017,Feb,Fri,0:35,0:00,2/6/2017 11:40,"Off Network e.g. Local Authority Road, Footpath",,Construction & Maintenance,,,Yes,,,,,Clear,,,Non,No,,,Motor Bike,Incursion due to breakdown,0,0,0,0,,
27281,Near Miss,Minor or low potential impact,Not Entered,2/3/2017 10:21,2017,Feb,Fri,10:21,6:00,2/6/2017 11:50,"Off Network e.g. Local Authority Road, Footpath",,Construction & Maintenance,,,Yes,,,,,Clear,,,100%,No,,,Motor Bike,Incursion due to breakdown,0,0,0,0,,
27319,Near Miss,Minor or low potential impact,Not Entered,2/3/2017 13:15,2017,Feb,Fri,13:15,12:00,2/6/2017 16:26,"Off Network e.g. Local Authority Road, Footpath",,Construction & Maintenance,,,Yes,,,,,Clear,,,100%,No,,,Motor Bike,Incursion unintentional - confused or follow in,0,0,0,0,,
27297,Near Miss,Minor or low potential impact,Not Entered,2/3/2017 14:02,2017,Feb,Fri,14:02,12:00,2/6/2017 13:35,"Off Network e.g. Local Authority Road, Footpath",,Construction & Maintenance,,,Yes,,,,,Clear,,,100%,No,,,Motor Bike,Incursion due to breakdown,0,0,0,0,,
27303,Near Miss,Minor or low potential impact,Not Entered,2/3/2017 17:20,2017,Feb,Fri,17:20,12:00,2/6/2017 13:51,"Off Network e.g. Local Authority Road, Footpath",,Construction & Maintenance,,,Yes,,,,,Clear,,,Non,No,,,Motor Bike,Incursion due to breakdown,0,0,0,0,,
27336,Near Miss,Minor or low potential impact,Not Entered,2/4/2017 11:25,2017,Feb,Sat,11:25,6:00,2/7/2017 15:54,"Off Network e.g. Local Authority Road, Footpath",,Construction & Maintenance,,,Yes,,,,,Clear,,,100%,No,,,Motor Bike,Incursion due to breakdown,0,0,0,0,,
27337,Near Miss,Minor or low potential impact,Not Entered,2/4/2017 13:48,2017,Feb,Sat,13:48,12:00,2/7/2017 16:04,"Off Network e.g. Local Authority Road, Footpath",,Construction & Maintenance,,,Yes,,,,,Clear,,,100%,No,,,Motor Bike,Incursion due to breakdown,0,0,0,0,,
27338,Near Miss,Minor or low potential impact,Not Entered,2/5/2017 11:26,2017,Feb,Sun,11:26,6:00,2/7/2017 16:13,"Off Network e.g. Local Authority Road, Footpath",,Construction & Maintenance,,,Yes,,,,,Clear,,,100%,No,,,Motor Bike,Incursion due to breakdown,0,0,0,0,,
27339,Near Miss,Minor or low potential impact,Not Entered,2/5/2017 19:52,2017,Feb,Sun,19:52,18:00,2/7/2017 16:28,"Off Network e.g. Local Authority Road, Footpath",,Construction & Maintenance,,,Yes,,,,,Clear,,,Non,No,,,Motor Bike,Incursion due to breakdown,0,0,0,0,,
27341,Near Miss,Minor or low potential impact,Not Entered,2/7/2017 7:00,2017,Feb,Tue,7:00,6:00,2/8/2017 16:48,"Off Network e.g. Local Authority Road, Footpath",,Construction & Maintenance,,,Yes,,,,,Raining,,,Poor,No,,,Motor Bike,Incursion due to breakdown,0,0,0,0,,
27342,Near Miss,Minor or low potential impact,Not Entered,2/7/2017 14:32,2017,Feb,Tue,14:32,12:00,2/8/2017 17:14,"Off Network e.g. Local Authority Road, Footpath",,Construction & Maintenance,,,Yes,,,,,Clear,,,100%,No,,,Motor Bike,Incursion due to breakdown,0,0,0,0,,
27343,Near Miss,Minor or low potential impact,Not Entered,2/7/2017 18:11,2017,Feb,Tue,18:11,18:00,2/8/2017 17:24,"Off Network e.g. Local Authority Road, Footpath",,Construction & Maintenance,,,Yes,,,,,Clear,,,Non,No,,,Motor Bike,Incursion due to breakdown,0,0,0,0,,
27345,Near Miss,Minor or low potential impact,Not Entered,2/8/2017 9:10,2017,Feb,Wed,9:10,6:00,2/9/2017 13:35,"Off Network e.g. Local Authority Road, Footpath",,Construction & Maintenance,,,Yes,,,,,Clear,,,100%,No,,,Motor Bike,Incursion due to breakdown,0,0,0,0,,
27349,Near Miss,Minor or low potential impact,Not Entered,2/8/2017 9:27,2017,Feb,Wed,9:27,6:00,2/9/2017 16:03,"Off Network e.g. Local Authority Road, Footpath",,Construction & Maintenance,,,Yes,,,,,Clear,,,100%,No,,,Motor Bike,Incursion due to breakdown,0,0,0,0,,
27346,Near Miss,Minor or low potential impact,Not Entered,2/8/2017 9:58,2017,Feb,Wed,9:58,6:00,2/9/2017 13:51,"Off Network e.g. Local Authority Road, Footpath",,Construction & Maintenance,,,Yes,,,,,Clear,,,100%,No,,,Motor Bike,Incursion due to breakdown,0,0,0,0,,