Event ID,Event Type ,Event Subtype,Type of Person,Date/Time of Event,Year,Month,Day of the Week,Time,Time interval (6 hours),Date/Time Reported,Location,Specific Location (include RCC Log no if relevant),Details of actual job being done at the time,Part of Body Affected,Injury Type,Was there a vehicle involved in this event?,Work related,Accident Type,Vehicle Motion,Who was Hit,Weather/Visibility,Surface Condition,Roadbed Grade,Lighting Conditions,Was A Police Report Filed?,Name of Law Enforcement Agency,Preventable,Type,Kind of Event,Expected Lost Workdays (Total),Actual Lost Workdays (Total),Expected Restricted Workdays (Total),Actual Restricted Workdays (Total),Return To Work Date,Sign Off 1
27350,Near Miss,Minor or low potential impact,Not Entered,2/8/2017 19:30,2017,Feb,Wed,19:30,18:00,2/9/2017 16:10,"Off Network e.g. Local Authority Road, Footpath",,Construction & Maintenance,,,Yes,,,,,Clear,,,Non,No,,,Motor Bike,Incursion due to breakdown,0,0,0,0,,
27357,Near Miss,Minor or low potential impact,Not Entered,2/10/2017 19:48,2017,Feb,Fri,19:48,18:00,2/13/2017 12:11,"Off Network e.g. Local Authority Road, Footpath",,Construction & Maintenance,,,Yes,,,,,Clear,,,Non,No,,,Motor Bike,Incursion due to breakdown,0,0,0,0,,
27359,Near Miss,Minor or low potential impact,Not Entered,2/11/2017 12:37,2017,Feb,Sat,12:37,12:00,2/13/2017 15:12,"Off Network e.g. Local Authority Road, Footpath",,Construction & Maintenance,,,Yes,,,,,Raining,,,Poor,No,,,Motor Bike,Incursion to seek information or benefit,0,0,0,0,,
27358,Near Miss,Minor or low potential impact,Not Entered,2/11/2017 13:38,2017,Feb,Sat,13:38,12:00,2/13/2017 14:51,"Off Network e.g. Local Authority Road, Footpath",,Construction & Maintenance,,,Yes,,,,,Raining,,,Poor,No,,,Motor Bike,Incursion due to breakdown,0,0,0,0,,
27381,Near Miss,Minor or low potential impact,Not Entered,2/12/2017 13:53,2017,Feb,Sun,13:53,12:00,2/14/2017 13:25,"Off Network e.g. Local Authority Road, Footpath",,Construction & Maintenance,,,Yes,,,,,Storm,,,Poor,No,,,Motor Bike,Incursion to seek information or benefit,0,0,0,0,,
27391,Near Miss,Minor or low potential impact,Not Entered,2/12/2017 17:24,2017,Feb,Sun,17:24,12:00,2/14/2017 13:39,"Off Network e.g. Local Authority Road, Footpath",,Construction & Maintenance,,,Yes,,,,,Raining,,,Poor,No,,,Motor Bike,Incursion due to breakdown,0,0,0,0,,
27416,Near Miss,Minor or low potential impact,Not Entered,2/13/2017 11:50,2017,Feb,Mon,11:50,6:00,2/14/2017 15:23,"Off Network e.g. Local Authority Road, Footpath",,Construction & Maintenance,,,Yes,,,,,Clear,,,100%,Yes,,,Motor Bike,Incursion unintentional - confused or follow in,0,0,0,0,,
27430,Near Miss,Minor or low potential impact,Not Entered,2/13/2017 14:22,2017,Feb,Mon,14:22,12:00,2/14/2017 16:42,"Off Network e.g. Local Authority Road, Footpath",,Construction & Maintenance,,,Yes,,,,,Clear,,,100%,No,,,Motor Bike,Incursion due to breakdown,0,0,0,0,,
27435,Near Miss,Minor or low potential impact,Not Entered,2/13/2017 23:10,2017,Feb,Mon,23:10,18:00,2/14/2017 16:57,"Off Network e.g. Local Authority Road, Footpath",,Construction & Maintenance,,,Yes,,,,,Clear,,,Non,No,,,Motor Bike,Incursion due to breakdown,0,0,0,0,,
27446,Near Miss,Minor or low potential impact,Not Entered,2/14/2017 10:40,2017,Feb,Tue,10:40,6:00,2/15/2017 16:38,"Off Network e.g. Local Authority Road, Footpath",,Construction & Maintenance,,,Yes,,,,,Clear,,,100%,No,,,Motor Bike,Incursion to seek information or benefit,0,0,0,0,,
27440,Near Miss,Minor or low potential impact,Not Entered,2/14/2017 13:38,2017,Feb,Tue,13:38,12:00,2/15/2017 13:49,"Off Network e.g. Local Authority Road, Footpath",,Construction & Maintenance,,,Yes,,,,,Clear,,,100%,No,,,Motor Bike,Incursion due to breakdown,0,0,0,0,,
27443,Near Miss,Minor or low potential impact,Not Entered,2/14/2017 14:01,2017,Feb,Tue,14:01,12:00,2/15/2017 16:00,"Off Network e.g. Local Authority Road, Footpath",,Construction & Maintenance,,,Yes,,,,,Clear,,,100%,No,,,Motor Bike,Incursion due to breakdown,0,0,0,0,,
27444,Near Miss,Minor or low potential impact,Not Entered,2/14/2017 17:37,2017,Feb,Tue,17:37,12:00,2/15/2017 16:11,"Off Network e.g. Local Authority Road, Footpath",,Construction & Maintenance,,,Yes,,,,,Clear,,,Non,No,,,Motor Bike,Incursion due to breakdown,0,0,0,0,,
27470,Near Miss,Minor or low potential impact,Not Entered,2/15/2017 14:20,2017,Feb,Wed,14:20,12:00,2/16/2017 16:01,"Off Network e.g. Local Authority Road, Footpath",,Construction & Maintenance,,,Yes,,,,,Clear,,,100%,No,,,Motor Bike,Incursion due to breakdown,0,0,0,0,,
27471,Near Miss,Minor or low potential impact,Not Entered,2/15/2017 15:18,2017,Feb,Wed,15:18,12:00,2/16/2017 16:19,"Off Network e.g. Local Authority Road, Footpath",,Construction & Maintenance,,,Yes,,,,,Clear,,,100%,No,,,Car,Incursion due to breakdown,0,0,0,0,,
27472,Near Miss,Minor or low potential impact,Not Entered,2/15/2017 20:38,2017,Feb,Wed,20:38,18:00,2/16/2017 16:54,"Off Network e.g. Local Authority Road, Footpath",,Construction & Maintenance,,,Yes,,,,,Clear,,,Non,No,,,Motor Bike,Incursion due to breakdown,0,0,0,0,,
27498,Near Miss,Minor or low potential impact,Not Entered,2/16/2017 10:37,2017,Feb,Thu,10:37,6:00,2/20/2017 14:46,"Off Network e.g. Local Authority Road, Footpath",,Construction & Maintenance,,,Yes,,,,,Clear,,,100%,No,,,Motor Bike,Incursion due to breakdown,0,0,0,0,,
27500,Near Miss,Minor or low potential impact,Not Entered,2/16/2017 12:18,2017,Feb,Thu,12:18,12:00,2/20/2017 15:18,"Off Network e.g. Local Authority Road, Footpath",,Construction & Maintenance,,,Yes,,,,,Clear,,,100%,No,,,Motor Bike,Incursion unintentional as result of accident,0,0,0,0,,
27502,Near Miss,Minor or low potential impact,Not Entered,2/16/2017 19:58,2017,Feb,Thu,19:58,18:00,2/20/2017 15:38,"Off Network e.g. Local Authority Road, Footpath",,Construction & Maintenance,,,Yes,,,,,Clear,,,Non,No,,,Motor Bike,Incursion due to breakdown,0,0,0,0,,
27503,Near Miss,Minor or low potential impact,Not Entered,2/17/2017 9:28,2017,Feb,Fri,9:28,6:00,2/20/2017 15:47,"Off Network e.g. Local Authority Road, Footpath",,Construction & Maintenance,,,Yes,,,,,Clear,,,100%,No,,,Motor Bike,Incursion due to breakdown,0,0,0,0,,
27504,Near Miss,Minor or low potential impact,Not Entered,2/17/2017 14:05,2017,Feb,Fri,14:05,12:00,2/20/2017 15:57,"Off Network e.g. Local Authority Road, Footpath",,Construction & Maintenance,,,Yes,,,,,Clear,,,100%,No,,,Motor Bike,Incursion due to breakdown,0,0,0,0,,
27505,Near Miss,Minor or low potential impact,Not Entered,2/17/2017 21:29,2017,Feb,Fri,21:29,18:00,2/20/2017 16:08,"Off Network e.g. Local Authority Road, Footpath",,Construction & Maintenance,,,Yes,,,,,Clear,,,Non,No,,,Motor Bike,Incursion due to breakdown,0,0,0,0,,
27506,Near Miss,Minor or low potential impact,Not Entered,2/18/2017 7:59,2017,Feb,Sat,7:59,6:00,2/20/2017 16:30,"Off Network e.g. Local Authority Road, Footpath",,Construction & Maintenance,,,Yes,,,,,Clear,,,100%,No,,,Motor Bike,Incursion due to breakdown,0,0,0,0,,
27507,Near Miss,Minor or low potential impact,Not Entered,2/18/2017 10:01,2017,Feb,Sat,10:01,6:00,2/20/2017 16:39,"Off Network e.g. Local Authority Road, Footpath",,Construction & Maintenance,,,Yes,,,,,Clear,,,100%,No,,,Motor Bike,Incursion due to breakdown,0,0,0,0,,
27508,Near Miss,Minor or low potential impact,Not Entered,2/18/2017 11:05,2017,Feb,Sat,11:05,6:00,2/20/2017 16:51,"Off Network e.g. Local Authority Road, Footpath",,Construction & Maintenance,,,Yes,,,,,Clear,,,100%,No,,,Motor Bike,Incursion due to breakdown,0,0,0,0,,
27509,Near Miss,Minor or low potential impact,Not Entered,2/18/2017 15:44,2017,Feb,Sat,15:44,12:00,2/20/2017 17:11,"Off Network e.g. Local Authority Road, Footpath",,Construction & Maintenance,,,Yes,,,,,Clear,,,100%,No,,,Motor Bike,Incursion due to breakdown,0,0,0,0,,
27510,Near Miss,Minor or low potential impact,Not Entered,2/18/2017 16:05,2017,Feb,Sat,16:05,12:00,2/20/2017 17:31,"Off Network e.g. Local Authority Road, Footpath",,Construction & Maintenance,,,Yes,,,,,Clear,,,100%,No,,,Motor Bike,Incursion unintentional as result of accident,0,0,0,0,,
27512,Near Miss,Minor or low potential impact,Not Entered,2/19/2017 14:54,2017,Feb,Sun,14:54,12:00,2/21/2017 13:19,"Off Network e.g. Local Authority Road, Footpath",,Construction & Maintenance,,,Yes,,,,,Windy,,,100%,No,,,Motor Bike,Incursion due to breakdown,0,0,0,0,,
27513,Near Miss,Minor or low potential impact,Not Entered,2/19/2017 17:34,2017,Feb,Sun,17:34,12:00,2/21/2017 13:34,"Off Network e.g. Local Authority Road, Footpath",,Construction & Maintenance,,,Yes,,,,,Clear,,,Non,No,,,Motor Bike,Incursion due to breakdown,0,0,0,0,,
27514,Near Miss,Minor or low potential impact,Not Entered,2/19/2017 19:45,2017,Feb,Sun,19:45,18:00,2/21/2017 13:53,"Off Network e.g. Local Authority Road, Footpath",,Construction & Maintenance,,,Yes,,,,,Clear,,,100%,No,,,Motor Bike,Incursion due to breakdown,0,0,0,0,,
27517,Near Miss,Minor or low potential impact,Not Entered,2/20/2017 16:03,2017,Feb,Mon,16:03,12:00,2/21/2017 14:38,"Off Network e.g. Local Authority Road, Footpath",,Construction & Maintenance,,,Yes,,,,,Storm,,,Poor,No,,,Motor Bike,Incursion due to breakdown,0,0,0,0,,
27515,Near Miss,Minor or low potential impact,Not Entered,2/21/2017 6:43,2017,Feb,Tue,6:43,6:00,2/21/2017 14:01,"Off Network e.g. Local Authority Road, Footpath",,Construction & Maintenance,,,Yes,,,,,Clear,,,100%,No,,,Motor Bike,Incursion due to breakdown,0,0,0,0,,
27529,Near Miss,Minor or low potential impact,Not Entered,2/21/2017 9:17,2017,Feb,Tue,9:17,6:00,2/22/2017 12:41,"Off Network e.g. Local Authority Road, Footpath",,Construction & Maintenance,,,Yes,,,,,Clear,,,100%,No,,,Motor Bike,Incursion due to breakdown,0,0,0,0,,
27554,Near Miss,Minor or low potential impact,Not Entered,2/21/2017 14:57,2017,Feb,Tue,14:57,12:00,2/22/2017 15:11,"Off Network e.g. Local Authority Road, Footpath",,Construction & Maintenance,,,Yes,,,,,Raining,,,Poor,No,,,Motor Bike,Incursion due to breakdown,0,0,0,0,,
27516,Near Miss,Minor or low potential impact,Not Entered,2/21/2017 15:25,2017,Feb,Tue,15:25,12:00,2/21/2017 14:13,"Off Network e.g. Local Authority Road, Footpath",,Construction & Maintenance,,,Yes,,,,,Storm,,,Poor,No,,,Motor Bike,Incursion due to breakdown,0,0,0,0,,
27560,Near Miss,Minor or low potential impact,Not Entered,2/21/2017 17:30,2017,Feb,Tue,17:30,12:00,2/22/2017 16:44,"Off Network e.g. Local Authority Road, Footpath",,Construction & Maintenance,,,Yes,,,,,Raining,,,Poor,No,,,Motor Bike,Incursion due to breakdown,0,0,0,0,,
27561,Near Miss,Minor or low potential impact,Not Entered,2/21/2017 18:47,2017,Feb,Tue,18:47,18:00,2/22/2017 16:54,"Off Network e.g. Local Authority Road, Footpath",,Construction & Maintenance,,,Yes,,,,,Clear,,,Non,No,,,Motor Bike,Incursion due to breakdown,0,0,0,0,,
27562,Near Miss,Minor or low potential impact,Not Entered,2/21/2017 22:39,2017,Feb,Tue,22:39,18:00,2/22/2017 17:03,"Off Network e.g. Local Authority Road, Footpath",,Construction & Maintenance,,,Yes,,,,,Clear,,,Non,No,,,Motor Bike,Incursion due to breakdown,0,0,0,0,,
27563,Near Miss,Minor or low potential impact,Not Entered,2/22/2017 6:23,2017,Feb,Wed,6:23,6:00,2/22/2017 17:12,"Off Network e.g. Local Authority Road, Footpath",,Construction & Maintenance,,,Yes,,,,,Raining,,,Poor,No,,,Motor Bike,Incursion due to breakdown,0,0,0,0,,
27565,Near Miss,Minor or low potential impact,Not Entered,2/22/2017 8:20,2017,Feb,Wed,8:20,6:00,2/23/2017 10:48,"Off Network e.g. Local Authority Road, Footpath",,Construction & Maintenance,,,Yes,,,,,Clear,,,100%,No,,,Motor Bike,Incursion due to breakdown,0,0,0,0,,
27570,Near Miss,Minor or low potential impact,Not Entered,2/22/2017 17:05,2017,Feb,Wed,17:05,12:00,2/23/2017 13:29,"Off Network e.g. Local Authority Road, Footpath",,Construction & Maintenance,,,Yes,,,,,Clear,,,100%,No,,,Motor Bike,Incursion due to breakdown,0,0,0,0,,
27600,Near Miss,Minor or low potential impact,Not Entered,2/22/2017 17:20,2017,Feb,Wed,17:20,12:00,2/28/2017 11:23,"Off Network e.g. Local Authority Road, Footpath",,Construction & Maintenance,,,Yes,,,,,Clear,,,Non,No,,,Motor Bike,Incursion unintentional - confused or follow in,0,0,0,0,,
27571,Near Miss,Minor or low potential impact,Not Entered,2/22/2017 20:06,2017,Feb,Wed,20:06,18:00,2/23/2017 13:41,"Off Network e.g. Local Authority Road, Footpath",,Construction & Maintenance,,,Yes,,,,,Clear,,,Non,No,,,Motor Bike,Incursion due to breakdown,0,0,0,0,,
27601,Near Miss,Minor or low potential impact,Not Entered,2/23/2017 10:01,2017,Feb,Thu,10:01,6:00,2/28/2017 11:38,"Off Network e.g. Local Authority Road, Footpath",,Construction & Maintenance,,,Yes,,,,,Storm,,,Poor,No,,,Motor Bike,Incursion due to breakdown,0,0,0,0,,
27602,Near Miss,Minor or low potential impact,Not Entered,2/23/2017 13:31,2017,Feb,Thu,13:31,12:00,2/28/2017 11:50,"Off Network e.g. Local Authority Road, Footpath",,Construction & Maintenance,,,Yes,,,,,Storm,,,Poor,No,,,Motor Bike,Incursion due to breakdown,0,0,0,0,,
27603,Near Miss,Minor or low potential impact,Not Entered,2/23/2017 15:15,2017,Feb,Thu,15:15,12:00,2/28/2017 13:23,"Off Network e.g. Local Authority Road, Footpath",,Construction & Maintenance,,,Yes,,,,,Windy,,,100%,No,,,Motor Bike,Incursion due to breakdown,0,0,0,0,,
27604,Near Miss,Minor or low potential impact,Not Entered,2/23/2017 15:46,2017,Feb,Thu,15:46,12:00,2/28/2017 13:46,"Off Network e.g. Local Authority Road, Footpath",,Construction & Maintenance,,,Yes,,,,,Windy,,,100%,No,,,Motor Bike,Incursion due to breakdown,0,0,0,0,,
27605,Near Miss,Minor or low potential impact,Not Entered,2/23/2017 16:36,2017,Feb,Thu,16:36,12:00,2/28/2017 14:06,"Off Network e.g. Local Authority Road, Footpath",,Construction & Maintenance,,,Yes,,,,,Windy,,,100%,No,,,Motor Bike,Incursion due to breakdown,0,0,0,0,,
27611,Near Miss,Minor or low potential impact,Not Entered,2/25/2017 20:16,2017,Feb,Sat,20:16,18:00,3/1/2017 15:08,"Off Network e.g. Local Authority Road, Footpath",,Construction & Maintenance,,,Yes,,,,,Clear,,,100%,No,,,Motor Bike,Incursion due to breakdown,0,0,0,0,,
27612,Near Miss,Minor or low potential impact,Not Entered,2/26/2017 16:01,2017,Feb,Sun,16:01,12:00,3/1/2017 15:24,"Off Network e.g. Local Authority Road, Footpath",,Construction & Maintenance,,,Yes,,,,,Clear,,,100%,No,,,Motor Bike,Incursion due to breakdown,0,0,0,0,,
27613,Near Miss,Minor or low potential impact,Not Entered,2/26/2017 20:20,2017,Feb,Sun,20:20,18:00,3/1/2017 15:46,"Off Network e.g. Local Authority Road, Footpath",,Construction & Maintenance,,,Yes,,,,,Clear,,,Non,No,,,Motor Bike,Incursion due to breakdown,0,0,0,0,,
27615,Near Miss,Minor or low potential impact,Not Entered,2/26/2017 22:50,2017,Feb,Sun,22:50,18:00,3/1/2017 16:13,"Off Network e.g. Local Authority Road, Footpath",,Construction & Maintenance,,,Yes,,,,,Clear,,,Non,No,,,Motor Bike,Incursion due to breakdown,0,0,0,0,,
27618,Near Miss,Minor or low potential impact,Not Entered,2/27/2017 5:00,2017,Feb,Mon,5:00,0:00,3/1/2017 17:24,"Off Network e.g. Local Authority Road, Footpath",,Construction & Maintenance,,,Yes,,,,,Raining,,,Poor,No,,,Motor Bike,Incursion to seek information or benefit,0,0,0,0,,
27616,Near Miss,Minor or low potential impact,Not Entered,2/27/2017 8:07,2017,Feb,Mon,8:07,6:00,3/1/2017 16:43,"Off Network e.g. Local Authority Road, Footpath",,Construction & Maintenance,,,Yes,,,,,Raining,,,Poor,No,,,Motor Bike,Incursion due to breakdown,0,0,0,0,,
27617,Near Miss,Minor or low potential impact,Not Entered,2/27/2017 10:24,2017,Feb,Mon,10:24,6:00,3/1/2017 17:00,"Off Network e.g. Local Authority Road, Footpath",,Construction & Maintenance,,,Yes,,,,,Raining,,,Poor,No,,,Motor Bike,Incursion due to breakdown,0,0,0,0,,
27623,Near Miss,Minor or low potential impact,Not Entered,2/28/2017 11:53,2017,Feb,Tue,11:53,6:00,3/2/2017 11:08,"Off Network e.g. Local Authority Road, Footpath",,Construction & Maintenance,,,Yes,,,,,Clear,,,100%,No,,,Motor Bike,Incursion due to breakdown,0,0,0,0,,
27624,Near Miss,Minor or low potential impact,Not Entered,2/28/2017 16:06,2017,Feb,Tue,16:06,12:00,3/2/2017 11:17,"Off Network e.g. Local Authority Road, Footpath",,Construction & Maintenance,,,Yes,,,,,Raining,,,Poor,No,,,Motor Bike,Incursion due to breakdown,0,0,0,0,,
27625,Near Miss,Minor or low potential impact,Not Entered,3/1/2017 6:14,2017,Mar,Wed,6:14,6:00,3/2/2017 11:47,"Off Network e.g. Local Authority Road, Footpath",,Construction & Maintenance,,,Yes,,,,,Clear,,,Non,No,,,Motor Bike,Incursion due to breakdown,0,0,0,0,,
27626,Near Miss,Minor or low potential impact,Not Entered,3/1/2017 9:30,2017,Mar,Wed,9:30,6:00,3/2/2017 13:10,"Off Network e.g. Local Authority Road, Footpath",,Construction & Maintenance,,,Yes,,,,,Clear,,,100%,No,,,Motor Bike,Incursion due to breakdown,0,0,0,0,,
27627,Near Miss,Minor or low potential impact,Not Entered,3/1/2017 10:01,2017,Mar,Wed,10:01,6:00,3/2/2017 13:24,"Off Network e.g. Local Authority Road, Footpath",,Construction & Maintenance,,,Yes,,,,,Clear,,,100%,No,,,Motor Bike,Incursion due to breakdown,0,0,0,0,,
27629,Near Miss,Minor or low potential impact,Not Entered,3/1/2017 14:18,2017,Mar,Wed,14:18,12:00,3/2/2017 13:52,"Off Network e.g. Local Authority Road, Footpath",,Construction & Maintenance,,,Yes,,,,,Clear,,,100%,No,,,Motor Bike,Incursion due to breakdown,0,0,0,0,,
27630,Near Miss,Minor or low potential impact,Not Entered,3/1/2017 16:46,2017,Mar,Wed,16:46,12:00,3/2/2017 14:12,"Off Network e.g. Local Authority Road, Footpath",,Construction & Maintenance,,,Yes,,,,,Clear,,,100%,No,,,Motor Bike,Incursion due to breakdown,0,0,0,0,,
27648,Near Miss,Minor or low potential impact,Not Entered,3/2/2017 10:26,2017,Mar,Thu,10:26,6:00,3/6/2017 10:09,"Off Network e.g. Local Authority Road, Footpath",,Construction & Maintenance,,,Yes,,,,,Clear,,,100%,No,,,Motor Bike,Incursion due to breakdown,0,0,0,0,,
27649,Near Miss,Minor or low potential impact,Not Entered,3/2/2017 12:09,2017,Mar,Thu,12:09,12:00,3/6/2017 10:19,"Off Network e.g. Local Authority Road, Footpath",,Construction & Maintenance,,,Yes,,,,,Clear,,,100%,No,,,Motor Bike,Incursion due to breakdown,0,0,0,0,,
27650,Near Miss,Minor or low potential impact,Not Entered,3/2/2017 16:25,2017,Mar,Thu,16:25,12:00,3/6/2017 10:35,"Off Network e.g. Local Authority Road, Footpath",,Construction & Maintenance,,,Yes,,,,,Clear,,,100%,No,,,Motor Bike,Incursion due to breakdown,0,0,0,0,,
27651,Near Miss,Minor or low potential impact,Not Entered,3/3/2017 10:07,2017,Mar,Fri,10:07,6:00,3/6/2017 11:43,"Off Network e.g. Local Authority Road, Footpath",,Construction & Maintenance,,,Yes,,,,,Clear,,,100%,No,,,Motor Bike,Incursion due to breakdown,0,0,0,0,,
27653,Near Miss,Minor or low potential impact,Not Entered,3/3/2017 15:54,2017,Mar,Fri,15:54,12:00,3/6/2017 12:32,"Off Network e.g. Local Authority Road, Footpath",,Construction & Maintenance,,,Yes,,,,,Clear,,,100%,No,,,Motor Bike,Incursion due to breakdown,0,0,0,0,,
27655,Near Miss,Minor or low potential impact,Not Entered,3/4/2017 7:01,2017,Mar,Sat,7:01,6:00,3/6/2017 17:01,"Off Network e.g. Local Authority Road, Footpath",,Construction & Maintenance,,,Yes,,,,,Clear,,,100%,No,,,Motor Bike,Incursion due to breakdown,0,0,0,0,,
27656,Near Miss,Minor or low potential impact,Not Entered,3/4/2017 19:55,2017,Mar,Sat,19:55,18:00,3/6/2017 17:09,"Off Network e.g. Local Authority Road, Footpath",,Construction & Maintenance,,,Yes,,,,,Clear,,,Non,No,,,Motor Bike,Incursion due to breakdown,0,0,0,0,,
27660,Near Miss,Minor or low potential impact,Not Entered,3/5/2017 10:22,2017,Mar,Sun,10:22,6:00,3/7/2017 16:01,"Off Network e.g. Local Authority Road, Footpath",,Construction & Maintenance,,,Yes,,,,,Raining,,,Poor,No,,,Motor Bike,Incursion due to breakdown,0,0,0,0,,
27661,Near Miss,Minor or low potential impact,Not Entered,3/5/2017 17:28,2017,Mar,Sun,17:28,12:00,3/7/2017 16:16,"Off Network e.g. Local Authority Road, Footpath",,Construction & Maintenance,,,Yes,,,,,Raining,,,Poor,Yes,,,Van,Incursion due to breakdown,0,0,0,0,,
27662,Near Miss,Minor or low potential impact,Not Entered,3/6/2017 8:22,2017,Mar,Mon,8:22,6:00,3/7/2017 17:03,"Off Network e.g. Local Authority Road, Footpath",,Construction & Maintenance,,,Yes,,,,,Clear,,,100%,No,,,Motor Bike,Incursion due to breakdown,0,0,0,0,,
27665,Near Miss,Minor or low potential impact,Not Entered,3/7/2017 1:10,2017,Mar,Tue,1:10,0:00,3/8/2017 13:15,"Off Network e.g. Local Authority Road, Footpath",,Construction & Maintenance,,,Yes,,,,,Clear,,,Non,No,,,Motor Bike,Incursion due to breakdown,0,0,0,0,,
27669,Near Miss,Minor or low potential impact,Not Entered,3/7/2017 9:29,2017,Mar,Tue,9:29,6:00,3/8/2017 15:22,"Off Network e.g. Local Authority Road, Footpath",,Construction & Maintenance,,,Yes,,,,,Clear,,,100%,No,,,Motor Bike,Incursion due to breakdown,0,0,0,0,,
27667,Near Miss,Minor or low potential impact,Not Entered,3/7/2017 9:41,2017,Mar,Tue,9:41,6:00,3/8/2017 15:11,"Off Network e.g. Local Authority Road, Footpath",,Construction & Maintenance,,,Yes,,,,,Clear,,,100%,No,,,Motor Bike,Incursion due to breakdown,0,0,0,0,,
27670,Near Miss,Minor or low potential impact,Not Entered,3/7/2017 10:26,2017,Mar,Tue,10:26,6:00,3/8/2017 16:07,"Off Network e.g. Local Authority Road, Footpath",,Construction & Maintenance,,,Yes,,,,,Clear,,,100%,No,,,Motor Bike,Incursion due to breakdown,0,0,0,0,,
27672,Near Miss,Minor or low potential impact,Not Entered,3/8/2017 10:00,2017,Mar,Wed,10:00,6:00,3/9/2017 9:58,"Off Network e.g. Local Authority Road, Footpath",,Construction & Maintenance,,,Yes,,,,,Clear,,,100%,No,,,Motor Bike,Incursion due to breakdown,0,0,0,0,,
27678,Near Miss,Minor or low potential impact,Not Entered,3/8/2017 16:51,2017,Mar,Wed,16:51,12:00,3/9/2017 11:54,"Off Network e.g. Local Authority Road, Footpath",,Construction & Maintenance,,,Yes,,,,,Clear,,,100%,No,,,Motor Bike,Incursion due to breakdown,0,0,0,0,,
27683,Near Miss,Minor or low potential impact,Not Entered,3/8/2017 18:12,2017,Mar,Wed,18:12,18:00,3/9/2017 15:07,"Off Network e.g. Local Authority Road, Footpath",,Construction & Maintenance,,,Yes,,,,,Windy,,,Non,No,,,Motor Bike,Incursion due to breakdown,0,0,0,0,,
27684,Near Miss,Minor or low potential impact,Not Entered,3/8/2017 20:44,2017,Mar,Wed,20:44,18:00,3/9/2017 15:17,"Off Network e.g. Local Authority Road, Footpath",,Construction & Maintenance,,,Yes,,,,,Clear,,,Non,No,,,Motor Bike,Incursion due to breakdown,0,0,0,0,,
27711,Near Miss,Minor or low potential impact,Not Entered,3/9/2017 19:01,2017,Mar,Thu,19:01,18:00,3/13/2017 15:39,"Off Network e.g. Local Authority Road, Footpath",,Construction & Maintenance,,,Yes,,,,,Clear,,,Non,No,,,Motor Bike,Incursion due to breakdown,0,0,0,0,,
27707,Near Miss,Minor or low potential impact,Not Entered,3/9/2017 21:53,2017,Mar,Thu,21:53,18:00,3/13/2017 15:10,"Off Network e.g. Local Authority Road, Footpath",,Construction & Maintenance,,,Yes,,,,,Clear,,,Non,No,,,Motor Bike,Incursion due to breakdown,0,0,0,0,,
27708,Near Miss,Minor or low potential impact,Not Entered,3/9/2017 23:02,2017,Mar,Thu,23:02,18:00,3/13/2017 15:18,"Off Network e.g. Local Authority Road, Footpath",,Construction & Maintenance,,,Yes,,,,,Clear,,,Non,No,,,Motor Bike,Incursion due to breakdown,0,0,0,0,,
27712,Near Miss,Minor or low potential impact,Not Entered,3/10/2017 7:16,2017,Mar,Fri,7:16,6:00,3/13/2017 15:50,"Off Network e.g. Local Authority Road, Footpath",,Construction & Maintenance,,,Yes,,,,,Clear,,,100%,No,,,Motor Bike,Incursion due to breakdown,0,0,0,0,,
27724,Near Miss,Minor or low potential impact,Not Entered,3/10/2017 14:42,2017,Mar,Fri,14:42,12:00,3/14/2017 10:52,"Off Network e.g. Local Authority Road, Footpath",,Construction & Maintenance,,,Yes,,,,,Clear,,,100%,No,,,Motor Bike,Incursion due to breakdown,0,0,0,0,,
27725,Near Miss,Minor or low potential impact,Not Entered,3/10/2017 19:06,2017,Mar,Fri,19:06,18:00,3/14/2017 11:01,"Off Network e.g. Local Authority Road, Footpath",,Construction & Maintenance,,,Yes,,,,,Clear,,,Non,No,,,Motor Bike,Incursion due to breakdown,0,0,0,0,,
27728,Near Miss,Minor or low potential impact,Not Entered,3/11/2017 10:24,2017,Mar,Sat,10:24,6:00,3/14/2017 11:22,"Off Network e.g. Local Authority Road, Footpath",,Construction & Maintenance,,,Yes,,,,,Clear,,,100%,No,,,Motor Bike,Incursion due to breakdown,0,0,0,0,,
27729,Near Miss,Minor or low potential impact,Not Entered,3/11/2017 11:34,2017,Mar,Sat,11:34,6:00,3/14/2017 11:30,"Off Network e.g. Local Authority Road, Footpath",,Construction & Maintenance,,,Yes,,,,,Clear,,,100%,No,,,Motor Bike,Incursion due to breakdown,0,0,0,0,,