Event ID,Event Type ,Event Subtype,Type of Person,Date/Time of Event,Year,Month,Day of the Week,Time,Time interval (6 hours),Date/Time Reported,Location,Specific Location (include RCC Log no if relevant),Details of actual job being done at the time,Part of Body Affected,Injury Type,Was there a vehicle involved in this event?,Work related,Accident Type,Vehicle Motion,Who was Hit,Weather/Visibility,Surface Condition,Roadbed Grade,Lighting Conditions,Was A Police Report Filed?,Name of Law Enforcement Agency,Preventable,Type,Kind of Event,Expected Lost Workdays (Total),Actual Lost Workdays (Total),Expected Restricted Workdays (Total),Actual Restricted Workdays (Total),Return To Work Date,Sign Off 1
27731,Near Miss,Minor or low potential impact,Not Entered,3/11/2017 19:19,2017,Mar,Sat,19:19,18:00,3/14/2017 13:46,"Off Network e.g. Local Authority Road, Footpath",,Construction & Maintenance,,,Yes,,,,,Clear,,,Non,No,,,Motor Bike,Incursion due to breakdown,0,0,0,0,,
27732,Near Miss,Minor or low potential impact,Not Entered,3/12/2017 14:26,2017,Mar,Sun,14:26,12:00,3/14/2017 13:55,"Off Network e.g. Local Authority Road, Footpath",,Construction & Maintenance,,,Yes,,,,,Clear,,,100%,No,,,Motor Bike,Incursion due to breakdown,0,0,0,0,,
27733,Near Miss,Minor or low potential impact,Not Entered,3/12/2017 15:33,2017,Mar,Sun,15:33,12:00,3/14/2017 14:02,"Off Network e.g. Local Authority Road, Footpath",,Construction & Maintenance,,,Yes,,,,,Clear,,,100%,No,,,Motor Bike,Incursion due to breakdown,0,0,0,0,,
27735,Near Miss,Minor or low potential impact,Not Entered,3/12/2017 20:07,2017,Mar,Sun,20:07,18:00,3/14/2017 14:14,"Off Network e.g. Local Authority Road, Footpath",,Construction & Maintenance,,,Yes,,,,,Clear,,,Non,No,,,Motor Bike,Incursion due to breakdown,0,0,0,0,,
27737,Near Miss,Minor or low potential impact,Not Entered,3/13/2017 2:58,2017,Mar,Mon,2:58,0:00,3/14/2017 14:22,"Off Network e.g. Local Authority Road, Footpath",,Construction & Maintenance,,,Yes,,,,,Clear,,,Non,No,,,Motor Bike,Incursion due to breakdown,0,0,0,0,,
27776,Near Miss,Minor or low potential impact,Not Entered,3/23/2017 7:30,2017,Mar,Thu,7:30,6:00,3/23/2017 15:44,"Off Network e.g. Local Authority Road, Footpath",,Construction & Maintenance,,,Yes,,,,,Clear,,,100%,No,,,Motor Bike,Incursion to seek information or benefit,0,0,0,0,,
27826,Near Miss,Minor or low potential impact,Not Entered,4/3/2017 7:40,2017,Apr,Mon,7:40,6:00,4/5/2017 9:27,"Off Network e.g. Local Authority Road, Footpath",,Construction & Maintenance,,,Yes,,,,,Clear,,,100%,No,,,Motor Bike,Incursion due to breakdown,0,0,0,0,,
27827,Near Miss,Minor or low potential impact,Not Entered,4/3/2017 10:02,2017,Apr,Mon,10:02,6:00,4/5/2017 9:38,"Off Network e.g. Local Authority Road, Footpath",,Construction & Maintenance,,,Yes,,,,,Clear,,,100%,No,,,Motor Bike,Incursion due to breakdown,0,0,0,0,,
27829,Near Miss,Minor or low potential impact,Not Entered,4/3/2017 10:28,2017,Apr,Mon,10:28,6:00,4/5/2017 11:53,"Off Network e.g. Local Authority Road, Footpath",,Construction & Maintenance,,,Yes,,,,,Clear,,,100%,No,,,Motor Bike,Incursion due to breakdown,0,0,0,0,,
27830,Near Miss,Minor or low potential impact,Not Entered,4/3/2017 17:19,2017,Apr,Mon,17:19,12:00,4/5/2017 12:07,"Off Network e.g. Local Authority Road, Footpath",,Construction & Maintenance,,,Yes,,,,,Clear,,,100%,No,,,Motor Bike,Incursion due to breakdown,0,0,0,0,,
27831,Near Miss,Minor or low potential impact,Not Entered,4/3/2017 21:21,2017,Apr,Mon,21:21,18:00,4/5/2017 12:39,"Off Network e.g. Local Authority Road, Footpath",,Construction & Maintenance,,,Yes,,,,,Clear,,,Non,No,,,Motor Bike,Incursion due to breakdown,0,0,0,0,,
27832,Near Miss,Minor or low potential impact,Not Entered,4/4/2017 7:28,2017,Apr,Tue,7:28,6:00,4/5/2017 13:28,"Off Network e.g. Local Authority Road, Footpath",,Construction & Maintenance,,,Yes,,,,,Raining,,,Poor,No,,,Motor Bike,Incursion due to breakdown,0,0,0,0,,
27833,Near Miss,Minor or low potential impact,Not Entered,4/4/2017 16:28,2017,Apr,Tue,16:28,12:00,4/5/2017 14:05,"Off Network e.g. Local Authority Road, Footpath",,Construction & Maintenance,,,Yes,,,,,Clear,,,100%,No,,,Motor Bike,Incursion due to breakdown,0,0,0,0,,
27836,Near Miss,Minor or low potential impact,Not Entered,4/5/2017 10:00,2017,Apr,Wed,10:00,6:00,4/6/2017 7:45,"Off Network e.g. Local Authority Road, Footpath",,Construction & Maintenance,,,Yes,,,,,Clear,,,100%,No,,,Motor Bike,Incursion due to breakdown,0,0,0,0,,
27837,Near Miss,Minor or low potential impact,Not Entered,4/5/2017 11:33,2017,Apr,Wed,11:33,6:00,4/6/2017 8:00,"Off Network e.g. Local Authority Road, Footpath",,Construction & Maintenance,,,Yes,,,,,Clear,,,100%,No,,,Motor Bike,Incursion due to breakdown,0,0,0,0,,
27838,Near Miss,Minor or low potential impact,Not Entered,4/5/2017 11:48,2017,Apr,Wed,11:48,6:00,4/6/2017 8:10,"Off Network e.g. Local Authority Road, Footpath",,Construction & Maintenance,,,Yes,,,,,Clear,,,100%,No,,,Motor Bike,Incursion due to breakdown,0,0,0,0,,
27840,Near Miss,Minor or low potential impact,Not Entered,4/5/2017 13:09,2017,Apr,Wed,13:09,12:00,4/6/2017 9:17,"Off Network e.g. Local Authority Road, Footpath",,Construction & Maintenance,,,Yes,,,,,,,,100%,No,,,Motor Bike,Incursion due to breakdown,0,0,0,0,,
27845,Near Miss,Minor or low potential impact,Not Entered,4/5/2017 14:05,2017,Apr,Wed,14:05,12:00,4/6/2017 12:12,"Off Network e.g. Local Authority Road, Footpath",,Construction & Maintenance,,,Yes,,,,,Clear,,,100%,No,,,Motor Bike,Incursion to seek information or benefit,0,0,0,0,,
27877,Near Miss,Minor or low potential impact,Not Entered,4/6/2017 8:23,2017,Apr,Thu,8:23,6:00,4/10/2017 12:29,"Off Network e.g. Local Authority Road, Footpath",,Construction & Maintenance,,,Yes,,,,,Clear,,,100%,No,,,Motor Bike,Incursion due to breakdown,0,0,0,0,,
27880,Near Miss,Minor or low potential impact,Not Entered,4/6/2017 14:03,2017,Apr,Thu,14:03,12:00,4/10/2017 13:20,"Off Network e.g. Local Authority Road, Footpath",,Construction & Maintenance,,,Yes,,,,,Clear,,,100%,No,,,Motor Bike,Incursion due to breakdown,0,0,0,0,,
27881,Near Miss,Minor or low potential impact,Not Entered,4/6/2017 18:38,2017,Apr,Thu,18:38,18:00,4/10/2017 13:28,"Off Network e.g. Local Authority Road, Footpath",,Construction & Maintenance,,,Yes,,,,,Clear,,,100%,No,,,Car,Incursion due to breakdown,0,0,0,0,,
27882,Near Miss,Minor or low potential impact,Not Entered,4/6/2017 19:10,2017,Apr,Thu,19:10,18:00,4/10/2017 13:47,"Off Network e.g. Local Authority Road, Footpath",,Construction & Maintenance,,,Yes,,,,,Clear,,,100%,No,,,Motor Bike,Incursion due to breakdown,0,0,0,0,,
27884,Near Miss,Minor or low potential impact,Not Entered,4/7/2017 13:48,2017,Apr,Fri,13:48,12:00,4/10/2017 14:14,"Off Network e.g. Local Authority Road, Footpath",,Construction & Maintenance,,,Yes,,,,,Clear,,,100%,No,,,Motor Bike,Incursion due to breakdown,0,0,0,0,,
27885,Near Miss,Minor or low potential impact,Not Entered,4/7/2017 14:29,2017,Apr,Fri,14:29,12:00,4/10/2017 14:28,"Off Network e.g. Local Authority Road, Footpath",,Construction & Maintenance,,,Yes,,,,,Clear,,,100%,No,,,Motor Bike,Incursion due to breakdown,0,0,0,0,,
27886,Near Miss,Minor or low potential impact,Not Entered,4/7/2017 15:57,2017,Apr,Fri,15:57,12:00,4/10/2017 16:43,"Off Network e.g. Local Authority Road, Footpath",,Construction & Maintenance,,,Yes,,,,,Clear,,,100%,No,,,Motor Bike,Incursion due to breakdown,0,0,0,0,,
27887,Near Miss,Minor or low potential impact,Not Entered,4/7/2017 17:45,2017,Apr,Fri,17:45,12:00,4/10/2017 16:56,"Off Network e.g. Local Authority Road, Footpath",,Construction & Maintenance,,,Yes,,,,,Clear,,,100%,No,,,Motor Bike,Incursion due to breakdown,0,0,0,0,,
27888,Near Miss,Minor or low potential impact,Not Entered,4/7/2017 18:00,2017,Apr,Fri,18:00,18:00,4/11/2017 7:04,"Off Network e.g. Local Authority Road, Footpath",,Construction & Maintenance,,,Yes,,,,,Clear,,,100%,No,,,Motor Bike,Incursion due to breakdown,0,0,0,0,,
27889,Near Miss,Minor or low potential impact,Not Entered,4/7/2017 19:01,2017,Apr,Fri,19:01,18:00,4/11/2017 7:28,"Off Network e.g. Local Authority Road, Footpath",,Construction & Maintenance,,,Yes,,,,,Clear,,,100%,No,,,Motor Bike,Incursion due to breakdown,0,0,0,0,,
27891,Near Miss,Minor or low potential impact,Not Entered,4/7/2017 20:44,2017,Apr,Fri,20:44,18:00,4/11/2017 8:53,"Off Network e.g. Local Authority Road, Footpath",,Construction & Maintenance,,,Yes,,,,,Clear,,,Non,No,,,Motor Bike,Incursion due to breakdown,0,0,0,0,,
27892,Near Miss,Minor or low potential impact,Not Entered,4/7/2017 21:20,2017,Apr,Fri,21:20,18:00,4/11/2017 9:01,"Off Network e.g. Local Authority Road, Footpath",,Construction & Maintenance,,,Yes,,,,,Clear,,,Non,No,,,Motor Bike,Incursion due to breakdown,0,0,0,0,,
27893,Near Miss,Minor or low potential impact,Not Entered,4/8/2017 3:18,2017,Apr,Sat,3:18,0:00,4/11/2017 9:09,"Off Network e.g. Local Authority Road, Footpath",,Construction & Maintenance,,,Yes,,,,,Clear,,,Non,No,,,Motor Bike,Incursion due to breakdown,0,0,0,0,,
27895,Near Miss,Minor or low potential impact,Not Entered,4/8/2017 12:18,2017,Apr,Sat,12:18,12:00,4/11/2017 10:10,"Off Network e.g. Local Authority Road, Footpath",,Construction & Maintenance,,,Yes,,,,,Clear,,,100%,Yes,,,Motor Bike,Incursion due to breakdown,0,0,0,0,,
27897,Near Miss,Minor or low potential impact,Not Entered,4/8/2017 12:26,2017,Apr,Sat,12:26,12:00,4/11/2017 10:30,"Off Network e.g. Local Authority Road, Footpath",,Construction & Maintenance,,,Yes,,,,,Clear,,,100%,No,,,Motor Bike,Incursion due to breakdown,0,0,0,0,,
27898,Near Miss,Minor or low potential impact,Not Entered,4/8/2017 12:30,2017,Apr,Sat,12:30,12:00,4/11/2017 10:45,"Off Network e.g. Local Authority Road, Footpath",,Construction & Maintenance,,,Yes,,,,,Clear,,,100%,No,,,Motor Bike,Incursion unintentional - confused or follow in,0,0,0,0,,
27900,Near Miss,Minor or low potential impact,Not Entered,4/8/2017 12:58,2017,Apr,Sat,12:58,12:00,4/11/2017 10:57,"Off Network e.g. Local Authority Road, Footpath",,Construction & Maintenance,,,Yes,,,,,Clear,,,100%,No,,,Motor Bike,Incursion due to breakdown,0,0,0,0,,
27901,Near Miss,Minor or low potential impact,Not Entered,4/8/2017 13:41,2017,Apr,Sat,13:41,12:00,4/11/2017 11:18,"Off Network e.g. Local Authority Road, Footpath",,Construction & Maintenance,,,Yes,,,,,Clear,,,100%,No,,,Motor Bike,Incursion due to breakdown,0,0,0,0,,
27902,Near Miss,Minor or low potential impact,Not Entered,4/8/2017 14:24,2017,Apr,Sat,14:24,12:00,4/11/2017 11:37,"Off Network e.g. Local Authority Road, Footpath",,Construction & Maintenance,,,Yes,,,,,Clear,,,100%,No,,,Motor Bike,Incursion due to breakdown,0,0,0,0,,
27903,Near Miss,Minor or low potential impact,Not Entered,4/8/2017 16:07,2017,Apr,Sat,16:07,12:00,4/11/2017 12:20,"Off Network e.g. Local Authority Road, Footpath",,Construction & Maintenance,,,Yes,,,,,Clear,,,100%,No,,,Motor Bike,Incursion due to breakdown,0,0,0,0,,
27904,Near Miss,Minor or low potential impact,Not Entered,4/8/2017 16:17,2017,Apr,Sat,16:17,12:00,4/11/2017 12:36,"Off Network e.g. Local Authority Road, Footpath",,Construction & Maintenance,,,Yes,,,,,Clear,,,100%,No,,,Motor Bike,Incursion due to breakdown,0,0,0,0,,
27905,Near Miss,Minor or low potential impact,Not Entered,4/8/2017 16:50,2017,Apr,Sat,16:50,12:00,4/11/2017 12:44,"Off Network e.g. Local Authority Road, Footpath",,Construction & Maintenance,,,Yes,,,,,Clear,,,100%,No,,,Motor Bike,Incursion due to breakdown,0,0,0,0,,
27906,Near Miss,Minor or low potential impact,Not Entered,4/8/2017 19:00,2017,Apr,Sat,19:00,18:00,4/11/2017 14:08,"Off Network e.g. Local Authority Road, Footpath",,Construction & Maintenance,,,Yes,,,,,Clear,,,100%,No,,,Motor Bike,Incursion due to breakdown,0,0,0,0,,
27907,Near Miss,Minor or low potential impact,Not Entered,4/9/2017 3:10,2017,Apr,Sun,3:10,0:00,4/11/2017 14:24,"Off Network e.g. Local Authority Road, Footpath",,Construction & Maintenance,,,Yes,,,,,Clear,,,Non,No,,,Motor Bike,Incursion due to breakdown,0,0,0,0,,
27908,Near Miss,Minor or low potential impact,Not Entered,4/9/2017 9:58,2017,Apr,Sun,9:58,6:00,4/11/2017 14:44,"Off Network e.g. Local Authority Road, Footpath",,Construction & Maintenance,,,Yes,,,,,Clear,,,100%,No,,,Motor Bike,Incursion to seek information or benefit,0,0,0,0,,
27910,Near Miss,Minor or low potential impact,Not Entered,4/9/2017 10:03,2017,Apr,Sun,10:03,6:00,4/11/2017 15:10,"Off Network e.g. Local Authority Road, Footpath",,Construction & Maintenance,,,Yes,,,,,Clear,,,100%,No,,,Motor Bike,Incursion due to breakdown,0,0,0,0,,
27911,Near Miss,Minor or low potential impact,Not Entered,4/9/2017 13:34,2017,Apr,Sun,13:34,12:00,4/11/2017 15:23,"Off Network e.g. Local Authority Road, Footpath",,Construction & Maintenance,,,Yes,,,,,Clear,,,100%,No,,,Motor Bike,Incursion due to breakdown,0,0,0,0,,
27914,Near Miss,Minor or low potential impact,Not Entered,4/9/2017 14:33,2017,Apr,Sun,14:33,12:00,4/12/2017 9:21,"Off Network e.g. Local Authority Road, Footpath",,Construction & Maintenance,,,Yes,,,,,Clear,,,100%,No,,,Motor Bike,Incursion due to breakdown,0,0,0,0,,
27919,Near Miss,Minor or low potential impact,Not Entered,4/10/2017 8:08,2017,Apr,Mon,8:08,6:00,4/12/2017 11:45,"Off Network e.g. Local Authority Road, Footpath",,Construction & Maintenance,,,Yes,,,,,Clear,,,100%,No,,,Motor Bike,Incursion due to breakdown,0,0,0,0,,
27879,Near Miss,Minor or low potential impact,Not Entered,4/10/2017 11:14,2017,Apr,Mon,11:14,6:00,4/10/2017 13:04,"Off Network e.g. Local Authority Road, Footpath",,Construction & Maintenance,,,Yes,,,,,Clear,,,100%,No,,,Motor Bike,Incursion due to breakdown,0,0,0,0,,
27927,Near Miss,Minor or low potential impact,Not Entered,4/10/2017 17:19,2017,Apr,Mon,17:19,12:00,4/12/2017 15:41,"Off Network e.g. Local Authority Road, Footpath",,Construction & Maintenance,,,Yes,,,,,Clear,,,100%,No,,,Motor Bike,Incursion due to breakdown,0,0,0,0,,
27883,Near Miss,Minor or low potential impact,Not Entered,4/10/2017 20:56,2017,Apr,Mon,20:56,18:00,4/10/2017 13:57,"Off Network e.g. Local Authority Road, Footpath",,Construction & Maintenance,,,Yes,,,,,Clear,,,Non,No,,,Motor Bike,Incursion due to breakdown,0,0,0,0,,
27928,Near Miss,Minor or low potential impact,Not Entered,4/11/2017 5:39,2017,Apr,Tue,5:39,0:00,4/12/2017 16:00,"Off Network e.g. Local Authority Road, Footpath",,Construction & Maintenance,,,Yes,,,,,Clear,,,Non,No,,,Motor Bike,Incursion due to breakdown,0,0,0,0,,
27929,Near Miss,Minor or low potential impact,Not Entered,4/11/2017 14:22,2017,Apr,Tue,14:22,12:00,4/13/2017 7:12,"Off Network e.g. Local Authority Road, Footpath",,Construction & Maintenance,,,Yes,,,,,Clear,,,100%,No,,,Motor Bike,Incursion due to breakdown,0,0,0,0,,
27930,Near Miss,Minor or low potential impact,Not Entered,4/11/2017 15:03,2017,Apr,Tue,15:03,12:00,4/13/2017 7:21,"Off Network e.g. Local Authority Road, Footpath",,Construction & Maintenance,,,Yes,,,,,Clear,,,100%,No,,,Motor Bike,Incursion due to breakdown,0,0,0,0,,
27931,Near Miss,Minor or low potential impact,Not Entered,4/12/2017 7:17,2017,Apr,Wed,7:17,6:00,4/13/2017 7:46,"Off Network e.g. Local Authority Road, Footpath",,Construction & Maintenance,,,Yes,,,,,Clear,,,100%,No,,,Motor Bike,Incursion due to breakdown,0,0,0,0,,
27933,Near Miss,Minor or low potential impact,Not Entered,4/12/2017 14:09,2017,Apr,Wed,14:09,12:00,4/13/2017 8:03,"Off Network e.g. Local Authority Road, Footpath",,Construction & Maintenance,,,Yes,,,,,Clear,,,100%,No,,,Motor Bike,Incursion due to breakdown,0,0,0,0,,
27932,Near Miss,Minor or low potential impact,Not Entered,4/12/2017 14:09,2017,Apr,Wed,14:09,12:00,4/13/2017 7:53,"Off Network e.g. Local Authority Road, Footpath",,Construction & Maintenance,,,Yes,,,,,Clear,,,100%,No,,,Motor Bike,Incursion due to breakdown,0,0,0,0,,
27915,Near Miss,Minor or low potential impact,Not Entered,4/12/2017 15:01,2017,Apr,Wed,15:01,12:00,4/12/2017 9:30,"Off Network e.g. Local Authority Road, Footpath",,Construction & Maintenance,,,Yes,,,,,Clear,,,100%,No,,,Motor Bike,Incursion due to breakdown,0,0,0,0,,
27934,Near Miss,Minor or low potential impact,Not Entered,4/12/2017 16:02,2017,Apr,Wed,16:02,12:00,4/13/2017 8:42,"Off Network e.g. Local Authority Road, Footpath",,Construction & Maintenance,,,Yes,,,,,Clear,,,100%,No,,,Motor Bike,Incursion due to breakdown,0,0,0,0,,
27935,Near Miss,Minor or low potential impact,Not Entered,4/12/2017 18:18,2017,Apr,Wed,18:18,18:00,4/13/2017 8:50,"Off Network e.g. Local Authority Road, Footpath",,Construction & Maintenance,,,Yes,,,,,Clear,,,100%,No,,,Motor Bike,Incursion due to breakdown,0,0,0,0,,
27936,Near Miss,Minor or low potential impact,Not Entered,4/12/2017 20:22,2017,Apr,Wed,20:22,18:00,4/13/2017 9:00,"Off Network e.g. Local Authority Road, Footpath",,Construction & Maintenance,,,Yes,,,,,Clear,,,100%,No,,,Motor Bike,Incursion due to breakdown,0,0,0,0,,
27937,Near Miss,Minor or low potential impact,Not Entered,4/13/2017 6:38,2017,Apr,Thu,6:38,6:00,4/13/2017 9:09,"Off Network e.g. Local Authority Road, Footpath",,Construction & Maintenance,,,Yes,,,,,Clear,,,Non,No,,,Motor Bike,Incursion due to breakdown,0,0,0,0,,
27978,Near Miss,Minor or low potential impact,Not Entered,4/13/2017 7:36,2017,Apr,Thu,7:36,6:00,4/24/2017 13:49,"Off Network e.g. Local Authority Road, Footpath",,Construction & Maintenance,,,Yes,,,,,Clear,,,100%,No,,,Motor Bike,Incursion due to breakdown,0,0,0,0,,
27979,Near Miss,Minor or low potential impact,Not Entered,4/13/2017 14:51,2017,Apr,Thu,14:51,12:00,4/24/2017 14:00,"Off Network e.g. Local Authority Road, Footpath",,Construction & Maintenance,,,Yes,,,,,Clear,,,100%,No,,,Motor Bike,Incursion due to breakdown,0,0,0,0,,
27980,Near Miss,Minor or low potential impact,Not Entered,4/13/2017 16:07,2017,Apr,Thu,16:07,12:00,4/24/2017 15:48,"Off Network e.g. Local Authority Road, Footpath",,Construction & Maintenance,,,Yes,,,,,Clear,,,100%,No,,,Motor Bike,Incursion due to breakdown,0,0,0,0,,
27981,Near Miss,Minor or low potential impact,Not Entered,4/13/2017 16:11,2017,Apr,Thu,16:11,12:00,4/24/2017 15:58,"Off Network e.g. Local Authority Road, Footpath",,Construction & Maintenance,,,Yes,,,,,Clear,,,100%,No,,,Motor Bike,Incursion due to breakdown,0,0,0,0,,
27984,Near Miss,Minor or low potential impact,Not Entered,4/13/2017 17:40,2017,Apr,Thu,17:40,12:00,4/24/2017 16:32,"Off Network e.g. Local Authority Road, Footpath",,Construction & Maintenance,,,Yes,,,,,Clear,,,100%,No,,,Motor Bike,Incursion due to breakdown,0,0,0,0,,
27982,Near Miss,Minor or low potential impact,Not Entered,4/13/2017 17:45,2017,Apr,Thu,17:45,12:00,4/24/2017 16:07,"Off Network e.g. Local Authority Road, Footpath",,Construction & Maintenance,,,Yes,,,,,Clear,,,100%,No,,,Motor Bike,Incursion due to breakdown,0,0,0,0,,
27983,Near Miss,Minor or low potential impact,Not Entered,4/13/2017 17:48,2017,Apr,Thu,17:48,12:00,4/24/2017 16:17,"Off Network e.g. Local Authority Road, Footpath",,Construction & Maintenance,,,Yes,,,,,Clear,,,100%,No,,,Motor Bike,Incursion due to breakdown,0,0,0,0,,
27985,Near Miss,Minor or low potential impact,Not Entered,4/13/2017 18:19,2017,Apr,Thu,18:19,18:00,4/24/2017 16:44,"Off Network e.g. Local Authority Road, Footpath",,Construction & Maintenance,,,Yes,,,,,Clear,,,100%,No,,,Motor Bike,Incursion due to breakdown,0,0,0,0,,
27988,Near Miss,Minor or low potential impact,Not Entered,4/14/2017 10:30,2017,Apr,Fri,10:30,6:00,4/25/2017 8:01,"Off Network e.g. Local Authority Road, Footpath",,Construction & Maintenance,,,Yes,,,,,Clear,,,100%,No,,,Motor Bike,Incursion due to breakdown,0,0,0,0,,
27989,Near Miss,Minor or low potential impact,Not Entered,4/14/2017 11:13,2017,Apr,Fri,11:13,6:00,4/25/2017 8:22,"Off Network e.g. Local Authority Road, Footpath",,Construction & Maintenance,,,Yes,,,,,Raining,,,Poor,Yes,,,Motor Bike,Incursion to seek information or benefit,0,0,0,0,,
27990,Near Miss,Minor or low potential impact,Not Entered,4/14/2017 12:43,2017,Apr,Fri,12:43,12:00,4/25/2017 8:39,"Off Network e.g. Local Authority Road, Footpath",,Construction & Maintenance,,,Yes,,,,,Clear,,,100%,No,,,Motor Bike,Incursion due to breakdown,0,0,0,0,,
27995,Near Miss,Minor or low potential impact,Not Entered,4/14/2017 14:09,2017,Apr,Fri,14:09,12:00,4/25/2017 10:08,"Off Network e.g. Local Authority Road, Footpath",,Construction & Maintenance,,,Yes,,,,,Clear,,,100%,No,,,Motor Bike,Incursion due to breakdown,0,0,0,0,,
27994,Near Miss,Minor or low potential impact,Not Entered,4/14/2017 14:09,2017,Apr,Fri,14:09,12:00,4/25/2017 9:53,"Off Network e.g. Local Authority Road, Footpath",,Construction & Maintenance,,,Yes,,,,,Clear,,,100%,No,,,Motor Bike,Incursion due to breakdown,0,0,0,0,,
27997,Near Miss,Minor or low potential impact,Not Entered,4/14/2017 20:05,2017,Apr,Fri,20:05,18:00,4/25/2017 13:37,"Off Network e.g. Local Authority Road, Footpath",,Construction & Maintenance,,,Yes,,,,,Clear,,,Non,No,,,Motor Bike,Incursion due to breakdown,0,0,0,0,,
27998,Near Miss,Minor or low potential impact,Not Entered,4/15/2017 7:45,2017,Apr,Sat,7:45,6:00,4/25/2017 13:50,"Off Network e.g. Local Authority Road, Footpath",,Construction & Maintenance,,,Yes,,,,,Clear,,,100%,No,,,Motor Bike,Incursion due to breakdown,0,0,0,0,,
27999,Near Miss,Minor or low potential impact,Not Entered,4/15/2017 19:08,2017,Apr,Sat,19:08,18:00,4/25/2017 15:07,"Off Network e.g. Local Authority Road, Footpath",,Construction & Maintenance,,,Yes,,,,,Clear,,,100%,No,,,Motor Bike,Incursion due to breakdown,0,0,0,0,,
28000,Near Miss,Minor or low potential impact,Not Entered,4/15/2017 21:25,2017,Apr,Sat,21:25,18:00,4/25/2017 15:15,"Off Network e.g. Local Authority Road, Footpath",,Construction & Maintenance,,,Yes,,,,,Clear,,,100%,No,,,Motor Bike,Incursion due to breakdown,0,0,0,0,,
28001,Near Miss,Minor or low potential impact,Not Entered,4/16/2017 11:06,2017,Apr,Sun,11:06,6:00,4/25/2017 15:37,"Off Network e.g. Local Authority Road, Footpath",,Construction & Maintenance,,,Yes,,,,,Clear,,,100%,No,,,Motor Bike,Incursion due to breakdown,0,0,0,0,,
28002,Near Miss,Minor or low potential impact,Not Entered,4/16/2017 17:58,2017,Apr,Sun,17:58,12:00,4/25/2017 15:46,"Off Network e.g. Local Authority Road, Footpath",,Construction & Maintenance,,,Yes,,,,,Raining,,,Poor,No,,,Motor Bike,Incursion due to breakdown,0,0,0,0,,
28003,Near Miss,Minor or low potential impact,Not Entered,4/16/2017 23:41,2017,Apr,Sun,23:41,18:00,4/25/2017 15:59,"Off Network e.g. Local Authority Road, Footpath",,Construction & Maintenance,,,Yes,,,,,Clear,,,Non,No,,,Motor Bike,Incursion due to breakdown,0,0,0,0,,
28004,Near Miss,Minor or low potential impact,Not Entered,4/17/2017 22:49,2017,Apr,Mon,22:49,18:00,4/25/2017 16:18,"Off Network e.g. Local Authority Road, Footpath",,Construction & Maintenance,,,Yes,,,,,Clear,,,Non,No,,,Motor Bike,Incursion due to breakdown,0,0,0,0,,
28005,Near Miss,Minor or low potential impact,Not Entered,4/18/2017 3:42,2017,Apr,Tue,3:42,0:00,4/25/2017 16:34,"Off Network e.g. Local Authority Road, Footpath",,Construction & Maintenance,,,Yes,,,,,Clear,,,Non,No,,,Motor Bike,Incursion due to breakdown,0,0,0,0,,
28006,Near Miss,Minor or low potential impact,Not Entered,4/18/2017 14:44,2017,Apr,Tue,14:44,12:00,4/26/2017 7:23,"Off Network e.g. Local Authority Road, Footpath",,Construction & Maintenance,,,Yes,,,,,Clear,,,100%,No,,,Motor Bike,Incursion due to breakdown,0,0,0,0,,
28007,Near Miss,Minor or low potential impact,Not Entered,4/18/2017 15:28,2017,Apr,Tue,15:28,12:00,4/26/2017 7:32,"Off Network e.g. Local Authority Road, Footpath",,Construction & Maintenance,,,Yes,,,,,Clear,,,100%,No,,,Motor Bike,Incursion due to breakdown,0,0,0,0,,
28008,Near Miss,Minor or low potential impact,Not Entered,4/19/2017 12:50,2017,Apr,Wed,12:50,12:00,4/26/2017 7:51,"Off Network e.g. Local Authority Road, Footpath",,Construction & Maintenance,,,Yes,,,,,Clear,,,100%,No,,,Motor Bike,Incursion due to breakdown,0,0,0,0,,
28010,Near Miss,Minor or low potential impact,Not Entered,4/20/2017 15:09,2017,Apr,Thu,15:09,12:00,4/26/2017 13:29,"Off Network e.g. Local Authority Road, Footpath",,Construction & Maintenance,,,Yes,,,,,Clear,,,100%,No,,,Motor Bike,Incursion due to breakdown,0,0,0,0,,
28011,Near Miss,Minor or low potential impact,Not Entered,4/20/2017 15:17,2017,Apr,Thu,15:17,12:00,4/26/2017 13:42,"Off Network e.g. Local Authority Road, Footpath",,Construction & Maintenance,,,Yes,,,,,Clear,,,100%,No,,,Motor Bike,Incursion due to breakdown,0,0,0,0,,