Event ID,Event Type ,Event Subtype,Type of Person,Date/Time of Event,Year,Month,Day of the Week,Time,Time interval (6 hours),Date/Time Reported,Location,Specific Location (include RCC Log no if relevant),Details of actual job being done at the time,Part of Body Affected,Injury Type,Was there a vehicle involved in this event?,Work related,Accident Type,Vehicle Motion,Who was Hit,Weather/Visibility,Surface Condition,Roadbed Grade,Lighting Conditions,Was A Police Report Filed?,Name of Law Enforcement Agency,Preventable,Type,Kind of Event,Expected Lost Workdays (Total),Actual Lost Workdays (Total),Expected Restricted Workdays (Total),Actual Restricted Workdays (Total),Return To Work Date,Sign Off 1
28013,Near Miss,Minor or low potential impact,Not Entered,4/21/2017 7:48,2017,Apr,Fri,7:48,6:00,4/26/2017 16:09,"Off Network e.g. Local Authority Road, Footpath",,Construction & Maintenance,,,Yes,,,,,Clear,,,100%,No,,,Motor Bike,Incursion due to breakdown,0,0,0,0,,
28014,Near Miss,Minor or low potential impact,Not Entered,4/21/2017 13:19,2017,Apr,Fri,13:19,12:00,4/26/2017 16:19,"Off Network e.g. Local Authority Road, Footpath",,Construction & Maintenance,,,Yes,,,,,Clear,,,100%,No,,,Motor Bike,Incursion due to breakdown,0,0,0,0,,
28016,Near Miss,Minor or low potential impact,Not Entered,4/21/2017 15:55,2017,Apr,Fri,15:55,12:00,4/26/2017 16:32,"Off Network e.g. Local Authority Road, Footpath",,Construction & Maintenance,,,Yes,,,,,Clear,,,100%,No,,,Motor Bike,Incursion due to breakdown,0,0,0,0,,
28019,Near Miss,Minor or low potential impact,Not Entered,4/21/2017 16:52,2017,Apr,Fri,16:52,12:00,4/27/2017 7:54,"Off Network e.g. Local Authority Road, Footpath",,Construction & Maintenance,,,Yes,,,,,Clear,,,100%,No,,,Motor Bike,Incursion due to breakdown,0,0,0,0,,
28020,Near Miss,Minor or low potential impact,Not Entered,4/21/2017 17:43,2017,Apr,Fri,17:43,12:00,4/27/2017 8:08,"Off Network e.g. Local Authority Road, Footpath",,Construction & Maintenance,,,Yes,,,,,Clear,,,100%,No,,,Motor Bike,Incursion due to breakdown,0,0,0,0,,
28021,Near Miss,Minor or low potential impact,Not Entered,4/21/2017 17:52,2017,Apr,Fri,17:52,12:00,4/27/2017 8:26,"Off Network e.g. Local Authority Road, Footpath",,Construction & Maintenance,,,Yes,,,,,Clear,,,100%,No,,,Motor Bike,Incursion due to breakdown,0,0,0,0,,
28022,Near Miss,Minor or low potential impact,Not Entered,4/21/2017 18:07,2017,Apr,Fri,18:07,18:00,4/27/2017 8:35,"Off Network e.g. Local Authority Road, Footpath",,Construction & Maintenance,,,Yes,,,,,Clear,,,100%,No,,,Motor Bike,Incursion due to breakdown,0,0,0,0,,
28023,Near Miss,Minor or low potential impact,Not Entered,4/21/2017 19:00,2017,Apr,Fri,19:00,18:00,4/27/2017 10:28,"Off Network e.g. Local Authority Road, Footpath",,Construction & Maintenance,,,Yes,,,,,Clear,,,100%,No,,,Motor Bike,Incursion due to breakdown,0,0,0,0,,
28026,Near Miss,Minor or low potential impact,Not Entered,4/22/2017 1:58,2017,Apr,Sat,1:58,0:00,4/27/2017 13:21,"Off Network e.g. Local Authority Road, Footpath",,Construction & Maintenance,,,Yes,,,,,Clear,,,Non,No,,,Motor Bike,Incursion due to breakdown,0,0,0,0,,
28027,Near Miss,Minor or low potential impact,Not Entered,4/22/2017 8:32,2017,Apr,Sat,8:32,6:00,4/27/2017 13:42,"Off Network e.g. Local Authority Road, Footpath",,Construction & Maintenance,,,Yes,,,,,Clear,,,100%,No,,,Motor Bike,Incursion due to breakdown,0,0,0,0,,
28030,Near Miss,Minor or low potential impact,Not Entered,4/22/2017 8:43,2017,Apr,Sat,8:43,6:00,4/27/2017 15:48,"Off Network e.g. Local Authority Road, Footpath",,Construction & Maintenance,,,Yes,,,,,Clear,,,100%,No,,,Motor Bike,Incursion due to breakdown,0,0,0,0,,
28031,Near Miss,Minor or low potential impact,Not Entered,4/22/2017 13:32,2017,Apr,Sat,13:32,12:00,4/27/2017 15:58,"Off Network e.g. Local Authority Road, Footpath",,Construction & Maintenance,,,Yes,,,,,Clear,,,100%,No,,,Motor Bike,Incursion due to breakdown,0,0,0,0,,
28032,Near Miss,Minor or low potential impact,Not Entered,4/22/2017 16:59,2017,Apr,Sat,16:59,12:00,4/27/2017 16:18,"Off Network e.g. Local Authority Road, Footpath",,Construction & Maintenance,,,Yes,,,,,Clear,,,100%,No,,,Motor Bike,Incursion due to breakdown,0,0,0,0,,
28033,Near Miss,Minor or low potential impact,Not Entered,4/22/2017 17:13,2017,Apr,Sat,17:13,12:00,4/27/2017 16:28,"Off Network e.g. Local Authority Road, Footpath",,Construction & Maintenance,,,Yes,,,,,Clear,,,100%,No,,,Motor Bike,Incursion due to breakdown,0,0,0,0,,
28034,Near Miss,Minor or low potential impact,Not Entered,4/23/2017 0:31,2017,Apr,Sun,0:31,0:00,4/27/2017 16:37,"Off Network e.g. Local Authority Road, Footpath",,Construction & Maintenance,,,Yes,,,,,Clear,,,Non,No,,,Motor Bike,Incursion due to breakdown,0,0,0,0,,
28042,Near Miss,Minor or low potential impact,Not Entered,4/23/2017 14:33,2017,Apr,Sun,14:33,12:00,5/2/2017 9:23,"Off Network e.g. Local Authority Road, Footpath",,Construction & Maintenance,,,Yes,,,,,Clear,,,100%,No,,,Motor Bike,Incursion due to breakdown,0,0,0,0,,
28043,Near Miss,Minor or low potential impact,Not Entered,4/23/2017 17:18,2017,Apr,Sun,17:18,12:00,5/2/2017 9:33,"Off Network e.g. Local Authority Road, Footpath",,Construction & Maintenance,,,Yes,,,,,Clear,,,100%,No,,,Motor Bike,Incursion due to breakdown,0,0,0,0,,
28044,Near Miss,Minor or low potential impact,Not Entered,4/24/2017 7:25,2017,Apr,Mon,7:25,6:00,5/2/2017 9:50,"Off Network e.g. Local Authority Road, Footpath",,Construction & Maintenance,,,Yes,,,,,Clear,,,100%,No,,,Motor Bike,Incursion due to breakdown,0,0,0,0,,
28045,Near Miss,Minor or low potential impact,Not Entered,4/24/2017 8:16,2017,Apr,Mon,8:16,6:00,5/2/2017 10:01,"Off Network e.g. Local Authority Road, Footpath",,Construction & Maintenance,,,Yes,,,,,Clear,,,100%,No,,,Motor Bike,Incursion due to breakdown,0,0,0,0,,
28048,Near Miss,Minor or low potential impact,Not Entered,4/24/2017 18:35,2017,Apr,Mon,18:35,18:00,5/2/2017 10:31,"Off Network e.g. Local Authority Road, Footpath",,Construction & Maintenance,,,Yes,,,,,Clear,,,100%,No,,,Motor Bike,Incursion unintentional - confused or follow in,0,0,0,0,,
28049,Near Miss,Minor or low potential impact,Not Entered,4/25/2017 7:15,2017,Apr,Tue,7:15,6:00,5/2/2017 10:49,"Off Network e.g. Local Authority Road, Footpath",,Construction & Maintenance,,,Yes,,,,,Clear,,,100%,No,,,Motor Bike,Incursion due to breakdown,0,0,0,0,,
28046,Near Miss,Minor or low potential impact,Not Entered,4/25/2017 17:15,2017,Apr,Tue,17:15,12:00,5/2/2017 10:10,"Off Network e.g. Local Authority Road, Footpath",,Construction & Maintenance,,,Yes,,,,,Clear,,,100%,No,,,Motor Bike,Incursion due to breakdown,0,0,0,0,,
28050,Near Miss,Minor or low potential impact,Not Entered,4/25/2017 17:33,2017,Apr,Tue,17:33,12:00,5/2/2017 11:00,"Off Network e.g. Local Authority Road, Footpath",,Construction & Maintenance,,,Yes,,,,,Clear,,,100%,No,,,Motor Bike,Incursion due to breakdown,0,0,0,0,,
28051,Near Miss,Minor or low potential impact,Not Entered,4/26/2017 11:12,2017,Apr,Wed,11:12,6:00,5/2/2017 11:52,"Off Network e.g. Local Authority Road, Footpath",,Construction & Maintenance,,,Yes,,,,,Clear,,,100%,No,,,Motor Bike,Incursion due to breakdown,0,0,0,0,,
28052,Near Miss,Minor or low potential impact,Not Entered,4/26/2017 12:26,2017,Apr,Wed,12:26,12:00,5/2/2017 12:01,"Off Network e.g. Local Authority Road, Footpath",,Construction & Maintenance,,,Yes,,,,,Clear,,,100%,No,,,Motor Bike,Incursion due to breakdown,0,0,0,0,,
28054,Near Miss,Minor or low potential impact,Not Entered,4/26/2017 13:20,2017,Apr,Wed,13:20,12:00,5/2/2017 12:38,"Off Network e.g. Local Authority Road, Footpath",,Construction & Maintenance,,,Yes,,,,,Clear,,,100%,No,,,Motor Bike,Incursion unintentional - confused or follow in,0,0,0,0,,
28053,Near Miss,Minor or low potential impact,Not Entered,4/26/2017 16:28,2017,Apr,Wed,16:28,12:00,5/2/2017 12:10,"Off Network e.g. Local Authority Road, Footpath",,Construction & Maintenance,,,Yes,,,,,Clear,,,100%,No,,,Motor Bike,Incursion due to breakdown,0,0,0,0,,
28055,Near Miss,Minor or low potential impact,Not Entered,4/27/2017 9:33,2017,Apr,Thu,9:33,6:00,5/2/2017 13:09,"Off Network e.g. Local Authority Road, Footpath",,Construction & Maintenance,,,Yes,,,,,Clear,,,100%,No,,,Motor Bike,Incursion due to breakdown,0,0,0,0,,
28056,Near Miss,Minor or low potential impact,Not Entered,4/27/2017 9:56,2017,Apr,Thu,9:56,6:00,5/2/2017 13:21,"Off Network e.g. Local Authority Road, Footpath",,Construction & Maintenance,,,Yes,,,,,Clear,,,100%,No,,,Motor Bike,Incursion due to breakdown,0,0,0,0,,
28057,Near Miss,Minor or low potential impact,Not Entered,4/27/2017 11:16,2017,Apr,Thu,11:16,6:00,5/2/2017 13:41,"Off Network e.g. Local Authority Road, Footpath",,Construction & Maintenance,,,Yes,,,,,Clear,,,100%,No,,,Motor Bike,Incursion due to breakdown,0,0,0,0,,
28058,Near Miss,Minor or low potential impact,Not Entered,4/27/2017 13:47,2017,Apr,Thu,13:47,12:00,5/2/2017 14:09,"Off Network e.g. Local Authority Road, Footpath",,Construction & Maintenance,,,Yes,,,,,Clear,,,100%,No,,,Motor Bike,Incursion due to breakdown,0,0,0,0,,
28059,Near Miss,Minor or low potential impact,Not Entered,4/27/2017 18:46,2017,Apr,Thu,18:46,18:00,5/2/2017 14:18,"Off Network e.g. Local Authority Road, Footpath",,Construction & Maintenance,,,Yes,,,,,Clear,,,100%,No,,,Motor Bike,Incursion due to breakdown,0,0,0,0,,
28061,Near Miss,Minor or low potential impact,Not Entered,4/27/2017 19:10,2017,Apr,Thu,19:10,18:00,5/2/2017 14:47,"Off Network e.g. Local Authority Road, Footpath",,Construction & Maintenance,,,Yes,,,,,Clear,,,100%,No,,,Motor Bike,Incursion due to breakdown,0,0,0,0,,
28060,Near Miss,Minor or low potential impact,Not Entered,4/27/2017 19:15,2017,Apr,Thu,19:15,18:00,5/2/2017 14:37,"Off Network e.g. Local Authority Road, Footpath",,Construction & Maintenance,,,Yes,,,,,Clear,,,100%,No,,,Motor Bike,Incursion due to breakdown,0,0,0,0,,
28062,Near Miss,Minor or low potential impact,Not Entered,4/28/2017 1:56,2017,Apr,Fri,1:56,0:00,5/2/2017 14:57,"Off Network e.g. Local Authority Road, Footpath",,Construction & Maintenance,,,Yes,,,,,Clear,,,Non,No,,,Motor Bike,Incursion due to breakdown,0,0,0,0,,
28065,Near Miss,Minor or low potential impact,Not Entered,4/28/2017 10:57,2017,Apr,Fri,10:57,6:00,5/3/2017 13:13,"Off Network e.g. Local Authority Road, Footpath",,Construction & Maintenance,,,Yes,,,,,Clear,,,100%,No,,,Motor Bike,Incursion due to breakdown,0,0,0,0,,
28066,Near Miss,Minor or low potential impact,Not Entered,4/28/2017 19:41,2017,Apr,Fri,19:41,18:00,5/3/2017 13:32,"Off Network e.g. Local Authority Road, Footpath",,Construction & Maintenance,,,Yes,,,,,Clear,,,100%,No,,,Motor Bike,Incursion due to breakdown,0,0,0,0,,
28070,Near Miss,Minor or low potential impact,Not Entered,4/29/2017 8:05,2017,Apr,Sat,8:05,6:00,5/3/2017 15:12,"Off Network e.g. Local Authority Road, Footpath",,Construction & Maintenance,,,Yes,,,,,Clear,,,100%,No,,,Motor Bike,Incursion due to breakdown,0,0,0,0,,
28071,Near Miss,Minor or low potential impact,Not Entered,4/29/2017 10:19,2017,Apr,Sat,10:19,6:00,5/3/2017 15:20,"Off Network e.g. Local Authority Road, Footpath",,Construction & Maintenance,,,Yes,,,,,Clear,,,100%,No,,,Motor Bike,Incursion due to breakdown,0,0,0,0,,
28072,Near Miss,Minor or low potential impact,Not Entered,4/29/2017 12:43,2017,Apr,Sat,12:43,12:00,5/3/2017 15:33,"Off Network e.g. Local Authority Road, Footpath",,Construction & Maintenance,,,Yes,,,,,Clear,,,100%,No,,,Motor Bike,Incursion due to breakdown,0,0,0,0,,
28074,Near Miss,Minor or low potential impact,Not Entered,4/29/2017 16:19,2017,Apr,Sat,16:19,12:00,5/3/2017 15:42,"Off Network e.g. Local Authority Road, Footpath",,Construction & Maintenance,,,Yes,,,,,Clear,,,100%,No,,,Motor Bike,Incursion due to breakdown,0,0,0,0,,
28076,Near Miss,Minor or low potential impact,Not Entered,4/30/2017 13:23,2017,Apr,Sun,13:23,12:00,5/3/2017 16:16,"Off Network e.g. Local Authority Road, Footpath",,Construction & Maintenance,,,Yes,,,,,Clear,,,100%,No,,,Motor Bike,Incursion unintentional - confused or follow in,0,0,0,0,,
28086,Near Miss,Minor or low potential impact,Not Entered,5/1/2017 7:54,2017,May,Mon,7:54,6:00,5/4/2017 12:36,"Off Network e.g. Local Authority Road, Footpath",,Construction & Maintenance,,,Yes,,,,,Clear,,,100%,No,,,Motor Bike,Incursion due to breakdown,0,0,0,0,,
28087,Near Miss,Minor or low potential impact,Not Entered,5/1/2017 11:00,2017,May,Mon,11:00,6:00,5/4/2017 12:46,"Off Network e.g. Local Authority Road, Footpath",,Construction & Maintenance,,,Yes,,,,,Clear,,,100%,No,,,Motor Bike,Incursion due to breakdown,0,0,0,0,,
28088,Near Miss,Minor or low potential impact,Not Entered,5/1/2017 14:41,2017,May,Mon,14:41,12:00,5/4/2017 13:07,"Off Network e.g. Local Authority Road, Footpath",,Construction & Maintenance,,,Yes,,,,,Clear,,,100%,No,,,Motor Bike,Incursion due to breakdown,0,0,0,0,,
28089,Near Miss,Minor or low potential impact,Not Entered,5/1/2017 18:55,2017,May,Mon,18:55,18:00,5/4/2017 13:17,"Off Network e.g. Local Authority Road, Footpath",,Construction & Maintenance,,,Yes,,,,,Clear,,,100%,No,,,Motor Bike,Incursion due to breakdown,0,0,0,0,,
28090,Near Miss,Minor or low potential impact,Not Entered,5/3/2017 23:40,2017,May,Wed,23:40,18:00,5/4/2017 13:26,"Off Network e.g. Local Authority Road, Footpath",,Construction & Maintenance,,,Yes,,,,,Clear,,,100%,No,,,Motor Bike,Incursion due to breakdown,0,0,0,0,,
28098,Near Miss,Minor or low potential impact,Not Entered,5/4/2017 9:17,2017,May,Thu,9:17,6:00,5/8/2017 8:16,"Off Network e.g. Local Authority Road, Footpath",,Construction & Maintenance,,,Yes,,,,,Clear,,,100%,No,,,Motor Bike,Incursion due to breakdown,0,0,0,0,,
28104,Near Miss,Minor or low potential impact,Not Entered,5/4/2017 17:05,2017,May,Thu,17:05,12:00,5/8/2017 14:17,"Off Network e.g. Local Authority Road, Footpath",,Construction & Maintenance,,,Yes,,,,,Clear,,,100%,No,,,Motor Bike,Incursion due to breakdown,0,0,0,0,,
28105,Near Miss,Minor or low potential impact,Not Entered,5/5/2017 4:58,2017,May,Fri,4:58,0:00,5/8/2017 14:25,"Off Network e.g. Local Authority Road, Footpath",,Construction & Maintenance,,,Yes,,,,,Clear,,,Non,No,,,Motor Bike,Incursion due to breakdown,0,0,0,0,,
28106,Near Miss,Minor or low potential impact,Not Entered,5/5/2017 16:58,2017,May,Fri,16:58,12:00,5/8/2017 14:35,"Off Network e.g. Local Authority Road, Footpath",,Construction & Maintenance,,,Yes,,,,,Clear,,,100%,No,,,Motor Bike,Incursion due to breakdown,0,0,0,0,,
28107,Near Miss,Minor or low potential impact,Not Entered,5/6/2017 11:40,2017,May,Sat,11:40,6:00,5/8/2017 14:44,"Off Network e.g. Local Authority Road, Footpath",,Construction & Maintenance,,,Yes,,,,,Clear,,,100%,No,,,Motor Bike,Incursion due to breakdown,0,0,0,0,,
28108,Near Miss,Minor or low potential impact,Not Entered,5/7/2017 12:31,2017,May,Sun,12:31,12:00,5/8/2017 14:59,"Off Network e.g. Local Authority Road, Footpath",,Construction & Maintenance,,,Yes,,,,,Clear,,,100%,No,,,Motor Bike,Incursion due to breakdown,0,0,0,0,,
28109,Near Miss,Minor or low potential impact,Not Entered,5/7/2017 17:49,2017,May,Sun,17:49,12:00,5/8/2017 15:08,"Off Network e.g. Local Authority Road, Footpath",,Construction & Maintenance,,,Yes,,,,,Clear,,,100%,No,,,Motor Bike,Incursion due to breakdown,0,0,0,0,,
28110,Near Miss,Minor or low potential impact,Not Entered,5/7/2017 17:50,2017,May,Sun,17:50,12:00,5/8/2017 15:24,"Off Network e.g. Local Authority Road, Footpath",,Construction & Maintenance,,,Yes,,,,,Clear,,,100%,No,,,Motor Bike,Incursion due to breakdown,0,0,0,0,,
28112,Near Miss,Minor or low potential impact,Not Entered,5/7/2017 18:44,2017,May,Sun,18:44,18:00,5/8/2017 15:46,"Off Network e.g. Local Authority Road, Footpath",,Construction & Maintenance,,,Yes,,,,,Clear,,,100%,No,,,Motor Bike,Incursion due to breakdown,0,0,0,0,,
28113,Near Miss,Minor or low potential impact,Not Entered,5/7/2017 18:49,2017,May,Sun,18:49,18:00,5/8/2017 15:54,"Off Network e.g. Local Authority Road, Footpath",,Construction & Maintenance,,,Yes,,,,,Clear,,,100%,No,,,Motor Bike,Incursion due to breakdown,0,0,0,0,,
28115,Near Miss,Minor or low potential impact,Not Entered,5/8/2017 0:05,2017,May,Mon,0:05,0:00,5/8/2017 16:01,"Off Network e.g. Local Authority Road, Footpath",,Construction & Maintenance,,,Yes,,,,,Clear,,,Non,No,,,Motor Bike,Incursion due to breakdown,0,0,0,0,,
28118,Near Miss,Minor or low potential impact,Not Entered,5/8/2017 10:48,2017,May,Mon,10:48,6:00,5/9/2017 12:30,"Off Network e.g. Local Authority Road, Footpath",,Construction & Maintenance,,,Yes,,,,,Clear,,,100%,No,,,Motor Bike,Incursion due to breakdown,0,0,0,0,,
28119,Near Miss,Minor or low potential impact,Not Entered,5/8/2017 22:59,2017,May,Mon,22:59,18:00,5/9/2017 12:39,"Off Network e.g. Local Authority Road, Footpath",,Construction & Maintenance,,,Yes,,,,,Clear,,,Non,No,,,Motor Bike,Incursion due to breakdown,0,0,0,0,,
28125,Near Miss,Minor or low potential impact,Not Entered,5/9/2017 18:12,2017,May,Tue,18:12,18:00,5/10/2017 15:24,"Off Network e.g. Local Authority Road, Footpath",,Construction & Maintenance,,,Yes,,,,,Clear,,,100%,No,,,Motor Bike,Incursion due to breakdown,0,0,0,0,,
28131,Near Miss,Minor or low potential impact,Not Entered,5/10/2017 9:48,2017,May,Wed,9:48,6:00,5/11/2017 14:53,"Off Network e.g. Local Authority Road, Footpath",,Construction & Maintenance,,,Yes,,,,,Clear,,,100%,No,,,Motor Bike,Incursion due to breakdown,0,0,0,0,,
28132,Near Miss,Minor or low potential impact,Not Entered,5/10/2017 13:23,2017,May,Wed,13:23,12:00,5/11/2017 15:16,"Off Network e.g. Local Authority Road, Footpath",,Construction & Maintenance,,,Yes,,,,,Clear,,,100%,No,,,Motor Bike,Incursion due to breakdown,0,0,0,0,,
28134,Near Miss,Minor or low potential impact,Not Entered,5/10/2017 14:30,2017,May,Wed,14:30,12:00,5/11/2017 15:28,"Off Network e.g. Local Authority Road, Footpath",,Construction & Maintenance,,,Yes,,,,,Clear,,,100%,No,,,Motor Bike,Incursion due to breakdown,0,0,0,0,,
28135,Near Miss,Minor or low potential impact,Not Entered,5/10/2017 16:31,2017,May,Wed,16:31,12:00,5/11/2017 15:45,"Off Network e.g. Local Authority Road, Footpath",,Construction & Maintenance,,,Yes,,,,,Clear,,,100%,No,,,Motor Bike,Incursion due to breakdown,0,0,0,0,,
28136,Near Miss,Minor or low potential impact,Not Entered,5/11/2017 2:15,2017,May,Thu,2:15,0:00,5/11/2017 15:55,"Off Network e.g. Local Authority Road, Footpath",,Construction & Maintenance,,,Yes,,,,,Clear,,,100%,No,,,Motor Bike,Incursion due to breakdown,0,0,0,0,,
28145,Near Miss,Minor or low potential impact,Not Entered,5/11/2017 10:34,2017,May,Thu,10:34,6:00,5/15/2017 14:21,"Off Network e.g. Local Authority Road, Footpath",,Construction & Maintenance,,,Yes,,,,,Clear,,,100%,No,,,Motor Bike,Incursion due to breakdown,0,0,0,0,,
28146,Near Miss,Minor or low potential impact,Not Entered,5/11/2017 15:21,2017,May,Thu,15:21,12:00,5/15/2017 14:32,"Off Network e.g. Local Authority Road, Footpath",,Construction & Maintenance,,,Yes,,,,,Clear,,,100%,No,,,Motor Bike,Incursion due to breakdown,0,0,0,0,,
28147,Near Miss,Minor or low potential impact,Not Entered,5/11/2017 17:08,2017,May,Thu,17:08,12:00,5/15/2017 15:28,"Off Network e.g. Local Authority Road, Footpath",,Construction & Maintenance,,,Yes,,,,,Clear,,,100%,No,,,Motor Bike,Incursion due to breakdown,0,0,0,0,,
28148,Near Miss,Minor or low potential impact,Not Entered,5/11/2017 17:24,2017,May,Thu,17:24,12:00,5/15/2017 15:37,"Off Network e.g. Local Authority Road, Footpath",,Construction & Maintenance,,,Yes,,,,,Clear,,,100%,No,,,Motor Bike,Incursion due to breakdown,0,0,0,0,,
28149,Near Miss,Minor or low potential impact,Not Entered,5/11/2017 17:26,2017,May,Thu,17:26,12:00,5/15/2017 15:47,"Off Network e.g. Local Authority Road, Footpath",,Construction & Maintenance,,,Yes,,,,,Clear,,,100%,No,,,Motor Bike,Incursion due to breakdown,0,0,0,0,,
28150,Near Miss,Minor or low potential impact,Not Entered,5/12/2017 13:30,2017,May,Fri,13:30,12:00,5/15/2017 16:00,"Off Network e.g. Local Authority Road, Footpath",,Construction & Maintenance,,,Yes,,,,,Raining,,,Poor,No,,,Motor Bike,Incursion due to breakdown,0,0,0,0,,
28158,Near Miss,Minor or low potential impact,Not Entered,5/12/2017 15:12,2017,May,Fri,15:12,12:00,5/16/2017 10:38,"Off Network e.g. Local Authority Road, Footpath",,Construction & Maintenance,,,Yes,,,,,Clear,,,100%,No,,,Motor Bike,Incursion due to breakdown,0,0,0,0,,
28160,Near Miss,Minor or low potential impact,Not Entered,5/12/2017 15:44,2017,May,Fri,15:44,12:00,5/16/2017 13:25,"Off Network e.g. Local Authority Road, Footpath",,Construction & Maintenance,,,Yes,,,,,Clear,,,100%,No,,,Motor Bike,Incursion due to breakdown,0,0,0,0,,
28162,Near Miss,Minor or low potential impact,Not Entered,5/13/2017 12:26,2017,May,Sat,12:26,12:00,5/16/2017 13:34,"Off Network e.g. Local Authority Road, Footpath",,Construction & Maintenance,,,Yes,,,,,Clear,,,100%,No,,,Motor Bike,Incursion due to breakdown,0,0,0,0,,
28163,Near Miss,Minor or low potential impact,Not Entered,5/13/2017 13:03,2017,May,Sat,13:03,12:00,5/16/2017 13:45,"Off Network e.g. Local Authority Road, Footpath",,Construction & Maintenance,,,Yes,,,,,Clear,,,100%,No,,,Motor Bike,Incursion due to breakdown,0,0,0,0,,
28164,Near Miss,Minor or low potential impact,Not Entered,5/14/2017 4:30,2017,May,Sun,4:30,0:00,5/16/2017 14:00,"Off Network e.g. Local Authority Road, Footpath",,Construction & Maintenance,,,Yes,,,,,Raining,,,Poor,No,,,Motor Bike,Incursion due to breakdown,0,0,0,0,,
28165,Near Miss,Minor or low potential impact,Not Entered,5/14/2017 9:18,2017,May,Sun,9:18,6:00,5/16/2017 14:11,"Off Network e.g. Local Authority Road, Footpath",,Construction & Maintenance,,,Yes,,,,,Clear,,,100%,No,,,Motor Bike,Incursion due to breakdown,0,0,0,0,,
28166,Near Miss,Minor or low potential impact,Not Entered,5/14/2017 10:49,2017,May,Sun,10:49,6:00,5/16/2017 14:20,"Off Network e.g. Local Authority Road, Footpath",,Construction & Maintenance,,,Yes,,,,,Clear,,,100%,No,,,Motor Bike,Incursion due to breakdown,0,0,0,0,,
28167,Near Miss,Minor or low potential impact,Not Entered,5/14/2017 13:50,2017,May,Sun,13:50,12:00,5/16/2017 14:29,"Off Network e.g. Local Authority Road, Footpath",,Construction & Maintenance,,,Yes,,,,,Windy,,,100%,No,,,Motor Bike,Incursion due to breakdown,0,0,0,0,,
28168,Near Miss,Minor or low potential impact,Not Entered,5/14/2017 20:31,2017,May,Sun,20:31,18:00,5/16/2017 14:47,"Off Network e.g. Local Authority Road, Footpath",,Construction & Maintenance,,,Yes,,,,,Clear,,,100%,No,,,Motor Bike,Incursion due to breakdown,0,0,0,0,,
28170,Near Miss,Minor or low potential impact,Not Entered,5/15/2017 8:17,2017,May,Mon,8:17,6:00,5/16/2017 15:18,"Off Network e.g. Local Authority Road, Footpath",,Construction & Maintenance,,,Yes,,,,,Raining,,,Poor,No,,,Motor Bike,Incursion due to breakdown,0,0,0,0,,
28171,Near Miss,Minor or low potential impact,Not Entered,5/15/2017 19:11,2017,May,Mon,19:11,18:00,5/16/2017 15:30,"Off Network e.g. Local Authority Road, Footpath",,Construction & Maintenance,,,Yes,,,,,Clear,,,100%,No,,,Motor Bike,Incursion to seek information or benefit,0,0,0,0,,
28177,Near Miss,Minor or low potential impact,Not Entered,5/16/2017 7:44,2017,May,Tue,7:44,6:00,5/17/2017 9:39,"Off Network e.g. Local Authority Road, Footpath",,Construction & Maintenance,,,Yes,,,,,Raining,,,Poor,No,,,Motor Bike,Incursion due to breakdown,0,0,0,0,,
28180,Near Miss,Minor or low potential impact,Not Entered,5/16/2017 8:40,2017,May,Tue,8:40,6:00,5/17/2017 12:05,"Off Network e.g. Local Authority Road, Footpath",,Construction & Maintenance,,,Yes,,,,,Raining,,,Poor,No,,,Motor Bike,Incursion due to breakdown,0,0,0,0,,
28181,Near Miss,Minor or low potential impact,Not Entered,5/17/2017 0:32,2017,May,Wed,0:32,0:00,5/17/2017 12:15,"Off Network e.g. Local Authority Road, Footpath",,Construction & Maintenance,,,Yes,,,,,Clear,,,Non,No,,,Motor Bike,Incursion due to breakdown,0,0,0,0,,
28189,Near Miss,Minor or low potential impact,Not Entered,5/17/2017 10:21,2017,May,Wed,10:21,6:00,5/18/2017 11:22,"Off Network e.g. Local Authority Road, Footpath",,Construction & Maintenance,,,Yes,,,,,Clear,,,100%,No,,,Motor Bike,Incursion due to breakdown,0,0,0,0,,
28190,Near Miss,Minor or low potential impact,Not Entered,5/17/2017 12:15,2017,May,Wed,12:15,12:00,5/18/2017 11:36,"Off Network e.g. Local Authority Road, Footpath",,Construction & Maintenance,,,Yes,,,,,Clear,,,100%,No,,,Motor Bike,Incursion due to breakdown,0,0,0,0,,