Event ID,Event Type ,Event Subtype,Type of Person,Date/Time of Event,Year,Month,Day of the Week,Time,Time interval (6 hours),Date/Time Reported,Location,Specific Location (include RCC Log no if relevant),Details of actual job being done at the time,Part of Body Affected,Injury Type,Was there a vehicle involved in this event?,Work related,Accident Type,Vehicle Motion,Who was Hit,Weather/Visibility,Surface Condition,Roadbed Grade,Lighting Conditions,Was A Police Report Filed?,Name of Law Enforcement Agency,Preventable,Type,Kind of Event,Expected Lost Workdays (Total),Actual Lost Workdays (Total),Expected Restricted Workdays (Total),Actual Restricted Workdays (Total),Return To Work Date,Sign Off 1
28191,Near Miss,Minor or low potential impact,Not Entered,5/17/2017 17:47,2017,May,Wed,17:47,12:00,5/18/2017 12:14,"Off Network e.g. Local Authority Road, Footpath",,Construction & Maintenance,,,Yes,,,,,Raining,,,Poor,No,,,Motor Bike,Incursion to seek information or benefit,0,0,0,0,,
28202,Near Miss,Minor or low potential impact,Not Entered,5/18/2017 10:28,2017,May,Thu,10:28,6:00,5/22/2017 14:21,"Off Network e.g. Local Authority Road, Footpath",,Construction & Maintenance,,,Yes,,,,,Clear,,,100%,No,,,Motor Bike,Incursion due to breakdown,0,0,0,0,,
28203,Near Miss,Minor or low potential impact,Not Entered,5/19/2017 13:21,2017,May,Fri,13:21,12:00,5/22/2017 14:30,"Off Network e.g. Local Authority Road, Footpath",,Construction & Maintenance,,,Yes,,,,,Clear,,,100%,No,,,Motor Bike,Incursion due to breakdown,0,0,0,0,,
28204,Near Miss,Minor or low potential impact,Not Entered,5/19/2017 16:00,2017,May,Fri,16:00,12:00,5/22/2017 14:39,"Off Network e.g. Local Authority Road, Footpath",,Construction & Maintenance,,,Yes,,,,,Clear,,,100%,No,,,Motor Bike,Incursion due to breakdown,0,0,0,0,,
28205,Near Miss,Minor or low potential impact,Not Entered,5/20/2017 13:42,2017,May,Sat,13:42,12:00,5/22/2017 14:50,"Off Network e.g. Local Authority Road, Footpath",,Construction & Maintenance,,,Yes,,,,,Raining,,,Poor,No,,,Motor Bike,Incursion due to breakdown,0,0,0,0,,
28206,Near Miss,Minor or low potential impact,Not Entered,5/20/2017 13:56,2017,May,Sat,13:56,12:00,5/22/2017 15:26,"Off Network e.g. Local Authority Road, Footpath",,Construction & Maintenance,,,Yes,,,,,Storm,,,Poor,No,,,Motor Bike,Incursion due to breakdown,0,0,0,0,,
28220,Near Miss,Minor or low potential impact,Not Entered,5/20/2017 14:29,2017,May,Sat,14:29,12:00,5/23/2017 9:30,"Off Network e.g. Local Authority Road, Footpath",,Construction & Maintenance,,,Yes,,,,,Raining,,,Poor,No,,,Motor Bike,Incursion due to breakdown,0,0,0,0,,
28221,Near Miss,Minor or low potential impact,Not Entered,5/20/2017 14:44,2017,May,Sat,14:44,12:00,5/23/2017 9:52,"Off Network e.g. Local Authority Road, Footpath",,Construction & Maintenance,,,Yes,,,,,Raining,,,Poor,No,,,Motor Bike,Incursion due to breakdown,0,0,0,0,,
28222,Near Miss,Minor or low potential impact,Not Entered,5/20/2017 15:26,2017,May,Sat,15:26,12:00,5/23/2017 10:15,"Off Network e.g. Local Authority Road, Footpath",,Construction & Maintenance,,,Yes,,,,,Clear,,,100%,No,,,Motor Bike,Incursion due to breakdown,0,0,0,0,,
28223,Near Miss,Minor or low potential impact,Not Entered,5/21/2017 12:09,2017,May,Sun,12:09,12:00,5/23/2017 10:27,"Off Network e.g. Local Authority Road, Footpath",,Construction & Maintenance,,,Yes,,,,,Clear,,,100%,No,,,Motor Bike,Incursion due to breakdown,0,0,0,0,,
28224,Near Miss,Minor or low potential impact,Not Entered,5/21/2017 14:40,2017,May,Sun,14:40,12:00,5/23/2017 12:44,"Off Network e.g. Local Authority Road, Footpath",,Construction & Maintenance,,,Yes,,,,,Clear,,,100%,No,,,Motor Bike,Incursion due to breakdown,0,0,0,0,,
28226,Near Miss,Minor or low potential impact,Not Entered,5/21/2017 16:38,2017,May,Sun,16:38,12:00,5/23/2017 12:58,"Off Network e.g. Local Authority Road, Footpath",,Construction & Maintenance,,,Yes,,,,,Clear,,,100%,No,,,Motor Bike,Incursion due to breakdown,0,0,0,0,,
28227,Near Miss,Minor or low potential impact,Not Entered,5/21/2017 20:35,2017,May,Sun,20:35,18:00,5/23/2017 13:30,"Off Network e.g. Local Authority Road, Footpath",,Construction & Maintenance,,,Yes,,,,,Clear,,,100%,No,,,Motor Bike,Incursion due to breakdown,0,0,0,0,,
28228,Near Miss,Minor or low potential impact,Not Entered,5/21/2017 20:36,2017,May,Sun,20:36,18:00,5/23/2017 13:43,"Off Network e.g. Local Authority Road, Footpath",,Construction & Maintenance,,,Yes,,,,,Clear,,,100%,No,,,Motor Bike,Incursion due to breakdown,0,0,0,0,,
28229,Near Miss,Minor or low potential impact,Not Entered,5/21/2017 20:54,2017,May,Sun,20:54,18:00,5/23/2017 14:00,"Off Network e.g. Local Authority Road, Footpath",,Construction & Maintenance,,,Yes,,,,,Clear,,,Non,No,,,Motor Bike,Incursion due to breakdown,0,0,0,0,,
28230,Near Miss,Minor or low potential impact,Not Entered,5/21/2017 21:25,2017,May,Sun,21:25,18:00,5/23/2017 14:21,"Off Network e.g. Local Authority Road, Footpath",,Construction & Maintenance,,,Yes,,,,,Clear,,,Non,No,,,Motor Bike,Incursion due to breakdown,0,0,0,0,,
28235,Near Miss,Minor or low potential impact,Not Entered,5/21/2017 23:04,2017,May,Sun,23:04,18:00,5/23/2017 15:07,"Off Network e.g. Local Authority Road, Footpath",,Construction & Maintenance,,,Yes,,,,,Clear,,,Non,No,,,Motor Bike,Incursion due to breakdown,0,0,0,0,,
28236,Near Miss,Minor or low potential impact,Not Entered,5/21/2017 23:44,2017,May,Sun,23:44,18:00,5/23/2017 15:19,"Off Network e.g. Local Authority Road, Footpath",,Construction & Maintenance,,,Yes,,,,,Clear,,,Non,No,,,Motor Bike,Incursion due to breakdown,0,0,0,0,,
28237,Near Miss,Minor or low potential impact,Not Entered,5/22/2017 6:36,2017,May,Mon,6:36,6:00,5/24/2017 8:25,"Off Network e.g. Local Authority Road, Footpath",,Construction & Maintenance,,,Yes,,,,,Clear,,,100%,No,,,Motor Bike,Incursion due to breakdown,0,0,0,0,,
28241,Near Miss,Minor or low potential impact,Not Entered,5/22/2017 7:38,2017,May,Mon,7:38,6:00,5/24/2017 11:59,"Off Network e.g. Local Authority Road, Footpath",,Construction & Maintenance,,,Yes,,,,,Clear,,,100%,No,,,Motor Bike,Incursion due to breakdown,0,0,0,0,,
28242,Near Miss,Minor or low potential impact,Not Entered,5/22/2017 7:39,2017,May,Mon,7:39,6:00,5/24/2017 12:08,"Off Network e.g. Local Authority Road, Footpath",,Construction & Maintenance,,,Yes,,,,,Clear,,,100%,No,,,Motor Bike,Incursion due to breakdown,0,0,0,0,,
28243,Near Miss,Minor or low potential impact,Not Entered,5/22/2017 10:46,2017,May,Mon,10:46,6:00,5/24/2017 12:41,"Off Network e.g. Local Authority Road, Footpath",,Construction & Maintenance,,,Yes,,,,,Clear,,,100%,No,,,Motor Bike,Incursion due to breakdown,0,0,0,0,,
28244,Near Miss,Minor or low potential impact,Not Entered,5/22/2017 11:34,2017,May,Mon,11:34,6:00,5/24/2017 12:53,"Off Network e.g. Local Authority Road, Footpath",,Construction & Maintenance,,,Yes,,,,,Clear,,,100%,No,,,Motor Bike,Incursion due to breakdown,0,0,0,0,,
28245,Near Miss,Minor or low potential impact,Not Entered,5/22/2017 14:29,2017,May,Mon,14:29,12:00,5/24/2017 13:08,"Off Network e.g. Local Authority Road, Footpath",,Construction & Maintenance,,,Yes,,,,,Clear,,,100%,No,,,Motor Bike,Incursion due to breakdown,0,0,0,0,,
28250,Near Miss,Minor or low potential impact,Not Entered,5/23/2017 12:33,2017,May,Tue,12:33,12:00,5/25/2017 9:32,"Off Network e.g. Local Authority Road, Footpath",,Construction & Maintenance,,,Yes,,,,,Clear,,,100%,No,,,Motor Bike,Incursion due to breakdown,0,0,0,0,,
28251,Near Miss,Minor or low potential impact,Not Entered,5/23/2017 14:27,2017,May,Tue,14:27,12:00,5/25/2017 9:45,"Off Network e.g. Local Authority Road, Footpath",,Construction & Maintenance,,,Yes,,,,,Clear,,,100%,No,,,Motor Bike,Incursion due to breakdown,0,0,0,0,,
28252,Near Miss,Minor or low potential impact,Not Entered,5/24/2017 22:47,2017,May,Wed,22:47,18:00,5/25/2017 10:31,"Off Network e.g. Local Authority Road, Footpath",,Construction & Maintenance,,,Yes,,,,,Clear,,,100%,No,,,Motor Bike,Incursion due to breakdown,0,0,0,0,,
29274,Near Miss,Minor or low potential impact,Not Entered,5/25/2017 7:45,2017,May,Thu,7:45,6:00,5/30/2017 11:38,"Off Network e.g. Local Authority Road, Footpath",,Construction & Maintenance,,,Yes,,,,,Clear,,,100%,No,,,Motor Bike,Incursion due to breakdown,0,0,0,0,,
29275,Near Miss,Minor or low potential impact,Not Entered,5/25/2017 9:45,2017,May,Thu,9:45,6:00,5/30/2017 11:55,"Off Network e.g. Local Authority Road, Footpath",,Construction & Maintenance,,,Yes,,,,,Clear,,,100%,No,,,Motor Bike,Incursion due to breakdown,0,0,0,0,,
29276,Near Miss,Minor or low potential impact,Not Entered,5/25/2017 13:48,2017,May,Thu,13:48,12:00,5/30/2017 13:05,"Off Network e.g. Local Authority Road, Footpath",,Construction & Maintenance,,,Yes,,,,,Clear,,,100%,No,,,Motor Bike,Incursion due to breakdown,0,0,0,0,,
29277,Near Miss,Minor or low potential impact,Not Entered,5/25/2017 18:31,2017,May,Thu,18:31,18:00,5/30/2017 13:13,"Off Network e.g. Local Authority Road, Footpath",,Construction & Maintenance,,,Yes,,,,,Clear,,,100%,No,,,Motor Bike,Incursion due to breakdown,0,0,0,0,,
29278,Near Miss,Minor or low potential impact,Not Entered,5/25/2017 19:25,2017,May,Thu,19:25,18:00,5/30/2017 13:20,"Off Network e.g. Local Authority Road, Footpath",,Construction & Maintenance,,,Yes,,,,,Clear,,,100%,No,,,Motor Bike,Incursion due to breakdown,0,0,0,0,,
29279,Near Miss,Minor or low potential impact,Not Entered,5/25/2017 20:58,2017,May,Thu,20:58,18:00,5/30/2017 13:40,"Off Network e.g. Local Authority Road, Footpath",,Construction & Maintenance,,,Yes,,,,,Clear,,,100%,No,,,Motor Bike,Incursion due to breakdown,0,0,0,0,,
29281,Near Miss,Minor or low potential impact,Not Entered,5/25/2017 22:08,2017,May,Thu,22:08,18:00,5/30/2017 14:14,"Off Network e.g. Local Authority Road, Footpath",,Construction & Maintenance,,,Yes,,,,,Clear,,,Non,No,,,Motor Bike,Incursion due to breakdown,0,0,0,0,,
29282,Near Miss,Minor or low potential impact,Not Entered,5/26/2017 8:00,2017,May,Fri,8:00,6:00,5/30/2017 14:26,"Off Network e.g. Local Authority Road, Footpath",,Construction & Maintenance,,,Yes,,,,,Clear,,,100%,No,,,Motor Bike,Incursion due to breakdown,0,0,0,0,,
29283,Near Miss,Minor or low potential impact,Not Entered,5/26/2017 11:29,2017,May,Fri,11:29,6:00,5/30/2017 14:35,"Off Network e.g. Local Authority Road, Footpath",,Construction & Maintenance,,,Yes,,,,,Clear,,,100%,No,,,Motor Bike,Incursion due to breakdown,0,0,0,0,,
29284,Near Miss,Minor or low potential impact,Not Entered,5/26/2017 12:00,2017,May,Fri,12:00,12:00,5/30/2017 14:52,"Off Network e.g. Local Authority Road, Footpath",,Construction & Maintenance,,,Yes,,,,,Clear,,,100%,No,,,Motor Bike,Incursion due to breakdown,0,0,0,0,,
29285,Near Miss,Minor or low potential impact,Not Entered,5/26/2017 14:16,2017,May,Fri,14:16,12:00,5/30/2017 15:11,"Off Network e.g. Local Authority Road, Footpath",,Construction & Maintenance,,,Yes,,,,,Clear,,,100%,No,,,Motor Bike,Incursion due to breakdown,0,0,0,0,,
29287,Near Miss,Minor or low potential impact,Not Entered,5/26/2017 14:29,2017,May,Fri,14:29,12:00,5/30/2017 16:02,"Off Network e.g. Local Authority Road, Footpath",,Construction & Maintenance,,,Yes,,,,,Clear,,,100%,No,,,Motor Bike,Incursion due to breakdown,0,0,0,0,,
29288,Near Miss,Minor or low potential impact,Not Entered,5/26/2017 14:31,2017,May,Fri,14:31,12:00,5/30/2017 16:12,"Off Network e.g. Local Authority Road, Footpath",,Construction & Maintenance,,,Yes,,,,,Clear,,,100%,No,,,Motor Bike,Incursion due to breakdown,0,0,0,0,,
29289,Near Miss,Minor or low potential impact,Not Entered,5/26/2017 14:49,2017,May,Fri,14:49,12:00,5/30/2017 16:20,"Off Network e.g. Local Authority Road, Footpath",,Construction & Maintenance,,,Yes,,,,,Clear,,,100%,No,,,Motor Bike,Incursion due to breakdown,0,0,0,0,,
29296,Near Miss,Minor or low potential impact,Not Entered,5/26/2017 17:20,2017,May,Fri,17:20,12:00,6/1/2017 9:37,"Off Network e.g. Local Authority Road, Footpath",,Construction & Maintenance,,,Yes,,,,,Clear,,,100%,No,,,Motor Bike,Incursion due to breakdown,0,0,0,0,,
29297,Near Miss,Minor or low potential impact,Not Entered,5/26/2017 17:45,2017,May,Fri,17:45,12:00,6/1/2017 9:50,"Off Network e.g. Local Authority Road, Footpath",,Construction & Maintenance,,,Yes,,,,,Clear,,,100%,No,,,Motor Bike,Incursion due to breakdown,0,0,0,0,,
29298,Near Miss,Minor or low potential impact,Not Entered,5/26/2017 17:50,2017,May,Fri,17:50,12:00,6/1/2017 10:02,"Off Network e.g. Local Authority Road, Footpath",,Construction & Maintenance,,,Yes,,,,,Clear,,,100%,No,,,Motor Bike,Incursion due to breakdown,0,0,0,0,,
29299,Near Miss,Minor or low potential impact,Not Entered,5/26/2017 18:09,2017,May,Fri,18:09,18:00,6/1/2017 10:09,"Off Network e.g. Local Authority Road, Footpath",,Construction & Maintenance,,,Yes,,,,,Clear,,,100%,No,,,Motor Bike,Incursion due to breakdown,0,0,0,0,,
29300,Near Miss,Minor or low potential impact,Not Entered,5/26/2017 20:43,2017,May,Fri,20:43,18:00,6/1/2017 10:25,"Off Network e.g. Local Authority Road, Footpath",,Construction & Maintenance,,,Yes,,,,,Clear,,,Non,No,,,Motor Bike,Incursion due to breakdown,0,0,0,0,,
29301,Near Miss,Minor or low potential impact,Not Entered,5/27/2017 11:14,2017,May,Sat,11:14,6:00,6/1/2017 10:39,"Off Network e.g. Local Authority Road, Footpath",,Construction & Maintenance,,,Yes,,,,,Clear,,,100%,No,,,Motor Bike,Incursion due to breakdown,0,0,0,0,,
29302,Near Miss,Minor or low potential impact,Not Entered,5/27/2017 12:29,2017,May,Sat,12:29,12:00,6/1/2017 10:48,"Off Network e.g. Local Authority Road, Footpath",,Construction & Maintenance,,,Yes,,,,,Clear,,,100%,No,,,Motor Bike,Incursion due to breakdown,0,0,0,0,,
29303,Near Miss,Minor or low potential impact,Not Entered,5/27/2017 14:48,2017,May,Sat,14:48,12:00,6/1/2017 10:59,"Off Network e.g. Local Authority Road, Footpath",,Construction & Maintenance,,,Yes,,,,,Clear,,,100%,No,,,Motor Bike,Incursion due to breakdown,0,0,0,0,,
29306,Near Miss,Minor or low potential impact,Not Entered,5/28/2017 17:48,2017,May,Sun,17:48,12:00,6/1/2017 11:50,"Off Network e.g. Local Authority Road, Footpath",,Construction & Maintenance,,,Yes,,,,,Clear,,,100%,No,,,Motor Bike,Incursion due to breakdown,0,0,0,0,,
29307,Near Miss,Minor or low potential impact,Not Entered,5/28/2017 17:55,2017,May,Sun,17:55,12:00,6/1/2017 11:57,"Off Network e.g. Local Authority Road, Footpath",,Construction & Maintenance,,,Yes,,,,,Clear,,,100%,No,,,Motor Bike,Incursion due to breakdown,0,0,0,0,,
29308,Near Miss,Minor or low potential impact,Not Entered,5/29/2017 8:00,2017,May,Mon,8:00,6:00,6/1/2017 12:30,"Off Network e.g. Local Authority Road, Footpath",,Construction & Maintenance,,,Yes,,,,,Clear,,,100%,No,,,Motor Bike,Incursion due to breakdown,0,0,0,0,,
29309,Near Miss,Minor or low potential impact,Not Entered,5/29/2017 13:31,2017,May,Mon,13:31,12:00,6/1/2017 12:37,"Off Network e.g. Local Authority Road, Footpath",,Construction & Maintenance,,,Yes,,,,,Clear,,,100%,No,,,Motor Bike,Incursion due to breakdown,0,0,0,0,,
29310,Near Miss,Minor or low potential impact,Not Entered,5/29/2017 14:27,2017,May,Mon,14:27,12:00,6/1/2017 12:46,"Off Network e.g. Local Authority Road, Footpath",,Construction & Maintenance,,,Yes,,,,,Clear,,,100%,No,,,Motor Bike,Incursion due to breakdown,0,0,0,0,,
29311,Near Miss,Minor or low potential impact,Not Entered,5/30/2017 2:46,2017,May,Tue,2:46,0:00,6/1/2017 12:53,"Off Network e.g. Local Authority Road, Footpath",,Construction & Maintenance,,,Yes,,,,,Clear,,,100%,No,,,Motor Bike,Incursion due to breakdown,0,0,0,0,,
29312,Near Miss,Minor or low potential impact,Not Entered,5/30/2017 11:06,2017,May,Tue,11:06,6:00,6/1/2017 13:25,"Off Network e.g. Local Authority Road, Footpath",,Construction & Maintenance,,,Yes,,,,,Clear,,,100%,No,,,Motor Bike,Incursion due to breakdown,0,0,0,0,,
29313,Near Miss,Minor or low potential impact,Not Entered,5/30/2017 12:28,2017,May,Tue,12:28,12:00,6/1/2017 13:37,"Off Network e.g. Local Authority Road, Footpath",,Construction & Maintenance,,,Yes,,,,,Clear,,,100%,No,,,Motor Bike,Incursion to seek information or benefit,0,0,0,0,,
29314,Near Miss,Minor or low potential impact,Not Entered,5/30/2017 13:02,2017,May,Tue,13:02,12:00,6/1/2017 14:01,"Off Network e.g. Local Authority Road, Footpath",,Construction & Maintenance,,,Yes,,,,,Clear,,,100%,No,,,Motor Bike,Incursion due to breakdown,0,0,0,0,,
29315,Near Miss,Minor or low potential impact,Not Entered,5/30/2017 18:23,2017,May,Tue,18:23,18:00,6/1/2017 14:08,"Off Network e.g. Local Authority Road, Footpath",,Construction & Maintenance,,,Yes,,,,,Clear,,,100%,No,,,Motor Bike,Incursion due to breakdown,0,0,0,0,,
29317,Near Miss,Minor or low potential impact,Not Entered,5/31/2017 0:19,2017,May,Wed,0:19,0:00,6/1/2017 14:16,"Off Network e.g. Local Authority Road, Footpath",,Construction & Maintenance,,,Yes,,,,,Clear,,,Non,No,,,Motor Bike,Incursion due to breakdown,0,0,0,0,,
29318,Near Miss,Minor or low potential impact,Not Entered,5/31/2017 10:54,2017,May,Wed,10:54,6:00,6/1/2017 14:42,"Off Network e.g. Local Authority Road, Footpath",,Construction & Maintenance,,,Yes,,,,,Clear,,,100%,No,,,Motor Bike,Incursion due to breakdown,0,0,0,0,,
29319,Near Miss,Minor or low potential impact,Not Entered,5/31/2017 15:18,2017,May,Wed,15:18,12:00,6/1/2017 15:02,"Off Network e.g. Local Authority Road, Footpath",,Construction & Maintenance,,,Yes,,,,,Clear,,,100%,No,,,Motor Bike,Incursion due to breakdown,0,0,0,0,,
29394,Near Miss,Minor or low potential impact,Not Entered,6/1/2017 15:40,2017,Jun,Thu,15:40,12:00,6/5/2017 10:34,"Off Network e.g. Local Authority Road, Footpath",,Construction & Maintenance,,,Yes,,,,,Clear,,,100%,No,,,Motor Bike,Incursion due to breakdown,0,0,0,0,,
29395,Near Miss,Minor or low potential impact,Not Entered,6/1/2017 18:44,2017,Jun,Thu,18:44,18:00,6/5/2017 10:44,"Off Network e.g. Local Authority Road, Footpath",,Construction & Maintenance,,,Yes,,,,,Clear,,,100%,No,,,Motor Bike,Incursion due to breakdown,0,0,0,0,,
29396,Near Miss,Minor or low potential impact,Not Entered,6/1/2017 19:52,2017,Jun,Thu,19:52,18:00,6/5/2017 11:23,"Off Network e.g. Local Authority Road, Footpath",,Construction & Maintenance,,,Yes,,,,,Clear,,,100%,No,,,Motor Bike,Incursion due to breakdown,0,0,0,0,,
29397,Near Miss,Minor or low potential impact,Not Entered,6/2/2017 6:59,2017,Jun,Fri,6:59,6:00,6/5/2017 12:28,"Off Network e.g. Local Authority Road, Footpath",,Construction & Maintenance,,,Yes,,,,,Windy,,,100%,No,,,Motor Bike,Incursion due to breakdown,0,0,0,0,,
29398,Near Miss,Minor or low potential impact,Not Entered,6/2/2017 14:52,2017,Jun,Fri,14:52,12:00,6/5/2017 12:34,"Off Network e.g. Local Authority Road, Footpath",,Construction & Maintenance,,,Yes,,,,,Raining,,,Poor,No,,,Motor Bike,Incursion due to breakdown,0,0,0,0,,
29399,Near Miss,Minor or low potential impact,Not Entered,6/2/2017 17:57,2017,Jun,Fri,17:57,12:00,6/5/2017 12:44,"Off Network e.g. Local Authority Road, Footpath",,Construction & Maintenance,,,Yes,,,,,Clear,,,100%,No,,,Motor Bike,Incursion due to breakdown,0,0,0,0,,
29400,Near Miss,Minor or low potential impact,Not Entered,6/2/2017 18:54,2017,Jun,Fri,18:54,18:00,6/5/2017 13:04,"Off Network e.g. Local Authority Road, Footpath",,Construction & Maintenance,,,Yes,,,,,Clear,,,100%,No,,,Motor Bike,Incursion due to breakdown,0,0,0,0,,
29401,Near Miss,Minor or low potential impact,Not Entered,6/3/2017 20:28,2017,Jun,Sat,20:28,18:00,6/5/2017 13:26,"Off Network e.g. Local Authority Road, Footpath",,Construction & Maintenance,,,Yes,,,,,Clear,,,Non,No,,,Motor Bike,Incursion due to breakdown,0,0,0,0,,
29402,Near Miss,Minor or low potential impact,Not Entered,6/3/2017 21:19,2017,Jun,Sat,21:19,18:00,6/5/2017 13:39,"Off Network e.g. Local Authority Road, Footpath",,Construction & Maintenance,,,Yes,,,,,Clear,,,Non,No,,,Motor Bike,Incursion due to breakdown,0,0,0,0,,
29403,Near Miss,Minor or low potential impact,Not Entered,6/4/2017 10:46,2017,Jun,Sun,10:46,6:00,6/5/2017 13:53,"Off Network e.g. Local Authority Road, Footpath",,Construction & Maintenance,,,Yes,,,,,Clear,,,100%,No,,,Motor Bike,Incursion due to breakdown,0,0,0,0,,
29404,Near Miss,Minor or low potential impact,Not Entered,6/4/2017 11:17,2017,Jun,Sun,11:17,6:00,6/5/2017 14:01,"Off Network e.g. Local Authority Road, Footpath",,Construction & Maintenance,,,Yes,,,,,Clear,,,100%,No,,,Motor Bike,Incursion due to breakdown,0,0,0,0,,
29411,Near Miss,Minor or low potential impact,Not Entered,6/5/2017 7:11,2017,Jun,Mon,7:11,6:00,6/6/2017 12:24,"Off Network e.g. Local Authority Road, Footpath",,Construction & Maintenance,,,Yes,,,,,Raining,,,Poor,No,,,Motor Bike,Incursion due to breakdown,0,0,0,0,,
29412,Near Miss,Minor or low potential impact,Not Entered,6/5/2017 14:09,2017,Jun,Mon,14:09,12:00,6/6/2017 12:35,"Off Network e.g. Local Authority Road, Footpath",,Construction & Maintenance,,,Yes,,,,,Raining,,,Poor,No,,,Motor Bike,Incursion due to breakdown,0,0,0,0,,
29413,Near Miss,Minor or low potential impact,Not Entered,6/5/2017 21:22,2017,Jun,Mon,21:22,18:00,6/6/2017 12:43,"Off Network e.g. Local Authority Road, Footpath",,Construction & Maintenance,,,Yes,,,,,Raining,,,Poor,No,,,Motor Bike,Incursion due to breakdown,0,0,0,0,,
29430,Near Miss,Minor or low potential impact,Not Entered,6/6/2017 11:41,2017,Jun,Tue,11:41,6:00,6/8/2017 10:08,"Off Network e.g. Local Authority Road, Footpath",,Construction & Maintenance,,,Yes,,,,,Raining,,,Poor,No,,,Motor Bike,Incursion due to breakdown,0,0,0,0,,
29431,Near Miss,Minor or low potential impact,Not Entered,6/7/2017 6:05,2017,Jun,Wed,6:05,6:00,6/8/2017 10:21,"Off Network e.g. Local Authority Road, Footpath",,Construction & Maintenance,,,Yes,,,,,Clear,,,100%,No,,,Motor Bike,Incursion due to breakdown,0,0,0,0,,
29432,Near Miss,Minor or low potential impact,Not Entered,6/7/2017 13:11,2017,Jun,Wed,13:11,12:00,6/8/2017 10:38,"Off Network e.g. Local Authority Road, Footpath",,Construction & Maintenance,,,Yes,,,,,Clear,,,100%,No,,,Motor Bike,Incursion due to breakdown,0,0,0,0,,
29433,Near Miss,Minor or low potential impact,Not Entered,6/7/2017 14:24,2017,Jun,Wed,14:24,12:00,6/8/2017 10:46,"Off Network e.g. Local Authority Road, Footpath",,Construction & Maintenance,,,Yes,,,,,Clear,,,100%,No,,,Motor Bike,Incursion due to breakdown,0,0,0,0,,
29434,Near Miss,Minor or low potential impact,Not Entered,6/7/2017 16:57,2017,Jun,Wed,16:57,12:00,6/8/2017 10:57,"Off Network e.g. Local Authority Road, Footpath",,Construction & Maintenance,,,Yes,,,,,Clear,,,100%,No,,,Motor Bike,Incursion due to breakdown,0,0,0,0,,
29435,Near Miss,Minor or low potential impact,Not Entered,6/7/2017 23:44,2017,Jun,Wed,23:44,18:00,6/8/2017 12:14,"Off Network e.g. Local Authority Road, Footpath",,Construction & Maintenance,,,Yes,,,,,Raining,,,Poor,No,,,Motor Bike,Incursion due to breakdown,0,0,0,0,,
29445,Near Miss,Minor or low potential impact,Not Entered,6/8/2017 10:32,2017,Jun,Thu,10:32,6:00,6/13/2017 7:36,"Off Network e.g. Local Authority Road, Footpath",,Construction & Maintenance,,,Yes,,,,,Raining,,,Poor,No,,,Motor Bike,Incursion due to breakdown,0,0,0,0,,
29446,Near Miss,Minor or low potential impact,Not Entered,6/8/2017 14:18,2017,Jun,Thu,14:18,12:00,6/13/2017 7:43,"Off Network e.g. Local Authority Road, Footpath",,Construction & Maintenance,,,Yes,,,,,Raining,,,Poor,No,,,Motor Bike,Incursion due to breakdown,0,0,0,0,,
29447,Near Miss,Minor or low potential impact,Not Entered,6/8/2017 14:26,2017,Jun,Thu,14:26,12:00,6/13/2017 7:49,"Off Network e.g. Local Authority Road, Footpath",,Construction & Maintenance,,,Yes,,,,,Raining,,,Poor,No,,,Motor Bike,Incursion due to breakdown,0,0,0,0,,
29448,Near Miss,Minor or low potential impact,Not Entered,6/9/2017 5:16,2017,Jun,Fri,5:16,0:00,6/13/2017 7:55,"Off Network e.g. Local Authority Road, Footpath",,Construction & Maintenance,,,Yes,,,,,Clear,,,Non,No,,,Motor Bike,Incursion due to breakdown,0,0,0,0,,
29453,Near Miss,Minor or low potential impact,Not Entered,6/9/2017 8:54,2017,Jun,Fri,8:54,6:00,6/13/2017 10:18,"Off Network e.g. Local Authority Road, Footpath",,Construction & Maintenance,,,Yes,,,,,Clear,,,100%,No,,,Motor Bike,Incursion due to breakdown,0,0,0,0,,