Event ID,Event Type ,Event Subtype,Type of Person,Date/Time of Event,Year,Month,Day of the Week,Time,Time interval (6 hours),Date/Time Reported,Location,Specific Location (include RCC Log no if relevant),Details of actual job being done at the time,Part of Body Affected,Injury Type,Was there a vehicle involved in this event?,Work related,Accident Type,Vehicle Motion,Who was Hit,Weather/Visibility,Surface Condition,Roadbed Grade,Lighting Conditions,Was A Police Report Filed?,Name of Law Enforcement Agency,Preventable,Type,Kind of Event,Expected Lost Workdays (Total),Actual Lost Workdays (Total),Expected Restricted Workdays (Total),Actual Restricted Workdays (Total),Return To Work Date,Sign Off 1
29454,Near Miss,Minor or low potential impact,Not Entered,6/9/2017 9:33,2017,Jun,Fri,9:33,6:00,6/13/2017 10:26,"Off Network e.g. Local Authority Road, Footpath",,Construction & Maintenance,,,Yes,,,,,Clear,,,100%,No,,,Motor Bike,Incursion due to breakdown,0,0,0,0,,
29455,Near Miss,Minor or low potential impact,Not Entered,6/9/2017 15:35,2017,Jun,Fri,15:35,12:00,6/13/2017 10:35,"Off Network e.g. Local Authority Road, Footpath",,Construction & Maintenance,,,Yes,,,,,Clear,,,100%,No,,,Car,Incursion due to breakdown,0,0,0,0,,
29456,Near Miss,Minor or low potential impact,Not Entered,6/9/2017 19:48,2017,Jun,Fri,19:48,18:00,6/13/2017 10:45,"Off Network e.g. Local Authority Road, Footpath",,Construction & Maintenance,,,Yes,,,,,Clear,,,100%,No,,,Motor Bike,Incursion due to breakdown,0,0,0,0,,
29457,Near Miss,Minor or low potential impact,Not Entered,6/10/2017 5:43,2017,Jun,Sat,5:43,0:00,6/13/2017 10:57,"Off Network e.g. Local Authority Road, Footpath",,Construction & Maintenance,,,Yes,,,,,Raining,,,Poor,No,,,Motor Bike,Incursion due to breakdown,0,0,0,0,,
29458,Near Miss,Minor or low potential impact,Not Entered,6/10/2017 10:29,2017,Jun,Sat,10:29,6:00,6/13/2017 11:06,"Off Network e.g. Local Authority Road, Footpath",,Construction & Maintenance,,,Yes,,,,,Clear,,,100%,No,,,Motor Bike,Incursion due to breakdown,0,0,0,0,,
29459,Near Miss,Minor or low potential impact,Not Entered,6/10/2017 11:07,2017,Jun,Sat,11:07,6:00,6/13/2017 11:13,"Off Network e.g. Local Authority Road, Footpath",,Construction & Maintenance,,,Yes,,,,,Clear,,,100%,No,,,Motor Bike,Incursion due to breakdown,0,0,0,0,,
29460,Near Miss,Minor or low potential impact,Not Entered,6/10/2017 20:07,2017,Jun,Sat,20:07,18:00,6/13/2017 13:11,"Off Network e.g. Local Authority Road, Footpath",,Construction & Maintenance,,,Yes,,,,,Raining,,,Poor,No,,,Motor Bike,Incursion due to breakdown,0,0,0,0,,
29461,Near Miss,Minor or low potential impact,Not Entered,6/10/2017 22:16,2017,Jun,Sat,22:16,18:00,6/13/2017 13:17,"Off Network e.g. Local Authority Road, Footpath",,Construction & Maintenance,,,Yes,,,,,Clear,,,Non,No,,,Motor Bike,Incursion due to breakdown,0,0,0,0,,
29462,Near Miss,Minor or low potential impact,Not Entered,6/11/2017 16:43,2017,Jun,Sun,16:43,12:00,6/13/2017 13:25,"Off Network e.g. Local Authority Road, Footpath",,Construction & Maintenance,,,Yes,,,,,Clear,,,100%,No,,,Motor Bike,Incursion due to breakdown,0,0,0,0,,
29463,Near Miss,Minor or low potential impact,Not Entered,6/11/2017 18:14,2017,Jun,Sun,18:14,18:00,6/13/2017 13:33,"Off Network e.g. Local Authority Road, Footpath",,Construction & Maintenance,,,Yes,,,,,Clear,,,100%,No,,,Motor Bike,Incursion due to breakdown,0,0,0,0,,
29464,Near Miss,Minor or low potential impact,Not Entered,6/11/2017 19:40,2017,Jun,Sun,19:40,18:00,6/13/2017 13:40,"Off Network e.g. Local Authority Road, Footpath",,Construction & Maintenance,,,Yes,,,,,Clear,,,100%,No,,,Motor Bike,Incursion due to breakdown,0,0,0,0,,
29466,Near Miss,Minor or low potential impact,Not Entered,6/11/2017 20:17,2017,Jun,Sun,20:17,18:00,6/13/2017 13:59,"Off Network e.g. Local Authority Road, Footpath",,Construction & Maintenance,,,Yes,,,,,Clear,,,100%,No,,,Motor Bike,Incursion due to breakdown,0,0,0,0,,
29469,Near Miss,Minor or low potential impact,Not Entered,6/12/2017 7:06,2017,Jun,Mon,7:06,6:00,6/14/2017 10:43,"Off Network e.g. Local Authority Road, Footpath",,Construction & Maintenance,,,Yes,,,,,Clear,,,100%,No,,,Motor Bike,Incursion due to breakdown,0,0,0,0,,
29470,Near Miss,Minor or low potential impact,Not Entered,6/12/2017 11:59,2017,Jun,Mon,11:59,6:00,6/14/2017 10:50,"Off Network e.g. Local Authority Road, Footpath",,Construction & Maintenance,,,Yes,,,,,Clear,,,100%,No,,,Motor Bike,Incursion due to breakdown,0,0,0,0,,
29471,Near Miss,Minor or low potential impact,Not Entered,6/12/2017 12:14,2017,Jun,Mon,12:14,12:00,6/14/2017 11:03,"Off Network e.g. Local Authority Road, Footpath",,Construction & Maintenance,,,Yes,,,,,Clear,,,100%,No,,,Motor Bike,Incursion due to breakdown,0,0,0,0,,
29472,Near Miss,Minor or low potential impact,Not Entered,6/12/2017 14:01,2017,Jun,Mon,14:01,12:00,6/14/2017 11:10,"Off Network e.g. Local Authority Road, Footpath",,Construction & Maintenance,,,Yes,,,,,Clear,,,100%,No,,,Motor Bike,Incursion due to breakdown,0,0,0,0,,
29473,Near Miss,Minor or low potential impact,Not Entered,6/12/2017 16:55,2017,Jun,Mon,16:55,12:00,6/14/2017 11:18,"Off Network e.g. Local Authority Road, Footpath",,Construction & Maintenance,,,Yes,,,,,Clear,,,100%,No,,,Motor Bike,Incursion due to breakdown,0,0,0,0,,
29476,Near Miss,Minor or low potential impact,Not Entered,6/12/2017 17:08,2017,Jun,Mon,17:08,12:00,6/14/2017 12:33,"Off Network e.g. Local Authority Road, Footpath",,Construction & Maintenance,,,Yes,,,,,Clear,,,100%,No,,,Motor Bike,Incursion to seek information or benefit,0,0,0,0,,
29474,Near Miss,Minor or low potential impact,Not Entered,6/12/2017 18:11,2017,Jun,Mon,18:11,18:00,6/14/2017 11:26,"Off Network e.g. Local Authority Road, Footpath",,Construction & Maintenance,,,Yes,,,,,Clear,,,100%,No,,,Motor Bike,Incursion due to breakdown,0,0,0,0,,
29475,Near Miss,Minor or low potential impact,Not Entered,6/12/2017 20:22,2017,Jun,Mon,20:22,18:00,6/14/2017 11:33,"Off Network e.g. Local Authority Road, Footpath",,Construction & Maintenance,,,Yes,,,,,Clear,,,100%,No,,,Motor Bike,Incursion due to breakdown,0,0,0,0,,
29477,Near Miss,Minor or low potential impact,Not Entered,6/13/2017 8:55,2017,Jun,Tue,8:55,6:00,6/14/2017 12:42,"Off Network e.g. Local Authority Road, Footpath",,Construction & Maintenance,,,Yes,,,,,Clear,,,100%,No,,,Motor Bike,Incursion due to breakdown,0,0,0,0,,
29478,Near Miss,Minor or low potential impact,Not Entered,6/13/2017 13:35,2017,Jun,Tue,13:35,12:00,6/14/2017 12:57,"Off Network e.g. Local Authority Road, Footpath",,Construction & Maintenance,,,Yes,,,,,Clear,,,100%,No,,,Motor Bike,Incursion due to breakdown,0,0,0,0,,
29479,Near Miss,Minor or low potential impact,Not Entered,6/13/2017 15:04,2017,Jun,Tue,15:04,12:00,6/14/2017 13:12,"Off Network e.g. Local Authority Road, Footpath",,Construction & Maintenance,,,Yes,,,,,Clear,,,100%,No,,,Motor Bike,Incursion due to breakdown,0,0,0,0,,
29480,Near Miss,Minor or low potential impact,Not Entered,6/13/2017 19:05,2017,Jun,Tue,19:05,18:00,6/14/2017 13:44,"Off Network e.g. Local Authority Road, Footpath",,Construction & Maintenance,,,Yes,,,,,Clear,,,100%,No,,,Motor Bike,Incursion due to breakdown,0,0,0,0,,
29481,Near Miss,Minor or low potential impact,Not Entered,6/14/2017 6:53,2017,Jun,Wed,6:53,6:00,6/14/2017 13:55,"Off Network e.g. Local Authority Road, Footpath",,Construction & Maintenance,,,Yes,,,,,Clear,,,100%,No,,,Motor Bike,Incursion unintentional as result of accident,0,0,0,0,,
29485,Near Miss,Minor or low potential impact,Not Entered,6/14/2017 7:38,2017,Jun,Wed,7:38,6:00,6/15/2017 10:31,"Off Network e.g. Local Authority Road, Footpath",,Construction & Maintenance,,,Yes,,,,,Clear,,,100%,No,,,Motor Bike,Incursion due to breakdown,0,0,0,0,,
29487,Near Miss,Minor or low potential impact,Not Entered,6/14/2017 10:53,2017,Jun,Wed,10:53,6:00,6/15/2017 11:25,"Off Network e.g. Local Authority Road, Footpath",,Construction & Maintenance,,,Yes,,,,,Clear,,,100%,No,,,Motor Bike,Incursion due to breakdown,0,0,0,0,,
29488,Near Miss,Minor or low potential impact,Not Entered,6/14/2017 11:28,2017,Jun,Wed,11:28,6:00,6/15/2017 11:42,"Off Network e.g. Local Authority Road, Footpath",,Construction & Maintenance,,,Yes,,,,,Clear,,,100%,No,,,Motor Bike,Incursion due to breakdown,0,0,0,0,,
29489,Near Miss,Minor or low potential impact,Not Entered,6/14/2017 11:30,2017,Jun,Wed,11:30,6:00,6/15/2017 11:58,"Off Network e.g. Local Authority Road, Footpath",,Construction & Maintenance,,,Yes,,,,,Clear,,,100%,No,,,Motor Bike,Incursion due to breakdown,0,0,0,0,,
29490,Near Miss,Minor or low potential impact,Not Entered,6/14/2017 17:49,2017,Jun,Wed,17:49,12:00,6/15/2017 12:11,"Off Network e.g. Local Authority Road, Footpath",,Construction & Maintenance,,,Yes,,,,,Clear,,,100%,No,,,Motor Bike,Incursion due to breakdown,0,0,0,0,,
29506,Near Miss,Minor or low potential impact,Not Entered,6/15/2017 8:20,2017,Jun,Thu,8:20,6:00,6/19/2017 12:21,"Off Network e.g. Local Authority Road, Footpath",,Construction & Maintenance,,,Yes,,,,,Clear,,,100%,No,,,Motor Bike,Incursion due to breakdown,0,0,0,0,,
29507,Near Miss,Minor or low potential impact,Not Entered,6/15/2017 14:52,2017,Jun,Thu,14:52,12:00,6/19/2017 12:29,"Off Network e.g. Local Authority Road, Footpath",,Construction & Maintenance,,,Yes,,,,,Clear,,,100%,No,,,Motor Bike,Incursion due to breakdown,0,0,0,0,,
29508,Near Miss,Minor or low potential impact,Not Entered,6/15/2017 15:50,2017,Jun,Thu,15:50,12:00,6/19/2017 12:37,"Off Network e.g. Local Authority Road, Footpath",,Construction & Maintenance,,,Yes,,,,,Clear,,,100%,No,,,Motor Bike,Incursion due to breakdown,0,0,0,0,,
29510,Near Miss,Minor or low potential impact,Not Entered,6/15/2017 16:00,2017,Jun,Thu,16:00,12:00,6/19/2017 13:09,"Off Network e.g. Local Authority Road, Footpath",,Construction & Maintenance,,,Yes,,,,,Clear,,,100%,No,,,Motor Bike,Incursion due to breakdown,0,0,0,0,,
29509,Near Miss,Minor or low potential impact,Not Entered,6/15/2017 16:10,2017,Jun,Thu,16:10,12:00,6/19/2017 12:55,"Off Network e.g. Local Authority Road, Footpath",,Construction & Maintenance,,,Yes,,,,,Clear,,,100%,No,,,Motor Bike,Incursion due to breakdown,0,0,0,0,,
29511,Near Miss,Minor or low potential impact,Not Entered,6/15/2017 18:09,2017,Jun,Thu,18:09,18:00,6/19/2017 13:16,"Off Network e.g. Local Authority Road, Footpath",,Construction & Maintenance,,,Yes,,,,,Clear,,,100%,No,,,Motor Bike,Incursion due to breakdown,0,0,0,0,,
29512,Near Miss,Minor or low potential impact,Not Entered,6/16/2017 7:56,2017,Jun,Fri,7:56,6:00,6/19/2017 13:44,"Off Network e.g. Local Authority Road, Footpath",,Construction & Maintenance,,,Yes,,,,,Clear,,,100%,No,,,Motor Bike,Incursion due to breakdown,0,0,0,0,,
29514,Near Miss,Minor or low potential impact,Not Entered,6/16/2017 14:26,2017,Jun,Fri,14:26,12:00,6/19/2017 14:15,"Off Network e.g. Local Authority Road, Footpath",,Construction & Maintenance,,,Yes,,,,,Clear,,,100%,No,,,Motor Bike,Incursion due to breakdown,0,0,0,0,,
29513,Near Miss,Minor or low potential impact,Not Entered,6/16/2017 14:26,2017,Jun,Fri,14:26,12:00,6/19/2017 14:03,"Off Network e.g. Local Authority Road, Footpath",,Construction & Maintenance,,,Yes,,,,,Clear,,,100%,No,,,Motor Bike,Incursion due to breakdown,0,0,0,0,,
29515,Near Miss,Minor or low potential impact,Not Entered,6/16/2017 16:56,2017,Jun,Fri,16:56,12:00,6/20/2017 8:01,"Off Network e.g. Local Authority Road, Footpath",,Construction & Maintenance,,,Yes,,,,,Clear,,,100%,No,,,Motor Bike,Incursion due to breakdown,0,0,0,0,,
29516,Near Miss,Minor or low potential impact,Not Entered,6/16/2017 16:58,2017,Jun,Fri,16:58,12:00,6/20/2017 8:09,"Off Network e.g. Local Authority Road, Footpath",,Construction & Maintenance,,,Yes,,,,,Clear,,,100%,No,,,Motor Bike,Incursion due to breakdown,0,0,0,0,,
29517,Near Miss,Minor or low potential impact,Not Entered,6/16/2017 18:35,2017,Jun,Fri,18:35,18:00,6/20/2017 9:12,"Off Network e.g. Local Authority Road, Footpath",,Construction & Maintenance,,,Yes,,,,,Clear,,,100%,No,,,Motor Bike,Incursion due to breakdown,0,0,0,0,,
29518,Near Miss,Minor or low potential impact,Not Entered,6/16/2017 18:47,2017,Jun,Fri,18:47,18:00,6/20/2017 10:03,"Off Network e.g. Local Authority Road, Footpath",,Construction & Maintenance,,,Yes,,,,,Clear,,,100%,No,,,Motor Bike,Incursion due to breakdown,0,0,0,0,,
29520,Near Miss,Minor or low potential impact,Not Entered,6/16/2017 20:57,2017,Jun,Fri,20:57,18:00,6/20/2017 11:52,"Off Network e.g. Local Authority Road, Footpath",,Construction & Maintenance,,,Yes,,,,,Clear,,,100%,No,,,Motor Bike,Incursion due to breakdown,0,0,0,0,,
29521,Near Miss,Minor or low potential impact,Not Entered,6/17/2017 14:08,2017,Jun,Sat,14:08,12:00,6/20/2017 12:58,"Off Network e.g. Local Authority Road, Footpath",,Construction & Maintenance,,,Yes,,,,,Clear,,,100%,No,,,Motor Bike,Incursion due to breakdown,0,0,0,0,,
29522,Near Miss,Minor or low potential impact,Not Entered,6/18/2017 14:40,2017,Jun,Sun,14:40,12:00,6/20/2017 13:07,"Off Network e.g. Local Authority Road, Footpath",,Construction & Maintenance,,,Yes,,,,,Clear,,,100%,No,,,Motor Bike,Incursion due to breakdown,0,0,0,0,,
29523,Near Miss,Minor or low potential impact,Not Entered,6/18/2017 16:08,2017,Jun,Sun,16:08,12:00,6/20/2017 13:17,"Off Network e.g. Local Authority Road, Footpath",,Construction & Maintenance,,,Yes,,,,,Clear,,,100%,No,,,Motor Bike,Incursion due to breakdown,0,0,0,0,,
29524,Near Miss,Minor or low potential impact,Not Entered,6/18/2017 17:57,2017,Jun,Sun,17:57,12:00,6/20/2017 14:10,"Off Network e.g. Local Authority Road, Footpath",,Construction & Maintenance,,,Yes,,,,,Clear,,,100%,No,,,Motor Bike,Incursion due to breakdown,0,0,0,0,,
29526,Near Miss,Minor or low potential impact,Not Entered,6/19/2017 6:57,2017,Jun,Mon,6:57,6:00,6/20/2017 14:31,"Off Network e.g. Local Authority Road, Footpath",,Construction & Maintenance,,,Yes,,,,,Clear,,,100%,No,,,Motor Bike,Incursion due to breakdown,0,0,0,0,,
29527,Near Miss,Minor or low potential impact,Not Entered,6/19/2017 8:20,2017,Jun,Mon,8:20,6:00,6/20/2017 14:50,"Off Network e.g. Local Authority Road, Footpath",,Construction & Maintenance,,,Yes,,,,,Clear,,,100%,No,,,Motor Bike,Incursion due to breakdown,0,0,0,0,,
29528,Near Miss,Minor or low potential impact,Not Entered,6/19/2017 9:49,2017,Jun,Mon,9:49,6:00,6/20/2017 14:59,"Off Network e.g. Local Authority Road, Footpath",,Construction & Maintenance,,,Yes,,,,,Clear,,,100%,No,,,Motor Bike,Incursion due to breakdown,0,0,0,0,,
29535,Near Miss,Minor or low potential impact,Not Entered,6/19/2017 10:59,2017,Jun,Mon,10:59,6:00,6/21/2017 12:59,"Off Network e.g. Local Authority Road, Footpath",,Construction & Maintenance,,,Yes,,,,,Clear,,,100%,No,,,Motor Bike,Incursion due to breakdown,0,0,0,0,,
29536,Near Miss,Minor or low potential impact,Not Entered,6/19/2017 13:24,2017,Jun,Mon,13:24,12:00,6/21/2017 13:14,"Off Network e.g. Local Authority Road, Footpath",,Construction & Maintenance,,,Yes,,,,,Clear,,,100%,No,,,Motor Bike,Incursion due to breakdown,0,0,0,0,,
29537,Near Miss,Minor or low potential impact,Not Entered,6/19/2017 14:23,2017,Jun,Mon,14:23,12:00,6/21/2017 13:35,"Off Network e.g. Local Authority Road, Footpath",,Construction & Maintenance,,,Yes,,,,,Clear,,,100%,No,,,Motor Bike,Incursion due to breakdown,0,0,0,0,,
29538,Near Miss,Minor or low potential impact,Not Entered,6/19/2017 15:24,2017,Jun,Mon,15:24,12:00,6/21/2017 13:47,"Off Network e.g. Local Authority Road, Footpath",,Construction & Maintenance,,,Yes,,,,,Clear,,,100%,No,,,Motor Bike,Incursion due to breakdown,0,0,0,0,,
29539,Near Miss,Minor or low potential impact,Not Entered,6/19/2017 16:44,2017,Jun,Mon,16:44,12:00,6/21/2017 14:01,"Off Network e.g. Local Authority Road, Footpath",,Construction & Maintenance,,,Yes,,,,,Clear,,,100%,No,,,Motor Bike,Incursion due to breakdown,0,0,0,0,,
29540,Near Miss,Minor or low potential impact,Not Entered,6/19/2017 23:43,2017,Jun,Mon,23:43,18:00,6/21/2017 14:18,"Off Network e.g. Local Authority Road, Footpath",,Construction & Maintenance,,,Yes,,,,,Clear,,,Non,No,,,Motor Bike,Incursion due to breakdown,0,0,0,0,,
29541,Near Miss,Minor or low potential impact,Not Entered,6/20/2017 1:51,2017,Jun,Tue,1:51,0:00,6/21/2017 14:28,"Off Network e.g. Local Authority Road, Footpath",,Construction & Maintenance,,,Yes,,,,,Clear,,,Non,No,,,Motor Bike,Incursion due to breakdown,0,0,0,0,,
29542,Near Miss,Minor or low potential impact,Not Entered,6/20/2017 4:11,2017,Jun,Tue,4:11,0:00,6/21/2017 14:37,"Off Network e.g. Local Authority Road, Footpath",,Construction & Maintenance,,,Yes,,,,,Clear,,,Non,No,,,Motor Bike,Incursion to seek information or benefit,0,0,0,0,,
29543,Near Miss,Minor or low potential impact,Not Entered,6/20/2017 7:44,2017,Jun,Tue,7:44,6:00,6/21/2017 15:22,"Off Network e.g. Local Authority Road, Footpath",,Construction & Maintenance,,,Yes,,,,,Clear,,,100%,No,,,Motor Bike,Incursion due to breakdown,0,0,0,0,,
29546,Near Miss,Minor or low potential impact,Not Entered,6/20/2017 10:23,2017,Jun,Tue,10:23,6:00,6/22/2017 7:58,"Off Network e.g. Local Authority Road, Footpath",,Construction & Maintenance,,,Yes,,,,,Clear,,,100%,No,,,Motor Bike,Incursion due to breakdown,0,0,0,0,,
29547,Near Miss,Minor or low potential impact,Not Entered,6/20/2017 14:39,2017,Jun,Tue,14:39,12:00,6/22/2017 8:07,"Off Network e.g. Local Authority Road, Footpath",,Construction & Maintenance,,,Yes,,,,,Clear,,,100%,No,,,Motor Bike,Incursion due to breakdown,0,0,0,0,,
29548,Near Miss,Minor or low potential impact,Not Entered,6/20/2017 14:46,2017,Jun,Tue,14:46,12:00,6/22/2017 8:38,"Off Network e.g. Local Authority Road, Footpath",,Construction & Maintenance,,,Yes,,,,,Clear,,,100%,No,,,Motor Bike,Incursion due to breakdown,0,0,0,0,,
29549,Near Miss,Minor or low potential impact,Not Entered,6/21/2017 9:56,2017,Jun,Wed,9:56,6:00,6/22/2017 8:52,"Off Network e.g. Local Authority Road, Footpath",,Construction & Maintenance,,,Yes,,,,,Clear,,,100%,No,,,Motor Bike,Incursion due to breakdown,0,0,0,0,,
29550,Near Miss,Minor or low potential impact,Not Entered,6/21/2017 12:56,2017,Jun,Wed,12:56,12:00,6/22/2017 8:59,"Off Network e.g. Local Authority Road, Footpath",,Construction & Maintenance,,,Yes,,,,,Clear,,,100%,No,,,Motor Bike,Incursion due to breakdown,0,0,0,0,,
29551,Near Miss,Minor or low potential impact,Not Entered,6/21/2017 14:09,2017,Jun,Wed,14:09,12:00,6/22/2017 10:03,"Off Network e.g. Local Authority Road, Footpath",,Construction & Maintenance,,,Yes,,,,,Clear,,,100%,No,,,Motor Bike,Incursion due to breakdown,0,0,0,0,,
29552,Near Miss,Minor or low potential impact,Not Entered,6/21/2017 15:14,2017,Jun,Wed,15:14,12:00,6/22/2017 10:16,"Off Network e.g. Local Authority Road, Footpath",,Construction & Maintenance,,,Yes,,,,,Clear,,,100%,No,,,Motor Bike,Incursion due to breakdown,0,0,0,0,,
29553,Near Miss,Minor or low potential impact,Not Entered,6/21/2017 17:27,2017,Jun,Wed,17:27,12:00,6/22/2017 10:33,"Off Network e.g. Local Authority Road, Footpath",,Construction & Maintenance,,,Yes,,,,,Clear,,,100%,No,,,Motor Bike,Incursion due to breakdown,0,0,0,0,,
29554,Near Miss,Minor or low potential impact,Not Entered,6/21/2017 19:04,2017,Jun,Wed,19:04,18:00,6/22/2017 10:59,"Off Network e.g. Local Authority Road, Footpath",,Construction & Maintenance,,,Yes,,,,,Clear,,,100%,No,,,Motor Bike,Incursion due to breakdown,0,0,0,0,,
29555,Near Miss,Minor or low potential impact,Not Entered,6/22/2017 0:58,2017,Jun,Thu,0:58,0:00,6/22/2017 12:03,"Off Network e.g. Local Authority Road, Footpath",,Construction & Maintenance,,,Yes,,,,,Clear,,,Non,No,,,Motor Bike,Incursion due to breakdown,0,0,0,0,,
29570,Near Miss,Minor or low potential impact,Not Entered,6/22/2017 11:21,2017,Jun,Thu,11:21,6:00,6/26/2017 11:48,"Off Network e.g. Local Authority Road, Footpath",,Construction & Maintenance,,,Yes,,,,,Raining,,,Poor,No,,,Motor Bike,Incursion due to breakdown,0,0,0,0,,
29571,Near Miss,Minor or low potential impact,Not Entered,6/22/2017 15:43,2017,Jun,Thu,15:43,12:00,6/26/2017 12:00,"Off Network e.g. Local Authority Road, Footpath",,Construction & Maintenance,,,Yes,,,,,Clear,,,100%,No,,,Motor Bike,Incursion due to breakdown,0,0,0,0,,
29572,Near Miss,Minor or low potential impact,Not Entered,6/22/2017 17:38,2017,Jun,Thu,17:38,12:00,6/26/2017 12:10,"Off Network e.g. Local Authority Road, Footpath",,Construction & Maintenance,,,Yes,,,,,Clear,,,100%,No,,,Motor Bike,Incursion due to breakdown,0,0,0,0,,
29573,Near Miss,Minor or low potential impact,Not Entered,6/22/2017 20:15,2017,Jun,Thu,20:15,18:00,6/26/2017 12:43,"Off Network e.g. Local Authority Road, Footpath",,Construction & Maintenance,,,Yes,,,,,Clear,,,100%,No,,,Motor Bike,Incursion due to breakdown,0,0,0,0,,
29577,Near Miss,Minor or low potential impact,Not Entered,6/23/2017 13:02,2017,Jun,Fri,13:02,12:00,6/26/2017 12:50,"Off Network e.g. Local Authority Road, Footpath",,Construction & Maintenance,,,Yes,,,,,Clear,,,100%,No,,,Motor Bike,Incursion due to breakdown,0,0,0,0,,
29584,Near Miss,Minor or low potential impact,Not Entered,6/23/2017 15:10,2017,Jun,Fri,15:10,12:00,6/26/2017 13:09,"Off Network e.g. Local Authority Road, Footpath",,Construction & Maintenance,,,Yes,,,,,Clear,,,100%,No,,,Motor Bike,Incursion due to breakdown,0,0,0,0,,
29586,Near Miss,Minor or low potential impact,Not Entered,6/23/2017 16:40,2017,Jun,Fri,16:40,12:00,6/26/2017 13:16,"Off Network e.g. Local Authority Road, Footpath",,Construction & Maintenance,,,Yes,,,,,Clear,,,100%,No,,,Motor Bike,Incursion due to breakdown,0,0,0,0,,
29589,Near Miss,Minor or low potential impact,Not Entered,6/23/2017 18:42,2017,Jun,Fri,18:42,18:00,6/26/2017 13:22,"Off Network e.g. Local Authority Road, Footpath",,Construction & Maintenance,,,Yes,,,,,Clear,,,100%,No,,,Motor Bike,Incursion due to breakdown,0,0,0,0,,
29590,Near Miss,Minor or low potential impact,Not Entered,6/24/2017 3:21,2017,Jun,Sat,3:21,0:00,6/26/2017 13:29,"Off Network e.g. Local Authority Road, Footpath",,Construction & Maintenance,,,Yes,,,,,Clear,,,Non,No,,,Motor Bike,Incursion due to breakdown,0,0,0,0,,
29591,Near Miss,Minor or low potential impact,Not Entered,6/24/2017 13:25,2017,Jun,Sat,13:25,12:00,6/26/2017 15:24,"Off Network e.g. Local Authority Road, Footpath",,Construction & Maintenance,,,Yes,,,,,Clear,,,100%,No,,,Motor Bike,Incursion due to breakdown,0,0,0,0,,
29592,Near Miss,Minor or low potential impact,Not Entered,6/24/2017 16:41,2017,Jun,Sat,16:41,12:00,6/26/2017 15:32,"Off Network e.g. Local Authority Road, Footpath",,Construction & Maintenance,,,Yes,,,,,Clear,,,100%,No,,,Motor Bike,Incursion due to breakdown,0,0,0,0,,
29594,Near Miss,Minor or low potential impact,Not Entered,6/24/2017 17:54,2017,Jun,Sat,17:54,12:00,6/27/2017 7:40,"Off Network e.g. Local Authority Road, Footpath",,Construction & Maintenance,,,Yes,,,,,Clear,,,100%,No,,,Motor Bike,Incursion due to breakdown,0,0,0,0,,
29595,Near Miss,Minor or low potential impact,Not Entered,6/24/2017 19:03,2017,Jun,Sat,19:03,18:00,6/27/2017 7:47,"Off Network e.g. Local Authority Road, Footpath",,Construction & Maintenance,,,Yes,,,,,Clear,,,100%,No,,,Motor Bike,Incursion due to breakdown,0,0,0,0,,
29596,Near Miss,Minor or low potential impact,Not Entered,6/25/2017 7:44,2017,Jun,Sun,7:44,6:00,6/27/2017 7:56,"Off Network e.g. Local Authority Road, Footpath",,Construction & Maintenance,,,Yes,,,,,Windy,,,100%,No,,,Motor Bike,Incursion due to breakdown,0,0,0,0,,
29598,Near Miss,Minor or low potential impact,Not Entered,6/26/2017 8:06,2017,Jun,Mon,8:06,6:00,6/27/2017 8:43,"Off Network e.g. Local Authority Road, Footpath",,Construction & Maintenance,,,Yes,,,,,Clear,,,100%,No,,,Motor Bike,Incursion due to breakdown,0,0,0,0,,
29600,Near Miss,Minor or low potential impact,Not Entered,6/26/2017 14:32,2017,Jun,Mon,14:32,12:00,6/27/2017 11:14,"Off Network e.g. Local Authority Road, Footpath",,Construction & Maintenance,,,Yes,,,,,Clear,,,100%,No,,,Motor Bike,Incursion due to breakdown,0,0,0,0,,
29604,Near Miss,Minor or low potential impact,Not Entered,6/26/2017 14:33,2017,Jun,Mon,14:33,12:00,6/27/2017 14:04,"Off Network e.g. Local Authority Road, Footpath",,Construction & Maintenance,,,Yes,,,,,Clear,,,100%,No,,,Motor Bike,Incursion due to breakdown,0,0,0,0,,
29606,Near Miss,Minor or low potential impact,Not Entered,6/26/2017 21:00,2017,Jun,Mon,21:00,18:00,6/27/2017 15:24,"Off Network e.g. Local Authority Road, Footpath",,Construction & Maintenance,,,Yes,,,,,Clear,,,Non,No,,,Motor Bike,Incursion due to breakdown,0,0,0,0,,