Event ID,Event Type ,Event Subtype,Type of Person,Date/Time of Event,Year,Month,Day of the Week,Time,Time interval (6 hours),Date/Time Reported,Location,Specific Location (include RCC Log no if relevant),Details of actual job being done at the time,Part of Body Affected,Injury Type,Was there a vehicle involved in this event?,Work related,Accident Type,Vehicle Motion,Who was Hit,Weather/Visibility,Surface Condition,Roadbed Grade,Lighting Conditions,Was A Police Report Filed?,Name of Law Enforcement Agency,Preventable,Type,Kind of Event,Expected Lost Workdays (Total),Actual Lost Workdays (Total),Expected Restricted Workdays (Total),Actual Restricted Workdays (Total),Return To Work Date,Sign Off 1
29607,Near Miss,Minor or low potential impact,Not Entered,6/26/2017 23:27,2017,Jun,Mon,23:27,18:00,6/27/2017 15:31,"Off Network e.g. Local Authority Road, Footpath",,Construction & Maintenance,,,Yes,,,,,Clear,,,Non,No,,,Motor Bike,Incursion due to breakdown,0,0,0,0,,
29612,Near Miss,Minor or low potential impact,Not Entered,6/27/2017 15:22,2017,Jun,Tue,15:22,12:00,6/28/2017 13:28,"Off Network e.g. Local Authority Road, Footpath",,Construction & Maintenance,,,Yes,,,,,Clear,,,100%,No,,,Motor Bike,Incursion due to breakdown,0,0,0,0,,
29615,Near Miss,Minor or low potential impact,Not Entered,6/28/2017 8:20,2017,Jun,Wed,8:20,6:00,6/29/2017 10:22,"Off Network e.g. Local Authority Road, Footpath",,Construction & Maintenance,,,Yes,,,,,Raining,,,Poor,No,,,Motor Bike,Incursion due to breakdown,0,0,0,0,,
29620,Near Miss,Minor or low potential impact,Not Entered,6/28/2017 12:22,2017,Jun,Wed,12:22,12:00,6/29/2017 10:53,"Off Network e.g. Local Authority Road, Footpath",,Construction & Maintenance,,,Yes,,,,,Raining,,,Poor,Yes,,,Motor Bike,Incursion to seek information or benefit,0,0,0,0,,
29621,Near Miss,Minor or low potential impact,Not Entered,6/28/2017 16:54,2017,Jun,Wed,16:54,12:00,6/29/2017 11:07,"Off Network e.g. Local Authority Road, Footpath",,Construction & Maintenance,,,Yes,,,,,Raining,,,Poor,No,,,Motor Bike,Incursion due to breakdown,0,0,0,0,,
29622,Near Miss,Minor or low potential impact,Not Entered,6/28/2017 17:24,2017,Jun,Wed,17:24,12:00,6/29/2017 13:10,"Off Network e.g. Local Authority Road, Footpath",,Construction & Maintenance,,,Yes,,,,,Raining,,,Poor,No,,,Motor Bike,Incursion due to breakdown,0,0,0,0,,
29624,Near Miss,Minor or low potential impact,Not Entered,6/28/2017 17:51,2017,Jun,Wed,17:51,12:00,6/29/2017 13:24,"Off Network e.g. Local Authority Road, Footpath",,Construction & Maintenance,,,Yes,,,,,Raining,,,Poor,No,,,Motor Bike,Incursion due to breakdown,0,0,0,0,,
29625,Near Miss,Minor or low potential impact,Not Entered,6/29/2017 0:50,2017,Jun,Thu,0:50,0:00,6/29/2017 13:39,"Off Network e.g. Local Authority Road, Footpath",,Construction & Maintenance,,,Yes,,,,,Raining,,,Poor,No,,,Motor Bike,Incursion due to breakdown,0,0,0,0,,
29626,Near Miss,Minor or low potential impact,Not Entered,6/29/2017 1:39,2017,Jun,Thu,1:39,0:00,6/29/2017 13:46,"Off Network e.g. Local Authority Road, Footpath",,Construction & Maintenance,,,Yes,,,,,Raining,,,Poor,No,,,Motor Bike,Incursion due to breakdown,0,0,0,0,,
29617,Near Miss,Minor or low potential impact,Not Entered,6/29/2017 8:24,2017,Jun,Thu,8:24,6:00,6/29/2017 10:35,"Off Network e.g. Local Authority Road, Footpath",,Construction & Maintenance,,,Yes,,,,,Raining,,,Poor,No,,,Motor Bike,Incursion due to breakdown,0,0,0,0,,
29633,Near Miss,Minor or low potential impact,Not Entered,6/29/2017 9:28,2017,Jun,Thu,9:28,6:00,7/3/2017 9:20,"Off Network e.g. Local Authority Road, Footpath",,Construction & Maintenance,,,Yes,,,,,Raining,,,Poor,No,,,Motor Bike,Incursion due to breakdown,0,0,0,0,,
29643,Near Miss,Minor or low potential impact,Not Entered,6/29/2017 9:42,2017,Jun,Thu,9:42,6:00,7/3/2017 15:01,"Off Network e.g. Local Authority Road, Footpath",,Construction & Maintenance,,,Yes,,,,,Clear,,,100%,No,,,Motor Bike,Incursion due to breakdown,0,0,0,0,,
29644,Near Miss,Minor or low potential impact,Not Entered,6/29/2017 13:37,2017,Jun,Thu,13:37,12:00,7/3/2017 15:11,"Off Network e.g. Local Authority Road, Footpath",,Construction & Maintenance,,,Yes,,,,,Raining,,,Poor,No,,,Motor Bike,Incursion due to breakdown,0,0,0,0,,
29645,Near Miss,Minor or low potential impact,Not Entered,6/30/2017 3:13,2017,Jun,Fri,3:13,0:00,7/3/2017 15:27,"Off Network e.g. Local Authority Road, Footpath",,Construction & Maintenance,,,Yes,,,,,Clear,,,Non,No,,,Motor Bike,Incursion due to breakdown,0,0,0,0,,
29646,Near Miss,Minor or low potential impact,Not Entered,6/30/2017 3:15,2017,Jun,Fri,3:15,0:00,7/4/2017 7:52,"Off Network e.g. Local Authority Road, Footpath",,Construction & Maintenance,,,Yes,,,,,Clear,,,Non,No,,,Motor Bike,Incursion due to breakdown,0,0,0,0,,
29647,Near Miss,Minor or low potential impact,Not Entered,6/30/2017 9:20,2017,Jun,Fri,9:20,6:00,7/4/2017 8:03,"Off Network e.g. Local Authority Road, Footpath",,Construction & Maintenance,,,Yes,,,,,Clear,,,100%,No,,,Motor Bike,Incursion due to breakdown,0,0,0,0,,
29648,Near Miss,Minor or low potential impact,Not Entered,6/30/2017 18:16,2017,Jun,Fri,18:16,18:00,7/4/2017 8:32,"Off Network e.g. Local Authority Road, Footpath",,Construction & Maintenance,,,Yes,,,,,Raining,,,Poor,No,,,Motor Bike,Incursion due to breakdown,0,0,0,0,,
29649,Near Miss,Minor or low potential impact,Not Entered,6/30/2017 20:10,2017,Jun,Fri,20:10,18:00,7/4/2017 8:43,"Off Network e.g. Local Authority Road, Footpath",,Construction & Maintenance,,,Yes,,,,,Clear,,,Non,No,,,Motor Bike,Incursion due to breakdown,0,0,0,0,,
29650,Near Miss,Minor or low potential impact,Not Entered,6/30/2017 21:42,2017,Jun,Fri,21:42,18:00,7/4/2017 8:51,"Off Network e.g. Local Authority Road, Footpath",,Construction & Maintenance,,,Yes,,,,,Clear,,,Non,No,,,Motor Bike,Incursion due to breakdown,0,0,0,0,,
29652,Near Miss,Minor or low potential impact,Not Entered,7/1/2017 5:31,2017,Jul,Sat,5:31,0:00,7/4/2017 8:58,"Off Network e.g. Local Authority Road, Footpath",,Construction & Maintenance,,,Yes,,,,,Clear,,,100%,No,,,,Incursion due to breakdown,,,,,,
29651,Near Miss,Minor or low potential impact,Not Entered,7/1/2017 5:31,2017,Jul,Sat,5:31,0:00,7/4/2017 8:58,"Off Network e.g. Local Authority Road, Footpath",,Construction & Maintenance,,,Yes,,,,,Clear,,,100%,No,,,Motor Bike,Incursion due to breakdown,0,0,0,0,,
29653,Near Miss,Minor or low potential impact,Not Entered,7/2/2017 12:36,2017,Jul,Sun,12:36,12:00,7/4/2017 9:23,"Off Network e.g. Local Authority Road, Footpath",,Construction & Maintenance,,,Yes,,,,,Clear,,,100%,No,,,Motor Bike,Incursion due to breakdown,0,0,0,0,,
29654,Near Miss,Minor or low potential impact,Not Entered,7/2/2017 15:11,2017,Jul,Sun,15:11,12:00,7/4/2017 9:46,"Off Network e.g. Local Authority Road, Footpath",,Construction & Maintenance,,,Yes,,,,,Clear,,,100%,No,,,Motor Bike,Incursion due to breakdown,0,0,0,0,,
29656,Near Miss,Minor or low potential impact,Not Entered,7/3/2017 6:50,2017,Jul,Mon,6:50,6:00,7/4/2017 9:55,"Off Network e.g. Local Authority Road, Footpath",,Construction & Maintenance,,,Yes,,,,,Clear,,,100%,No,,,Motor Bike,Incursion due to breakdown,0,0,0,0,,
29657,Near Miss,Minor or low potential impact,Not Entered,7/3/2017 7:55,2017,Jul,Mon,7:55,6:00,7/4/2017 10:03,"Off Network e.g. Local Authority Road, Footpath",,Construction & Maintenance,,,Yes,,,,,Clear,,,100%,No,,,Motor Bike,Incursion due to breakdown,0,0,0,0,,
29658,Near Miss,Minor or low potential impact,Not Entered,7/3/2017 10:18,2017,Jul,Mon,10:18,6:00,7/4/2017 10:11,"Off Network e.g. Local Authority Road, Footpath",,Construction & Maintenance,,,Yes,,,,,Clear,,,100%,No,,,Motor Bike,Incursion due to breakdown,0,0,0,0,,
29659,Near Miss,Minor or low potential impact,Not Entered,7/3/2017 21:55,2017,Jul,Mon,21:55,18:00,7/4/2017 11:00,"Off Network e.g. Local Authority Road, Footpath",,Construction & Maintenance,,,Yes,,,,,Clear,,,Non,No,,,Motor Bike,Incursion due to breakdown,0,0,0,0,,
29667,Near Miss,Minor or low potential impact,Not Entered,7/4/2017 7:30,2017,Jul,Tue,7:30,6:00,7/5/2017 13:39,"Off Network e.g. Local Authority Road, Footpath",,Construction & Maintenance,,,Yes,,,,,Clear,,,100%,No,,,Motor Bike,Incursion due to breakdown,0,0,0,0,,
29668,Near Miss,Minor or low potential impact,Not Entered,7/4/2017 8:23,2017,Jul,Tue,8:23,6:00,7/5/2017 14:01,"Off Network e.g. Local Authority Road, Footpath",,Construction & Maintenance,,,Yes,,,,,Clear,,,100%,No,,,Motor Bike,Incursion due to breakdown,0,0,0,0,,
29670,Near Miss,Minor or low potential impact,Not Entered,7/4/2017 17:30,2017,Jul,Tue,17:30,12:00,7/5/2017 14:29,"Off Network e.g. Local Authority Road, Footpath",,Construction & Maintenance,,,Yes,,,,,Clear,,,100%,No,,,Motor Bike,Incursion due to breakdown,0,0,0,0,,
29672,Near Miss,Minor or low potential impact,Not Entered,7/5/2017 0:31,2017,Jul,Wed,0:31,0:00,7/5/2017 14:39,"Off Network e.g. Local Authority Road, Footpath",,Construction & Maintenance,,,Yes,,,,,Clear,,,Non,No,,,Motor Bike,Incursion due to breakdown,0,0,0,0,,
29675,Near Miss,Minor or low potential impact,Not Entered,7/5/2017 18:20,2017,Jul,Wed,18:20,18:00,7/6/2017 8:16,"Off Network e.g. Local Authority Road, Footpath",,Construction & Maintenance,,,Yes,,,,,Clear,,,100%,No,,,Motor Bike,Incursion due to breakdown,0,0,0,0,,
29676,Near Miss,Minor or low potential impact,Not Entered,7/5/2017 20:30,2017,Jul,Wed,20:30,18:00,7/6/2017 8:24,"Off Network e.g. Local Authority Road, Footpath",,Construction & Maintenance,,,Yes,,,,,Clear,,,100%,No,,,Motor Bike,Incursion due to breakdown,0,0,0,0,,
29700,Near Miss,Minor or low potential impact,Not Entered,7/6/2017 7:02,2017,Jul,Thu,7:02,6:00,7/10/2017 14:06,"Off Network e.g. Local Authority Road, Footpath",,Construction & Maintenance,,,Yes,,,,,Clear,,,100%,No,,,Motor Bike,Incursion due to breakdown,0,0,0,0,,
29701,Near Miss,Minor or low potential impact,Not Entered,7/6/2017 9:23,2017,Jul,Thu,9:23,6:00,7/10/2017 14:17,"Off Network e.g. Local Authority Road, Footpath",,Construction & Maintenance,,,Yes,,,,,Clear,,,100%,No,,,Motor Bike,Incursion due to breakdown,0,0,0,0,,
29702,Near Miss,Minor or low potential impact,Not Entered,7/6/2017 12:24,2017,Jul,Thu,12:24,12:00,7/10/2017 14:25,"Off Network e.g. Local Authority Road, Footpath",,Construction & Maintenance,,,Yes,,,,,Clear,,,100%,No,,,Motor Bike,Incursion due to breakdown,0,0,0,0,,
29703,Near Miss,Minor or low potential impact,Not Entered,7/6/2017 13:33,2017,Jul,Thu,13:33,12:00,7/10/2017 14:38,"Off Network e.g. Local Authority Road, Footpath",,Construction & Maintenance,,,Yes,,,,,Clear,,,100%,No,,,Motor Bike,Incursion due to breakdown,0,0,0,0,,
29704,Near Miss,Minor or low potential impact,Not Entered,7/6/2017 16:32,2017,Jul,Thu,16:32,12:00,7/10/2017 14:44,"Off Network e.g. Local Authority Road, Footpath",,Construction & Maintenance,,,Yes,,,,,Clear,,,100%,No,,,Motor Bike,Incursion due to breakdown,0,0,0,0,,
29705,Near Miss,Minor or low potential impact,Not Entered,7/6/2017 16:43,2017,Jul,Thu,16:43,12:00,7/10/2017 14:52,"Off Network e.g. Local Authority Road, Footpath",,Construction & Maintenance,,,Yes,,,,,Clear,,,100%,No,,,Motor Bike,Incursion unintentional - confused or follow in,0,0,0,0,,
29706,Near Miss,Minor or low potential impact,Not Entered,7/6/2017 16:51,2017,Jul,Thu,16:51,12:00,7/10/2017 14:59,"Off Network e.g. Local Authority Road, Footpath",,Construction & Maintenance,,,Yes,,,,,Clear,,,100%,No,,,Motor Bike,Incursion due to breakdown,0,0,0,0,,
29707,Near Miss,Minor or low potential impact,Not Entered,7/7/2017 11:50,2017,Jul,Fri,11:50,6:00,7/10/2017 15:05,"Off Network e.g. Local Authority Road, Footpath",,Construction & Maintenance,,,Yes,,,,,Clear,,,100%,No,,,Motor Bike,Incursion unintentional - confused or follow in,0,0,0,0,,
29708,Near Miss,Minor or low potential impact,Not Entered,7/7/2017 13:43,2017,Jul,Fri,13:43,12:00,7/10/2017 15:13,"Off Network e.g. Local Authority Road, Footpath",,Construction & Maintenance,,,Yes,,,,,Clear,,,100%,No,,,Motor Bike,Incursion due to breakdown,0,0,0,0,,
29709,Near Miss,Minor or low potential impact,Not Entered,7/7/2017 16:26,2017,Jul,Fri,16:26,12:00,7/10/2017 15:19,"Off Network e.g. Local Authority Road, Footpath",,Construction & Maintenance,,,Yes,,,,,Clear,,,100%,No,,,Motor Bike,Incursion due to breakdown,0,0,0,0,,
29710,Near Miss,Minor or low potential impact,Not Entered,7/8/2017 10:15,2017,Jul,Sat,10:15,6:00,7/10/2017 15:36,"Off Network e.g. Local Authority Road, Footpath",,Construction & Maintenance,,,Yes,,,,,Clear,,,100%,No,,,Motor Bike,Incursion due to breakdown,0,0,0,0,,
29713,Near Miss,Minor or low potential impact,Not Entered,7/9/2017 3:55,2017,Jul,Sun,3:55,0:00,7/10/2017 15:45,"Off Network e.g. Local Authority Road, Footpath",,Construction & Maintenance,,,Yes,,,,,Clear,,,Non,No,,,Motor Bike,Incursion due to breakdown,0,0,0,0,,
29714,Near Miss,Minor or low potential impact,Not Entered,7/9/2017 11:59,2017,Jul,Sun,11:59,6:00,7/10/2017 16:06,"Off Network e.g. Local Authority Road, Footpath",,Construction & Maintenance,,,Yes,,,,,Clear,,,100%,No,,,Motor Bike,Incursion due to breakdown,0,0,0,0,,
29775,Near Miss,Minor or low potential impact,Not Entered,7/10/2017 8:17,2017,Jul,Mon,8:17,6:00,7/24/2017 10:12,"Off Network e.g. Local Authority Road, Footpath",,Construction & Maintenance,,,Yes,,,,,Raining,,,Poor,No,,,Motor Bike,Incursion unintentional - confused or follow in,0,0,0,0,,
29776,Near Miss,Minor or low potential impact,Not Entered,7/10/2017 9:54,2017,Jul,Mon,9:54,6:00,7/24/2017 10:21,"Off Network e.g. Local Authority Road, Footpath",,Construction & Maintenance,,,Yes,,,,,Raining,,,Poor,No,,,Motor Bike,Incursion unintentional - confused or follow in,0,0,0,0,,
29781,Near Miss,Minor or low potential impact,Not Entered,7/10/2017 11:36,2017,Jul,Mon,11:36,6:00,7/24/2017 10:29,"Off Network e.g. Local Authority Road, Footpath",,Construction & Maintenance,,,Yes,,,,,Raining,,,Poor,No,,,Motor Bike,Incursion due to breakdown,0,0,0,0,,
29784,Near Miss,Minor or low potential impact,Not Entered,7/10/2017 13:02,2017,Jul,Mon,13:02,12:00,7/24/2017 10:37,"Off Network e.g. Local Authority Road, Footpath",,Construction & Maintenance,,,Yes,,,,,Raining,,,Poor,No,,,Motor Bike,Incursion due to breakdown,0,0,0,0,,
29786,Near Miss,Minor or low potential impact,Not Entered,7/10/2017 13:40,2017,Jul,Mon,13:40,12:00,7/24/2017 10:58,"Off Network e.g. Local Authority Road, Footpath",,Construction & Maintenance,,,Yes,,,,,Raining,,,Poor,No,,,Motor Bike,Incursion due to breakdown,0,0,0,0,,
29787,Near Miss,Minor or low potential impact,Not Entered,7/10/2017 15:19,2017,Jul,Mon,15:19,12:00,7/24/2017 11:10,"Off Network e.g. Local Authority Road, Footpath",,Construction & Maintenance,,,Yes,,,,,Raining,,,Poor,No,,,Motor Bike,Incursion due to breakdown,0,0,0,0,,
29788,Near Miss,Minor or low potential impact,Not Entered,7/10/2017 15:20,2017,Jul,Mon,15:20,12:00,7/24/2017 11:17,"Off Network e.g. Local Authority Road, Footpath",,Construction & Maintenance,,,Yes,,,,,Raining,,,Poor,No,,,Motor Bike,Incursion due to breakdown,0,0,0,0,,
29789,Near Miss,Minor or low potential impact,Not Entered,7/10/2017 18:24,2017,Jul,Mon,18:24,18:00,7/24/2017 12:17,"Off Network e.g. Local Authority Road, Footpath",,Construction & Maintenance,,,Yes,,,,,Clear,,,100%,No,,,Motor Bike,Incursion due to breakdown,0,0,0,0,,
29790,Near Miss,Minor or low potential impact,Not Entered,7/11/2017 8:05,2017,Jul,Tue,8:05,6:00,7/24/2017 12:28,"Off Network e.g. Local Authority Road, Footpath",,Construction & Maintenance,,,Yes,,,,,Raining,,,Poor,No,,,Motor Bike,Incursion due to breakdown,0,0,0,0,,
29791,Near Miss,Minor or low potential impact,Not Entered,7/11/2017 9:15,2017,Jul,Tue,9:15,6:00,7/24/2017 12:49,"Off Network e.g. Local Authority Road, Footpath",,Construction & Maintenance,,,Yes,,,,,Raining,,,Poor,No,,,Motor Bike,Incursion due to breakdown,0,0,0,0,,
29792,Near Miss,Minor or low potential impact,Not Entered,7/11/2017 9:17,2017,Jul,Tue,9:17,6:00,7/24/2017 13:00,"Off Network e.g. Local Authority Road, Footpath",,Construction & Maintenance,,,Yes,,,,,Raining,,,Poor,No,,,Motor Bike,Incursion due to breakdown,0,0,0,0,,
29794,Near Miss,Minor or low potential impact,Not Entered,7/11/2017 11:04,2017,Jul,Tue,11:04,6:00,7/24/2017 13:40,"Off Network e.g. Local Authority Road, Footpath",,Construction & Maintenance,,,Yes,,,,,Raining,,,Poor,No,,,Motor Bike,Incursion unintentional - confused or follow in,0,0,0,0,,
29793,Near Miss,Minor or low potential impact,Not Entered,7/11/2017 11:04,2017,Jul,Tue,11:04,6:00,7/24/2017 13:20,"Off Network e.g. Local Authority Road, Footpath",,Construction & Maintenance,,,Yes,,,,,Raining,,,Poor,No,,,Motor Bike,Incursion due to breakdown,0,0,0,0,,
29795,Near Miss,Minor or low potential impact,Not Entered,7/11/2017 17:56,2017,Jul,Tue,17:56,12:00,7/24/2017 14:02,"Off Network e.g. Local Authority Road, Footpath",,Construction & Maintenance,,,Yes,,,,,Raining,,,Poor,No,,,Motor Bike,Incursion due to breakdown,0,0,0,0,,
29796,Near Miss,Minor or low potential impact,Not Entered,7/11/2017 18:32,2017,Jul,Tue,18:32,18:00,7/24/2017 14:27,"Off Network e.g. Local Authority Road, Footpath",,Construction & Maintenance,,,Yes,,,,,Raining,,,Poor,No,,,Motor Bike,Incursion unintentional - confused or follow in,0,0,0,0,,
29797,Near Miss,Minor or low potential impact,Not Entered,7/12/2017 1:42,2017,Jul,Wed,1:42,0:00,7/24/2017 14:40,"Off Network e.g. Local Authority Road, Footpath",,Construction & Maintenance,,,Yes,,,,,Raining,,,Poor,No,,,Motor Bike,Incursion due to breakdown,0,0,0,0,,
29798,Near Miss,Minor or low potential impact,Not Entered,7/12/2017 5:45,2017,Jul,Wed,5:45,0:00,7/24/2017 14:51,"Off Network e.g. Local Authority Road, Footpath",,Construction & Maintenance,,,Yes,,,,,Clear,,,100%,No,,,Motor Bike,Incursion due to breakdown,0,0,0,0,,
29799,Near Miss,Minor or low potential impact,Not Entered,7/12/2017 11:00,2017,Jul,Wed,11:00,6:00,7/24/2017 15:11,"Off Network e.g. Local Authority Road, Footpath",,Construction & Maintenance,,,Yes,,,,,Clear,,,100%,No,,,Motor Bike,Incursion due to breakdown,0,0,0,0,,
29800,Near Miss,Minor or low potential impact,Not Entered,7/12/2017 13:57,2017,Jul,Wed,13:57,12:00,7/24/2017 15:21,"Off Network e.g. Local Authority Road, Footpath",,Construction & Maintenance,,,Yes,,,,,Clear,,,100%,No,,,Motor Bike,Incursion due to breakdown,0,0,0,0,,
29801,Near Miss,Minor or low potential impact,Not Entered,7/12/2017 18:05,2017,Jul,Wed,18:05,18:00,7/25/2017 6:22,"Off Network e.g. Local Authority Road, Footpath",,Construction & Maintenance,,,Yes,,,,,Clear,,,100%,No,,,Motor Bike,Incursion due to breakdown,0,0,0,0,,
29802,Near Miss,Minor or low potential impact,Not Entered,7/13/2017 8:47,2017,Jul,Thu,8:47,6:00,7/25/2017 6:38,"Off Network e.g. Local Authority Road, Footpath",,Construction & Maintenance,,,Yes,,,,,Clear,,,100%,No,,,Motor Bike,Incursion due to breakdown,0,0,0,0,,
29803,Near Miss,Minor or low potential impact,Not Entered,7/13/2017 16:02,2017,Jul,Thu,16:02,12:00,7/25/2017 6:53,"Off Network e.g. Local Authority Road, Footpath",,Construction & Maintenance,,,Yes,,,,,Clear,,,100%,No,,,Motor Bike,Incursion due to breakdown,0,0,0,0,,
29804,Near Miss,Minor or low potential impact,Not Entered,7/13/2017 23:22,2017,Jul,Thu,23:22,18:00,7/25/2017 7:19,"Off Network e.g. Local Authority Road, Footpath",,Construction & Maintenance,,,Yes,,,,,Clear,,,Non,No,,,Motor Bike,Incursion due to breakdown,0,0,0,0,,
29805,Near Miss,Minor or low potential impact,Not Entered,7/14/2017 15:16,2017,Jul,Fri,15:16,12:00,7/25/2017 7:31,"Off Network e.g. Local Authority Road, Footpath",,Construction & Maintenance,,,No,,,,,Clear,,,100%,No,,,,Incursion due to breakdown,0,0,0,0,,
29807,Near Miss,Minor or low potential impact,Not Entered,7/14/2017 16:58,2017,Jul,Fri,16:58,12:00,7/25/2017 8:05,"Off Network e.g. Local Authority Road, Footpath",,Construction & Maintenance,,,Yes,,,,,Clear,,,100%,No,,,Motor Bike,Incursion unintentional - confused or follow in,0,0,0,0,,
29809,Near Miss,Minor or low potential impact,Not Entered,7/14/2017 21:48,2017,Jul,Fri,21:48,18:00,7/25/2017 8:14,"Off Network e.g. Local Authority Road, Footpath",,Construction & Maintenance,,,Yes,,,,,Clear,,,Non,No,,,Motor Bike,Incursion due to breakdown,0,0,0,0,,
29810,Near Miss,Minor or low potential impact,Not Entered,7/15/2017 17:12,2017,Jul,Sat,17:12,12:00,7/25/2017 8:27,"Off Network e.g. Local Authority Road, Footpath",,Construction & Maintenance,,,Yes,,,,,Clear,,,100%,No,,,Motor Bike,Incursion due to breakdown,0,0,0,0,,
29811,Near Miss,Minor or low potential impact,Not Entered,7/15/2017 17:41,2017,Jul,Sat,17:41,12:00,7/25/2017 8:43,"Off Network e.g. Local Authority Road, Footpath",,Construction & Maintenance,,,Yes,,,,,Clear,,,100%,No,,,Motor Bike,Incursion due to breakdown,0,0,0,0,,
29812,Near Miss,Minor or low potential impact,Not Entered,7/15/2017 19:05,2017,Jul,Sat,19:05,18:00,7/25/2017 9:16,"Off Network e.g. Local Authority Road, Footpath",,Construction & Maintenance,,,Yes,,,,,Clear,,,100%,No,,,Motor Bike,Incursion due to breakdown,0,0,0,0,,
29813,Near Miss,Minor or low potential impact,Not Entered,7/16/2017 12:53,2017,Jul,Sun,12:53,12:00,7/25/2017 9:30,"Off Network e.g. Local Authority Road, Footpath",,Construction & Maintenance,,,Yes,,,,,Clear,,,100%,No,,,Motor Bike,Incursion due to breakdown,0,0,0,0,,
29814,Near Miss,Minor or low potential impact,Not Entered,7/16/2017 14:23,2017,Jul,Sun,14:23,12:00,7/25/2017 9:56,"Off Network e.g. Local Authority Road, Footpath",,Construction & Maintenance,,,Yes,,,,,Clear,,,100%,No,,,Motor Bike,Incursion due to breakdown,0,0,0,0,,
29815,Near Miss,Minor or low potential impact,Not Entered,7/16/2017 16:56,2017,Jul,Sun,16:56,12:00,7/25/2017 10:08,"Off Network e.g. Local Authority Road, Footpath",,Construction & Maintenance,,,Yes,,,,,Clear,,,100%,No,,,Motor Bike,Incursion due to breakdown,0,0,0,0,,
29817,Near Miss,Minor or low potential impact,Not Entered,7/16/2017 19:56,2017,Jul,Sun,19:56,18:00,7/25/2017 10:18,"Off Network e.g. Local Authority Road, Footpath",,Construction & Maintenance,,,Yes,,,,,Clear,,,100%,No,,,Motor Bike,Incursion due to breakdown,0,0,0,0,,
29820,Near Miss,Minor or low potential impact,Not Entered,7/17/2017 11:48,2017,Jul,Mon,11:48,6:00,7/25/2017 10:47,"Off Network e.g. Local Authority Road, Footpath",,Construction & Maintenance,,,Yes,,,,,Clear,,,100%,No,,,Motor Bike,Incursion due to breakdown,0,0,0,0,,
29821,Near Miss,Minor or low potential impact,Not Entered,7/17/2017 12:19,2017,Jul,Mon,12:19,12:00,7/25/2017 11:14,"Off Network e.g. Local Authority Road, Footpath",,Construction & Maintenance,,,Yes,,,,,Clear,,,100%,No,,,Motor Bike,Incursion due to breakdown,0,0,0,0,,
29822,Near Miss,Minor or low potential impact,Not Entered,7/17/2017 17:39,2017,Jul,Mon,17:39,12:00,7/25/2017 11:28,"Off Network e.g. Local Authority Road, Footpath",,Construction & Maintenance,,,Yes,,,,,Clear,,,100%,No,,,Motor Bike,Incursion due to breakdown,0,0,0,0,,
29823,Near Miss,Minor or low potential impact,Not Entered,7/18/2017 2:11,2017,Jul,Tue,2:11,0:00,7/25/2017 11:40,"Off Network e.g. Local Authority Road, Footpath",,Construction & Maintenance,,,Yes,,,,,Clear,,,Non,No,,,Motor Bike,Incursion due to breakdown,0,0,0,0,,
29825,Near Miss,Minor or low potential impact,Not Entered,7/18/2017 16:44,2017,Jul,Tue,16:44,12:00,7/25/2017 12:26,"Off Network e.g. Local Authority Road, Footpath",,Construction & Maintenance,,,Yes,,,,,Clear,,,100%,No,,,Motor Bike,Incursion due to breakdown,0,0,0,0,,
29826,Near Miss,Minor or low potential impact,Not Entered,7/18/2017 17:08,2017,Jul,Tue,17:08,12:00,7/25/2017 12:42,"Off Network e.g. Local Authority Road, Footpath",,Construction & Maintenance,,,Yes,,,,,Clear,,,100%,No,,,Motor Bike,Incursion due to breakdown,0,0,0,0,,
29827,Near Miss,Minor or low potential impact,Not Entered,7/18/2017 17:19,2017,Jul,Tue,17:19,12:00,7/25/2017 13:00,"Off Network e.g. Local Authority Road, Footpath",,Construction & Maintenance,,,Yes,,,,,Clear,,,100%,No,,,Motor Bike,Incursion unintentional - confused or follow in,0,0,0,0,,
29828,Near Miss,Minor or low potential impact,Not Entered,7/18/2017 20:05,2017,Jul,Tue,20:05,18:00,7/25/2017 14:22,"Off Network e.g. Local Authority Road, Footpath",,Construction & Maintenance,,,Yes,,,,,Clear,,,100%,No,,,Motor Bike,Incursion due to breakdown,0,0,0,0,,
29829,Near Miss,Minor or low potential impact,Not Entered,7/19/2017 4:30,2017,Jul,Wed,4:30,0:00,7/25/2017 14:38,"Off Network e.g. Local Authority Road, Footpath",,Construction & Maintenance,,,Yes,,,,,Clear,,,Non,No,,,Motor Bike,Incursion due to breakdown,0,0,0,0,,