Event ID,Event Type ,Event Subtype,Type of Person,Date/Time of Event,Year,Month,Day of the Week,Time,Time interval (6 hours),Date/Time Reported,Location,Specific Location (include RCC Log no if relevant),Details of actual job being done at the time,Part of Body Affected,Injury Type,Was there a vehicle involved in this event?,Work related,Accident Type,Vehicle Motion,Who was Hit,Weather/Visibility,Surface Condition,Roadbed Grade,Lighting Conditions,Was A Police Report Filed?,Name of Law Enforcement Agency,Preventable,Type,Kind of Event,Expected Lost Workdays (Total),Actual Lost Workdays (Total),Expected Restricted Workdays (Total),Actual Restricted Workdays (Total),Return To Work Date,Sign Off 1
29830,Near Miss,Minor or low potential impact,Not Entered,7/19/2017 5:36,2017,Jul,Wed,5:36,0:00,7/25/2017 14:49,"Off Network e.g. Local Authority Road, Footpath",,Construction & Maintenance,,,Yes,,,,,Clear,,,Non,No,,,Motor Bike,Incursion unintentional - confused or follow in,0,0,0,0,,
29836,Near Miss,Minor or low potential impact,Not Entered,7/19/2017 10:25,2017,Jul,Wed,10:25,6:00,7/26/2017 7:45,"Off Network e.g. Local Authority Road, Footpath",,Construction & Maintenance,,,Yes,,,,,Clear,,,100%,No,,,Motor Bike,Incursion due to breakdown,0,0,0,0,,
29837,Near Miss,Minor or low potential impact,Not Entered,7/19/2017 22:57,2017,Jul,Wed,22:57,18:00,7/26/2017 8:18,"Off Network e.g. Local Authority Road, Footpath",,Construction & Maintenance,,,Yes,,,,,Clear,,,Non,No,,,Motor Bike,Incursion due to breakdown,0,0,0,0,,
29838,Near Miss,Minor or low potential impact,Not Entered,7/20/2017 12:50,2017,Jul,Thu,12:50,12:00,7/26/2017 8:29,"Off Network e.g. Local Authority Road, Footpath",,Construction & Maintenance,,,Yes,,,,,Clear,,,100%,No,,,Motor Bike,Incursion due to breakdown,0,0,0,0,,
29841,Near Miss,Minor or low potential impact,Not Entered,7/20/2017 17:47,2017,Jul,Thu,17:47,12:00,7/26/2017 8:47,"Off Network e.g. Local Authority Road, Footpath",,Construction & Maintenance,,,Yes,,,,,Clear,,,100%,No,,,Motor Bike,Incursion due to breakdown,0,0,0,0,,
29842,Near Miss,Minor or low potential impact,Not Entered,7/21/2017 20:52,2017,Jul,Fri,20:52,18:00,7/26/2017 9:03,"Off Network e.g. Local Authority Road, Footpath",,Construction & Maintenance,,,Yes,,,,,Clear,,,Non,No,,,Motor Bike,Incursion due to breakdown,0,0,0,0,,
29844,Near Miss,Minor or low potential impact,Not Entered,7/22/2017 2:30,2017,Jul,Sat,2:30,0:00,7/26/2017 9:13,"Off Network e.g. Local Authority Road, Footpath",,Construction & Maintenance,,,Yes,,,,,Raining,,,Poor,No,,,Motor Bike,Incursion due to breakdown,0,0,0,0,,
29846,Near Miss,Minor or low potential impact,Not Entered,7/22/2017 9:56,2017,Jul,Sat,9:56,6:00,7/26/2017 9:41,"Off Network e.g. Local Authority Road, Footpath",,Construction & Maintenance,,,Yes,,,,,Clear,,,100%,No,,,Motor Bike,Incursion due to breakdown,0,0,0,0,,
29847,Near Miss,Minor or low potential impact,Not Entered,7/22/2017 11:04,2017,Jul,Sat,11:04,6:00,7/26/2017 9:49,"Off Network e.g. Local Authority Road, Footpath",,Construction & Maintenance,,,Yes,,,,,Clear,,,100%,No,,,Motor Bike,Incursion due to breakdown,0,0,0,0,,
29848,Near Miss,Minor or low potential impact,Not Entered,7/23/2017 12:16,2017,Jul,Sun,12:16,12:00,7/26/2017 10:29,"Off Network e.g. Local Authority Road, Footpath",,Construction & Maintenance,,,Yes,,,,,Clear,,,100%,No,,,Motor Bike,Incursion due to breakdown,0,0,0,0,,
29849,Near Miss,Minor or low potential impact,Not Entered,7/23/2017 12:38,2017,Jul,Sun,12:38,12:00,7/26/2017 10:45,"Off Network e.g. Local Authority Road, Footpath",,Construction & Maintenance,,,Yes,,,,,Clear,,,100%,No,,,Motor Bike,Incursion due to breakdown,0,0,0,0,,
29850,Near Miss,Minor or low potential impact,Not Entered,7/23/2017 12:43,2017,Jul,Sun,12:43,12:00,7/26/2017 10:54,"Off Network e.g. Local Authority Road, Footpath",,Construction & Maintenance,,,Yes,,,,,Clear,,,100%,No,,,Motor Bike,Incursion due to breakdown,0,0,0,0,,
29851,Near Miss,Minor or low potential impact,Not Entered,7/23/2017 13:12,2017,Jul,Sun,13:12,12:00,7/26/2017 11:02,"Off Network e.g. Local Authority Road, Footpath",,Construction & Maintenance,,,Yes,,,,,Clear,,,100%,No,,,Motor Bike,Incursion due to breakdown,0,0,0,0,,
29854,Near Miss,Minor or low potential impact,Not Entered,7/23/2017 15:54,2017,Jul,Sun,15:54,12:00,7/26/2017 11:47,"Off Network e.g. Local Authority Road, Footpath",,Construction & Maintenance,,,Yes,,,,,Clear,,,100%,No,,,Motor Bike,Incursion due to breakdown,0,0,0,0,,
29852,Near Miss,Minor or low potential impact,Not Entered,7/23/2017 15:58,2017,Jul,Sun,15:58,12:00,7/26/2017 11:13,"Off Network e.g. Local Authority Road, Footpath",,Construction & Maintenance,,,Yes,,,,,Clear,,,100%,No,,,Motor Bike,Incursion due to breakdown,0,0,0,0,,
29853,Near Miss,Minor or low potential impact,Not Entered,7/23/2017 16:16,2017,Jul,Sun,16:16,12:00,7/26/2017 11:35,"Off Network e.g. Local Authority Road, Footpath",,Construction & Maintenance,,,Yes,,,,,Clear,,,100%,No,,,Motor Bike,Incursion due to breakdown,0,0,0,0,,
29855,Near Miss,Minor or low potential impact,Not Entered,7/24/2017 1:17,2017,Jul,Mon,1:17,0:00,7/26/2017 11:55,"Off Network e.g. Local Authority Road, Footpath",,Construction & Maintenance,,,Yes,,,,,Clear,,,Non,No,,,Motor Bike,Incursion due to breakdown,0,0,0,0,,
29859,Near Miss,Minor or low potential impact,Not Entered,7/24/2017 12:02,2017,Jul,Mon,12:02,12:00,7/27/2017 8:18,"Off Network e.g. Local Authority Road, Footpath",,Construction & Maintenance,,,Yes,,,,,Clear,,,100%,No,,,Motor Bike,Incursion due to breakdown,0,0,0,0,,
29860,Near Miss,Minor or low potential impact,Not Entered,7/24/2017 18:33,2017,Jul,Mon,18:33,18:00,7/27/2017 8:32,"Off Network e.g. Local Authority Road, Footpath",,Construction & Maintenance,,,Yes,,,,,Clear,,,100%,No,,,Motor Bike,Incursion due to breakdown,0,0,0,0,,
29861,Near Miss,Minor or low potential impact,Not Entered,7/24/2017 19:04,2017,Jul,Mon,19:04,18:00,7/27/2017 8:50,"Off Network e.g. Local Authority Road, Footpath",,Construction & Maintenance,,,Yes,,,,,Clear,,,100%,No,,,Motor Bike,Incursion due to breakdown,0,0,0,0,,
29862,Near Miss,Minor or low potential impact,Not Entered,7/24/2017 21:05,2017,Jul,Mon,21:05,18:00,7/27/2017 9:04,"Off Network e.g. Local Authority Road, Footpath",,Construction & Maintenance,,,Yes,,,,,Clear,,,Non,No,,,Motor Bike,Incursion due to breakdown,0,0,0,0,,
29864,Near Miss,Minor or low potential impact,Not Entered,7/25/2017 7:29,2017,Jul,Tue,7:29,6:00,7/27/2017 9:13,"Off Network e.g. Local Authority Road, Footpath",,Construction & Maintenance,,,Yes,,,,,Clear,,,100%,No,,,Motor Bike,Incursion due to breakdown,0,0,0,0,,
29865,Near Miss,Minor or low potential impact,Not Entered,7/25/2017 10:00,2017,Jul,Tue,10:00,6:00,7/27/2017 9:24,"Off Network e.g. Local Authority Road, Footpath",,Construction & Maintenance,,,Yes,,,,,Clear,,,100%,No,,,Motor Bike,Incursion due to breakdown,0,0,0,0,,
29866,Near Miss,Minor or low potential impact,Not Entered,7/25/2017 16:50,2017,Jul,Tue,16:50,12:00,7/27/2017 9:34,"Off Network e.g. Local Authority Road, Footpath",,Construction & Maintenance,,,Yes,,,,,Clear,,,100%,No,,,Motor Bike,Incursion due to breakdown,0,0,0,0,,
29867,Near Miss,Minor or low potential impact,Not Entered,7/25/2017 21:43,2017,Jul,Tue,21:43,18:00,7/27/2017 9:45,"Off Network e.g. Local Authority Road, Footpath",,Construction & Maintenance,,,Yes,,,,,Clear,,,Non,No,,,Motor Bike,Incursion due to breakdown,0,0,0,0,,
29868,Near Miss,Minor or low potential impact,Not Entered,7/26/2017 9:30,2017,Jul,Wed,9:30,6:00,7/27/2017 10:29,"Off Network e.g. Local Authority Road, Footpath",,Construction & Maintenance,,,Yes,,,,,Raining,,,Poor,No,,,Motor Bike,Incursion to seek information or benefit,0,0,0,0,,
29869,Near Miss,Minor or low potential impact,Not Entered,7/26/2017 15:19,2017,Jul,Wed,15:19,12:00,7/27/2017 10:40,"Off Network e.g. Local Authority Road, Footpath",,Construction & Maintenance,,,Yes,,,,,Clear,,,100%,No,,,Motor Bike,Incursion due to breakdown,0,0,0,0,,
29889,Near Miss,Minor or low potential impact,Not Entered,7/27/2017 20:15,2017,Jul,Thu,20:15,18:00,7/31/2017 9:52,"Off Network e.g. Local Authority Road, Footpath",,Construction & Maintenance,,,Yes,,,,,Clear,,,100%,No,,,Motor Bike,Incursion unintentional - confused or follow in,0,0,0,0,,
29895,Near Miss,Minor or low potential impact,Not Entered,7/27/2017 21:43,2017,Jul,Thu,21:43,18:00,7/31/2017 10:09,"Off Network e.g. Local Authority Road, Footpath",,Construction & Maintenance,,,Yes,,,,,Clear,,,Non,No,,,Motor Bike,Incursion unintentional - confused or follow in,0,0,0,0,,
29897,Near Miss,Minor or low potential impact,Not Entered,7/28/2017 2:16,2017,Jul,Fri,2:16,0:00,7/31/2017 10:21,"Off Network e.g. Local Authority Road, Footpath",,Construction & Maintenance,,,Yes,,,,,Clear,,,Non,No,,,Motor Bike,Incursion unintentional - confused or follow in,0,0,0,0,,
29898,Near Miss,Minor or low potential impact,Not Entered,7/28/2017 3:16,2017,Jul,Fri,3:16,0:00,7/31/2017 10:29,"Off Network e.g. Local Authority Road, Footpath",,Construction & Maintenance,,,Yes,,,,,Clear,,,Non,No,,,Motor Bike,Incursion due to breakdown,0,0,0,0,,
29899,Near Miss,Minor or low potential impact,Not Entered,7/28/2017 6:38,2017,Jul,Fri,6:38,6:00,7/31/2017 10:36,"Off Network e.g. Local Authority Road, Footpath",,Construction & Maintenance,,,Yes,,,,,Clear,,,100%,No,,,Motor Bike,Incursion due to breakdown,0,0,0,0,,
29900,Near Miss,Minor or low potential impact,Not Entered,7/28/2017 8:39,2017,Jul,Fri,8:39,6:00,7/31/2017 12:17,"Off Network e.g. Local Authority Road, Footpath",,Construction & Maintenance,,,Yes,,,,,Clear,,,100%,No,,,Motor Bike,Incursion due to breakdown,0,0,0,0,,
29901,Near Miss,Minor or low potential impact,Not Entered,7/28/2017 11:13,2017,Jul,Fri,11:13,6:00,7/31/2017 12:33,"Off Network e.g. Local Authority Road, Footpath",,Construction & Maintenance,,,Yes,,,,,Clear,,,100%,No,,,Motor Bike,Incursion due to breakdown,0,0,0,0,,
29902,Near Miss,Minor or low potential impact,Not Entered,7/28/2017 11:37,2017,Jul,Fri,11:37,6:00,7/31/2017 12:41,"Off Network e.g. Local Authority Road, Footpath",,Construction & Maintenance,,,Yes,,,,,Clear,,,100%,No,,,Motor Bike,Incursion due to breakdown,0,0,0,0,,
29903,Near Miss,Minor or low potential impact,Not Entered,7/28/2017 17:20,2017,Jul,Fri,17:20,12:00,7/31/2017 13:01,"Off Network e.g. Local Authority Road, Footpath",,Construction & Maintenance,,,Yes,,,,,Raining,,,Poor,No,,,Motor Bike,Incursion due to breakdown,0,0,0,0,,
29905,Near Miss,Minor or low potential impact,Not Entered,7/28/2017 20:39,2017,Jul,Fri,20:39,18:00,7/31/2017 13:44,"Off Network e.g. Local Authority Road, Footpath",,Construction & Maintenance,,,Yes,,,,,Raining,,,Poor,No,,,Motor Bike,Incursion due to breakdown,0,0,0,0,,
29906,Near Miss,Minor or low potential impact,Not Entered,7/29/2017 0:52,2017,Jul,Sat,0:52,0:00,7/31/2017 13:54,"Off Network e.g. Local Authority Road, Footpath",,Construction & Maintenance,,,Yes,,,,,Raining,,,Poor,No,,,Motor Bike,Incursion due to breakdown,0,0,0,0,,
29909,Near Miss,Minor or low potential impact,Not Entered,7/30/2017 5:55,2017,Jul,Sun,5:55,0:00,7/31/2017 15:09,"Off Network e.g. Local Authority Road, Footpath",,Construction & Maintenance,,,Yes,,,,,Clear,,,100%,No,,,Motor Bike,Incursion due to breakdown,0,0,0,0,,
29911,Near Miss,Minor or low potential impact,Not Entered,7/30/2017 12:22,2017,Jul,Sun,12:22,12:00,8/1/2017 7:21,"Off Network e.g. Local Authority Road, Footpath",,Construction & Maintenance,,,Yes,,,,,Clear,,,100%,No,,,Motor Bike,Incursion unintentional - confused or follow in,0,0,0,0,,
29912,Near Miss,Minor or low potential impact,Not Entered,7/30/2017 14:54,2017,Jul,Sun,14:54,12:00,8/1/2017 7:33,"Off Network e.g. Local Authority Road, Footpath",,Construction & Maintenance,,,Yes,,,,,Raining,,,Poor,No,,,Motor Bike,Incursion due to breakdown,0,0,0,0,,
29913,Near Miss,Minor or low potential impact,Not Entered,7/30/2017 20:06,2017,Jul,Sun,20:06,18:00,8/1/2017 7:42,"Off Network e.g. Local Authority Road, Footpath",,Construction & Maintenance,,,Yes,,,,,Clear,,,Non,No,,,Motor Bike,Incursion due to breakdown,0,0,0,0,,
29916,Near Miss,Minor or low potential impact,Not Entered,7/31/2017 6:02,2017,Jul,Mon,6:02,6:00,8/1/2017 7:58,"Off Network e.g. Local Authority Road, Footpath",,Construction & Maintenance,,,Yes,,,,,Clear,,,100%,No,,,Motor Bike,Incursion due to breakdown,0,0,0,0,,
29917,Near Miss,Minor or low potential impact,Not Entered,7/31/2017 13:27,2017,Jul,Mon,13:27,12:00,8/1/2017 8:10,"Off Network e.g. Local Authority Road, Footpath",,Construction & Maintenance,,,Yes,,,,,Clear,,,100%,No,,,Motor Bike,Incursion to seek information or benefit,0,0,0,0,,
29919,Near Miss,Minor or low potential impact,Not Entered,7/31/2017 14:47,2017,Jul,Mon,14:47,12:00,8/1/2017 8:23,"Off Network e.g. Local Authority Road, Footpath",,Construction & Maintenance,,,Yes,,,,,Clear,,,100%,No,,,Motor Bike,Incursion due to breakdown,0,0,0,0,,
29920,Near Miss,Minor or low potential impact,Not Entered,7/31/2017 18:09,2017,Jul,Mon,18:09,18:00,8/1/2017 8:45,"Off Network e.g. Local Authority Road, Footpath",,Construction & Maintenance,,,Yes,,,,,Clear,,,100%,No,,,Motor Bike,Incursion due to breakdown,0,0,0,0,,
29921,Near Miss,Minor or low potential impact,Not Entered,7/31/2017 22:19,2017,Jul,Mon,22:19,18:00,8/1/2017 8:53,"Off Network e.g. Local Authority Road, Footpath",,Construction & Maintenance,,,Yes,,,,,Clear,,,Non,No,,,Motor Bike,Incursion due to breakdown,0,0,0,0,,
29937,Near Miss,Minor or low potential impact,Not Entered,8/1/2017 10:04,2017,Aug,Tue,10:04,6:00,8/2/2017 8:10,"Off Network e.g. Local Authority Road, Footpath",,Construction & Maintenance,,,Yes,,,,,Clear,,,100%,No,,,Motor Bike,Incursion due to breakdown,0,0,0,0,,
29936,Near Miss,Minor or low potential impact,Not Entered,8/1/2017 10:04,2017,Aug,Tue,10:04,6:00,8/2/2017 7:59,"Off Network e.g. Local Authority Road, Footpath",,Construction & Maintenance,,,Yes,,,,,Clear,,,100%,No,,,Motor Bike,Incursion unintentional - confused or follow in,0,0,0,0,,
29938,Near Miss,Minor or low potential impact,Not Entered,8/1/2017 10:24,2017,Aug,Tue,10:24,6:00,8/2/2017 9:23,"Off Network e.g. Local Authority Road, Footpath",,Construction & Maintenance,,,Yes,,,,,Clear,,,100%,No,,,Motor Bike,Incursion due to breakdown,0,0,0,0,,
29939,Near Miss,Minor or low potential impact,Not Entered,8/1/2017 11:44,2017,Aug,Tue,11:44,6:00,8/2/2017 9:36,"Off Network e.g. Local Authority Road, Footpath",,Construction & Maintenance,,,Yes,,,,,Raining,,,Poor,No,,,Motor Bike,Incursion to seek information or benefit,0,0,0,0,,
29940,Near Miss,Minor or low potential impact,Not Entered,8/1/2017 16:50,2017,Aug,Tue,16:50,12:00,8/2/2017 10:04,"Off Network e.g. Local Authority Road, Footpath",,Construction & Maintenance,,,Yes,,,,,Clear,,,100%,No,,,Motor Bike,Incursion unintentional - confused or follow in,0,0,0,0,,
29941,Near Miss,Minor or low potential impact,Not Entered,8/1/2017 17:33,2017,Aug,Tue,17:33,12:00,8/2/2017 10:16,"Off Network e.g. Local Authority Road, Footpath",,Construction & Maintenance,,,Yes,,,,,Clear,,,100%,No,,,Motor Bike,Incursion unintentional - confused or follow in,0,0,0,0,,
29942,Near Miss,Minor or low potential impact,Not Entered,8/1/2017 22:36,2017,Aug,Tue,22:36,18:00,8/2/2017 10:28,"Off Network e.g. Local Authority Road, Footpath",,Construction & Maintenance,,,Yes,,,,,Clear,,,Non,No,,,Motor Bike,Incursion unintentional - confused or follow in,0,0,0,0,,
29943,Near Miss,Minor or low potential impact,Not Entered,8/1/2017 23:46,2017,Aug,Tue,23:46,18:00,8/2/2017 11:06,"Off Network e.g. Local Authority Road, Footpath",,Construction & Maintenance,,,Yes,,,,,Clear,,,Non,No,,,Motor Bike,Incursion to seek information or benefit,0,0,0,0,,
29944,Near Miss,Minor or low potential impact,Not Entered,8/1/2017 23:47,2017,Aug,Tue,23:47,18:00,8/2/2017 12:50,"Off Network e.g. Local Authority Road, Footpath",,Construction & Maintenance,,,Yes,,,,,Clear,,,Non,No,,,Motor Bike,Incursion to seek information or benefit,0,0,0,0,,
29948,Near Miss,Minor or low potential impact,Not Entered,8/2/2017 16:55,2017,Aug,Wed,16:55,12:00,8/3/2017 7:24,"Off Network e.g. Local Authority Road, Footpath",,Construction & Maintenance,,,Yes,,,,,Clear,,,100%,No,,,Motor Bike,Incursion due to breakdown,0,0,0,0,,
29949,Near Miss,Minor or low potential impact,Not Entered,8/2/2017 23:26,2017,Aug,Wed,23:26,18:00,8/3/2017 8:00,"Off Network e.g. Local Authority Road, Footpath",,Construction & Maintenance,,,Yes,,,,,Clear,,,Non,No,,,Motor Bike,Incursion due to breakdown,0,0,0,0,,
29952,Near Miss,Minor or low potential impact,Not Entered,8/3/2017 5:50,2017,Aug,Thu,5:50,0:00,8/3/2017 8:53,"Off Network e.g. Local Authority Road, Footpath",,Construction & Maintenance,,,Yes,,,,,Clear,,,100%,No,,,Motor Bike,Incursion due to breakdown,0,0,0,0,,
29953,Near Miss,Minor or low potential impact,Not Entered,8/3/2017 6:44,2017,Aug,Thu,6:44,6:00,8/3/2017 9:01,"Off Network e.g. Local Authority Road, Footpath",,Construction & Maintenance,,,Yes,,,,,Clear,,,100%,No,,,Motor Bike,Incursion unintentional - confused or follow in,0,0,0,0,,
29972,Near Miss,Minor or low potential impact,Not Entered,8/3/2017 7:13,2017,Aug,Thu,7:13,6:00,8/7/2017 7:48,"Off Network e.g. Local Authority Road, Footpath",,Construction & Maintenance,,,Yes,,,,,Clear,,,100%,No,,,Motor Bike,Incursion due to breakdown,0,0,0,0,,
29973,Near Miss,Minor or low potential impact,Not Entered,8/3/2017 8:05,2017,Aug,Thu,8:05,6:00,8/7/2017 8:00,"Off Network e.g. Local Authority Road, Footpath",,Construction & Maintenance,,,Yes,,,,,Clear,,,100%,No,,,Motor Bike,Incursion due to breakdown,0,0,0,0,,
29947,Near Miss,Minor or low potential impact,Not Entered,8/3/2017 15:01,2017,Aug,Thu,15:01,12:00,8/3/2017 7:15,"Off Network e.g. Local Authority Road, Footpath",,Construction & Maintenance,,,Yes,,,,,Clear,,,100%,No,,,Motor Bike,Incursion due to breakdown,0,0,0,0,,
29976,Near Miss,Minor or low potential impact,Not Entered,8/3/2017 17:00,2017,Aug,Thu,17:00,12:00,8/7/2017 13:20,"Off Network e.g. Local Authority Road, Footpath",,Construction & Maintenance,,,Yes,,,,,Clear,,,100%,No,,,Motor Bike,Incursion unintentional - confused or follow in,0,0,0,0,,
29977,Near Miss,Minor or low potential impact,Not Entered,8/4/2017 1:41,2017,Aug,Fri,1:41,0:00,8/7/2017 13:28,"Off Network e.g. Local Authority Road, Footpath",,Construction & Maintenance,,,Yes,,,,,Clear,,,Non,No,,,Motor Bike,Incursion due to breakdown,0,0,0,0,,
29978,Near Miss,Minor or low potential impact,Not Entered,8/4/2017 3:11,2017,Aug,Fri,3:11,0:00,8/7/2017 13:39,"Off Network e.g. Local Authority Road, Footpath",,Construction & Maintenance,,,Yes,,,,,Clear,,,Non,No,,,Motor Bike,Incursion due to breakdown,0,0,0,0,,
29979,Near Miss,Minor or low potential impact,Not Entered,8/4/2017 4:06,2017,Aug,Fri,4:06,0:00,8/7/2017 13:48,"Off Network e.g. Local Authority Road, Footpath",,Construction & Maintenance,,,Yes,,,,,Clear,,,Non,No,,,Motor Bike,Incursion due to breakdown,0,0,0,0,,
29980,Near Miss,Minor or low potential impact,Not Entered,8/4/2017 4:25,2017,Aug,Fri,4:25,0:00,8/7/2017 14:03,"Off Network e.g. Local Authority Road, Footpath",,Construction & Maintenance,,,Yes,,,,,Clear,,,100%,No,,,Motor Bike,Incursion due to breakdown,0,0,0,0,,
29982,Near Miss,Minor or low potential impact,Not Entered,8/4/2017 7:53,2017,Aug,Fri,7:53,6:00,8/7/2017 14:13,"Off Network e.g. Local Authority Road, Footpath",,Construction & Maintenance,,,Yes,,,,,Clear,,,100%,No,,,Motor Bike,Incursion due to breakdown,0,0,0,0,,
29983,Near Miss,Minor or low potential impact,Not Entered,8/5/2017 10:29,2017,Aug,Sat,10:29,6:00,8/7/2017 15:01,"Off Network e.g. Local Authority Road, Footpath",,Construction & Maintenance,,,Yes,,,,,Clear,,,100%,No,,,Motor Bike,Incursion unintentional - confused or follow in,0,0,0,0,,
29984,Near Miss,Minor or low potential impact,Not Entered,8/5/2017 11:23,2017,Aug,Sat,11:23,6:00,8/7/2017 15:15,"Off Network e.g. Local Authority Road, Footpath",,Construction & Maintenance,,,Yes,,,,,Clear,,,100%,No,,,Motor Bike,Incursion due to breakdown,0,0,0,0,,
29985,Near Miss,Minor or low potential impact,Not Entered,8/5/2017 12:34,2017,Aug,Sat,12:34,12:00,8/7/2017 15:23,"Off Network e.g. Local Authority Road, Footpath",,Construction & Maintenance,,,Yes,,,,,Clear,,,100%,No,,,Motor Bike,Incursion due to breakdown,0,0,0,0,,
29986,Near Miss,Minor or low potential impact,Not Entered,8/5/2017 13:11,2017,Aug,Sat,13:11,12:00,8/7/2017 15:29,"Off Network e.g. Local Authority Road, Footpath",,Construction & Maintenance,,,Yes,,,,,Clear,,,100%,No,,,Motor Bike,Incursion due to breakdown,0,0,0,0,,
29988,Near Miss,Minor or low potential impact,Not Entered,8/5/2017 19:32,2017,Aug,Sat,19:32,18:00,8/7/2017 15:37,"Off Network e.g. Local Authority Road, Footpath",,Construction & Maintenance,,,Yes,,,,,Clear,,,100%,No,,,Motor Bike,Incursion due to breakdown,0,0,0,0,,
29991,Near Miss,Minor or low potential impact,Not Entered,8/5/2017 23:46,2017,Aug,Sat,23:46,18:00,8/8/2017 7:39,"Off Network e.g. Local Authority Road, Footpath",,Construction & Maintenance,,,Yes,,,,,Clear,,,100%,No,,,Motor Bike,Incursion due to breakdown,0,0,0,0,,
29992,Near Miss,Minor or low potential impact,Not Entered,8/6/2017 0:15,2017,Aug,Sun,0:15,0:00,8/8/2017 7:48,"Off Network e.g. Local Authority Road, Footpath",,Construction & Maintenance,,,Yes,,,,,Clear,,,Non,No,,,Motor Bike,Incursion due to breakdown,0,0,0,0,,
29993,Near Miss,Minor or low potential impact,Not Entered,8/6/2017 16:25,2017,Aug,Sun,16:25,12:00,8/8/2017 10:07,"Off Network e.g. Local Authority Road, Footpath",,Construction & Maintenance,,,Yes,,,,,Clear,,,100%,No,,,Motor Bike,Incursion due to breakdown,0,0,0,0,,
29999,Near Miss,Minor or low potential impact,Not Entered,8/7/2017 0:32,2017,Aug,Mon,0:32,0:00,8/8/2017 15:02,"Off Network e.g. Local Authority Road, Footpath",,Construction & Maintenance,,,Yes,,,,,Clear,,,Non,No,,,Motor Bike,Incursion due to breakdown,0,0,0,0,,
29994,Near Miss,Minor or low potential impact,Not Entered,8/7/2017 1:37,2017,Aug,Mon,1:37,0:00,8/8/2017 10:16,"Off Network e.g. Local Authority Road, Footpath",,Construction & Maintenance,,,Yes,,,,,Raining,,,Poor,No,,,Motor Bike,Incursion due to breakdown,0,0,0,0,,
29996,Near Miss,Minor or low potential impact,Not Entered,8/7/2017 10:23,2017,Aug,Mon,10:23,6:00,8/8/2017 12:28,"Off Network e.g. Local Authority Road, Footpath",,Construction & Maintenance,,,Yes,,,,,Clear,,,100%,No,,,Motor Bike,Incursion due to breakdown,0,0,0,0,,
29998,Near Miss,Minor or low potential impact,Not Entered,8/7/2017 12:48,2017,Aug,Mon,12:48,12:00,8/8/2017 12:38,"Off Network e.g. Local Authority Road, Footpath",,Construction & Maintenance,,,Yes,,,,,Clear,,,100%,No,,,Motor Bike,Incursion unintentional - confused or follow in,0,0,0,0,,
30054,Near Miss,Minor or low potential impact,Not Entered,8/8/2017 18:24,2017,Aug,Tue,18:24,18:00,8/16/2017 8:48,"Off Network e.g. Local Authority Road, Footpath",,Construction & Maintenance,,,Yes,,,,,Clear,,,100%,No,,,Motor Bike,Incursion due to breakdown,0,0,0,0,,
30055,Near Miss,Minor or low potential impact,Not Entered,8/8/2017 18:35,2017,Aug,Tue,18:35,18:00,8/16/2017 8:55,"Off Network e.g. Local Authority Road, Footpath",,Construction & Maintenance,,,Yes,,,,,Clear,,,100%,No,,,Motor Bike,Incursion due to breakdown,0,0,0,0,,
30057,Near Miss,Minor or low potential impact,Not Entered,8/8/2017 19:03,2017,Aug,Tue,19:03,18:00,8/16/2017 9:13,"Off Network e.g. Local Authority Road, Footpath",,Construction & Maintenance,,,Yes,,,,,Clear,,,100%,No,,,Motor Bike,Incursion due to breakdown,0,0,0,0,,
30058,Near Miss,Minor or low potential impact,Not Entered,8/8/2017 21:51,2017,Aug,Tue,21:51,18:00,8/16/2017 9:21,"Off Network e.g. Local Authority Road, Footpath",,Construction & Maintenance,,,Yes,,,,,Clear,,,Non,No,,,Motor Bike,Incursion due to breakdown,0,0,0,0,,
30059,Near Miss,Minor or low potential impact,Not Entered,8/9/2017 8:18,2017,Aug,Wed,8:18,6:00,8/16/2017 9:36,"Off Network e.g. Local Authority Road, Footpath",,Construction & Maintenance,,,Yes,,,,,Raining,,,Poor,No,,,Motor Bike,Incursion due to breakdown,0,0,0,0,,
30060,Near Miss,Minor or low potential impact,Not Entered,8/9/2017 10:05,2017,Aug,Wed,10:05,6:00,8/16/2017 9:44,"Off Network e.g. Local Authority Road, Footpath",,Construction & Maintenance,,,Yes,,,,,Clear,,,100%,No,,,Motor Bike,Incursion due to breakdown,0,0,0,0,,