Event ID,Event Type ,Event Subtype,Type of Person,Date/Time of Event,Year,Month,Day of the Week,Time,Time interval (6 hours),Date/Time Reported,Location,Specific Location (include RCC Log no if relevant),Details of actual job being done at the time,Part of Body Affected,Injury Type,Was there a vehicle involved in this event?,Work related,Accident Type,Vehicle Motion,Who was Hit,Weather/Visibility,Surface Condition,Roadbed Grade,Lighting Conditions,Was A Police Report Filed?,Name of Law Enforcement Agency,Preventable,Type,Kind of Event,Expected Lost Workdays (Total),Actual Lost Workdays (Total),Expected Restricted Workdays (Total),Actual Restricted Workdays (Total),Return To Work Date,Sign Off 1
30061,Near Miss,Minor or low potential impact,Not Entered,8/9/2017 17:44,2017,Aug,Wed,17:44,12:00,8/16/2017 9:58,"Off Network e.g. Local Authority Road, Footpath",,Construction & Maintenance,,,Yes,,,,,Clear,,,100%,No,,,Motor Bike,Incursion due to breakdown,0,0,0,0,,
30062,Near Miss,Minor or low potential impact,Not Entered,8/10/2017 11:23,2017,Aug,Thu,11:23,6:00,8/16/2017 10:17,"Off Network e.g. Local Authority Road, Footpath",,Construction & Maintenance,,,Yes,,,,,Clear,,,100%,No,,,Motor Bike,Incursion due to breakdown,0,0,0,0,,
30063,Near Miss,Minor or low potential impact,Not Entered,8/10/2017 16:05,2017,Aug,Thu,16:05,12:00,8/16/2017 10:26,"Off Network e.g. Local Authority Road, Footpath",,Construction & Maintenance,,,Yes,,,,,Clear,,,100%,No,,,Motor Bike,Incursion due to breakdown,0,0,0,0,,
30064,Near Miss,Minor or low potential impact,Not Entered,8/10/2017 17:29,2017,Aug,Thu,17:29,12:00,8/16/2017 10:33,"Off Network e.g. Local Authority Road, Footpath",,Construction & Maintenance,,,Yes,,,,,Clear,,,100%,No,,,Motor Bike,Incursion due to breakdown,0,0,0,0,,
30065,Near Miss,Minor or low potential impact,Not Entered,8/10/2017 18:08,2017,Aug,Thu,18:08,18:00,8/16/2017 10:42,"Off Network e.g. Local Authority Road, Footpath",,Construction & Maintenance,,,Yes,,,,,Clear,,,100%,No,,,Motor Bike,Incursion due to breakdown,0,0,0,0,,
30067,Near Miss,Minor or low potential impact,Not Entered,8/10/2017 20:33,2017,Aug,Thu,20:33,18:00,8/16/2017 11:55,"Off Network e.g. Local Authority Road, Footpath",,Construction & Maintenance,,,Yes,,,,,Clear,,,Non,No,,,Motor Bike,Incursion due to breakdown,0,0,0,0,,
30068,Near Miss,Minor or low potential impact,Not Entered,8/10/2017 23:48,2017,Aug,Thu,23:48,18:00,8/16/2017 12:03,"Off Network e.g. Local Authority Road, Footpath",,Construction & Maintenance,,,Yes,,,,,Clear,,,Non,No,,,Motor Bike,Incursion due to breakdown,0,0,0,0,,
30069,Near Miss,Minor or low potential impact,Not Entered,8/11/2017 10:29,2017,Aug,Fri,10:29,6:00,8/16/2017 12:15,"Off Network e.g. Local Authority Road, Footpath",,Construction & Maintenance,,,Yes,,,,,Clear,,,100%,No,,,Motor Bike,Incursion due to breakdown,0,0,0,0,,
30071,Near Miss,Minor or low potential impact,Not Entered,8/11/2017 16:18,2017,Aug,Fri,16:18,12:00,8/16/2017 12:29,"Off Network e.g. Local Authority Road, Footpath",,Construction & Maintenance,,,Yes,,,,,Clear,,,100%,No,,,Motor Bike,Incursion due to breakdown,0,0,0,0,,
30072,Near Miss,Minor or low potential impact,Not Entered,8/12/2017 10:36,2017,Aug,Sat,10:36,6:00,8/16/2017 12:44,"Off Network e.g. Local Authority Road, Footpath",,Construction & Maintenance,,,Yes,,,,,Clear,,,100%,No,,,Motor Bike,Incursion to seek information or benefit,0,0,0,0,,
30073,Near Miss,Minor or low potential impact,Not Entered,8/12/2017 11:13,2017,Aug,Sat,11:13,6:00,8/16/2017 12:51,"Off Network e.g. Local Authority Road, Footpath",,Construction & Maintenance,,,Yes,,,,,Clear,,,100%,No,,,Motor Bike,Incursion unintentional - confused or follow in,0,0,0,0,,
30074,Near Miss,Minor or low potential impact,Not Entered,8/12/2017 12:04,2017,Aug,Sat,12:04,12:00,8/16/2017 12:59,"Off Network e.g. Local Authority Road, Footpath",,Construction & Maintenance,,,Yes,,,,,Clear,,,100%,No,,,Motor Bike,Incursion due to breakdown,0,0,0,0,,
30075,Near Miss,Minor or low potential impact,Not Entered,8/13/2017 3:11,2017,Aug,Sun,3:11,0:00,8/16/2017 13:14,"Off Network e.g. Local Authority Road, Footpath",,Construction & Maintenance,,,Yes,,,,,Clear,,,Non,No,,,Motor Bike,Incursion due to breakdown,0,0,0,0,,
30077,Near Miss,Minor or low potential impact,Not Entered,8/13/2017 7:06,2017,Aug,Sun,7:06,6:00,8/16/2017 14:13,"Off Network e.g. Local Authority Road, Footpath",,Construction & Maintenance,,,Yes,,,,,Clear,,,100%,No,,,Motor Bike,Incursion due to breakdown,0,0,0,0,,
30078,Near Miss,Minor or low potential impact,Not Entered,8/13/2017 12:04,2017,Aug,Sun,12:04,12:00,8/16/2017 14:22,"Off Network e.g. Local Authority Road, Footpath",,Construction & Maintenance,,,Yes,,,,,Clear,,,100%,No,,,Motor Bike,Incursion due to breakdown,0,0,0,0,,
30079,Near Miss,Minor or low potential impact,Not Entered,8/13/2017 19:00,2017,Aug,Sun,19:00,18:00,8/16/2017 14:41,"Off Network e.g. Local Authority Road, Footpath",,Construction & Maintenance,,,Yes,,,,,Clear,,,100%,No,,,Motor Bike,Incursion unintentional - confused or follow in,0,0,0,0,,
30080,Near Miss,Minor or low potential impact,Not Entered,8/14/2017 5:10,2017,Aug,Mon,5:10,0:00,8/16/2017 14:52,"Off Network e.g. Local Authority Road, Footpath",,Construction & Maintenance,,,Yes,,,,,Clear,,,Non,No,,,Motor Bike,Incursion due to breakdown,0,0,0,0,,
30081,Near Miss,Minor or low potential impact,Not Entered,8/14/2017 17:04,2017,Aug,Mon,17:04,12:00,8/16/2017 15:45,"Off Network e.g. Local Authority Road, Footpath",,Construction & Maintenance,,,Yes,,,,,Clear,,,100%,No,,,Motor Bike,Incursion due to breakdown,0,0,0,0,,
30089,Near Miss,Minor or low potential impact,Not Entered,8/14/2017 18:12,2017,Aug,Mon,18:12,18:00,8/17/2017 13:14,"Off Network e.g. Local Authority Road, Footpath",,Construction & Maintenance,,,Yes,,,,,Clear,,,100%,No,,,Motor Bike,Incursion due to breakdown,0,0,0,0,,
30090,Near Miss,Minor or low potential impact,Not Entered,8/14/2017 19:35,2017,Aug,Mon,19:35,18:00,8/17/2017 13:22,"Off Network e.g. Local Authority Road, Footpath",,Construction & Maintenance,,,Yes,,,,,Clear,,,100%,No,,,Motor Bike,Incursion due to breakdown,0,0,0,0,,
30105,Near Miss,Minor or low potential impact,Not Entered,8/14/2017 20:12,2017,Aug,Mon,20:12,18:00,8/21/2017 7:25,"Off Network e.g. Local Authority Road, Footpath",,Construction & Maintenance,,,Yes,,,,,Raining,,,Poor,No,,,Motor Bike,Incursion unintentional - confused or follow in,0,0,0,0,,
30106,Near Miss,Minor or low potential impact,Not Entered,8/15/2017 9:00,2017,Aug,Tue,9:00,6:00,8/21/2017 7:35,"Off Network e.g. Local Authority Road, Footpath",,Construction & Maintenance,,,Yes,,,,,Clear,,,100%,No,,,Motor Bike,Incursion due to breakdown,0,0,0,0,,
30110,Near Miss,Minor or low potential impact,Not Entered,8/15/2017 10:41,2017,Aug,Tue,10:41,6:00,8/21/2017 7:41,"Off Network e.g. Local Authority Road, Footpath",,Construction & Maintenance,,,Yes,,,,,Clear,,,100%,No,,,Motor Bike,Incursion due to breakdown,0,0,0,0,,
30120,Near Miss,Minor or low potential impact,Not Entered,8/15/2017 14:40,2017,Aug,Tue,14:40,12:00,8/21/2017 10:08,"Off Network e.g. Local Authority Road, Footpath",,Construction & Maintenance,,,Yes,,,,,Clear,,,100%,No,,,Motor Bike,Incursion unintentional - confused or follow in,0,0,0,0,,
30118,Near Miss,Minor or low potential impact,Not Entered,8/15/2017 16:23,2017,Aug,Tue,16:23,12:00,8/21/2017 9:40,"Off Network e.g. Local Authority Road, Footpath",,Construction & Maintenance,,,Yes,,,,,Clear,,,100%,No,,,Motor Bike,Incursion unintentional - confused or follow in,0,0,0,0,,
30119,Near Miss,Minor or low potential impact,Not Entered,8/15/2017 18:42,2017,Aug,Tue,18:42,18:00,8/21/2017 9:49,"Off Network e.g. Local Authority Road, Footpath",,Construction & Maintenance,,,Yes,,,,,Clear,,,100%,No,,,Motor Bike,Incursion due to breakdown,0,0,0,0,,
30121,Near Miss,Minor or low potential impact,Not Entered,8/16/2017 7:19,2017,Aug,Wed,7:19,6:00,8/21/2017 10:14,"Off Network e.g. Local Authority Road, Footpath",,Construction & Maintenance,,,Yes,,,,,Clear,,,100%,No,,,Motor Bike,Incursion due to breakdown,0,0,0,0,,
30130,Near Miss,Minor or low potential impact,Not Entered,8/16/2017 16:50,2017,Aug,Wed,16:50,12:00,8/21/2017 14:55,"Off Network e.g. Local Authority Road, Footpath",,Construction & Maintenance,,,Yes,,,,,Clear,,,100%,No,,,Motor Bike,Incursion to seek information or benefit,0,0,0,0,,
30122,Near Miss,Minor or low potential impact,Not Entered,8/16/2017 19:08,2017,Aug,Wed,19:08,18:00,8/21/2017 11:58,"Off Network e.g. Local Authority Road, Footpath",,Construction & Maintenance,,,Yes,,,,,Clear,,,Non,No,,,Motor Bike,Incursion due to breakdown,0,0,0,0,,
30123,Near Miss,Minor or low potential impact,Not Entered,8/16/2017 19:24,2017,Aug,Wed,19:24,18:00,8/21/2017 12:06,"Off Network e.g. Local Authority Road, Footpath",,Construction & Maintenance,,,Yes,,,,,Clear,,,100%,No,,,Motor Bike,Incursion due to breakdown,0,0,0,0,,
30124,Near Miss,Minor or low potential impact,Not Entered,8/17/2017 3:35,2017,Aug,Thu,3:35,0:00,8/21/2017 12:17,"Off Network e.g. Local Authority Road, Footpath",,Construction & Maintenance,,,Yes,,,,,Raining,,,Poor,No,,,Motor Bike,Incursion due to breakdown,0,0,0,0,,
30125,Near Miss,Minor or low potential impact,Not Entered,8/17/2017 6:11,2017,Aug,Thu,6:11,6:00,8/21/2017 13:01,"Off Network e.g. Local Authority Road, Footpath",,Construction & Maintenance,,,Yes,,,,,Raining,,,Poor,No,,,Motor Bike,Incursion due to breakdown,0,0,0,0,,
30126,Near Miss,Minor or low potential impact,Not Entered,8/17/2017 9:26,2017,Aug,Thu,9:26,6:00,8/21/2017 13:15,"Off Network e.g. Local Authority Road, Footpath",,Construction & Maintenance,,,Yes,,,,,Clear,,,100%,No,,,Motor Bike,Incursion due to breakdown,0,0,0,0,,
30128,Near Miss,Minor or low potential impact,Not Entered,8/17/2017 12:45,2017,Aug,Thu,12:45,12:00,8/21/2017 13:54,"Off Network e.g. Local Authority Road, Footpath",,Construction & Maintenance,,,Yes,,,,,Clear,,,100%,No,,,Motor Bike,Incursion due to breakdown,0,0,0,0,,
30129,Near Miss,Minor or low potential impact,Not Entered,8/17/2017 16:26,2017,Aug,Thu,16:26,12:00,8/21/2017 14:23,"Off Network e.g. Local Authority Road, Footpath",,Construction & Maintenance,,,Yes,,,,,Clear,,,100%,No,,,Motor Bike,Incursion unintentional - confused or follow in,0,0,0,0,,
30131,Near Miss,Minor or low potential impact,Not Entered,8/17/2017 20:16,2017,Aug,Thu,20:16,18:00,8/21/2017 15:36,"Off Network e.g. Local Authority Road, Footpath",,Construction & Maintenance,,,Yes,,,,,Clear,,,100%,No,,,Motor Bike,Incursion due to breakdown,0,0,0,0,,
30135,Near Miss,Minor or low potential impact,Not Entered,8/18/2017 15:53,2017,Aug,Fri,15:53,12:00,8/22/2017 8:46,"Off Network e.g. Local Authority Road, Footpath",,Construction & Maintenance,,,Yes,,,,,Clear,,,100%,No,,,Motor Bike,Incursion due to breakdown,0,0,0,0,,
30136,Near Miss,Minor or low potential impact,Not Entered,8/18/2017 16:30,2017,Aug,Fri,16:30,12:00,8/22/2017 8:53,"Off Network e.g. Local Authority Road, Footpath",,Construction & Maintenance,,,Yes,,,,,Clear,,,100%,No,,,Motor Bike,Incursion due to breakdown,0,0,0,0,,
30137,Near Miss,Minor or low potential impact,Not Entered,8/18/2017 16:50,2017,Aug,Fri,16:50,12:00,8/22/2017 9:10,"Off Network e.g. Local Authority Road, Footpath",,Construction & Maintenance,,,Yes,,,,,Clear,,,100%,No,,,Motor Bike,Incursion due to breakdown,0,0,0,0,,
30138,Near Miss,Minor or low potential impact,Not Entered,8/18/2017 21:10,2017,Aug,Fri,21:10,18:00,8/22/2017 9:49,"Off Network e.g. Local Authority Road, Footpath",,Construction & Maintenance,,,Yes,,,,,Clear,,,Non,No,,,Motor Bike,Incursion due to breakdown,0,0,0,0,,
30139,Near Miss,Minor or low potential impact,Not Entered,8/19/2017 13:14,2017,Aug,Sat,13:14,12:00,8/22/2017 12:38,"Off Network e.g. Local Authority Road, Footpath",,Construction & Maintenance,,,Yes,,,,,Clear,,,100%,No,,,Motor Bike,Incursion due to breakdown,0,0,0,0,,
30140,Near Miss,Minor or low potential impact,Not Entered,8/19/2017 16:03,2017,Aug,Sat,16:03,12:00,8/22/2017 12:48,"Off Network e.g. Local Authority Road, Footpath",,Construction & Maintenance,,,Yes,,,,,Clear,,,100%,No,,,Motor Bike,Incursion due to breakdown,0,0,0,0,,
30141,Near Miss,Minor or low potential impact,Not Entered,8/20/2017 15:19,2017,Aug,Sun,15:19,12:00,8/22/2017 13:18,"Off Network e.g. Local Authority Road, Footpath",,Construction & Maintenance,,,Yes,,,,,Clear,,,100%,No,,,Motor Bike,Incursion due to breakdown,0,0,0,0,,
30142,Near Miss,Minor or low potential impact,Not Entered,8/20/2017 17:42,2017,Aug,Sun,17:42,12:00,8/22/2017 14:03,"Off Network e.g. Local Authority Road, Footpath",,Construction & Maintenance,,,Yes,,,,,Clear,,,100%,No,,,Motor Bike,Incursion unintentional - confused or follow in,0,0,0,0,,
30143,Near Miss,Minor or low potential impact,Not Entered,8/20/2017 19:38,2017,Aug,Sun,19:38,18:00,8/22/2017 14:13,"Off Network e.g. Local Authority Road, Footpath",,Construction & Maintenance,,,Yes,,,,,Clear,,,100%,No,,,Motor Bike,Incursion due to breakdown,0,0,0,0,,
30145,Near Miss,Minor or low potential impact,Not Entered,8/21/2017 11:11,2017,Aug,Mon,11:11,6:00,8/22/2017 15:04,"Off Network e.g. Local Authority Road, Footpath",,Construction & Maintenance,,,Yes,,,,,Clear,,,100%,No,,,Motor Bike,Incursion due to breakdown,0,0,0,0,,
30146,Near Miss,Minor or low potential impact,Not Entered,8/21/2017 13:53,2017,Aug,Mon,13:53,12:00,8/22/2017 15:10,"Off Network e.g. Local Authority Road, Footpath",,Construction & Maintenance,,,Yes,,,,,Clear,,,100%,No,,,Motor Bike,Incursion unintentional - confused or follow in,0,0,0,0,,
30147,Near Miss,Minor or low potential impact,Not Entered,8/21/2017 14:13,2017,Aug,Mon,14:13,12:00,8/22/2017 15:17,"Off Network e.g. Local Authority Road, Footpath",,Construction & Maintenance,,,Yes,,,,,Clear,,,100%,No,,,Motor Bike,Incursion due to breakdown,0,0,0,0,,
30148,Near Miss,Minor or low potential impact,Not Entered,8/21/2017 17:08,2017,Aug,Mon,17:08,12:00,8/22/2017 15:33,"Off Network e.g. Local Authority Road, Footpath",,Construction & Maintenance,,,Yes,,,,,Clear,,,100%,No,,,Motor Bike,Incursion unintentional - confused or follow in,0,0,0,0,,
30149,Near Miss,Minor or low potential impact,Not Entered,8/21/2017 18:06,2017,Aug,Mon,18:06,18:00,8/23/2017 7:49,"Off Network e.g. Local Authority Road, Footpath",,Construction & Maintenance,,,Yes,,,,,Clear,,,100%,No,,,Motor Bike,Incursion due to breakdown,0,0,0,0,,
30150,Near Miss,Minor or low potential impact,Not Entered,8/21/2017 18:13,2017,Aug,Mon,18:13,18:00,8/23/2017 8:00,"Off Network e.g. Local Authority Road, Footpath",,Construction & Maintenance,,,Yes,,,,,Clear,,,100%,No,,,Motor Bike,Incursion due to breakdown,0,0,0,0,,
30151,Near Miss,Minor or low potential impact,Not Entered,8/21/2017 21:30,2017,Aug,Mon,21:30,18:00,8/23/2017 9:24,"Off Network e.g. Local Authority Road, Footpath",,Construction & Maintenance,,,Yes,,,,,Clear,,,Non,No,,,Motor Bike,Incursion due to breakdown,0,0,0,0,,
30152,Near Miss,Minor or low potential impact,Not Entered,8/22/2017 7:00,2017,Aug,Tue,7:00,6:00,8/23/2017 9:46,"Off Network e.g. Local Authority Road, Footpath",,Construction & Maintenance,,,Yes,,,,,Clear,,,100%,No,,,Motor Bike,Incursion due to breakdown,0,0,0,0,,
30153,Near Miss,Minor or low potential impact,Not Entered,8/22/2017 12:15,2017,Aug,Tue,12:15,12:00,8/23/2017 10:53,"Off Network e.g. Local Authority Road, Footpath",,Construction & Maintenance,,,Yes,,,,,Clear,,,100%,Yes,,,Motor Bike,Incursion unintentional as result of accident,0,0,0,0,,
30154,Near Miss,Minor or low potential impact,Not Entered,8/22/2017 12:20,2017,Aug,Tue,12:20,12:00,8/23/2017 11:15,"Off Network e.g. Local Authority Road, Footpath",,Construction & Maintenance,,,Yes,,,,,Clear,,,100%,No,,,Motor Bike,Incursion due to breakdown,0,0,0,0,,
30155,Near Miss,Minor or low potential impact,Not Entered,8/22/2017 12:22,2017,Aug,Tue,12:22,12:00,8/23/2017 11:57,"Off Network e.g. Local Authority Road, Footpath",,Construction & Maintenance,,,Yes,,,,,Clear,,,100%,No,,,Motor Bike,Incursion due to breakdown,0,0,0,0,,
30156,Near Miss,Minor or low potential impact,Not Entered,8/22/2017 15:26,2017,Aug,Tue,15:26,12:00,8/23/2017 12:06,"Off Network e.g. Local Authority Road, Footpath",,Construction & Maintenance,,,Yes,,,,,Clear,,,100%,No,,,Motor Bike,Incursion due to breakdown,0,0,0,0,,
30158,Near Miss,Minor or low potential impact,Not Entered,8/22/2017 16:44,2017,Aug,Tue,16:44,12:00,8/23/2017 12:37,"Off Network e.g. Local Authority Road, Footpath",,Construction & Maintenance,,,Yes,,,,,Clear,,,100%,No,,,Motor Bike,Incursion due to breakdown,0,0,0,0,,
30159,Near Miss,Minor or low potential impact,Not Entered,8/22/2017 18:03,2017,Aug,Tue,18:03,18:00,8/23/2017 13:07,"Off Network e.g. Local Authority Road, Footpath",,Construction & Maintenance,,,Yes,,,,,Clear,,,100%,No,,,Motor Bike,Incursion unintentional - confused or follow in,0,0,0,0,,
30161,Near Miss,Minor or low potential impact,Not Entered,8/22/2017 19:49,2017,Aug,Tue,19:49,18:00,8/23/2017 13:42,"Off Network e.g. Local Authority Road, Footpath",,Construction & Maintenance,,,Yes,,,,,Clear,,,Non,No,,,Motor Bike,Incursion due to breakdown,0,0,0,0,,
30160,Near Miss,Minor or low potential impact,Not Entered,8/22/2017 20:25,2017,Aug,Tue,20:25,18:00,8/23/2017 13:36,"Off Network e.g. Local Authority Road, Footpath",,Construction & Maintenance,,,Yes,,,,,Clear,,,Non,No,,,Motor Bike,Incursion due to breakdown,0,0,0,0,,
30162,Near Miss,Minor or low potential impact,Not Entered,8/23/2017 1:08,2017,Aug,Wed,1:08,0:00,8/23/2017 13:47,"Off Network e.g. Local Authority Road, Footpath",,Construction & Maintenance,,,No,,,,,Clear,,,Non,No,,,,Incursion due to breakdown,0,0,0,0,,
30163,Near Miss,Minor or low potential impact,Not Entered,8/23/2017 11:36,2017,Aug,Wed,11:36,6:00,8/23/2017 14:21,"Off Network e.g. Local Authority Road, Footpath",,Construction & Maintenance,,,Yes,,,,,Clear,,,100%,No,,,Motor Bike,Incursion unintentional - confused or follow in,0,0,0,0,,
30168,Near Miss,Minor or low potential impact,Not Entered,8/23/2017 13:07,2017,Aug,Wed,13:07,12:00,8/24/2017 8:45,"Off Network e.g. Local Authority Road, Footpath",,Construction & Maintenance,,,Yes,,,,,Clear,,,100%,No,,,Motor Bike,Incursion due to breakdown,0,0,0,0,,
30169,Near Miss,Minor or low potential impact,Not Entered,8/23/2017 15:30,2017,Aug,Wed,15:30,12:00,8/24/2017 8:52,"Off Network e.g. Local Authority Road, Footpath",,Construction & Maintenance,,,Yes,,,,,Clear,,,100%,No,,,Motor Bike,Incursion due to breakdown,0,0,0,0,,
30170,Near Miss,Minor or low potential impact,Not Entered,8/23/2017 15:42,2017,Aug,Wed,15:42,12:00,8/24/2017 9:01,"Off Network e.g. Local Authority Road, Footpath",,Construction & Maintenance,,,Yes,,,,,Clear,,,100%,No,,,Motor Bike,Incursion due to breakdown,0,0,0,0,,
30171,Near Miss,Minor or low potential impact,Not Entered,8/23/2017 20:23,2017,Aug,Wed,20:23,18:00,8/24/2017 9:10,"Off Network e.g. Local Authority Road, Footpath",,Construction & Maintenance,,,Yes,,,,,Clear,,,Non,No,,,Motor Bike,Incursion due to breakdown,0,0,0,0,,
30197,Near Miss,Minor or low potential impact,Not Entered,8/24/2017 12:33,2017,Aug,Thu,12:33,12:00,8/29/2017 12:42,"Off Network e.g. Local Authority Road, Footpath",,Construction & Maintenance,,,Yes,,,,,Clear,,,100%,No,,,Motor Bike,Incursion due to breakdown,0,0,0,0,,
30198,Near Miss,Minor or low potential impact,Not Entered,8/24/2017 12:52,2017,Aug,Thu,12:52,12:00,8/29/2017 12:52,"Off Network e.g. Local Authority Road, Footpath",,Construction & Maintenance,,,Yes,,,,,Clear,,,100%,No,,,Motor Bike,Incursion unintentional - confused or follow in,0,0,0,0,,
30199,Near Miss,Minor or low potential impact,Not Entered,8/24/2017 15:09,2017,Aug,Thu,15:09,12:00,8/29/2017 13:01,"Off Network e.g. Local Authority Road, Footpath",,Construction & Maintenance,,,Yes,,,,,Clear,,,100%,No,,,Motor Bike,Incursion due to breakdown,0,0,0,0,,
30200,Near Miss,Minor or low potential impact,Not Entered,8/24/2017 16:56,2017,Aug,Thu,16:56,12:00,8/29/2017 13:10,"Off Network e.g. Local Authority Road, Footpath",,Construction & Maintenance,,,Yes,,,,,Clear,,,100%,No,,,Motor Bike,Incursion due to breakdown,0,0,0,0,,
30203,Near Miss,Minor or low potential impact,Not Entered,8/24/2017 19:44,2017,Aug,Thu,19:44,18:00,8/29/2017 13:35,"Off Network e.g. Local Authority Road, Footpath",,Construction & Maintenance,,,Yes,,,,,Clear,,,Non,No,,,Motor Bike,Incursion due to breakdown,0,0,0,0,,
30205,Near Miss,Minor or low potential impact,Not Entered,8/25/2017 14:56,2017,Aug,Fri,14:56,12:00,8/29/2017 13:52,"Off Network e.g. Local Authority Road, Footpath",,Construction & Maintenance,,,Yes,,,,,Clear,,,100%,No,,,Motor Bike,Incursion due to breakdown,0,0,0,0,,
30206,Near Miss,Minor or low potential impact,Not Entered,8/25/2017 16:21,2017,Aug,Fri,16:21,12:00,8/29/2017 14:05,"Off Network e.g. Local Authority Road, Footpath",,Construction & Maintenance,,,Yes,,,,,Clear,,,100%,No,,,Motor Bike,Incursion due to breakdown,0,0,0,0,,
30207,Near Miss,Minor or low potential impact,Not Entered,8/25/2017 16:52,2017,Aug,Fri,16:52,12:00,8/29/2017 14:15,"Off Network e.g. Local Authority Road, Footpath",,Construction & Maintenance,,,Yes,,,,,Clear,,,100%,No,,,Motor Bike,Incursion due to breakdown,0,0,0,0,,
30209,Near Miss,Minor or low potential impact,Not Entered,8/26/2017 7:02,2017,Aug,Sat,7:02,6:00,8/29/2017 14:47,"Off Network e.g. Local Authority Road, Footpath",,Construction & Maintenance,,,Yes,,,,,Clear,,,100%,No,,,Motor Bike,Incursion due to breakdown,0,0,0,0,,
30210,Near Miss,Minor or low potential impact,Not Entered,8/26/2017 11:44,2017,Aug,Sat,11:44,6:00,8/29/2017 14:53,"Off Network e.g. Local Authority Road, Footpath",,Construction & Maintenance,,,Yes,,,,,Clear,,,100%,No,,,Motor Bike,Incursion due to breakdown,0,0,0,0,,
30211,Near Miss,Minor or low potential impact,Not Entered,8/26/2017 13:59,2017,Aug,Sat,13:59,12:00,8/29/2017 15:00,"Off Network e.g. Local Authority Road, Footpath",,Construction & Maintenance,,,Yes,,,,,Clear,,,100%,No,,,Motor Bike,Incursion due to breakdown,0,0,0,0,,
30212,Near Miss,Minor or low potential impact,Not Entered,8/26/2017 17:31,2017,Aug,Sat,17:31,12:00,8/29/2017 15:34,"Off Network e.g. Local Authority Road, Footpath",,Construction & Maintenance,,,Yes,,,,,Clear,,,100%,No,,,Motor Bike,Incursion to seek information or benefit,0,0,0,0,,
30213,Near Miss,Minor or low potential impact,Not Entered,8/27/2017 2:53,2017,Aug,Sun,2:53,0:00,8/29/2017 15:41,"Off Network e.g. Local Authority Road, Footpath",,Construction & Maintenance,,,Yes,,,,,Clear,,,100%,No,,,Motor Bike,Incursion unintentional - confused or follow in,0,0,0,0,,
30218,Near Miss,Minor or low potential impact,Not Entered,8/27/2017 8:12,2017,Aug,Sun,8:12,6:00,8/30/2017 11:51,"Off Network e.g. Local Authority Road, Footpath",,Construction & Maintenance,,,Yes,,,,,Clear,,,100%,No,,,Motor Bike,Incursion due to breakdown,0,0,0,0,,
30219,Near Miss,Minor or low potential impact,Not Entered,8/27/2017 13:47,2017,Aug,Sun,13:47,12:00,8/30/2017 12:02,"Off Network e.g. Local Authority Road, Footpath",,Construction & Maintenance,,,Yes,,,,,Clear,,,100%,No,,,Motor Bike,Incursion due to breakdown,0,0,0,0,,
30220,Near Miss,Minor or low potential impact,Not Entered,8/27/2017 15:49,2017,Aug,Sun,15:49,12:00,8/30/2017 12:08,"Off Network e.g. Local Authority Road, Footpath",,Construction & Maintenance,,,Yes,,,,,Clear,,,100%,No,,,Motor Bike,Incursion due to breakdown,0,0,0,0,,
30221,Near Miss,Minor or low potential impact,Not Entered,8/28/2017 4:53,2017,Aug,Mon,4:53,0:00,8/30/2017 12:16,"Off Network e.g. Local Authority Road, Footpath",,Construction & Maintenance,,,Yes,,,,,Clear,,,Non,No,,,Motor Bike,Incursion due to breakdown,0,0,0,0,,
30222,Near Miss,Minor or low potential impact,Not Entered,8/28/2017 9:54,2017,Aug,Mon,9:54,6:00,8/30/2017 12:23,"Off Network e.g. Local Authority Road, Footpath",,Construction & Maintenance,,,Yes,,,,,Clear,,,100%,No,,,Motor Bike,Incursion due to breakdown,0,0,0,0,,
30223,Near Miss,Minor or low potential impact,Not Entered,8/28/2017 10:20,2017,Aug,Mon,10:20,6:00,8/30/2017 12:58,"Off Network e.g. Local Authority Road, Footpath",,Construction & Maintenance,,,Yes,,,,,Clear,,,100%,No,,,Motor Bike,Incursion due to breakdown,0,0,0,0,,
30224,Near Miss,Minor or low potential impact,Not Entered,8/28/2017 13:06,2017,Aug,Mon,13:06,12:00,8/30/2017 13:06,"Off Network e.g. Local Authority Road, Footpath",,Construction & Maintenance,,,Yes,,,,,Clear,,,100%,No,,,Motor Bike,Incursion due to breakdown,0,0,0,0,,