Event ID,Event Type ,Event Subtype,Type of Person,Date/Time of Event,Year,Month,Day of the Week,Time,Time interval (6 hours),Date/Time Reported,Location,Specific Location (include RCC Log no if relevant),Details of actual job being done at the time,Part of Body Affected,Injury Type,Was there a vehicle involved in this event?,Work related,Accident Type,Vehicle Motion,Who was Hit,Weather/Visibility,Surface Condition,Roadbed Grade,Lighting Conditions,Was A Police Report Filed?,Name of Law Enforcement Agency,Preventable,Type,Kind of Event,Expected Lost Workdays (Total),Actual Lost Workdays (Total),Expected Restricted Workdays (Total),Actual Restricted Workdays (Total),Return To Work Date,Sign Off 1
30225,Near Miss,Minor or low potential impact,Not Entered,8/29/2017 12:20,2017,Aug,Tue,12:20,12:00,8/30/2017 13:26,"Off Network e.g. Local Authority Road, Footpath",,Construction & Maintenance,,,Yes,,,,,Clear,,,100%,No,,,Motor Bike,Incursion due to breakdown,0,0,0,0,,
30226,Near Miss,Minor or low potential impact,Not Entered,8/29/2017 19:07,2017,Aug,Tue,19:07,18:00,8/30/2017 13:56,"Off Network e.g. Local Authority Road, Footpath",,Construction & Maintenance,,,Yes,,,,,Clear,,,100%,No,,,Motor Bike,Incursion due to breakdown,0,0,0,0,,
30227,Near Miss,Minor or low potential impact,Not Entered,8/29/2017 20:28,2017,Aug,Tue,20:28,18:00,8/30/2017 14:07,"Off Network e.g. Local Authority Road, Footpath",,Construction & Maintenance,,,Yes,,,,,Clear,,,Non,No,,,Motor Bike,Incursion due to breakdown,0,0,0,0,,
30231,Near Miss,Minor or low potential impact,Not Entered,8/30/2017 17:44,2017,Aug,Wed,17:44,12:00,8/31/2017 12:56,"Off Network e.g. Local Authority Road, Footpath",,Construction & Maintenance,,,Yes,,,,,Clear,,,100%,No,,,Motor Bike,Incursion due to breakdown,0,0,0,0,,
30260,Near Miss,Minor or low potential impact,Not Entered,8/31/2017 11:34,2017,Aug,Thu,11:34,6:00,9/5/2017 12:35,"Off Network e.g. Local Authority Road, Footpath",,Construction & Maintenance,,,Yes,,,,,Clear,,,100%,No,,,Motor Bike,Incursion due to breakdown,0,0,0,0,,
30261,Near Miss,Minor or low potential impact,Not Entered,8/31/2017 11:51,2017,Aug,Thu,11:51,6:00,9/5/2017 12:43,"Off Network e.g. Local Authority Road, Footpath",,Construction & Maintenance,,,Yes,,,,,Clear,,,100%,No,,,Motor Bike,Incursion due to breakdown,0,0,0,0,,
30268,Near Miss,Minor or low potential impact,Not Entered,8/31/2017 14:41,2017,Aug,Thu,14:41,12:00,9/5/2017 13:10,"Off Network e.g. Local Authority Road, Footpath",,Construction & Maintenance,,,Yes,,,,,Windy,,,100%,No,,,Motor Bike,Incursion due to breakdown,0,0,0,0,,
30272,Near Miss,Minor or low potential impact,Not Entered,8/31/2017 15:52,2017,Aug,Thu,15:52,12:00,9/5/2017 13:17,"Off Network e.g. Local Authority Road, Footpath",,Construction & Maintenance,,,Yes,,,,,Clear,,,100%,No,,,Motor Bike,Incursion due to breakdown,0,0,0,0,,
30276,Near Miss,Minor or low potential impact,Not Entered,8/31/2017 17:55,2017,Aug,Thu,17:55,12:00,9/6/2017 7:51,"Off Network e.g. Local Authority Road, Footpath",,Construction & Maintenance,,,Yes,,,,,Clear,,,100%,No,,,Motor Bike,Incursion due to breakdown,0,0,0,0,,
30279,Near Miss,Minor or low potential impact,Not Entered,8/31/2017 23:48,2017,Aug,Thu,23:48,18:00,9/6/2017 10:24,"Off Network e.g. Local Authority Road, Footpath",,Construction & Maintenance,,,Yes,,,,,Clear,,,Non,No,,,Motor Bike,Incursion due to breakdown,0,0,0,0,,
30280,Near Miss,Minor or low potential impact,Not Entered,9/1/2017 3:00,2017,Sep,Fri,3:00,0:00,9/6/2017 10:31,"Off Network e.g. Local Authority Road, Footpath",,Construction & Maintenance,,,Yes,,,,,Clear,,,Non,No,,,Motor Bike,Incursion due to breakdown,0,0,0,0,,
30281,Near Miss,Minor or low potential impact,Not Entered,9/1/2017 16:59,2017,Sep,Fri,16:59,12:00,9/6/2017 10:39,"Off Network e.g. Local Authority Road, Footpath",,Construction & Maintenance,,,Yes,,,,,Clear,,,100%,No,,,Motor Bike,Incursion due to breakdown,0,0,0,0,,
30282,Near Miss,Minor or low potential impact,Not Entered,9/1/2017 18:48,2017,Sep,Fri,18:48,18:00,9/6/2017 10:48,"Off Network e.g. Local Authority Road, Footpath",,Construction & Maintenance,,,Yes,,,,,Clear,,,100%,No,,,Motor Bike,Incursion due to breakdown,0,0,0,0,,
30283,Near Miss,Minor or low potential impact,Not Entered,9/1/2017 20:22,2017,Sep,Fri,20:22,18:00,9/6/2017 10:58,"Off Network e.g. Local Authority Road, Footpath",,Construction & Maintenance,,,Yes,,,,,Clear,,,Non,No,,,Motor Bike,Incursion due to breakdown,0,0,0,0,,
30284,Near Miss,Minor or low potential impact,Not Entered,9/2/2017 3:45,2017,Sep,Sat,3:45,0:00,9/6/2017 11:06,"Off Network e.g. Local Authority Road, Footpath",,Construction & Maintenance,,,Yes,,,,,Clear,,,Non,No,,,Motor Bike,Incursion due to breakdown,0,0,0,0,,
30285,Near Miss,Minor or low potential impact,Not Entered,9/2/2017 9:23,2017,Sep,Sat,9:23,6:00,9/6/2017 11:54,"Off Network e.g. Local Authority Road, Footpath",,Construction & Maintenance,,,Yes,,,,,Clear,,,100%,No,,,Motor Bike,Incursion to seek information or benefit,0,0,0,0,,
30286,Near Miss,Minor or low potential impact,Not Entered,9/3/2017 0:26,2017,Sep,Sun,0:26,0:00,9/6/2017 13:24,"Off Network e.g. Local Authority Road, Footpath",,Construction & Maintenance,,,Yes,,,,,Clear,,,Non,No,,,Motor Bike,Incursion due to breakdown,0,0,0,0,,
30287,Near Miss,Minor or low potential impact,Not Entered,9/3/2017 3:37,2017,Sep,Sun,3:37,0:00,9/6/2017 13:33,"Off Network e.g. Local Authority Road, Footpath",,Construction & Maintenance,,,Yes,,,,,Clear,,,Non,No,,,Motor Bike,Incursion due to breakdown,0,0,0,0,,
30288,Near Miss,Minor or low potential impact,Not Entered,9/3/2017 11:59,2017,Sep,Sun,11:59,6:00,9/6/2017 13:42,"Off Network e.g. Local Authority Road, Footpath",,Construction & Maintenance,,,Yes,,,,,Raining,,,Poor,No,,,Motor Bike,Incursion unintentional - confused or follow in,0,0,0,0,,
30289,Near Miss,Minor or low potential impact,Not Entered,9/3/2017 18:13,2017,Sep,Sun,18:13,18:00,9/6/2017 14:19,"Off Network e.g. Local Authority Road, Footpath",,Construction & Maintenance,,,Yes,,,,,Clear,,,100%,No,,,Motor Bike,Incursion due to breakdown,0,0,0,0,,
30290,Near Miss,Minor or low potential impact,Not Entered,9/4/2017 0:17,2017,Sep,Mon,0:17,0:00,9/6/2017 15:00,"Off Network e.g. Local Authority Road, Footpath",,Construction & Maintenance,,,Yes,,,,,Raining,,,Poor,No,,,Motor Bike,Incursion unintentional - confused or follow in,0,0,0,0,,
30291,Near Miss,Minor or low potential impact,Not Entered,9/4/2017 15:14,2017,Sep,Mon,15:14,12:00,9/6/2017 15:08,"Off Network e.g. Local Authority Road, Footpath",,Construction & Maintenance,,,Yes,,,,,Clear,,,100%,No,,,Motor Bike,Incursion due to breakdown,0,0,0,0,,
30292,Near Miss,Minor or low potential impact,Not Entered,9/4/2017 16:11,2017,Sep,Mon,16:11,12:00,9/6/2017 15:24,"Off Network e.g. Local Authority Road, Footpath",,Construction & Maintenance,,,Yes,,,,,Clear,,,100%,No,,,Motor Bike,Incursion due to breakdown,0,0,0,0,,
30293,Near Miss,Minor or low potential impact,Not Entered,9/4/2017 16:54,2017,Sep,Mon,16:54,12:00,9/6/2017 15:37,"Off Network e.g. Local Authority Road, Footpath",,Construction & Maintenance,,,Yes,,,,,Clear,,,100%,No,,,Motor Bike,Incursion due to breakdown,0,0,0,0,,
30295,Near Miss,Minor or low potential impact,Not Entered,9/4/2017 20:40,2017,Sep,Mon,20:40,18:00,9/6/2017 15:43,"Off Network e.g. Local Authority Road, Footpath",,Construction & Maintenance,,,Yes,,,,,Clear,,,Non,No,,,Motor Bike,Incursion due to breakdown,0,0,0,0,,
30302,Near Miss,Minor or low potential impact,Not Entered,9/5/2017 7:04,2017,Sep,Tue,7:04,6:00,9/7/2017 9:53,"Off Network e.g. Local Authority Road, Footpath",,Construction & Maintenance,,,Yes,,,,,Raining,,,Poor,No,,,Motor Bike,Incursion due to breakdown,0,0,0,0,,
30301,Near Miss,Minor or low potential impact,Not Entered,9/5/2017 7:04,2017,Sep,Tue,7:04,6:00,9/7/2017 9:45,"Off Network e.g. Local Authority Road, Footpath",,Construction & Maintenance,,,Yes,,,,,Raining,,,Poor,No,,,Motor Bike,Incursion due to breakdown,0,0,0,0,,
30304,Near Miss,Minor or low potential impact,Not Entered,9/5/2017 7:38,2017,Sep,Tue,7:38,6:00,9/7/2017 10:19,"Off Network e.g. Local Authority Road, Footpath",,Construction & Maintenance,,,Yes,,,,,Raining,,,Poor,No,,,Motor Bike,Incursion due to breakdown,0,0,0,0,,
30306,Near Miss,Minor or low potential impact,Not Entered,9/5/2017 20:18,2017,Sep,Tue,20:18,18:00,9/7/2017 11:56,"Off Network e.g. Local Authority Road, Footpath",,Construction & Maintenance,,,Yes,,,,,Clear,,,Non,No,,,Motor Bike,Incursion due to breakdown,0,0,0,0,,
30307,Near Miss,Minor or low potential impact,Not Entered,9/6/2017 6:26,2017,Sep,Wed,6:26,6:00,9/7/2017 12:32,"Off Network e.g. Local Authority Road, Footpath",,Construction & Maintenance,,,Yes,,,,,Clear,,,Non,No,,,Car,Incursion due to breakdown,0,0,0,0,,
30308,Near Miss,Minor or low potential impact,Not Entered,9/6/2017 12:08,2017,Sep,Wed,12:08,12:00,9/7/2017 12:47,"Off Network e.g. Local Authority Road, Footpath",,Construction & Maintenance,,,Yes,,,,,Clear,,,100%,No,,,Motor Bike,Incursion to seek information or benefit,0,0,0,0,,
30311,Near Miss,Minor or low potential impact,Not Entered,9/6/2017 23:01,2017,Sep,Wed,23:01,18:00,9/7/2017 13:16,"Off Network e.g. Local Authority Road, Footpath",,Construction & Maintenance,,,Yes,,,,,Clear,,,Non,No,,,Motor Bike,Incursion due to breakdown,0,0,0,0,,
30312,Near Miss,Minor or low potential impact,Not Entered,9/6/2017 23:39,2017,Sep,Wed,23:39,18:00,9/7/2017 13:24,"Off Network e.g. Local Authority Road, Footpath",,Construction & Maintenance,,,Yes,,,,,Clear,,,Non,No,,,Motor Bike,Incursion due to breakdown,0,0,0,0,,
30328,Near Miss,Minor or low potential impact,Not Entered,9/7/2017 12:27,2017,Sep,Thu,12:27,12:00,9/11/2017 10:04,"Off Network e.g. Local Authority Road, Footpath",,Construction & Maintenance,,,Yes,,,,,Clear,,,100%,No,,,Motor Bike,Incursion due to breakdown,0,0,0,0,,
30330,Near Miss,Minor or low potential impact,Not Entered,9/7/2017 19:36,2017,Sep,Thu,19:36,18:00,9/11/2017 11:43,"Off Network e.g. Local Authority Road, Footpath",,Construction & Maintenance,,,Yes,,,,,Raining,,,Poor,No,,,Motor Bike,Incursion due to breakdown,0,0,0,0,,
30335,Near Miss,Minor or low potential impact,Not Entered,9/7/2017 20:21,2017,Sep,Thu,20:21,18:00,9/11/2017 13:53,"Off Network e.g. Local Authority Road, Footpath",,Construction & Maintenance,,,Yes,,,,,Raining,,,Poor,No,,,Motor Bike,Incursion due to breakdown,0,0,0,0,,
30337,Near Miss,Minor or low potential impact,Not Entered,9/8/2017 0:26,2017,Sep,Fri,0:26,0:00,9/11/2017 14:00,"Off Network e.g. Local Authority Road, Footpath",,Construction & Maintenance,,,Yes,,,,,Raining,,,Poor,No,,,Motor Bike,Incursion unintentional - confused or follow in,0,0,0,0,,
30338,Near Miss,Minor or low potential impact,Not Entered,9/8/2017 1:53,2017,Sep,Fri,1:53,0:00,9/11/2017 14:09,"Off Network e.g. Local Authority Road, Footpath",,Construction & Maintenance,,,Yes,,,,,Raining,,,Poor,No,,,Motor Bike,Incursion unintentional - confused or follow in,0,0,0,0,,
30339,Near Miss,Minor or low potential impact,Not Entered,9/8/2017 4:46,2017,Sep,Fri,4:46,0:00,9/11/2017 14:17,"Off Network e.g. Local Authority Road, Footpath",,Construction & Maintenance,,,Yes,,,,,Raining,,,Poor,No,,,Motor Bike,Incursion to seek information or benefit,0,0,0,0,,
30340,Near Miss,Minor or low potential impact,Not Entered,9/8/2017 11:23,2017,Sep,Fri,11:23,6:00,9/11/2017 14:37,"Off Network e.g. Local Authority Road, Footpath",,Construction & Maintenance,,,Yes,,,,,Clear,,,100%,No,,,Motor Bike,Incursion due to breakdown,0,0,0,0,,
30341,Near Miss,Minor or low potential impact,Not Entered,9/8/2017 13:07,2017,Sep,Fri,13:07,12:00,9/11/2017 14:45,"Off Network e.g. Local Authority Road, Footpath",,Construction & Maintenance,,,Yes,,,,,Clear,,,100%,No,,,Motor Bike,Incursion due to breakdown,0,0,0,0,,
30342,Near Miss,Minor or low potential impact,Not Entered,9/8/2017 23:39,2017,Sep,Fri,23:39,18:00,9/11/2017 14:53,"Off Network e.g. Local Authority Road, Footpath",,Construction & Maintenance,,,Yes,,,,,Clear,,,Non,No,,,Motor Bike,Incursion unintentional - confused or follow in,0,0,0,0,,
30343,Near Miss,Minor or low potential impact,Not Entered,9/9/2017 0:29,2017,Sep,Sat,0:29,0:00,9/11/2017 15:03,"Off Network e.g. Local Authority Road, Footpath",,Construction & Maintenance,,,Yes,,,,,Clear,,,Non,No,,,Motor Bike,Incursion due to breakdown,0,0,0,0,,
30344,Near Miss,Minor or low potential impact,Not Entered,9/9/2017 14:10,2017,Sep,Sat,14:10,12:00,9/11/2017 15:30,"Off Network e.g. Local Authority Road, Footpath",,Construction & Maintenance,,,Yes,,,,,Clear,,,100%,No,,,Motor Bike,Incursion unintentional - confused or follow in,0,0,0,0,,
30345,Near Miss,Minor or low potential impact,Not Entered,9/11/2017 15:41,2017,Sep,Mon,15:41,12:00,9/12/2017 7:42,"Off Network e.g. Local Authority Road, Footpath",,Construction & Maintenance,,,Yes,,,,,Raining,,,Poor,No,,,Motor Bike,Incursion unintentional - confused or follow in,0,0,0,0,,
30351,Near Miss,Minor or low potential impact,Not Entered,9/11/2017 15:47,2017,Sep,Mon,15:47,12:00,9/12/2017 11:50,"Off Network e.g. Local Authority Road, Footpath",,Construction & Maintenance,,,Yes,,,,,Raining,,,Poor,No,,,Motor Bike,Incursion unintentional - confused or follow in,0,0,0,0,,
30329,Near Miss,Minor or low potential impact,Not Entered,9/11/2017 16:31,2017,Sep,Mon,16:31,12:00,9/11/2017 11:36,"Off Network e.g. Local Authority Road, Footpath",,Construction & Maintenance,,,Yes,,,,,Raining,,,Poor,No,,,Motor Bike,Incursion unintentional - confused or follow in,0,0,0,0,,
30352,Near Miss,Minor or low potential impact,Not Entered,9/11/2017 16:46,2017,Sep,Mon,16:46,12:00,9/12/2017 11:57,"Off Network e.g. Local Authority Road, Footpath",,Construction & Maintenance,,,Yes,,,,,Clear,,,Poor,No,,,Motor Bike,Incursion due to breakdown,0,0,0,0,,
30353,Near Miss,Minor or low potential impact,Not Entered,9/11/2017 19:15,2017,Sep,Mon,19:15,18:00,9/12/2017 12:04,"Off Network e.g. Local Authority Road, Footpath",,Construction & Maintenance,,,Yes,,,,,Clear,,,100%,No,,,Motor Bike,Incursion due to breakdown,0,0,0,0,,
30354,Near Miss,Minor or low potential impact,Not Entered,9/12/2017 1:03,2017,Sep,Tue,1:03,0:00,9/12/2017 12:11,"Off Network e.g. Local Authority Road, Footpath",,Construction & Maintenance,,,Yes,,,,,Raining,,,Poor,No,,,Motor Bike,Incursion due to breakdown,0,0,0,0,,
30368,Near Miss,Minor or low potential impact,Not Entered,9/12/2017 9:09,2017,Sep,Tue,9:09,6:00,9/14/2017 9:33,"Off Network e.g. Local Authority Road, Footpath",,Construction & Maintenance,,,Yes,,,,,Clear,,,100%,No,,,Motor Bike,Incursion due to breakdown,0,0,0,0,,
30369,Near Miss,Minor or low potential impact,Not Entered,9/13/2017 6:54,2017,Sep,Wed,6:54,6:00,9/14/2017 9:45,"Off Network e.g. Local Authority Road, Footpath",,Construction & Maintenance,,,Yes,,,,,Raining,,,Poor,No,,,Motor Bike,Incursion due to breakdown,0,0,0,0,,
30371,Near Miss,Minor or low potential impact,Not Entered,9/13/2017 9:41,2017,Sep,Wed,9:41,6:00,9/14/2017 10:18,"Off Network e.g. Local Authority Road, Footpath",,Construction & Maintenance,,,Yes,,,,,Clear,,,100%,No,,,Motor Bike,Incursion due to breakdown,0,0,0,0,,
30375,Near Miss,Minor or low potential impact,Not Entered,9/13/2017 10:12,2017,Sep,Wed,10:12,6:00,9/14/2017 11:23,"Off Network e.g. Local Authority Road, Footpath",,Construction & Maintenance,,,Yes,,,,,Clear,,,100%,No,,,Motor Bike,Incursion due to breakdown,0,0,0,0,,
30376,Near Miss,Minor or low potential impact,Not Entered,9/13/2017 12:52,2017,Sep,Wed,12:52,12:00,9/14/2017 11:36,"Off Network e.g. Local Authority Road, Footpath",,Construction & Maintenance,,,Yes,,,,,Raining,,,Poor,No,,,Motor Bike,Incursion due to breakdown,0,0,0,0,,
30377,Near Miss,Minor or low potential impact,Not Entered,9/13/2017 18:39,2017,Sep,Wed,18:39,18:00,9/14/2017 11:53,"Off Network e.g. Local Authority Road, Footpath",,Construction & Maintenance,,,Yes,,,,,Clear,,,100%,No,,,Motor Bike,Incursion to seek information or benefit,0,0,0,0,,
30392,Near Miss,Minor or low potential impact,Not Entered,9/14/2017 14:33,2017,Sep,Thu,14:33,12:00,9/18/2017 10:48,"Off Network e.g. Local Authority Road, Footpath",,Construction & Maintenance,,,Yes,,,,,Clear,,,100%,No,,,Motor Bike,Incursion due to breakdown,0,0,0,0,,
30393,Near Miss,Minor or low potential impact,Not Entered,9/14/2017 15:29,2017,Sep,Thu,15:29,12:00,9/18/2017 10:58,"Off Network e.g. Local Authority Road, Footpath",,Construction & Maintenance,,,Yes,,,,,Clear,,,100%,No,,,Motor Bike,Incursion unintentional - confused or follow in,0,0,0,0,,
30394,Near Miss,Minor or low potential impact,Not Entered,9/14/2017 18:49,2017,Sep,Thu,18:49,18:00,9/18/2017 12:42,"Off Network e.g. Local Authority Road, Footpath",,Construction & Maintenance,,,Yes,,,,,Clear,,,100%,No,,,Motor Bike,Incursion due to breakdown,0,0,0,0,,
30378,Near Miss,Minor or low potential impact,Not Entered,9/14/2017 19:56,2017,Sep,Thu,19:56,18:00,9/14/2017 12:07,"Off Network e.g. Local Authority Road, Footpath",,Construction & Maintenance,,,Yes,,,,,Clear,,,Non,No,,,Motor Bike,Incursion due to breakdown,0,0,0,0,,
30395,Near Miss,Minor or low potential impact,Not Entered,9/15/2017 9:57,2017,Sep,Fri,9:57,6:00,9/18/2017 13:03,"Off Network e.g. Local Authority Road, Footpath",,Construction & Maintenance,,,Yes,,,,,Clear,,,100%,No,,,Motor Bike,Incursion due to breakdown,0,0,0,0,,
30397,Near Miss,Minor or low potential impact,Not Entered,9/15/2017 12:45,2017,Sep,Fri,12:45,12:00,9/18/2017 13:11,"Off Network e.g. Local Authority Road, Footpath",,Construction & Maintenance,,,Yes,,,,,Clear,,,100%,No,,,Motor Bike,Incursion due to breakdown,0,0,0,0,,
30399,Near Miss,Minor or low potential impact,Not Entered,9/16/2017 11:20,2017,Sep,Sat,11:20,6:00,9/18/2017 13:26,"Off Network e.g. Local Authority Road, Footpath",,Construction & Maintenance,,,Yes,,,,,Clear,,,100%,No,,,Motor Bike,Incursion due to breakdown,0,0,0,0,,
30401,Near Miss,Minor or low potential impact,Not Entered,9/16/2017 13:10,2017,Sep,Sat,13:10,12:00,9/18/2017 14:07,"Off Network e.g. Local Authority Road, Footpath",,Construction & Maintenance,,,Yes,,,,,Clear,,,100%,No,,,Motor Bike,Incursion due to breakdown,0,0,0,0,,
30402,Near Miss,Minor or low potential impact,Not Entered,9/16/2017 15:33,2017,Sep,Sat,15:33,12:00,9/18/2017 14:18,"Off Network e.g. Local Authority Road, Footpath",,Construction & Maintenance,,,Yes,,,,,Windy,,,100%,No,,,Motor Bike,Incursion unintentional - confused or follow in,0,0,0,0,,
30404,Near Miss,Minor or low potential impact,Not Entered,9/16/2017 15:39,2017,Sep,Sat,15:39,12:00,9/18/2017 14:29,"Off Network e.g. Local Authority Road, Footpath",,Construction & Maintenance,,,Yes,,,,,Clear,,,100%,No,,,Motor Bike,Incursion due to breakdown,0,0,0,0,,
30405,Near Miss,Minor or low potential impact,Not Entered,9/16/2017 16:04,2017,Sep,Sat,16:04,12:00,9/18/2017 14:53,"Off Network e.g. Local Authority Road, Footpath",,Construction & Maintenance,,,Yes,,,,,Clear,,,100%,No,,,Motor Bike,Incursion unintentional - confused or follow in,0,0,0,0,,
30406,Near Miss,Minor or low potential impact,Not Entered,9/16/2017 18:03,2017,Sep,Sat,18:03,18:00,9/18/2017 15:03,"Off Network e.g. Local Authority Road, Footpath",,Construction & Maintenance,,,Yes,,,,,Clear,,,100%,No,,,Motor Bike,Incursion due to breakdown,0,0,0,0,,
30410,Near Miss,Minor or low potential impact,Not Entered,9/16/2017 20:34,2017,Sep,Sat,20:34,18:00,9/19/2017 9:13,"Off Network e.g. Local Authority Road, Footpath",,Construction & Maintenance,,,Yes,,,,,Clear,,,100%,No,,,Motor Bike,Incursion due to breakdown,0,0,0,0,,
30411,Near Miss,Minor or low potential impact,Not Entered,9/17/2017 13:19,2017,Sep,Sun,13:19,12:00,9/19/2017 9:33,"Off Network e.g. Local Authority Road, Footpath",,Construction & Maintenance,,,Yes,,,,,Clear,,,100%,No,,,Motor Bike,Incursion due to breakdown,0,0,0,0,,
30413,Near Miss,Minor or low potential impact,Not Entered,9/17/2017 21:22,2017,Sep,Sun,21:22,18:00,9/19/2017 14:31,"Off Network e.g. Local Authority Road, Footpath",,Construction & Maintenance,,,Yes,,,,,Clear,,,Non,No,,,Motor Bike,Incursion due to breakdown,0,0,0,0,,
30414,Near Miss,Minor or low potential impact,Not Entered,9/18/2017 7:47,2017,Sep,Mon,7:47,6:00,9/19/2017 14:50,"Off Network e.g. Local Authority Road, Footpath",,Construction & Maintenance,,,Yes,,,,,Clear,,,100%,No,,,Motor Bike,Incursion unintentional - confused or follow in,0,0,0,0,,
30415,Near Miss,Minor or low potential impact,Not Entered,9/18/2017 8:02,2017,Sep,Mon,8:02,6:00,9/19/2017 14:58,"Off Network e.g. Local Authority Road, Footpath",,Construction & Maintenance,,,Yes,,,,,Clear,,,100%,No,,,Motor Bike,Incursion due to breakdown,0,0,0,0,,
30416,Near Miss,Minor or low potential impact,Not Entered,9/18/2017 12:06,2017,Sep,Mon,12:06,12:00,9/19/2017 15:06,"Off Network e.g. Local Authority Road, Footpath",,Construction & Maintenance,,,Yes,,,,,Clear,,,100%,No,,,Motor Bike,Incursion due to breakdown,0,0,0,0,,
30417,Near Miss,Minor or low potential impact,Not Entered,9/18/2017 17:55,2017,Sep,Mon,17:55,12:00,9/19/2017 15:14,"Off Network e.g. Local Authority Road, Footpath",,Construction & Maintenance,,,Yes,,,,,Raining,,,Poor,No,,,Motor Bike,Incursion due to breakdown,0,0,0,0,,
30418,Near Miss,Minor or low potential impact,Not Entered,9/18/2017 19:27,2017,Sep,Mon,19:27,18:00,9/19/2017 15:34,"Off Network e.g. Local Authority Road, Footpath",,Construction & Maintenance,,,Yes,,,,,Clear,,,Non,No,,,Motor Bike,Incursion due to breakdown,0,0,0,0,,
30424,Near Miss,Minor or low potential impact,Not Entered,9/19/2017 11:44,2017,Sep,Tue,11:44,6:00,9/20/2017 9:20,"Off Network e.g. Local Authority Road, Footpath",,Construction & Maintenance,,,Yes,,,,,Clear,,,100%,No,,,Motor Bike,Incursion due to breakdown,0,0,0,0,,
30425,Near Miss,Minor or low potential impact,Not Entered,9/19/2017 15:19,2017,Sep,Tue,15:19,12:00,9/20/2017 9:55,"Off Network e.g. Local Authority Road, Footpath",,Construction & Maintenance,,,Yes,,,,,Clear,,,100%,No,,,Motor Bike,Incursion due to breakdown,0,0,0,0,,
30432,Near Miss,Minor or low potential impact,Not Entered,9/19/2017 15:42,2017,Sep,Tue,15:42,12:00,9/21/2017 10:03,"Off Network e.g. Local Authority Road, Footpath",,Construction & Maintenance,,,Yes,,,,,Clear,,,100%,No,,,Motor Bike,Incursion due to breakdown,0,0,0,0,,
30433,Near Miss,Minor or low potential impact,Not Entered,9/19/2017 18:54,2017,Sep,Tue,18:54,18:00,9/21/2017 10:11,"Off Network e.g. Local Authority Road, Footpath",,Construction & Maintenance,,,Yes,,,,,Clear,,,100%,No,,,Motor Bike,Incursion due to breakdown,0,0,0,0,,
30434,Near Miss,Minor or low potential impact,Not Entered,9/20/2017 8:19,2017,Sep,Wed,8:19,6:00,9/21/2017 11:06,"Off Network e.g. Local Authority Road, Footpath",,Construction & Maintenance,,,Yes,,,,,Clear,,,100%,No,,,Motor Bike,Incursion to seek information or benefit,0,0,0,0,,
30435,Near Miss,Minor or low potential impact,Not Entered,9/20/2017 10:27,2017,Sep,Wed,10:27,6:00,9/21/2017 11:42,"Off Network e.g. Local Authority Road, Footpath",,Construction & Maintenance,,,Yes,,,,,Windy,,,100%,No,,,Motor Bike,Incursion due to breakdown,0,0,0,0,,
30436,Near Miss,Minor or low potential impact,Not Entered,9/20/2017 11:51,2017,Sep,Wed,11:51,6:00,9/21/2017 12:17,"Off Network e.g. Local Authority Road, Footpath",,Construction & Maintenance,,,Yes,,,,,Clear,,,100%,No,,,Motor Bike,Incursion due to breakdown,0,0,0,0,,
30437,Near Miss,Minor or low potential impact,Not Entered,9/20/2017 12:12,2017,Sep,Wed,12:12,12:00,9/21/2017 12:32,"Off Network e.g. Local Authority Road, Footpath",,Construction & Maintenance,,,Yes,,,,,Clear,,,100%,No,,,Motor Bike,Incursion unintentional - confused or follow in,0,0,0,0,,
30438,Near Miss,Minor or low potential impact,Not Entered,9/20/2017 12:42,2017,Sep,Wed,12:42,12:00,9/21/2017 13:00,"Off Network e.g. Local Authority Road, Footpath",,Construction & Maintenance,,,Yes,,,,,Clear,,,100%,No,,,Motor Bike,Incursion due to breakdown,0,0,0,0,,
30439,Near Miss,Minor or low potential impact,Not Entered,9/21/2017 2:35,2017,Sep,Thu,2:35,0:00,9/21/2017 13:34,"Off Network e.g. Local Authority Road, Footpath",,Construction & Maintenance,,,Yes,,,,,Clear,,,Non,No,,,Motor Bike,Incursion unintentional - confused or follow in,0,0,0,0,,