Event ID,Event Type ,Event Subtype,Type of Person,Date/Time of Event,Year,Month,Day of the Week,Time,Time interval (6 hours),Date/Time Reported,Location,Specific Location (include RCC Log no if relevant),Details of actual job being done at the time,Part of Body Affected,Injury Type,Was there a vehicle involved in this event?,Work related,Accident Type,Vehicle Motion,Who was Hit,Weather/Visibility,Surface Condition,Roadbed Grade,Lighting Conditions,Was A Police Report Filed?,Name of Law Enforcement Agency,Preventable,Type,Kind of Event,Expected Lost Workdays (Total),Actual Lost Workdays (Total),Expected Restricted Workdays (Total),Actual Restricted Workdays (Total),Return To Work Date,Sign Off 1
30440,Near Miss,Minor or low potential impact,Not Entered,9/21/2017 6:10,2017,Sep,Thu,6:10,6:00,9/21/2017 13:58,"Off Network e.g. Local Authority Road, Footpath",,Construction & Maintenance,,,Yes,,,,,Clear,,,Non,No,,,Motor Bike,Incursion due to breakdown,0,0,0,0,,
30454,Near Miss,Minor or low potential impact,Not Entered,9/21/2017 11:19,2017,Sep,Thu,11:19,6:00,9/25/2017 14:42,"Off Network e.g. Local Authority Road, Footpath",,Construction & Maintenance,,,Yes,,,,,Raining,,,Poor,No,,,Motor Bike,Incursion due to breakdown,0,0,0,0,,
30455,Near Miss,Minor or low potential impact,Not Entered,9/21/2017 17:38,2017,Sep,Thu,17:38,12:00,9/25/2017 14:51,"Off Network e.g. Local Authority Road, Footpath",,Construction & Maintenance,,,Yes,,,,,Clear,,,100%,No,,,Motor Bike,Incursion unintentional - confused or follow in,0,0,0,0,,
30456,Near Miss,Minor or low potential impact,Not Entered,9/21/2017 17:46,2017,Sep,Thu,17:46,12:00,9/25/2017 15:00,"Off Network e.g. Local Authority Road, Footpath",,Construction & Maintenance,,,Yes,,,,,Clear,,,100%,No,,,Motor Bike,Incursion due to breakdown,0,0,0,0,,
30457,Near Miss,Minor or low potential impact,Not Entered,9/21/2017 22:00,2017,Sep,Thu,22:00,18:00,9/25/2017 15:25,"Off Network e.g. Local Authority Road, Footpath",,Construction & Maintenance,,,Yes,,,,,Clear,,,Non,No,,,Motor Bike,Incursion to seek information or benefit,0,0,0,0,,
30460,Near Miss,Minor or low potential impact,Not Entered,9/22/2017 14:56,2017,Sep,Fri,14:56,12:00,9/26/2017 10:04,"Off Network e.g. Local Authority Road, Footpath",,Construction & Maintenance,,,Yes,,,,,Clear,,,100%,No,,,Motor Bike,Incursion unintentional - confused or follow in,0,0,0,0,,
30461,Near Miss,Minor or low potential impact,Not Entered,9/22/2017 17:30,2017,Sep,Fri,17:30,12:00,9/26/2017 10:14,"Off Network e.g. Local Authority Road, Footpath",,Construction & Maintenance,,,Yes,,,,,Clear,,,100%,No,,,Motor Bike,Incursion unintentional - confused or follow in,0,0,0,0,,
30462,Near Miss,Minor or low potential impact,Not Entered,9/22/2017 18:25,2017,Sep,Fri,18:25,18:00,9/26/2017 10:36,"Off Network e.g. Local Authority Road, Footpath",,Construction & Maintenance,,,Yes,,,,,Clear,,,100%,No,,,Motor Bike,Incursion due to breakdown,0,0,0,0,,
30463,Near Miss,Minor or low potential impact,Not Entered,9/23/2017 12:51,2017,Sep,Sat,12:51,12:00,9/26/2017 10:46,"Off Network e.g. Local Authority Road, Footpath",,Construction & Maintenance,,,Yes,,,,,Clear,,,100%,No,,,Motor Bike,Incursion due to breakdown,0,0,0,0,,
30464,Near Miss,Minor or low potential impact,Not Entered,9/23/2017 12:54,2017,Sep,Sat,12:54,12:00,9/26/2017 11:58,"Off Network e.g. Local Authority Road, Footpath",,Construction & Maintenance,,,Yes,,,,,Clear,,,100%,No,,,Motor Bike,Incursion due to breakdown,0,0,0,0,,
30465,Near Miss,Minor or low potential impact,Not Entered,9/23/2017 18:47,2017,Sep,Sat,18:47,18:00,9/26/2017 12:07,"Off Network e.g. Local Authority Road, Footpath",,Construction & Maintenance,,,Yes,,,,,Clear,,,Non,No,,,Motor Bike,Incursion due to breakdown,0,0,0,0,,
30466,Near Miss,Minor or low potential impact,Not Entered,9/24/2017 2:34,2017,Sep,Sun,2:34,0:00,9/26/2017 12:44,"Off Network e.g. Local Authority Road, Footpath",,Construction & Maintenance,,,Yes,,,,,Clear,,,Non,No,,,Motor Bike,Incursion due to breakdown,0,0,0,0,,
30467,Near Miss,Minor or low potential impact,Not Entered,9/24/2017 13:40,2017,Sep,Sun,13:40,12:00,9/26/2017 13:30,"Off Network e.g. Local Authority Road, Footpath",,Construction & Maintenance,,,Yes,,,,,Clear,,,100%,No,,,Motor Bike,Incursion due to breakdown,0,0,0,0,,
30468,Near Miss,Minor or low potential impact,Not Entered,9/24/2017 14:20,2017,Sep,Sun,14:20,12:00,9/26/2017 13:37,"Off Network e.g. Local Authority Road, Footpath",,Construction & Maintenance,,,Yes,,,,,Clear,,,100%,No,,,Motor Bike,Incursion due to breakdown,0,0,0,0,,
30469,Near Miss,Minor or low potential impact,Not Entered,9/25/2017 16:52,2017,Sep,Mon,16:52,12:00,9/26/2017 14:56,"Off Network e.g. Local Authority Road, Footpath",,Construction & Maintenance,,,Yes,,,,,Clear,,,100%,No,,,Motor Bike,Incursion due to breakdown,0,0,0,0,,
30470,Near Miss,Minor or low potential impact,Not Entered,9/26/2017 5:40,2017,Sep,Tue,5:40,0:00,9/26/2017 15:03,"Off Network e.g. Local Authority Road, Footpath",,Construction & Maintenance,,,Yes,,,,,Clear,,,Non,No,,,Motor Bike,Incursion unintentional - confused or follow in,0,0,0,0,,
30478,Near Miss,Minor or low potential impact,Not Entered,9/26/2017 7:17,2017,Sep,Tue,7:17,6:00,9/27/2017 12:56,"Off Network e.g. Local Authority Road, Footpath",,Construction & Maintenance,,,Yes,,,,,Clear,,,100%,No,,,Motor Bike,Incursion due to breakdown,0,0,0,0,,
30480,Near Miss,Minor or low potential impact,Not Entered,9/26/2017 10:35,2017,Sep,Tue,10:35,6:00,9/27/2017 13:20,"Off Network e.g. Local Authority Road, Footpath",,Construction & Maintenance,,,Yes,,,,,Clear,,,100%,No,,,Motor Bike,Incursion due to breakdown,0,0,0,0,,
30481,Near Miss,Minor or low potential impact,Not Entered,9/26/2017 11:20,2017,Sep,Tue,11:20,6:00,9/27/2017 14:00,"Off Network e.g. Local Authority Road, Footpath",,Construction & Maintenance,,,Yes,,,,,Clear,,,100%,No,,,Motor Bike,Incursion due to breakdown,0,0,0,0,,
30488,Near Miss,Minor or low potential impact,Not Entered,9/26/2017 19:32,2017,Sep,Tue,19:32,18:00,9/28/2017 12:20,"Off Network e.g. Local Authority Road, Footpath",,Construction & Maintenance,,,Yes,,,,,Clear,,,Non,No,,,Motor Bike,Incursion to seek information or benefit,0,0,0,0,,
30489,Near Miss,Minor or low potential impact,Not Entered,9/27/2017 0:57,2017,Sep,Wed,0:57,0:00,9/28/2017 12:31,"Off Network e.g. Local Authority Road, Footpath",,Construction & Maintenance,,,Yes,,,,,Clear,,,Non,No,,,Motor Bike,Incursion due to breakdown,0,0,0,0,,
30479,Near Miss,Minor or low potential impact,Not Entered,9/27/2017 7:17,2017,Sep,Wed,7:17,6:00,9/27/2017 13:03,"Off Network e.g. Local Authority Road, Footpath",,Construction & Maintenance,,,Yes,,,,,Clear,,,100%,No,,,Motor Bike,Incursion due to breakdown,0,0,0,0,,
30490,Near Miss,Minor or low potential impact,Not Entered,9/27/2017 8:53,2017,Sep,Wed,8:53,6:00,9/28/2017 13:00,"Off Network e.g. Local Authority Road, Footpath",,Construction & Maintenance,,,Yes,,,,,Clear,,,100%,No,,,Motor Bike,Incursion due to breakdown,0,0,0,0,,
30491,Near Miss,Minor or low potential impact,Not Entered,9/27/2017 16:16,2017,Sep,Wed,16:16,12:00,9/28/2017 13:14,"Off Network e.g. Local Authority Road, Footpath",,Construction & Maintenance,,,Yes,,,,,Clear,,,100%,No,,,Motor Bike,Incursion to seek information or benefit,0,0,0,0,,
30492,Near Miss,Minor or low potential impact,Not Entered,9/27/2017 18:03,2017,Sep,Wed,18:03,18:00,9/28/2017 13:33,"Off Network e.g. Local Authority Road, Footpath",,Construction & Maintenance,,,Yes,,,,,Raining,,,Poor,No,,,Motor Bike,Incursion due to breakdown,0,0,0,0,,
30493,Near Miss,Minor or low potential impact,Not Entered,9/27/2017 21:02,2017,Sep,Wed,21:02,18:00,9/28/2017 13:42,"Off Network e.g. Local Authority Road, Footpath",,Construction & Maintenance,,,Yes,,,,,Raining,,,Poor,No,,,Motor Bike,Incursion due to breakdown,0,0,0,0,,
30494,Near Miss,Minor or low potential impact,Not Entered,9/27/2017 21:14,2017,Sep,Wed,21:14,18:00,9/28/2017 13:57,"Off Network e.g. Local Authority Road, Footpath",,Construction & Maintenance,,,Yes,,,,,Clear,,,Poor,No,,,Motor Bike,Incursion unintentional - confused or follow in,0,0,0,0,,
30502,Near Miss,Minor or low potential impact,Not Entered,9/27/2017 21:24,2017,Sep,Wed,21:24,18:00,9/28/2017 14:33,"Off Network e.g. Local Authority Road, Footpath",,Construction & Maintenance,,,Yes,,,,,Raining,,,Poor,No,,,Motor Bike,Incursion unintentional - confused or follow in,0,0,0,0,,
30512,Near Miss,Minor or low potential impact,Not Entered,9/28/2017 18:27,2017,Sep,Thu,18:27,18:00,10/2/2017 12:01,"Off Network e.g. Local Authority Road, Footpath",,Construction & Maintenance,,,Yes,,,,,Clear,,,100%,No,,,Motor Bike,Incursion due to breakdown,0,0,0,0,,
30513,Near Miss,Minor or low potential impact,Not Entered,9/29/2017 7:05,2017,Sep,Fri,7:05,6:00,10/2/2017 12:16,"Off Network e.g. Local Authority Road, Footpath",,Construction & Maintenance,,,Yes,,,,,Windy,,,100%,No,,,Motor Bike,Incursion unintentional - confused or follow in,0,0,0,0,,
30514,Near Miss,Minor or low potential impact,Not Entered,9/29/2017 12:02,2017,Sep,Fri,12:02,12:00,10/2/2017 12:39,"Off Network e.g. Local Authority Road, Footpath",,Construction & Maintenance,,,Yes,,,,,Clear,,,100%,No,,,Motor Bike,Incursion due to breakdown,0,0,0,0,,
30515,Near Miss,Minor or low potential impact,Not Entered,9/29/2017 12:54,2017,Sep,Fri,12:54,12:00,10/2/2017 13:21,"Off Network e.g. Local Authority Road, Footpath",,Construction & Maintenance,,,Yes,,,,,Raining,,,Poor,No,,,Motor Bike,Incursion due to breakdown,0,0,0,0,,
30516,Near Miss,Minor or low potential impact,Not Entered,9/29/2017 14:27,2017,Sep,Fri,14:27,12:00,10/2/2017 13:29,"Off Network e.g. Local Authority Road, Footpath",,Construction & Maintenance,,,Yes,,,,,Clear,,,100%,No,,,Motor Bike,Incursion due to breakdown,0,0,0,0,,
30517,Near Miss,Minor or low potential impact,Not Entered,9/29/2017 17:28,2017,Sep,Fri,17:28,12:00,10/2/2017 13:47,"Off Network e.g. Local Authority Road, Footpath",,Construction & Maintenance,,,Yes,,,,,Clear,,,100%,No,,,Motor Bike,Incursion due to breakdown,0,0,0,0,,
30518,Near Miss,Minor or low potential impact,Not Entered,9/29/2017 22:42,2017,Sep,Fri,22:42,18:00,10/2/2017 14:07,"Off Network e.g. Local Authority Road, Footpath",,Construction & Maintenance,,,Yes,,,,,Clear,,,Non,No,,,Motor Bike,Incursion due to breakdown,0,0,0,0,,
30519,Near Miss,Minor or low potential impact,Not Entered,9/30/2017 11:07,2017,Sep,Sat,11:07,6:00,10/2/2017 14:28,"Off Network e.g. Local Authority Road, Footpath",,Construction & Maintenance,,,Yes,,,,,Windy,,,100%,No,,,Motor Bike,Incursion to seek information or benefit,0,0,0,0,,
30520,Near Miss,Minor or low potential impact,Not Entered,9/30/2017 18:50,2017,Sep,Sat,18:50,18:00,10/2/2017 14:37,"Off Network e.g. Local Authority Road, Footpath",,Construction & Maintenance,,,Yes,,,,,Clear,,,Non,No,,,Motor Bike,Incursion due to breakdown,0,0,0,0,,
30522,Near Miss,Minor or low potential impact,Not Entered,9/30/2017 21:20,2017,Sep,Sat,21:20,18:00,10/3/2017 8:46,"Off Network e.g. Local Authority Road, Footpath",,Construction & Maintenance,,,Yes,,,,,Clear,,,Poor,No,,,Motor Bike,Incursion due to breakdown,0,0,0,0,,
30523,Near Miss,Minor or low potential impact,Not Entered,9/30/2017 23:19,2017,Sep,Sat,23:19,18:00,10/3/2017 9:59,"Off Network e.g. Local Authority Road, Footpath",,Construction & Maintenance,,,Yes,,,,,Raining,,,Poor,No,,,Motor Bike,Incursion due to breakdown,0,0,0,0,,
27619,Near Miss,Minor or low potential impact,Not Entered,3/1/2017 9:30,2017,Mar,Wed,9:30,6:00,3/1/2017 18:16,"Off Network e.g. Local Authority Road, Footpath",,Construction & Maintenance,,,No,,,,,Clear,,,100%,No,,,,Hit by a moving or falling object,0,0,0,0,,
27348,Near Miss,Minor or low potential impact,Not Entered,1/30/2017 23:56,2017,Jan,Mon,23:56,18:00,2/9/2017 15:15,"Off Network e.g. Local Authority Road, Footpath",,Not Applicable,,,Yes,,,,,Clear,,,100%,No,,,Motor Bike,Incursion to seek information or benefit,0,0,0,0,,
28029,Near Miss,Minor or low potential impact,Not Entered,4/27/2017 8:25,2017,Apr,Thu,8:25,6:00,4/27/2017 15:34,"Off Network e.g. Local Authority Road, Footpath",,Not Applicable,,,No,,,,,,,,,No,,,,Hit by a moving or falling object,0,0,0,0,,
29751,Infrastructure asset,"Property, vehicle, plant damage",Not Entered,7/15/2017 5:05,2017,Jul,Sat,5:05,0:00,7/17/2017 16:12,"Off Network e.g. Local Authority Road, Footpath",,Not Applicable,,,Yes,,,,,Clear,,,100%,No,,,Truck,N/A,0,0,0,0,,
30361,Near Miss,Minor or low potential impact,Not Entered,9/12/2017 16:41,2017,Sep,Tue,16:41,12:00,9/13/2017 13:35,"Off Network e.g. Local Authority Road, Footpath",,Not Applicable,,,No,,,,,Clear,,,100%,No,,,,N/A,0,0,0,0,,Yes
30238,Infrastructure asset,Service Strike,Not Entered,9/1/2017 0:10,2017,Sep,Fri,0:10,0:00,9/1/2017 12:57,,,Not Applicable,,,Yes,,,,,,,,,No,,,Truck,Collision with fixed or stationary object or material,0,0,0,0,,Yes
30214,Personal illness or injury ,1 to 3 Day Injury,Contractor,8/9/2017 14:00,2017,Aug,Wed,14:00,12:00,8/29/2017 16:36,,,Construction & Maintenance,Leg,Abrasion,No,,,,,,,,,No,,,,Hit by a moving or falling object,0,1,0,0,8/11/2017,Yes
24203,Personal illness or injury ,1 to 3 Day Injury,Contractor,4/5/2016 4:05,2016,Apr,Tue,4:05,0:00,4/15/2016 14:22,,,Construction & Maintenance,Back/Spine,Strain / sprain,No,,,,,,,,,No,,,,Injured while handling lifting or carrying,1,3,1,3,,
27614,Near Miss,Minor or low potential impact,Not Entered,2/23/2017 11:00,2017,Feb,Thu,11:00,6:00,3/1/2017 15:47,,,Construction & Maintenance,,,No,,,,,,,,,No,,,,N/A,0,0,0,0,,
23910,Near Miss,Minor or low potential impact,Not Entered,12/16/2015 10:00,2015,Dec,Wed,10:00,6:00,12/18/2015 9:28,,,Construction & Maintenance,,,No,,,,,,,,,No,,,,Injured while handling lifting or carrying,,,,,,
24156,Near Miss,Minor or low potential impact,Not Entered,3/24/2016 12:00,2016,Mar,Thu,12:00,12:00,3/30/2016 12:44,,,Construction & Maintenance,,,No,,,,,,,,,No,,,,"Asset, vehicle or plant failure, damage, or unsafe condition",,,,,,
24233,Infrastructure asset,"Property, vehicle, plant damage",Not Entered,5/3/2016 8:40,2016,May,Tue,8:40,6:00,5/3/2016 16:38,,,Construction & Maintenance,,,No,,,,,,,,,No,,,,Hit by a moving or falling object,0,0,0,0,,
24372,Infrastructure asset,"Property, vehicle, plant damage",Not Entered,6/2/2016 0:00,2016,Jun,Thu,0:00,0:00,6/7/2016 13:10,,,Construction & Maintenance,,,No,,,,,,,,,No,,,,Collision with fixed or stationary object or material,0,0,0,0,,
24477,Infrastructure asset,"Property, vehicle, plant damage",Not Entered,6/9/2016 0:00,2016,Jun,Thu,0:00,0:00,7/8/2016 10:56,,,Construction & Maintenance,,,Yes,,,,,,,,,No,,,Truck,Hit by a moving vehicle or plant,0,0,0,0,,
25640,Infrastructure asset,"Property, vehicle, plant damage",Not Entered,8/10/2016 0:00,2016,Aug,Wed,0:00,0:00,8/17/2016 11:10,,,Construction & Maintenance,,,No,,,,,,,,,No,,,,Hit by a moving vehicle or plant,0,0,0,0,,
25686,Infrastructure asset,"Property, vehicle, plant damage",Not Entered,8/17/2016 12:20,2016,Aug,Wed,12:20,12:00,8/19/2016 14:49,,,Construction & Maintenance,,,No,,,,,,,,,No,,,,Collision with fixed or stationary object or material,0,0,0,0,,
25687,Infrastructure asset,"Property, vehicle, plant damage",Not Entered,8/18/2016 17:00,2016,Aug,Thu,17:00,12:00,8/19/2016 15:02,,,Construction & Maintenance,,,No,,,,,,,,,No,,,,Hit by a moving vehicle or plant,0,0,0,0,,
24547,Infrastructure asset,"Property, vehicle, plant damage",Not Entered,8/18/2016 17:00,2016,Aug,Thu,17:00,12:00,8/2/2016 8:31,,,Construction & Maintenance,,,No,,,,,,,,,No,,,,Hit by a moving vehicle or plant,0,0,0,0,,
25730,Infrastructure asset,"Property, vehicle, plant damage",Not Entered,8/19/2016 22:30,2016,Aug,Fri,22:30,18:00,8/24/2016 8:32,,,Construction & Maintenance,,,No,,,,,,,,,No,,,,Hit by a moving vehicle or plant,0,0,0,0,,
26091,Infrastructure asset,"Property, vehicle, plant damage",Not Entered,9/15/2016 7:38,2016,Sep,Thu,7:38,6:00,9/15/2016 16:46,,,Construction & Maintenance,,,Yes,,,,,,,,,No,,,Truck,Hit by a moving vehicle or plant,0,0,0,0,,
26157,Near Miss,Minor or low potential impact,Not Entered,9/16/2016 15:00,2016,Sep,Fri,15:00,12:00,9/19/2016 13:56,,,Construction & Maintenance,,,Yes,,,,,,,,,No,,,Truck,Hit by a moving or falling object,0,0,0,0,,
26355,Near Miss,Minor or low potential impact,Not Entered,10/3/2016 0:00,2016,Oct,Mon,0:00,0:00,10/5/2016 12:59,,,Construction & Maintenance,,,No,,,,,,,,,No,,,,N/A,0,0,0,0,,
26590,Near Miss,Minor or low potential impact,Not Entered,10/17/2016 16:30,2016,Oct,Mon,16:30,12:00,10/19/2016 10:06,,,Construction & Maintenance,,,No,,,,,,,,,No,,,,Hit by a moving vehicle or plant,0,0,0,0,,
26589,Near Miss,Minor or low potential impact,Not Entered,10/18/2016 15:00,2016,Oct,Tue,15:00,12:00,10/19/2016 9:31,,,Construction & Maintenance,,,No,,,,,,,,,No,,,,N/A,0,0,0,0,,
26933,Infrastructure asset,"Property, vehicle, plant damage",Not Entered,12/13/2016 12:50,2016,Dec,Tue,12:50,12:00,12/14/2016 17:37,,,Not Applicable,,,No,,,,,,,,,No,,,,"Asset, vehicle or plant failure, damage, or unsafe condition",0,0,0,0,,
30208,Personal illness or injury ,Riddor - Specified Injury,Employee,7/31/2017 16:00,2017,Jul,Mon,16:00,12:00,8/29/2017 14:45,,,Not Applicable,Leg,Fracture,No,,,,,,,,,No,,,,N/A,0,0,0,0,,Yes
27068,Near Miss,Minor or low potential impact,Not Entered,1/12/2017 22:30,2017,Jan,Thu,22:30,18:00,1/16/2017 13:28,,,Construction & Maintenance,,,No,,,,,,,,,No,,,,"Fell, slipped, or tripped on same level",,,,,,
27179,Near Miss,Minor or low potential impact,Not Entered,1/31/2017 9:52,2017,Jan,Tue,9:52,6:00,2/1/2017 12:06,,,Construction & Maintenance,,,No,,,,,,,,,No,,,,Hit by a moving or falling object,0,0,0,0,,
26695,Near Miss,Minor or low potential impact,Not Entered,11/14/2016 8:30,2016,Nov,Mon,8:30,6:00,11/14/2016 17:36,,,Not Applicable,,,No,,,,,,,,,No,,,,Hit by a moving vehicle or plant,0,0,0,0,,
24481,Near Miss,Minor or low potential impact,Not Entered,7/5/2016 0:00,2016,Jul,Tue,0:00,0:00,7/8/2016 14:56,,,Construction & Maintenance,,,Yes,,,,,,,,,No,,,Truck,Collision with fixed or stationary object or material,0,0,0,0,,
24397,Near Miss,Minor or low potential impact,Not Entered,6/13/2016 13:45,2016,Jun,Mon,13:45,12:00,6/14/2016 7:05,,,Construction & Maintenance,,,No,,,,,,,,,No,,,,N/A,0,0,0,0,,
26724,Infrastructure asset,"Property, vehicle, plant damage",Not Entered,11/18/2016 4:50,2016,Nov,Fri,4:50,0:00,11/18/2016 12:45,,,Not Applicable,,,Yes,,,,,,,,,No,,,Truck,Hit by a moving vehicle or plant,0,0,0,0,,
29877,Near Miss,Minor or low potential impact,Not Entered,7/25/2017 23:30,2017,Jul,Tue,23:30,18:00,7/28/2017 12:29,,,Not Applicable,,,Yes,,,,,,,,,No,,,Truck,N/A,0,0,0,0,,
26598,Near Miss,Minor or low potential impact,Not Entered,10/21/2016 0:10,2016,Oct,Fri,0:10,0:00,10/21/2016 7:12,"Off Network e.g. Local Authority Road, Footpath",,Construction & Maintenance,,,Yes,,,,,Clear,,,100%,Yes,,,Motor Bike,Incursion unintentional - confused or follow in,0,0,0,0,,
26731,Near Miss,Minor or low potential impact,Not Entered,11/19/2016 12:25,2016,Nov,Sat,12:25,12:00,11/21/2016 13:59,"Off Network e.g. Local Authority Road, Footpath",,Construction & Maintenance,,,Yes,,,,,Clear,,,100%,No,,,Van,Incursion unintentional as result of accident,0,0,0,0,,
26789,Near Miss,Minor or low potential impact,Not Entered,11/24/2016 14:25,2016,Nov,Thu,14:25,12:00,11/25/2016 7:26,"Off Network e.g. Local Authority Road, Footpath",,Construction & Maintenance,,,Yes,,,,,Clear,,,100%,No,,,Truck,N/A,0,0,0,0,,
26884,Near Miss,Minor or low potential impact,Not Entered,12/7/2016 3:35,2016,Dec,Wed,3:35,0:00,12/7/2016 17:50,"Off Network e.g. Local Authority Road, Footpath",,Construction & Maintenance,,,No,,,,,Clear,,,Non,No,,,,Incursion unintentional - confused or follow in,0,0,0,0,,
27047,Near Miss,Minor or low potential impact,Not Entered,1/9/2017 16:05,2017,Jan,Mon,16:05,12:00,1/10/2017 11:46,"Off Network e.g. Local Authority Road, Footpath",,Construction & Maintenance,,,Yes,,,,,Clear,,,100%,No,,,Van,Collision with fixed or stationary object or material,0,0,0,0,,
27124,Infrastructure asset,"Property, vehicle, plant damage",Not Entered,1/20/2017 11:47,2017,Jan,Fri,11:47,6:00,1/23/2017 14:35,"Off Network e.g. Local Authority Road, Footpath",,Construction & Maintenance,,,Yes,,,,,Clear,,,100%,Yes,,,Motor Bike,Incursion unintentional as result of accident,0,0,0,0,,
27183,Near Miss,Minor or low potential impact,Not Entered,1/29/2017 1:40,2017,Jan,Sun,1:40,0:00,2/1/2017 13:27,"Off Network e.g. Local Authority Road, Footpath",,Construction & Maintenance,,,Yes,,,,,Clear,,,Non,No,,,Truck,Incursion to seek information or benefit,0,0,0,0,,
27263,Near Miss,Minor or low potential impact,Not Entered,2/2/2017 23:28,2017,Feb,Thu,23:28,18:00,2/3/2017 14:43,"Off Network e.g. Local Authority Road, Footpath",,Construction & Maintenance,,,Yes,,,,,Storm,,,Poor,No,,,Motor Bike,Incursion unintentional - confused or follow in,0,0,0,0,,
27511,Near Miss,Minor or low potential impact,Not Entered,2/20/2017 4:30,2017,Feb,Mon,4:30,0:00,2/21/2017 10:46,"Off Network e.g. Local Authority Road, Footpath",,Construction & Maintenance,,,No,,,,,Clear,,,100%,No,,,,N/A,0,0,0,0,,
27628,Near Miss,Minor or low potential impact,Not Entered,3/1/2017 2:15,2017,Mar,Wed,2:15,0:00,3/2/2017 13:45,"Off Network e.g. Local Authority Road, Footpath",,Construction & Maintenance,,,No,,,,,Clear,,,Non,Yes,,,,Incursion to seek information or benefit,0,0,0,0,,
27657,Near Miss,Minor or low potential impact,Not Entered,3/6/2017 23:20,2017,Mar,Mon,23:20,18:00,3/7/2017 10:14,"Off Network e.g. Local Authority Road, Footpath",,Construction & Maintenance,,,Yes,,,,,Clear,,,Non,No,,,Truck,Incursion unintentional - confused or follow in,0,0,0,0,,
27681,Near Miss,Minor or low potential impact,Not Entered,3/9/2017 0:47,2017,Mar,Thu,0:47,0:00,3/9/2017 13:30,"Off Network e.g. Local Authority Road, Footpath",,Construction & Maintenance,,,Yes,,,,,Clear,,,Non,Yes,,,Motor Bike,Incursion to seek information or benefit,0,0,0,0,,
27772,Near Miss,Minor or low potential impact,Not Entered,3/20/2017 23:15,2017,Mar,Mon,23:15,18:00,3/22/2017 16:29,"Off Network e.g. Local Authority Road, Footpath",,Construction & Maintenance,,,Yes,,,,,Clear,,,Non,No,,,Motor Bike,Incursion to seek information or benefit,0,0,0,0,,
27774,Near Miss,Minor or low potential impact,Not Entered,3/22/2017 23:30,2017,Mar,Wed,23:30,18:00,3/23/2017 13:35,"Off Network e.g. Local Authority Road, Footpath",,Construction & Maintenance,,,Yes,,,,,Raining,,,Non,Yes,,,Motor Bike,Incursion to seek information or benefit,0,0,0,0,,
27858,Near Miss,Minor or low potential impact,Not Entered,4/6/2017 21:45,2017,Apr,Thu,21:45,18:00,4/7/2017 11:34,"Off Network e.g. Local Authority Road, Footpath",,Construction & Maintenance,,,Yes,,,,,Clear,,,100%,No,,,Motor Bike,Incursion to seek information or benefit,0,0,0,0,,
28035,Near Miss,Minor or low potential impact,Not Entered,4/24/2017 22:30,2017,Apr,Mon,22:30,18:00,4/28/2017 6:27,"Off Network e.g. Local Authority Road, Footpath",,Construction & Maintenance,,,Yes,,,,,Clear,,,100%,No,,,Van,Incursion unintentional - confused or follow in,0,0,0,0,,
23082,Personal illness or injury ,No Lost Time Injury,Employee,4/28/2015 21:35,2015,Apr,Tue,21:35,18:00,5/6/2015 7:55,"Off Network e.g. Local Authority Road, Footpath",,Construction & Maintenance,Lower arm,Abrasion,No,,,,,,,,,No,,,,Hit by a moving or falling object,0,0,0,0,4/29/2015,
22128,Personal illness or injury ,No Lost Time Injury,Contractor,8/30/2014 0:45,2014,Aug,Sat,0:45,0:00,9/22/2014 10:56,"Off Network e.g. Local Authority Road, Footpath",,Construction & Maintenance,Ankle/Foot,Strain / sprain,No,,,,,,,,,No,,,,"Fell, slipped, or tripped on same level",5,6,3,6,9/5/2014,
22023,Personal illness or injury ,No Lost Time Injury,Contractor,7/8/2014 16:30,2014,Jul,Tue,16:30,12:00,8/1/2014 16:36,"Off Network e.g. Local Authority Road, Footpath",,Construction & Maintenance,Ankle/Foot,Other,No,,,,,,,,,No,,,,"Fell, slipped, or tripped on same level",0,1,0,1,7/10/2014,
22129,Personal illness or injury ,No Lost Time Injury,Contractor,9/3/2014 10:30,2014,Sep,Wed,10:30,6:00,9/22/2014 11:35,"Off Network e.g. Local Authority Road, Footpath",,Construction & Maintenance,Hand,Crush,No,,,,,,,,,No,,,,Hit by a moving or falling object,7,4,5,4,9/7/2014,
22134,Personal illness or injury ,No Lost Time Injury,Employee,9/18/2014 11:00,2014,Sep,Thu,11:00,6:00,9/22/2014 12:26,"Off Network e.g. Local Authority Road, Footpath",,Construction & Maintenance,Face,"Cut / laceration, Abrasion",No,,,,,,,,,No,,,,Injured while handling lifting or carrying,0,0,0,0,9/18/2014,