Event ID,Event Type ,Event Subtype,Type of Person,Date/Time of Event,Year,Month,Day of the Week,Time,Time interval (6 hours),Date/Time Reported,Location,Specific Location (include RCC Log no if relevant),Details of actual job being done at the time,Part of Body Affected,Injury Type,Was there a vehicle involved in this event?,Work related,Accident Type,Vehicle Motion,Who was Hit,Weather/Visibility,Surface Condition,Roadbed Grade,Lighting Conditions,Was A Police Report Filed?,Name of Law Enforcement Agency,Preventable,Type,Kind of Event,Expected Lost Workdays (Total),Actual Lost Workdays (Total),Expected Restricted Workdays (Total),Actual Restricted Workdays (Total),Return To Work Date,Sign Off 1
22638,Near Miss,Minor or low potential impact,Not Entered,1/28/2015 3:15,2015,Jan,Wed,3:15,0:00,1/30/2015 9:54,,,Construction & Maintenance,,,Yes,,,,,,,,,No,,,Truck,Collision with fixed or stationary object or material,0,0,0,0,,
22682,Near Miss,Minor or low potential impact,Not Entered,2/4/2015 9:20,2015,Feb,Wed,9:20,6:00,2/9/2015 7:25,,,Construction & Maintenance,,,Yes,,,,,,,,,No,,,Truck,Hit by a moving vehicle or plant,0,0,0,0,,
22869,Near Miss,Minor or low potential impact,Not Entered,3/6/2015 9:29,2015,Mar,Fri,9:29,6:00,3/10/2015 13:32,,,Construction & Maintenance,,,No,,,,,,,,,No,,,,Hit by a moving vehicle or plant,0,0,0,0,,
22921,Near Miss,Minor or low potential impact,Not Entered,3/18/2015 9:00,2015,Mar,Wed,9:00,6:00,3/20/2015 16:10,,,Construction & Maintenance,,,No,,,,,,,,,No,,,,Hit by a moving vehicle or plant,0,0,0,0,,
21960,Infrastructure asset,Service Strike,Not Entered,7/14/2014 9:30,2014,Jul,Mon,9:30,6:00,7/16/2014 16:25,,,Construction & Maintenance,,,No,,,,,,,,,No,,,,Person contact with electricity,0,0,0,0,,
27153,Near Miss,Minor or low potential impact,Not Entered,8/12/2016 4:40,2016,Aug,Fri,4:40,0:00,1/25/2017 14:38,,,Construction & Maintenance,,,No,,,,,,,,,,,,,Incursion to seek information or benefit,0,0,0,0,,
27340,Near Miss,Minor or low potential impact,Not Entered,1/24/2017 13:30,2017,Jan,Tue,13:30,12:00,2/7/2017 17:22,,,Construction & Maintenance,,,No,,,,,,,,,,,,,Hit by a moving vehicle or plant,0,0,0,0,,
29519,Asset security or personal security,Verbal abuse or intimidation,Not Entered,6/1/2017 2:45,2017,Jun,Thu,2:45,0:00,6/20/2017 10:50,,,Construction & Maintenance,,,No,,,,,,,,,No,,,,Incursion to seek information or benefit,0,0,0,0,,
27814,Infrastructure asset,"Property, vehicle, plant damage",Not Entered,3/14/2017 10:30,2017,Mar,Tue,10:30,6:00,4/4/2017 12:19,"Off Network e.g. Local Authority Road, Footpath",,Construction & Maintenance,,,Yes,,,,,,,,Non,No,,,Truck,Hit by a moving vehicle or plant,0,0,0,0,,
27846,Personal illness or injury ,No Lost Time Injury,Employee,5/16/2016 21:40,2016,May,Mon,21:40,18:00,4/6/2017 12:45,"Off Network e.g. Local Authority Road, Footpath",,Construction & Maintenance,Leg,Electric shock,No,,,,,,,,,,,,,Person contact with electricity,0,0,0,0,5/17/2016,
27815,Personal illness or injury ,No Lost Time Injury,Contractor,2/9/2017 0:05,2017,Feb,Thu,0:05,0:00,4/4/2017 12:52,"Off Network e.g. Local Authority Road, Footpath",,Construction & Maintenance,Chest/Stomach,Abrasion,No,,,,,Clear,,,100%,,,,,Hit by a moving or falling object,0,0,0,0,2/10/2017,
28102,Near Miss,Minor or low potential impact,Not Entered,5/4/2017 0:00,2017,May,Thu,0:00,0:00,5/8/2017 12:04,"Off Network e.g. Local Authority Road, Footpath",,Construction & Maintenance,,,No,,,,,,,,,,,,,Incursion to seek information or benefit,0,0,0,0,,
26907,Infrastructure asset,"Property, vehicle, plant damage",Not Entered,11/11/2016 17:30,2016,Nov,Fri,17:30,12:00,12/12/2016 21:54,"Off Network e.g. Local Authority Road, Footpath",,Construction & Maintenance,,,No,,,,,,,,,,,,,Hit by a moving vehicle or plant,0,0,0,0,,
30235,Near Miss,Minor or low potential impact,Not Entered,5/22/2017 13:00,2017,May,Mon,13:00,12:00,9/1/2017 11:43,"Off Network e.g. Local Authority Road, Footpath",,Construction & Maintenance,,,No,,,,,Clear,,,100%,,,,,"Fell, slipped, or tripped on same level",0,0,0,0,,
29723,Infrastructure asset,"Property, vehicle, plant damage",Not Entered,6/8/2017 15:20,2017,Jun,Thu,15:20,12:00,7/12/2017 7:33,"Off Network e.g. Local Authority Road, Footpath",,Construction & Maintenance,,,Yes,,,,,,,,,,,,Truck,Hit by a moving vehicle or plant,0,0,0,0,,
29721,Infrastructure asset,"Property, vehicle, plant damage",Not Entered,6/28/2017 15:00,2017,Jun,Wed,15:00,12:00,7/11/2017 13:10,"Off Network e.g. Local Authority Road, Footpath",,Construction & Maintenance,,,Yes,,,,,Raining,,,Poor,,,,Truck,Hit by a moving vehicle or plant,0,0,0,0,,
30237,Infrastructure asset,"Property, vehicle, plant damage",Not Entered,7/25/2017 20:00,2017,Jul,Tue,20:00,18:00,9/1/2017 12:34,"Off Network e.g. Local Authority Road, Footpath",,Construction & Maintenance,,,No,,,,,Clear,,,100%,,,,,Collision with fixed or stationary object or material,0,0,0,0,,
30239,Infrastructure asset,"Property, vehicle, plant damage",Not Entered,8/29/2017 9:30,2017,Aug,Tue,9:30,6:00,9/1/2017 13:13,,,Construction & Maintenance,,,No,,,,,,,,,No,,,,Collision with fixed or stationary object or material,0,0,0,0,,
29427,Personal illness or injury ,4 to 7 Day Injury,Contractor,6/5/2017 12:05,2017,Jun,Mon,12:05,12:00,6/7/2017 18:56,"Off Network e.g. Local Authority Road, Footpath",,Not Applicable,Back/Spine,Abrasion,No,,,,,,,,,No,,,,Hit by a moving or falling object,6,6,0,0,6/12/2017,
29426,Near Miss,Minor or low potential impact,Not Entered,6/5/2017 13:50,2017,Jun,Mon,13:50,12:00,6/7/2017 18:38,"Off Network e.g. Local Authority Road, Footpath",,Not Applicable,,,No,,,,,,,,,No,,,,Hit by a moving vehicle or plant,0,0,0,0,,
29532,Near Miss,Minor or low potential impact,Not Entered,6/17/2017 18:20,2017,Jun,Sat,18:20,18:00,6/21/2017 11:14,"Off Network e.g. Local Authority Road, Footpath",,Not Applicable,,,Yes,,,,,,,,,No,,,Motor Bike,Incursion unintentional as result of accident,0,0,0,0,,
29872,Near Miss,Minor or low potential impact,Not Entered,7/25/2017 14:15,2017,Jul,Tue,14:15,12:00,7/28/2017 9:43,"Off Network e.g. Local Authority Road, Footpath",,Not Applicable,,,Yes,,,,,,,,,Yes,,,Motor Bike,Incursion unintentional as result of accident,0,0,0,0,,
29722,Personal illness or injury ,1 to 3 Day Injury,Contractor,7/10/2017 12:00,2017,Jul,Mon,12:00,12:00,7/11/2017 18:52,,,Not Applicable,Hand,Puncture Wound,No,,,,,,,,,No,,,,Person exposed to harmful substance,0,6,0,0,,
26240,Near Miss,Minor or low potential impact,Not Entered,8/11/2016 0:00,2016,Aug,Thu,0:00,0:00,9/21/2016 14:39,,,Construction & Maintenance,,,No,,,,,,,,,No,,,,Physical assault,0,0,0,0,,
29975,Infrastructure asset,Service Strike,Not Entered,7/7/2017 22:40,2017,Jul,Fri,22:40,18:00,8/7/2017 11:15,"Off Network e.g. Local Authority Road, Footpath",,Lot 3 & Lot 12,,,No,,,,,Clear,,,Non,No,,,,Person contact with electricity,0,0,0,0,,
28179,Infrastructure asset,Service Strike,Not Entered,2/9/2017 0:00,2017,Feb,Thu,0:00,0:00,5/17/2017 11:02,,,Lot 5 & 14,,,No,,,,,,,,,No,,,,Person contact with electricity,0,0,0,0,,
29737,Near Miss,Minor or low potential impact,Not Entered,7/14/2017 0:00,2017,Jul,Fri,0:00,0:00,7/14/2017 14:23,,,Lot 5 & 14,,,No,,,,,,,,,No,,,,Person contact with electricity,0,0,0,0,,
22975,Personal illness or injury ,No Lost Time Injury,Contractor,3/12/2015 16:15,2015,Mar,Thu,16:15,12:00,3/30/2015 16:12,,,Civil Engineering ,Back/Spine,Strain / sprain,No,,,,,,,,,No,,,,Injured while handling lifting or carrying,0,0,0,0,3/12/2015,
46838,Near Miss,Minor or low potential impact,,11/22/2017 13:05,2017,Nov,Wed,13:05,12:00,11/30/2017 9:50,,,Installing fencing,,,No,No,,,,,,,,No,,No,,Unplanned Event disrupting business continuity,0,0,0,0,,
44174,Personal illness or injury ,Riddor - Specified Injury,Contractor,10/14/2017 20:45,2017,Oct,Sat,20:45,18:00,10/14/2017 20:45,Traffic management enclosure,A1 Northbound - Near Scotch Corner North Bound Off Slip ,Installing TVRS,Finger/Thumb,Amputation,No,No,,,,,,,,No,,No,,Injured while handling lifting or carrying,0,0,12,28,11/13/2017,
44606,Near Miss,Minor or low potential impact,,9/29/2017 16:15,2017,Sep,Fri,16:15,12:00,10/25/2017 15:34,,,MOP breakdown - no record of works being carried out,,,No,No,,,,,,,,No,,No,,Incursion due to breakdown,0,0,0,0,,
44607,Near Miss,Minor or low potential impact,,10/3/2017 15:45,2017,Oct,Tue,15:45,12:00,10/25/2017 15:51,,,MOP Breakdown -  no details of work being carried out,,,No,No,,,,,,,,No,,No,,Incursion due to breakdown,0,0,0,0,,
44608,Near Miss,Minor or low potential impact,,10/6/2017 11:55,2017,Oct,Fri,11:55,6:00,10/25/2017 15:54,,,MOP Breakdown - no details of work being carried out,,,No,No,,,,,,,,No,,No,,Incursion due to breakdown,0,0,0,0,,
44609,Near Miss,Minor or low potential impact,,10/6/2017 12:59,2017,Oct,Fri,12:59,12:00,10/25/2017 15:57,,,RTC - no details of work being carried out ,,,No,No,,,,,,,,No,,No,,Incursion unintentional as result of accident,0,0,0,0,,
44611,Near Miss,Minor or low potential impact,,10/6/2017 11:55,2017,Oct,Fri,11:55,6:00,10/25/2017 15:59,,,MOP breakdown - no details of work being carried out,,,No,No,,,,,,,,No,,No,,Incursion due to breakdown,0,0,0,0,,
44612,Near Miss,Minor or low potential impact,,10/7/2017 8:01,2017,Oct,Sat,8:01,6:00,10/25/2017 16:03,,,MOP breakdown - no details of work being carried out,,,No,No,,,,,,,,No,,No,,Incursion due to breakdown,0,0,0,0,,
44613,Near Miss,Minor or low potential impact,,10/7/2017 19:57,2017,Oct,Sat,19:57,18:00,10/25/2017 16:05,,,MOP breakdown - no details of work being carried out,,,No,No,,,,,,,,No,,No,,Incursion due to breakdown,0,0,0,0,,
44614,Near Miss,Minor or low potential impact,,10/10/2017 10:15,2017,Oct,Tue,10:15,6:00,10/25/2017 16:08,,,RTC - no details of work being carried out,,,No,No,,,,,,,,No,,No,,Incursion unintentional as result of accident,0,0,0,0,,
44665,Near Miss,Minor or low potential impact,,10/13/2017 15:18,2017,Oct,Fri,15:18,12:00,10/27/2017 8:31,,,MOP breakdown - no details of work being carried out,,,No,No,,,,,,,,No,,No,,Incursion due to breakdown,0,0,0,0,,
44666,Near Miss,Minor or low potential impact,,10/13/2017 15:05,2017,Oct,Fri,15:05,12:00,10/27/2017 8:34,,,MOP breakdown - No details of work being carried out,,,No,No,,,,,,,,No,,No,,Incursion due to breakdown,0,0,0,0,,
44667,Near Miss,Minor or low potential impact,,10/13/2017 16:40,2017,Oct,Fri,16:40,12:00,10/27/2017 8:38,,,MOP breakdown - no details of work being carried out,,,No,No,,,,,,,,No,,No,,Incursion due to breakdown,0,0,0,0,,
44668,Near Miss,Minor or low potential impact,,10/16/2017 6:20,2017,Oct,Mon,6:20,6:00,10/27/2017 8:40,,,MOP breakdown - no details of work being carried out,,,No,No,,,,,,,,No,,No,,Incursion due to breakdown,0,0,0,0,,
44669,Near Miss,Minor or low potential impact,,10/16/2017 12:00,2017,Oct,Mon,12:00,12:00,10/27/2017 8:42,,,MOP breakdown - no details of work being carried out,,,No,No,,,,,,,,No,,No,,Incursion due to breakdown,0,0,0,0,,
44670,Near Miss,Minor or low potential impact,,10/16/2017 12:49,2017,Oct,Mon,12:49,12:00,10/27/2017 8:44,,,MOP breakdown - no details of works being carried out,,,No,No,,,,,,,,No,,No,,Incursion due to breakdown,0,0,0,0,,
44671,Near Miss,Minor or low potential impact,,10/16/2017 15:30,2017,Oct,Mon,15:30,12:00,10/27/2017 8:46,,,MOP breakdown - no details of work being carried out,,,No,No,,,,,,,,No,,No,,Incursion due to breakdown,0,0,0,0,,
44672,Near Miss,Minor or low potential impact,,10/16/2017 18:21,2017,Oct,Mon,18:21,18:00,10/27/2017 10:56,,,MOP breakdown - no details of work being carried out,,,No,No,,,,,,,,No,,No,,Incursion due to breakdown,0,0,0,0,,
44673,Near Miss,Minor or low potential impact,,10/17/2017 9:50,2017,Oct,Tue,9:50,6:00,10/27/2017 10:58,,,MOP breakdown - no details of work being carried out,,,No,No,,,,,,,,No,,No,,Incursion due to breakdown,0,0,0,0,,
44674,Near Miss,Minor or low potential impact,,10/18/2017 9:00,2017,Oct,Wed,9:00,6:00,10/27/2017 11:01,,,MOP breakdown - no details of work being carried out,,,No,No,,,,,,,,No,,No,,Incursion due to breakdown,0,0,0,0,,
44675,Near Miss,Minor or low potential impact,,10/18/2017 16:05,2017,Oct,Wed,16:05,12:00,10/27/2017 11:03,,,MOP breakdown - no details of work being carried out,,,No,No,,,,,,,,No,,No,,Incursion due to breakdown,0,0,0,0,,
44676,Near Miss,Minor or low potential impact,,10/19/2017 6:10,2017,Oct,Thu,6:10,6:00,10/27/2017 11:05,,,MOP breakdown - no details of work being carried out,,,No,No,,,,,,,,No,,No,,Incursion unintentional as result of accident,0,0,0,0,,
44677,Near Miss,Minor or low potential impact,,10/19/2017 16:09,2017,Oct,Thu,16:09,12:00,10/27/2017 11:07,,,MOP breakdown - no details of work being carried out,,,No,No,,,,,,,,No,,No,,Incursion due to breakdown,0,0,0,0,,
44678,Near Miss,Minor or low potential impact,,10/21/2017 7:45,2017,Oct,Sat,7:45,6:00,10/27/2017 11:09,,,MOP breakdown - no details of work being carried out,,,No,No,,,,,,,,No,,No,,Incursion due to breakdown,0,0,0,0,,
44679,Near Miss,Minor or low potential impact,,10/21/2017 12:04,2017,Oct,Sat,12:04,12:00,10/27/2017 11:10,,,MOP breakdown - no details of work being carried out,,,No,No,,,,,,,,No,,No,,Incursion due to breakdown,0,0,0,0,,
44680,Near Miss,Minor or low potential impact,,10/22/2017 16:25,2017,Oct,Sun,16:25,12:00,10/27/2017 11:12,,,MOP breakdown - no details of work being carried out,,,No,No,,,,,,,,No,,No,,Incursion due to breakdown,0,0,0,0,,
44681,Near Miss,Minor or low potential impact,,10/23/2017 16:02,2017,Oct,Mon,16:02,12:00,10/27/2017 11:14,,,MOP breakdown - no details of work being carried out,,,No,No,,,,,,,,No,,No,,Incursion due to breakdown,0,0,0,0,,
44682,Near Miss,Minor or low potential impact,,10/23/2017 17:21,2017,Oct,Mon,17:21,12:00,10/27/2017 11:16,,,MOP breakdown - no details of work being carried out,,,No,No,,,,,,,,No,,No,,Incursion due to breakdown,0,0,0,0,,
44683,Near Miss,Minor or low potential impact,,10/23/2017 17:49,2017,Oct,Mon,17:49,12:00,10/27/2017 11:17,,,MOP breakdown - no details of work being carried out,,,No,No,,,,,,,,No,,No,,Incursion due to breakdown,0,0,0,0,,
44684,Near Miss,Minor or low potential impact,,10/24/2017 3:30,2017,Oct,Tue,3:30,0:00,10/27/2017 11:19,,,MOP breakdown - no details of work being carried out,,,No,No,,,,,,,,No,,No,,Incursion due to breakdown,0,0,0,0,,
44685,Near Miss,Minor or low potential impact,,10/24/2017 8:09,2017,Oct,Tue,8:09,6:00,10/27/2017 11:21,,,MOP breakdown -  no details of work being carried out,,,No,No,,,,,,,,No,,No,,Incursion due to breakdown,0,0,0,0,,
44687,Near Miss,Minor or low potential impact,,10/24/2017 10:48,2017,Oct,Tue,10:48,6:00,10/27/2017 11:23,,,MOP breakdown - no details of work being carried out,,,No,No,,,,,,,,No,,No,,Incursion due to breakdown,0,0,0,0,,
44688,Near Miss,Minor or low potential impact,,10/25/2017 9:21,2017,Oct,Wed,9:21,6:00,10/27/2017 11:31,,,MOP breakdown - no details of work being carried out,,,No,No,,,,,,,,No,,No,,Incursion due to breakdown,0,0,0,0,,
44689,Near Miss,Minor or low potential impact,,10/25/2017 18:16,2017,Oct,Wed,18:16,18:00,10/27/2017 11:32,,,MOP breakdown - no details of work being carried out,,,No,No,,,,,,,,No,,No,,Incursion due to breakdown,0,0,0,0,,
44690,Near Miss,Minor or low potential impact,,10/25/2017 22:12,2017,Oct,Wed,22:12,18:00,10/27/2017 11:34,,,MOP breakdown - no details of work being carried out,,,No,No,,,,,,,,No,,No,,Incursion due to breakdown,0,0,0,0,,
44691,Near Miss,Minor or low potential impact,,10/26/2017 1:04,2017,Oct,Thu,1:04,0:00,10/27/2017 11:36,,,MOP breakdown - no details of work being carried out,,,No,No,,,,,,,,No,,No,,Incursion due to breakdown,0,0,0,0,,
44692,Near Miss,Minor or low potential impact,,10/26/2017 8:04,2017,Oct,Thu,8:04,6:00,10/27/2017 11:38,,,MOP breakdown - no details of work being carried out,,,No,No,,,,,,,,No,,No,,Incursion due to breakdown,0,0,0,0,,
44693,Near Miss,Minor or low potential impact,,10/26/2017 10:04,2017,Oct,Thu,10:04,6:00,10/27/2017 11:40,,,MOP breakdown - no details of work being carried out,,,No,No,,,,,,,,No,,No,,Incursion due to breakdown,0,0,0,0,,
44694,Near Miss,Minor or low potential impact,,10/26/2017 15:11,2017,Oct,Thu,15:11,12:00,10/27/2017 11:42,,,MOP breakdown - no details of work being carried out,,,No,No,,,,,,,,No,,No,,Incursion due to breakdown,0,0,0,0,,
44696,Near Miss,Minor or low potential impact,,10/26/2017 20:46,2017,Oct,Thu,20:46,18:00,10/27/2017 11:44,,,MOP breakdown -  no details of work being carried out,,,No,No,,,,,,,,No,,No,,Incursion due to breakdown,0,0,0,0,,
45799,Near Miss,Minor or low potential impact,,10/28/2017 11:34,2017,Oct,Sat,11:34,6:00,10/31/2017 10:22,,,MOP breakdown - no details of work being carried out,,,No,No,,,,,,,,No,,No,,Incursion due to breakdown,0,0,0,0,,
45800,Near Miss,Minor or low potential impact,,10/28/2017 19:53,2017,Oct,Sat,19:53,18:00,10/31/2017 10:25,,,MOP breakdown - no details of work being carried out,,,No,No,,,,,,,,No,,No,,Incursion due to breakdown,0,0,0,0,,
45801,Near Miss,Minor or low potential impact,,10/28/2017 20:06,2017,Oct,Sat,20:06,18:00,10/31/2017 10:27,,,MOP breakdown -  no detials of work being carried out,,,No,No,,,,,,,,No,,No,,Incursion due to breakdown,0,0,0,0,,
45802,Near Miss,Minor or low potential impact,,10/30/2017 16:25,2017,Oct,Mon,16:25,12:00,10/31/2017 10:29,,,MOP breakdown - no details of work being carried out,,,No,No,,,,,,,,No,,No,,Incursion due to breakdown,0,0,0,0,,
45842,Near Miss,Minor or low potential impact,,10/31/2017 6:59,2017,Oct,Tue,6:59,6:00,11/1/2017 11:15,,,MOP breakdown - no details of work being carried out,,,No,No,,,,,,,,No,,No,,Incursion due to breakdown,0,0,0,0,,
45843,Near Miss,Minor or low potential impact,,10/31/2017 23:00,2017,Oct,Tue,23:00,18:00,11/1/2017 11:16,,,MOP breakdown - no details of work being carried out,,,No,No,,,,,,,,No,,No,,Incursion due to breakdown,0,0,0,0,,
46077,Near Miss,Minor or low potential impact,,11/3/2017 15:35,2017,Nov,Fri,15:35,12:00,11/8/2017 8:59,,,MOP breakdown - no details of work being carried out,,,No,No,,,,,,,,No,,No,,Incursion due to breakdown,0,0,0,0,,
46078,Near Miss,Minor or low potential impact,,11/3/2017 15:48,2017,Nov,Fri,15:48,12:00,11/8/2017 9:03,,,MOP breakdown - no details of work being carried out,,,No,No,,,,,,,,No,,No,,Incursion due to breakdown,0,0,0,0,,
46079,Near Miss,Minor or low potential impact,,11/4/2017 11:28,2017,Nov,Sat,11:28,6:00,11/8/2017 9:06,,,MOP breakdown - no details of work being carried out,,,No,No,,,,,,,,No,,No,,Incursion due to breakdown,0,0,0,0,,
46080,Near Miss,Minor or low potential impact,,11/4/2017 13:46,2017,Nov,Sat,13:46,12:00,11/8/2017 9:09,,,MOP breakdown - no details of work being carried out,,,No,No,,,,,,,,No,,No,,Incursion due to breakdown,0,0,0,0,,
46081,Near Miss,Minor or low potential impact,,11/5/2017 15:26,2017,Nov,Sun,15:26,12:00,11/8/2017 9:11,,,MOP breakdown - no details of work being carried out,,,No,No,,,,,,,,No,,No,,Incursion due to breakdown,0,0,0,0,,
46083,Near Miss,Minor or low potential impact,,11/6/2017 15:33,2017,Nov,Mon,15:33,12:00,11/8/2017 9:13,,,MOP breakdown - no details of work being carried out,,,No,No,,,,,,,,No,,No,,Incursion due to breakdown,0,0,0,0,,
46085,Near Miss,Minor or low potential impact,,11/6/2017 21:25,2017,Nov,Mon,21:25,18:00,11/8/2017 9:15,,,MOP breakdown - no details of work being carried out,,,No,No,,,,,,,,No,,No,,Incursion due to breakdown,0,0,0,0,,
46086,Near Miss,Minor or low potential impact,,11/7/2017 15:20,2017,Nov,Tue,15:20,12:00,11/8/2017 9:21,,,MOP breakdown - no details of work being carried out,,,No,No,,,,,,,,No,,No,,Incursion due to breakdown,0,0,0,0,,
46272,Near Miss,Minor or low potential impact,,11/14/2017 11:31,2017,Nov,Tue,11:31,6:00,11/14/2017 11:31,,,MOP breakdown - No details of work being carried out,,,No,No,,,,,,,,No,,No,,Incursion due to breakdown,0,0,0,0,,
46273,Near Miss,Minor or low potential impact,,11/11/2017 16:05,2017,Nov,Sat,16:05,12:00,11/14/2017 11:34,,,MOP breakdown - no details of work being carried out,,,No,No,,,,,,,,No,,No,,Incursion due to breakdown,0,0,0,0,,
46274,Near Miss,Minor or low potential impact,,11/12/2017 11:16,2017,Nov,Sun,11:16,6:00,11/14/2017 11:37,,,MOP breakdown - no details of work being carried out,,,No,No,,,,,,,,No,,No,,Incursion due to breakdown,0,0,0,0,,
46275,Near Miss,Minor or low potential impact,,11/12/2017 18:18,2017,Nov,Sun,18:18,18:00,11/14/2017 11:48,,,MOP breakdown - no details of work being carried out,,,No,No,,,,,,,,No,,No,,Incursion due to breakdown,0,0,0,0,,
46276,Near Miss,Minor or low potential impact,,11/13/2017 19:23,2017,Nov,Mon,19:23,18:00,11/14/2017 11:50,,,MOP breakdown - no details of work being carried out,,,No,No,,,,,,,,No,,No,,Incursion due to breakdown,0,0,0,0,,
46331,Personal illness or injury ,4 to 7 Day Injury,Contractor,11/14/2017 22:30,2017,Nov,Tue,22:30,18:00,11/14/2017 22:45,"Off Network e.g. Local Authority Road, Footpath, Marine",Leeming Lane / Marne Barracks Junction,"Excavation for Lighting colums, general verge works, general",Leg,Strain / sprain,No,No,,,,,,,,No,,No,,"Fell, slipped, or tripped on same level",0,0,4,4,11/20/2017,
46332,Near Miss,Minor or low potential impact,,11/8/2017 23:00,2017,Nov,Wed,23:00,18:00,11/8/2017 23:01,Traffic management enclosure,Scotch Corner South Bound Off slip / Scotch Corner Jct with A6108,Resurfacing Scotch Corner Roundabout,,,No,No,,,,,,,,No,,No,,Incursion to seek information or benefit,0,0,0,0,,
46356,Near Miss,Minor or low potential impact,,11/14/2017 23:10,2017,Nov,Tue,23:10,18:00,11/16/2017 11:30,,,MOP breakdown - no details of work being carried out,,,No,No,,,,,,,,No,,No,,Incursion due to breakdown,0,0,0,0,,
46357,Near Miss,Minor or low potential impact,,11/15/2017 6:40,2017,Nov,Wed,6:40,6:00,11/16/2017 11:32,,,MOP breakdown - no details of work being carried out,,,No,No,,,,,,,,No,,No,,Incursion due to breakdown,0,0,0,0,,
46379,Near Miss,Minor or low potential impact,,11/16/2017 22:35,2017,Nov,Thu,22:35,18:00,11/17/2017 8:07,,,MOP breakdown - no details of work being carried out,,,No,No,,,,,,,,No,,No,,Incursion due to breakdown,0,0,0,0,,
46431,Near Miss,Minor or low potential impact,,11/17/2017 12:42,2017,Nov,Fri,12:42,12:00,11/20/2017 11:27,,,MOP breakdown - no details of work being carried out,,,No,No,,,,,,,,No,,No,,Incursion due to breakdown,0,0,0,0,,
46432,Near Miss,Minor or low potential impact,,11/17/2017 19:05,2017,Nov,Fri,19:05,18:00,11/20/2017 11:29,,,MOP breakdown - no details of work being carried out,,,No,No,,,,,,,,No,,No,,Incursion due to breakdown,0,0,0,0,,
46433,Near Miss,Minor or low potential impact,,11/19/2017 15:23,2017,Nov,Sun,15:23,12:00,11/20/2017 11:33,,,MOP breakdown - no details of work being carried out,,,No,No,,,,,,,,No,,No,,Incursion due to breakdown,0,0,0,0,,
46434,Near Miss,Minor or low potential impact,,11/20/2017 5:06,2017,Nov,Mon,5:06,0:00,11/20/2017 11:35,,,MOP breakdown - no details of work being carried out,,,No,No,,,,,,,,No,,No,,Incursion due to breakdown,0,0,0,0,,
46528,Infrastructure asset,,,11/22/2017 6:30,2017,Nov,Wed,6:30,6:00,11/22/2017 7:30,Within works area / safety zone (adjacent to a Live carriageway),Scotch Corner and Barton Interchanges northbound,Not applicable,,,No,No,,,,,,,,No,,No,,Procedural - HE Contractor,0,0,0,0,,
46815,Near Miss,,,11/28/2017 16:30,2017,Nov,Tue,16:30,12:00,11/29/2017 10:00,Within works area / safety zone (adjacent to a Live carriageway),Fort Bridge northbound,Soil nailing,,,No,No,,,,,,,,No,,No,,Procedural - HE Contractor,0,0,0,0,,
46816,Near Miss,Minor or low potential impact,,11/29/2017 6:00,2017,Nov,Wed,6:00,6:00,11/29/2017 10:43,,,No A1L2B involvement in cause of incident.,,,No,No,,,,,,,,No,,No,,Incursion unintentional as result of accident,0,0,0,0,,
46841,Near Miss,Minor or low potential impact,,11/21/2017 9:40,2017,Nov,Tue,9:40,6:00,11/30/2017 10:15,,,MOP breakdown - no details of work being carried out,,,No,No,,,,,,,,No,,No,,Incursion due to breakdown,0,0,0,0,,
46842,Near Miss,Minor or low potential impact,,11/21/2017 13:16,2017,Nov,Tue,13:16,12:00,11/30/2017 10:17,,,MOP breakdown - no details of work being carried out,,,No,No,,,,,,,,No,,No,,Incursion due to breakdown,0,0,0,0,,
46843,Near Miss,Minor or low potential impact,,11/21/2017 18:15,2017,Nov,Tue,18:15,18:00,11/30/2017 10:19,,,MOP breakdown - no details of work being carried out,,,No,No,,,,,,,,No,,No,,Incursion due to breakdown,0,0,0,0,,