Event ID,Event Type ,Event Subtype,Type of Person,Date/Time of Event,Year,Month,Day of the Week,Time,Time interval (6 hours),Date/Time Reported,Location,Specific Location (include RCC Log no if relevant),Details of actual job being done at the time,Part of Body Affected,Injury Type,Was there a vehicle involved in this event?,Work related,Accident Type,Vehicle Motion,Who was Hit,Weather/Visibility,Surface Condition,Roadbed Grade,Lighting Conditions,Was A Police Report Filed?,Name of Law Enforcement Agency,Preventable,Type,Kind of Event,Expected Lost Workdays (Total),Actual Lost Workdays (Total),Expected Restricted Workdays (Total),Actual Restricted Workdays (Total),Return To Work Date,Sign Off 1
46844,Near Miss,Minor or low potential impact,,11/21/2017 22:18,2017,Nov,Tue,22:18,18:00,11/30/2017 10:20,,,MOP breakdown - no details of work being carried out,,,No,No,,,,,,,,No,,No,,Incursion due to breakdown,0,0,0,0,,
46845,Near Miss,Minor or low potential impact,,11/22/2017 14:55,2017,Nov,Wed,14:55,12:00,11/30/2017 10:23,,,MOP breakdown - no details of work being carried out,,,No,No,,,,,,,,No,,No,,Incursion to seek information or benefit,0,0,0,0,,
46846,Near Miss,Minor or low potential impact,,11/23/2017 16:54,2017,Nov,Thu,16:54,12:00,11/30/2017 10:24,,,MOP breakdown - no details of work being carried out,,,No,No,,,,,,,,No,,No,,Incursion due to breakdown,0,0,0,0,,
46847,Near Miss,Minor or low potential impact,,11/24/2017 14:20,2017,Nov,Fri,14:20,12:00,11/30/2017 10:26,,,MOP breakdown - no details of work being carried out,,,No,No,,,,,,,,No,,No,,Incursion due to breakdown,0,0,0,0,,
46848,Near Miss,Minor or low potential impact,,11/24/2017 16:44,2017,Nov,Fri,16:44,12:00,11/30/2017 10:28,,,MOP breakdown - no details of work being carried out,,,No,No,,,,,,,,No,,No,,Incursion due to breakdown,0,0,0,0,,
46849,Near Miss,Minor or low potential impact,,11/26/2017 22:30,2017,Nov,Sun,22:30,18:00,11/30/2017 10:30,,,MOP breakdown - no details of work being carried out,,,No,No,,,,,,,,No,,No,,Incursion due to breakdown,0,0,0,0,,
46850,Near Miss,Minor or low potential impact,,11/27/2017 12:15,2017,Nov,Mon,12:15,12:00,11/30/2017 10:31,,,MOP breakdown - no details of work being carried out,,,No,No,,,,,,,,No,,No,,Incursion due to breakdown,0,0,0,0,,
46852,Near Miss,Minor or low potential impact,,11/29/2017 15:31,2017,Nov,Wed,15:31,12:00,11/30/2017 10:33,,,MOP breakdown - no details of work being carried out,,,No,No,,,,,,,,No,,No,,Incursion due to breakdown,0,0,0,0,,
46853,Near Miss,Minor or low potential impact,,11/30/2017 5:24,2017,Nov,Thu,5:24,0:00,11/30/2017 10:35,,,MOP breakdown - no details of work being carried out,,,No,No,,,,,,,,No,,No,,Incursion due to breakdown,0,0,0,0,,
46969,Near Miss,Minor or low potential impact,,11/30/2017 14:50,2017,Nov,Thu,14:50,12:00,12/4/2017 8:39,,,MOP breakdown - no details of work being carried out,,,No,No,,,,,,,,No,,No,,Incursion due to breakdown,0,0,0,0,,
46970,Near Miss,Minor or low potential impact,,12/1/2017 15:55,2017,Dec,Fri,15:55,12:00,12/4/2017 8:41,,,MOP Tacho break - no details of work being carried out,,,No,No,,,,,,,,No,,No,,Incursion to seek information or benefit,0,0,0,0,,
47030,Near Miss,Minor or low potential impact,,11/30/2017 12:00,2017,Nov,Thu,12:00,12:00,12/6/2017 9:14,Outside works area - adjacent environment,South east batter of Tunstall Road,Installing drainage ,,,No,No,,,,,,,,No,,No,,Service strike water,0,0,0,0,,
48311,Infrastructure asset,Service Strike,,12/14/2017 8:30,2017,Dec,Thu,8:30,6:00,12/15/2017 8:22,"Off Network e.g. Local Authority Road, Footpath, Marine",At intersection of Jct 56 A1 Southbound - Barton and  B6275,Thursday 14th December 2017 _.Reported of damage to a street lighting cable at Barton Roundabout NE quadrant/SB off slip . A subcontractor was undertaking drainage operations at the time of the incident.,,,No,No,,,,,,,,No,,No,,Service strike other cables or pipelines,0,0,0,0,,
48422,Near Miss,Minor or low potential impact,,12/7/2017 19:43,2017,Dec,Thu,19:43,18:00,12/19/2017 10:39,,,MOP breakdown - no details of work being carried out,,,No,No,,,,,,,,No,,No,,Incursion due to breakdown,0,0,0,0,,
48423,Near Miss,Minor or low potential impact,,12/8/2017 13:30,2017,Dec,Fri,13:30,12:00,12/19/2017 10:43,,,MOP breakdown - no details of work being carried out,,,No,No,,,,,,,,No,,No,,Incursion due to breakdown,0,0,0,0,,
48424,Near Miss,Minor or low potential impact,,12/8/2017 17:20,2017,Dec,Fri,17:20,12:00,12/19/2017 10:44,,,MOP breakdown -  no details of work being carried out,,,No,No,,,,,,,,No,,No,,Incursion due to breakdown,0,0,0,0,,
48425,Near Miss,Minor or low potential impact,,12/13/2017 9:46,2017,Dec,Wed,9:46,6:00,12/19/2017 10:46,,,MOP breakdown - no details of work being carried out,,,No,No,,,,,,,,No,,No,,Incursion due to breakdown,0,0,0,0,,
48426,Near Miss,Minor or low potential impact,,12/15/2017 9:20,2017,Dec,Fri,9:20,6:00,12/19/2017 10:48,,,MOP breakdown - no details of work being carried out,,,No,No,,,,,,,,No,,No,,Incursion due to breakdown,0,0,0,0,,
48428,Near Miss,Minor or low potential impact,,12/15/2017 17:00,2017,Dec,Fri,17:00,12:00,12/19/2017 10:50,,,MOP breakdown -  no details of work being carried out,,,No,No,,,,,,,,No,,No,,Incursion due to breakdown,0,0,0,0,,
48429,Near Miss,Minor or low potential impact,,12/15/2017 19:08,2017,Dec,Fri,19:08,18:00,12/19/2017 10:52,,,MOP breakdown - no details of work being carried out,,,No,No,,,,,,,,No,,No,,Incursion due to breakdown,0,0,0,0,,
48430,Near Miss,Minor or low potential impact,,12/19/2017 2:41,2017,Dec,Tue,2:41,0:00,12/19/2017 10:54,,,MOP breakdown - no details of work being carried out,,,No,No,,,,,,,,No,,No,,Incursion due to breakdown,0,0,0,0,,
48431,Near Miss,Minor or low potential impact,,12/19/2017 6:28,2017,Dec,Tue,6:28,6:00,12/19/2017 10:55,,,MOP breakdown  - no details of work being carried out,,,No,No,,,,,,,,No,,No,,Incursion due to breakdown,0,0,0,0,,
48483,Near Miss,Minor or low potential impact,,12/19/2017 7:20,2017,Dec,Tue,7:20,6:00,12/20/2017 8:49,,,MOP breakdown - no details of work being carried out,,,No,No,,,,,,,,No,,No,,Incursion due to breakdown,0,0,0,0,,
48484,Near Miss,Minor or low potential impact,,12/19/2017 10:22,2017,Dec,Tue,10:22,6:00,12/20/2017 8:53,,,MOP - No details of work being carried out,,,No,No,,,,,,,,No,,No,,Incursion to seek information or benefit,0,0,0,0,,
48485,Near Miss,Minor or low potential impact,,12/19/2017 16:02,2017,Dec,Tue,16:02,12:00,12/20/2017 8:54,,,MOP breakdown - no details of work being carried out,,,No,No,,,,,,,,No,,No,,Incursion due to breakdown,0,0,0,0,,
48487,Near Miss,Minor or low potential impact,,12/19/2017 16:30,2017,Dec,Tue,16:30,12:00,12/20/2017 8:56,,,MOP breakdown - no details of work being carried out,,,No,No,,,,,,,,No,,No,,Incursion due to breakdown,0,0,0,0,,
48534,Near Miss,Minor or low potential impact,,12/20/2017 13:34,2017,Dec,Wed,13:34,12:00,12/21/2017 8:17,,,MOP breakdown - no details of work being carried out,,,No,No,,,,,,,,No,,No,,Incursion due to breakdown,0,0,0,0,,
48870,Near Miss,Minor or low potential impact,,12/26/2017 19:41,2017,Dec,Tue,19:41,18:00,1/8/2018 15:42,,,MOP breakdown - no details of work being carried out ,,,No,No,,,,,,,,No,,No,,Incursion due to breakdown,0,0,0,0,,
48871,Near Miss,Minor or low potential impact,,12/29/2017 22:39,2017,Dec,Fri,22:39,18:00,1/8/2018 15:46,,,MOP breakdown -  no details of work being carried out,,,No,No,,,,,,,,No,,No,,Incursion due to breakdown,0,0,0,0,,
48872,Near Miss,Minor or low potential impact,,12/28/2017 23:22,2017,Dec,Thu,23:22,18:00,1/8/2018 15:48,,,MOP breakdown - no details of work being carried out,,,No,No,,,,,,,,No,,No,,Incursion due to breakdown,0,0,0,0,,
48873,Near Miss,Minor or low potential impact,,12/30/2017 13:32,2017,Dec,Sat,13:32,12:00,1/8/2018 15:49,,,MOP breakdown -  no details of work being carried out,,,No,No,,,,,,,,No,,No,,Incursion due to breakdown,0,0,0,0,,
48874,Near Miss,Minor or low potential impact,,12/30/2017 16:10,2017,Dec,Sat,16:10,12:00,1/8/2018 15:51,,,MOP breakdown - no details of work being carried out,,,No,No,,,,,,,,No,,No,,Incursion due to breakdown,0,0,0,0,,
48875,Near Miss,Minor or low potential impact,,12/31/2017 11:32,2017,Dec,Sun,11:32,6:00,1/8/2018 15:53,,,MOP breakdown - no details of work being carried out,,,No,No,,,,,,,,No,,No,,Incursion due to breakdown,0,0,0,0,,
48876,Near Miss,Minor or low potential impact,,1/3/2018 9:27,2018,Jan,Wed,9:27,6:00,1/8/2018 15:55,,,MOP breakdown -  no details of work being carried out,,,No,No,,,,,,,,No,,No,,Incursion due to breakdown,0,0,0,0,,
48877,Near Miss,Minor or low potential impact,,1/3/2018 9:50,2018,Jan,Wed,9:50,6:00,1/8/2018 15:57,,,MOP breakdown - no details of work being carried out,,,No,No,,,,,,,,No,,No,,Incursion due to breakdown,0,0,0,0,,
48879,Near Miss,Minor or low potential impact,,1/4/2018 19:35,2018,Jan,Thu,19:35,18:00,1/8/2018 15:59,,,MOP breakdown - no details of work being carried out,,,No,No,,,,,,,,No,,No,,Incursion due to breakdown,0,0,0,0,,
48880,Near Miss,Minor or low potential impact,,1/5/2018 11:36,2018,Jan,Fri,11:36,6:00,1/8/2018 16:00,,,MOP breakdown -  no details of work being carried out,,,No,No,,,,,,,,No,,No,,Incursion due to breakdown,0,0,0,0,,
48881,Near Miss,Minor or low potential impact,,1/5/2018 15:30,2018,Jan,Fri,15:30,12:00,1/8/2018 16:02,,,MOP breakdown - no details of work being carried out,,,No,No,,,,,,,,No,,No,,Incursion due to breakdown,0,0,0,0,,
48882,Near Miss,Minor or low potential impact,,1/6/2018 16:20,2018,Jan,Sat,16:20,12:00,1/8/2018 16:03,,,MOP breakdown - no detail of work being carried out,,,No,No,,,,,,,,No,,No,,Incursion due to breakdown,0,0,0,0,,
48883,Near Miss,Minor or low potential impact,,1/7/2018 22:18,2018,Jan,Sun,22:18,18:00,1/8/2018 16:05,,,MOP breakdown - no details of work being carried out,,,No,No,,,,,,,,No,,No,,Incursion due to breakdown,0,0,0,0,,
48976,Near Miss,Minor or low potential impact,,1/9/2018 21:35,2018,Jan,Tue,21:35,18:00,1/11/2018 11:41,,,MOP Tacho break - no details of work being carried out,,,No,No,,,,,,,,No,,No,,Incursion to seek information or benefit,0,0,0,0,,
48977,Near Miss,Minor or low potential impact,,1/10/2018 20:04,2018,Jan,Wed,20:04,18:00,1/11/2018 11:46,,,MOP breakdown -  no details of work being carried out,,,No,No,,,,,,,,No,,No,,Incursion due to breakdown,0,0,0,0,,
48990,Environmental,Reputational damage,,1/10/2018 8:30,2018,Jan,Wed,8:30,6:00,1/11/2018 15:08,Car Park,"A1L2B Project Office Car Park, Lease Farm Quarry, Leeming Bar, North Yorkshire, DL81DU",NO WORK BEING UNDERTAKEN,,,No,No,,,,,,,,No,,No,,"Environment - spill, leak or uncontrolled discharge",0,0,0,0,,
49013,Personal illness or injury ,1 to 3 Day Injury,Employee,1/11/2018 12:30,2018,Jan,Thu,12:30,12:00,1/12/2018 13:02,Outside works area / safety zone (adjacent to a Live carriageway),"""Nicholsons Field"" - accessed from A6108 and adjacent to A1 Northbound ",No physical works - walking back to vehicle for break ,Ankle/Foot,Strain / sprain,No,No,,,,,,,,No,,No,,"Fell, slipped, or tripped on same level",0,0,3,3,1/16/2018,
50096,Personal illness or injury ,No Lost Time Injury,Employee,1/12/2018 11:00,2018,Jan,Fri,11:00,6:00,1/17/2018 9:46,Outside works area - adjacent environment,"TM Compound, Leeming Bar Compound, Leases Farm Quarry, Leeming BAR, North Yorks, DL8 1DU",Loading and unloading TM Signage in preparation to install TM on local access road.,Lower arm,Bruising,No,No,,,,,,,,No,,No,,Hit by a moving or falling object,0,0,0,0,1/12/2018,
50099,Infrastructure asset,Service Strike,,1/16/2018 8:00,2018,Jan,Tue,8:00,6:00,1/17/2018 9:56,"Off Network e.g. Local Authority Road, Footpath, Marine",West verge Gatherly Road - North of LAR Junction,Installation of drainage,,,No,No,,,,,,,,No,,No,,Service strike other cables or pipelines,0,0,0,0,,
50123,Near Miss,Minor or low potential impact,,1/12/2018 17:07,2018,Jan,Fri,17:07,12:00,1/17/2018 14:35,,,MOP breakdown - no details of work being carried out,,,No,No,,,,,,,,No,,No,,Incursion due to breakdown,0,0,0,0,,
50126,Near Miss,Minor or low potential impact,,1/14/2018 13:23,2018,Jan,Sun,13:23,12:00,1/17/2018 15:19,,,MOP breakdown - no details of work being carried out,,,No,No,,,,,,,,No,,No,,Incursion due to breakdown,0,0,0,0,,
50140,Near Miss,Minor or low potential impact,,1/14/2018 15:07,2018,Jan,Sun,15:07,12:00,1/18/2018 9:02,,,MOP breakdown - no details of work being carried out,,,No,No,,,,,,,,No,,No,,Incursion due to breakdown,0,0,0,0,,
50141,Near Miss,Minor or low potential impact,,1/14/2018 13:38,2018,Jan,Sun,13:38,12:00,1/18/2018 9:04,,,MOP breakdown - no details of work being carried out,,,No,No,,,,,,,,No,,No,,Incursion due to breakdown,0,0,0,0,,
50142,Near Miss,Minor or low potential impact,,1/16/2018 8:40,2018,Jan,Tue,8:40,6:00,1/18/2018 9:05,,,MOP breakdown - no details of work being carried out,,,No,No,,,,,,,,No,,No,,Incursion due to breakdown,0,0,0,0,,
50143,Near Miss,Minor or low potential impact,,1/16/2018 13:24,2018,Jan,Tue,13:24,12:00,1/18/2018 9:07,,,MOP breakdown - no details of work being carried out,,,No,No,,,,,,,,No,,No,,Incursion due to breakdown,0,0,0,0,,
50144,Near Miss,Minor or low potential impact,,1/16/2018 14:29,2018,Jan,Tue,14:29,12:00,1/18/2018 9:08,,,MOP breakdown - no details of work being carried out,,,No,No,,,,,,,,No,,No,,Incursion to seek information or benefit,0,0,0,0,,
50145,Near Miss,Minor or low potential impact,,1/17/2018 9:20,2018,Jan,Wed,9:20,6:00,1/18/2018 9:10,,,MOP breakdown - no details of work being carried out,,,No,No,,,,,,,,No,,No,,Incursion due to breakdown,0,0,0,0,,
50146,Near Miss,Minor or low potential impact,,1/17/2018 9:47,2018,Jan,Wed,9:47,6:00,1/18/2018 9:11,,,MOP breakdown - no details of work being carried out,,,No,No,,,,,,,,No,,No,,Incursion due to breakdown,0,0,0,0,,
50147,Near Miss,Minor or low potential impact,,1/17/2018 13:28,2018,Jan,Wed,13:28,12:00,1/18/2018 9:13,,,MOP breakdown - no details of work being carried out,,,No,No,,,,,,,,No,,No,,Incursion due to breakdown,0,0,0,0,,
50148,Near Miss,Minor or low potential impact,,1/17/2018 14:20,2018,Jan,Wed,14:20,12:00,1/18/2018 9:15,,,MOP breakdown - no details of work being carried out,,,No,No,,,,,,,,No,,No,,Incursion due to breakdown,0,0,0,0,,
50149,Near Miss,Minor or low potential impact,,1/18/2018 7:35,2018,Jan,Thu,7:35,6:00,1/18/2018 9:17,,,MOP breakdown - no details of work being carried out,,,No,No,,,,,,,,No,,No,,Incursion due to breakdown,0,0,0,0,,
50273,Near Miss,Minor or low potential impact,,1/20/2018 16:05,2018,Jan,Sat,16:05,12:00,1/22/2018 13:28,,,MOP breakdown - no details of work being carried out,,,No,No,,,,,,,,No,,No,,Incursion due to breakdown,0,0,0,0,,
50274,Near Miss,Minor or low potential impact,,1/21/2018 8:00,2018,Jan,Sun,8:00,6:00,1/22/2018 13:30,,,MOP breakdown - no details of work being carried out,,,No,No,,,,,,,,No,,No,,Incursion due to breakdown,0,0,0,0,,
50276,Near Miss,Minor or low potential impact,,1/21/2018 14:21,2018,Jan,Sun,14:21,12:00,1/22/2018 13:31,,,MOP breakdown - no details of work being carried out,,,No,No,,,,,,,,No,,No,,Incursion due to breakdown,0,0,0,0,,
50312,Near Miss,Minor or low potential impact,,1/23/2018 10:03,2018,Jan,Tue,10:03,6:00,1/23/2018 14:15,,,MOP breakdown - no details of work taking place.,,,No,No,,,,,,,,No,,No,,Incursion due to breakdown,0,0,0,0,,
50382,Near Miss,Minor or low potential impact,,1/23/2018 18:00,2018,Jan,Tue,18:00,18:00,1/25/2018 12:18,,,MOP breakdown - no details of work being carried out,,,No,No,,,,,,,,No,,No,,Incursion due to breakdown,0,0,0,0,,
50383,Near Miss,Minor or low potential impact,,1/23/2018 7:20,2018,Jan,Tue,7:20,6:00,1/25/2018 12:19,,,MOP breakdown - no details of work being carried out,,,No,No,,,,,,,,No,,No,,Incursion due to breakdown,0,0,0,0,,
50384,Near Miss,Minor or low potential impact,,1/23/2018 16:11,2018,Jan,Tue,16:11,12:00,1/25/2018 12:21,,,MOP breakdown - no details of work being carried out,,,No,No,,,,,,,,No,,No,,Incursion due to breakdown,0,0,0,0,,
50413,Near Miss,Minor or low potential impact,,1/23/2018 16:11,2018,Jan,Tue,16:11,12:00,1/26/2018 9:55,,,MOP breakdown - no details of work being carried out,,,No,No,,,,,,,,No,,No,,Incursion due to breakdown,0,0,0,0,,
50414,Near Miss,Minor or low potential impact,,1/24/2018 8:32,2018,Jan,Wed,8:32,6:00,1/26/2018 10:33,,,MOP breakdown - no details of work being carried out,,,No,No,,,,,,,,No,,No,,Incursion due to breakdown,0,0,0,0,,
50415,Near Miss,Minor or low potential impact,,1/23/2018 8:09,2018,Jan,Tue,8:09,6:00,1/26/2018 10:37,,,MOP breakdown - no details of work being carried out,,,No,No,,,,,,,,No,,No,,Incursion due to breakdown,0,0,0,0,,
50417,Near Miss,Minor or low potential impact,,1/23/2018 10:03,2018,Jan,Tue,10:03,6:00,1/26/2018 10:42,,,MOP breakdown - no details of work being carried out,,,No,No,,,,,,,,No,,No,,Incursion due to breakdown,0,0,0,0,,
50418,Near Miss,Minor or low potential impact,,1/24/2018 18:12,2018,Jan,Wed,18:12,18:00,1/26/2018 10:43,,,MOP breakdown - no details of work being carried out,,,No,No,,,,,,,,No,,No,,Incursion due to breakdown,0,0,0,0,,
50420,Near Miss,Minor or low potential impact,,1/25/2018 16:43,2018,Jan,Thu,16:43,12:00,1/26/2018 11:43,,,MOP breakdown - no details of work being carried out,,,No,No,,,,,,,,No,,No,,Incursion unintentional as result of accident,0,0,0,0,,
50421,Near Miss,Minor or low potential impact,,1/25/2018 18:12,2018,Jan,Thu,18:12,18:00,1/26/2018 11:44,,,MOP breakdown - no details of work being carried out,,,No,No,,,,,,,,No,,No,,Incursion due to breakdown,0,0,0,0,,
50422,Near Miss,Minor or low potential impact,,1/25/2018 18:17,2018,Jan,Thu,18:17,18:00,1/26/2018 11:46,,,MOP Accident - No details of work being carried out ,,,No,No,,,,,,,,No,,No,,Incursion unintentional as result of accident,0,0,0,0,,
50425,Near Miss,Minor or low potential impact,,1/25/2018 12:00,2018,Jan,Thu,12:00,12:00,1/26/2018 12:33,"Off Network e.g. Local Authority Road, Footpath, Marine","Gatherly Road, ",Mechanical Excavation for drainage,,,No,No,,,,,,,,No,,No,,Service strike other cables or pipelines,0,0,0,0,,
50484,Near Miss,Minor or low potential impact,,1/27/2018 13:07,2018,Jan,Sat,13:07,12:00,1/29/2018 8:26,,,MOP breakdown - no details of work being carried out,,,No,No,,,,,,,,No,,No,,Incursion due to breakdown,0,0,0,0,,
50491,Near Miss,Minor or low potential impact,,1/25/2018 18:17,2018,Jan,Thu,18:17,18:00,1/29/2018 11:03,,,MOP RTC - No details of work being carried out,,,No,No,,,,,,,,No,,No,,Incursion unintentional as result of accident,0,0,0,0,,
50861,Near Miss,Minor or low potential impact,,2/2/2018 13:54,2018,Feb,Fri,13:54,12:00,2/9/2018 10:20,,,MOP breakdown - no details of work being carried out,,,No,No,,,,,,,,No,,No,,Incursion due to breakdown,0,0,0,0,,
50862,Near Miss,Minor or low potential impact,,2/2/2018 15:03,2018,Feb,Fri,15:03,12:00,2/9/2018 10:23,,,MOP breakdown - no details of work being carried out,,,No,No,,,,,,,,No,,No,,Incursion due to breakdown,0,0,0,0,,
50864,Near Miss,Minor or low potential impact,,2/5/2018 13:02,2018,Feb,Mon,13:02,12:00,2/9/2018 10:24,,,MOP breakdown - no details of work being carried out,,,No,No,,,,,,,,No,,No,,Incursion due to breakdown,0,0,0,0,,
50865,Near Miss,Minor or low potential impact,,2/5/2018 22:55,2018,Feb,Mon,22:55,18:00,2/9/2018 10:52,,,MOP breakdown - no details of work being carried out,,,No,No,,,,,,,,No,,No,,Incursion due to breakdown,0,0,0,0,,
50866,Near Miss,Minor or low potential impact,,2/7/2018 9:30,2018,Feb,Wed,9:30,6:00,2/9/2018 10:54,,,MOP breakdown - no details of work being carried out,,,No,No,,,,,,,,No,,No,,Incursion due to breakdown,0,0,0,0,,
50867,Near Miss,Minor or low potential impact,,2/7/2018 11:50,2018,Feb,Wed,11:50,6:00,2/9/2018 10:55,,,MOP breakdown - no details of work being carried out,,,No,No,,,,,,,,No,,No,,Incursion due to breakdown,0,0,0,0,,
50868,Near Miss,Minor or low potential impact,,2/8/2018 11:18,2018,Feb,Thu,11:18,6:00,2/9/2018 10:57,,,MOP breakdown - no details of work being carried out,,,No,No,,,,,,,,No,,No,,Incursion due to breakdown,0,0,0,0,,
50869,Near Miss,Minor or low potential impact,,2/8/2018 12:40,2018,Feb,Thu,12:40,12:00,2/9/2018 10:58,,,MOP breakdown -  no details of work being carried out,,,No,No,,,,,,,,No,,No,,Incursion due to breakdown,0,0,0,0,,
50870,Near Miss,Minor or low potential impact,,2/8/2018 16:27,2018,Feb,Thu,16:27,12:00,2/9/2018 11:00,,,MOP breakdown - no details of work being carried out,,,No,No,,,,,,,,No,,No,,Incursion due to breakdown,0,0,0,0,,
50871,Near Miss,Minor or low potential impact,,2/8/2018 16:35,2018,Feb,Thu,16:35,12:00,2/9/2018 11:01,,,MOP breakdown - no details of work being carried out,,,No,No,,,,,,,,No,,No,,Incursion due to breakdown,0,0,0,0,,
51072,Near Miss,Minor or low potential impact,,2/10/2018 3:52,2018,Feb,Sat,3:52,0:00,2/19/2018 11:42,,,MOP breakdown - no details of work being carried out,,,No,No,,,,,,,,No,,No,,Incursion due to breakdown,0,0,0,0,,
51073,Near Miss,Minor or low potential impact,,2/10/2018 8:41,2018,Feb,Sat,8:41,6:00,2/19/2018 11:44,,,MOP breakdown - no details of work being carried out,,,No,No,,,,,,,,No,,No,,Incursion due to breakdown,0,0,0,0,,
51074,Near Miss,Minor or low potential impact,,2/10/2018 15:20,2018,Feb,Sat,15:20,12:00,2/19/2018 11:46,,,MOP breakdown - no details of work being carried out,,,No,No,,,,,,,,No,,No,,Incursion due to breakdown,0,0,0,0,,
51076,Near Miss,Minor or low potential impact,,2/13/2018 16:00,2018,Feb,Tue,16:00,12:00,2/19/2018 11:47,,,MOP breakdown - no details of work being carried out,,,No,No,,,,,,,,No,,No,,Incursion due to breakdown,0,0,0,0,,
51077,Near Miss,Minor or low potential impact,,2/15/2018 16:53,2018,Feb,Thu,16:53,12:00,2/19/2018 12:34,,,MOP breakdown - no details of work being carried out,,,No,No,,,,,,,,No,,No,,Incursion due to breakdown,0,0,0,0,,
51078,Near Miss,Minor or low potential impact,,2/15/2018 17:05,2018,Feb,Thu,17:05,12:00,2/19/2018 12:36,,,MOP breakdown - no details of work being carried out,,,No,No,,,,,,,,No,,No,,Incursion due to breakdown,0,0,0,0,,
51079,Near Miss,Minor or low potential impact,,2/16/2018 17:05,2018,Feb,Fri,17:05,12:00,2/19/2018 12:38,,,MOP breakdown - no details of work being carried out,,,No,No,,,,,,,,No,,No,,Incursion due to breakdown,0,0,0,0,,
51080,Near Miss,Minor or low potential impact,,2/19/2018 10:51,2018,Feb,Mon,10:51,6:00,2/19/2018 12:39,,,MOP incursion - no details of work being carried out,,,No,No,,,,,,,,No,,No,,Incursion due to breakdown,0,0,0,0,,
51278,Near Miss,Minor or low potential impact,,2/20/2018 13:46,2018,Feb,Tue,13:46,12:00,2/26/2018 11:51,,,MOP breakdown - no details of work being carried out,,,No,No,,,,,,,,No,,No,,Incursion due to breakdown,0,0,0,0,,
51279,Near Miss,Minor or low potential impact,,2/20/2018 15:31,2018,Feb,Tue,15:31,12:00,2/26/2018 11:54,,,MOP Tacho break - no details of work being carried out,,,No,No,,,,,,,,No,,No,,Incursion to seek information or benefit,0,0,0,0,,
51281,Near Miss,Minor or low potential impact,,2/22/2018 6:50,2018,Feb,Thu,6:50,6:00,2/26/2018 11:56,,,MOP breakdown - no details of work being carried out,,,No,No,,,,,,,,No,,No,,Incursion due to breakdown,0,0,0,0,,
51282,Near Miss,Minor or low potential impact,,2/22/2018 6:50,2018,Feb,Thu,6:50,6:00,2/26/2018 12:02,,,MOP breakdown - no details of work being carried out,,,No,No,,,,,,,,No,,No,,Incursion due to breakdown,0,0,0,0,,
51283,Near Miss,Minor or low potential impact,,2/22/2018 10:07,2018,Feb,Thu,10:07,6:00,2/26/2018 12:04,,,MOP breakdown - no details of work being carried out,,,No,No,,,,,,,,No,,No,,Incursion due to breakdown,0,0,0,0,,
51284,Near Miss,Minor or low potential impact,,2/22/2018 16:36,2018,Feb,Thu,16:36,12:00,2/26/2018 12:05,,,MOP breakdown - no details of work being carried out,,,No,No,,,,,,,,No,,No,,Incursion due to breakdown,0,0,0,0,,
51285,Near Miss,Minor or low potential impact,,2/23/2018 4:55,2018,Feb,Fri,4:55,0:00,2/26/2018 12:07,,,MOP breakdown - no details of work being carried out,,,No,No,,,,,,,,No,,No,,Incursion due to breakdown,0,0,0,0,,
51340,Near Miss,Minor or low potential impact,,2/27/2018 10:48,2018,Feb,Tue,10:48,6:00,2/28/2018 11:21,,,MOP breakdown - no details of work being carried out,,,No,No,,,,,,,,No,,No,,Incursion due to breakdown,0,0,0,0,,
51341,Near Miss,Minor or low potential impact,,2/28/2018 6:20,2018,Feb,Wed,6:20,6:00,2/28/2018 11:23,,,MOP accident - no details of work being carried out,,,No,No,,,,,,,,No,,No,,Incursion unintentional as result of accident,0,0,0,0,,