Event ID,Event Type ,Event Subtype,Type of Person,Date/Time of Event,Year,Month,Day of the Week,Time,Time interval (6 hours),Date/Time Reported,Location,Specific Location (include RCC Log no if relevant),Details of actual job being done at the time,Part of Body Affected,Injury Type,Was there a vehicle involved in this event?,Work related,Accident Type,Vehicle Motion,Who was Hit,Weather/Visibility,Surface Condition,Roadbed Grade,Lighting Conditions,Was A Police Report Filed?,Name of Law Enforcement Agency,Preventable,Type,Kind of Event,Expected Lost Workdays (Total),Actual Lost Workdays (Total),Expected Restricted Workdays (Total),Actual Restricted Workdays (Total),Return To Work Date,Sign Off 1
51601,Near Miss,Minor or low potential impact,,3/1/2018 20:16,2018,Mar,Thu,20:16,18:00,3/8/2018 14:13,,,MOP breakdown - no details of work being carried out,,,No,No,,,,,,,,No,,No,,Incursion due to breakdown,0,0,0,0,,
51603,Near Miss,Minor or low potential impact,,3/6/2018 16:26,2018,Mar,Tue,16:26,12:00,3/8/2018 14:15,,,MOP breakdown - no details of work being carried out,,,No,No,,,,,,,,No,,No,,Incursion due to breakdown,0,0,0,0,,
51677,Near Miss,Minor or low potential impact,,3/8/2018 21:30,2018,Mar,Thu,21:30,18:00,3/12/2018 10:01,Traffic management enclosure,A1 Northbound between J52 & J53,Installation of TM Closure for nightshift works of TVRS alteration/removal,,,No,No,,,,,,,,No,,No,,Incursion to seek information or benefit,0,0,0,0,,
52078,Near Miss,Minor or low potential impact,,3/21/2018 11:30,2018,Mar,Wed,11:30,6:00,3/26/2018 12:00,,,MOP breakdown - no details of work being carried out at time,,,No,No,,,,,,,,No,,No,,Incursion due to breakdown,0,0,0,0,,
52079,Near Miss,Minor or low potential impact,,3/21/2018 16:37,2018,Mar,Wed,16:37,12:00,3/26/2018 12:03,,,MOP breakdown - no details of work being carried out,,,No,No,,,,,,,,No,,No,,Incursion due to breakdown,0,0,0,0,,
52080,Near Miss,Minor or low potential impact,,3/23/2018 15:13,2018,Mar,Fri,15:13,12:00,3/26/2018 12:04,,,MOP breakdown - no details of work being carried out,,,No,No,,,,,,,,No,,No,,Incursion due to breakdown,0,0,0,0,,
52081,Near Miss,Minor or low potential impact,,3/24/2018 10:08,2018,Mar,Sat,10:08,6:00,3/26/2018 12:06,,,MOP breakdown - no details of work being carried out,,,No,No,,,,,,,,No,,No,,Incursion due to breakdown,0,0,0,0,,
52082,Near Miss,Minor or low potential impact,,3/25/2018 13:11,2018,Mar,Sun,13:11,12:00,3/26/2018 12:08,,,MOP breakdown - no details of work being carried out,,,No,No,,,,,,,,No,,No,,Incursion due to breakdown,0,0,0,0,,
52083,Near Miss,Minor or low potential impact,,3/26/2018 5:57,2018,Mar,Mon,5:57,0:00,3/26/2018 12:12,,,MOP breakdown - no details of work being carried out,,,No,No,,,,,,,,No,,No,,Incursion due to breakdown,0,0,0,0,,
52157,Near Miss,Minor or low potential impact,,3/28/2018 8:45,2018,Mar,Wed,8:45,6:00,3/29/2018 9:16,,,MOP Tacho break - no details of work being carried out,,,No,No,,,,,,,,No,,No,,Incursion to seek information or benefit,0,0,0,0,,
52158,Near Miss,Minor or low potential impact,,3/28/2018 18:08,2018,Mar,Wed,18:08,18:00,3/29/2018 9:18,,,MOP breakdown - no details of work being carried out,,,No,No,,,,,,,,No,,No,,Incursion due to breakdown,0,0,0,0,,
46023,Personal illness or injury ,No Lost Time Injury,Employee,10/11/2017 9:00,2017,Oct,Wed,9:00,6:00,10/11/2017 9:30,Within works area / safety zone (adjacent to a Live carriageway),Longfield road,General nightshift supervision,Face,Cut / laceration,No,No,,,,,,,,No,,No,,Physical assault,0,0,0,0,10/11/2017,
46024,Near Miss,Minor or low potential impact,,10/26/2017 20:00,2017,Oct,Thu,20:00,18:00,10/26/2017 20:30,Within works area / safety zone (adjacent to a Live carriageway),Pond 2 Fairthorne Junction,Driving,,,No,No,,,,,,,,No,,No,,Incursion unintentional - confused or follow in,0,0,0,0,,
46352,Near Miss,Minor or low potential impact,,11/6/2017 8:30,2017,Nov,Mon,8:30,6:00,11/16/2017 9:58,Carriageway B,"Approximately chainage 900-950 on north bound carriageway, through the boundary fence across the NMU route coming to rest on the WC2 batter.",No work being undertaken at the time of this incident.,,,Yes,No,Hit structure/building or asset,Straight,,Clear,Dry,Curve,100%,Yes,,Yes,Car,Collision with fixed or stationary object or material,0,0,0,0,,
50992,Personal illness or injury ,Taken medically ill,Contractor,2/14/2018 15:01,2018,Feb,Wed,15:01,12:00,2/14/2018 15:52,"Off Network e.g. Local Authority Road, Footpath, Marine",Kingsford Street ,Collecting TM equipment ,,,No,No,,,,,,,,No,,No,,Faint or collapse,0,0,0,0,2/19/2018,
46010,Near Miss,Minor or low potential impact,,10/24/2017 0:55,2017,Oct,Tue,0:55,0:00,10/24/2017 9:00,Carriageway A,"-	The closure was an LBS 1+2+3 from the temporary PVMS at MP 297/0 ",scoping of works required for the future installation of new ROTTM sings.,,,No,No,,,,,,,,No,,No,,Incursion to seek information or benefit,0,0,0,0,,
46011,Near Miss,Minor or low potential impact,,10/24/2017 0:55,2017,Oct,Tue,0:55,0:00,10/24/2017 9:00,Carriageway A,,Scoping Works for ROTTMS,,,No,No,,,,,,,,No,,No,,Incursion to seek information or benefit,0,0,0,0,,
46622,Near Miss,Minor or low potential impact,,11/16/2017 23:20,2017,Nov,Thu,23:20,18:00,11/16/2017 23:25,Carriageway A,Junction 40 M1,Check,,,No,No,,,,,,,,No,,No,,Live Carriageway Crossing,0,0,0,0,,
52628,Near Miss,Minor or low potential impact,,4/9/2018 4:10,2018,Apr,Mon,4:10,0:00,4/23/2018 11:07,Carriageway hard shoulder,,Installation of a temporary Vehicle Restraint System (tVRS) on the NORTHBOUND hard shoulder under junction 42.  ,,,No,No,,,,,,,,No,,No,,Incursion to seek information or benefit,0,0,0,0,,
52394,Near Miss,High Potential Riddor chance avoidance,,4/11/2018 12:44,2018,Apr,Wed,12:44,12:00,4/12/2018 11:14,Carriageway A,A180 Westbound Lane 1 approx. 500m east of WB off slip at Brocklesby Interchange,Collecting TM signage from edge of carriageway on A180 WB Lane 1,,,Yes,Yes,Another car struck me,Parked,Contractor,Clear,Dry,Straight,Non,Yes,Humberside Police,Yes,Car,"Asset, vehicle or plant failure, damage, or unsafe condition",0,0,0,0,,
46389,Personal illness or injury ,No Lost Time Injury,Contractor,11/16/2017 10:00,2017,Nov,Thu,10:00,6:00,11/16/2017 10:30,Traffic management enclosure,A19 North of interchange area 3 ,changing Planer Picks,Finger/Thumb,Cut / laceration,No,No,,,,,,,,No,,No,,Injured while handling lifting or carrying,0,0,0,0,11/16/2017,
46656,Near Miss,Minor or low potential impact,,10/7/2017 11:40,2017,Oct,Sat,11:40,6:00,10/7/2017 11:40,,,Confused Driver ,,,No,No,,,,,,,,No,,No,,Incursion unintentional - confused or follow in,0,0,0,0,,
46658,Near Miss,Minor or low potential impact,,10/16/2017 9:50,2017,Oct,Mon,9:50,6:00,10/16/2017 9:50,,,Result of RTC ,,,No,No,,,,,,,,No,,No,,Incursion unintentional as result of accident,0,0,0,0,,
46659,Near Miss,Minor or low potential impact,,11/7/2017 7:50,2017,Nov,Tue,7:50,6:00,11/7/2017 7:50,,A19 N/B,Breakdown ,,,No,No,,,,,,,,No,,No,,Incursion due to breakdown,0,0,0,0,,
46660,Near Miss,Minor or low potential impact,,11/3/2017 8:40,2017,Nov,Fri,8:40,6:00,11/3/2017 8:40,,A1058 E/B,Breakdown ,,,No,No,,,,,,,,No,,No,,Incursion due to breakdown,0,0,0,0,,
46661,Near Miss,Minor or low potential impact,,11/5/2017 16:15,2017,Nov,Sun,16:15,12:00,11/5/2017 16:15,,A1058 W/B,Breakdown ,,,No,No,,,,,,,,No,,No,,Incursion due to breakdown,0,0,0,0,,
46662,Near Miss,Minor or low potential impact,,11/6/2017 9:40,2017,Nov,Mon,9:40,6:00,11/6/2017 9:40,,A1058 E/B,To seek benefit,,,No,No,,,,,,,,No,,No,,Incursion to seek information or benefit,0,0,0,0,,
46664,Near Miss,Minor or low potential impact,,10/17/2017 13:40,2017,Oct,Tue,13:40,12:00,10/17/2017 13:40,,A19 N/B,To seek information ,,,No,No,,,,,,,,No,,No,,Incursion to seek information or benefit,0,0,0,0,,
46665,Near Miss,Minor or low potential impact,,11/20/2017 8:40,2017,Nov,Mon,8:40,6:00,11/20/2017 8:40,,A1058 E/B,Breakdown ,,,No,No,,,,,,,,No,,No,,Incursion due to breakdown,0,0,0,0,,
46667,Near Miss,Minor or low potential impact,,11/20/2017 9:23,2017,Nov,Mon,9:23,6:00,11/20/2017 9:23,,,Confused driver,,,No,No,,,,,,,,No,,No,,Incursion unintentional - confused or follow in,0,0,0,0,,
46669,Near Miss,Minor or low potential impact,,11/2/2017 8:40,2017,Nov,Thu,8:40,6:00,11/2/2017 8:40,,A19 S/B,Breakdown,,,No,No,,,,,,,,No,,No,,Incursion due to breakdown,0,0,0,0,,
46670,Near Miss,Minor or low potential impact,,11/23/2017 17:20,2017,Nov,Thu,17:20,12:00,11/23/2017 17:20,,A19 N/B,Breakdown,,,No,No,,,,,,,,No,,No,,Incursion due to breakdown,0,0,0,0,,
50061,Near Miss,Minor or low potential impact,,1/15/2018 9:35,2018,Jan,Mon,9:35,6:00,1/16/2018 8:28,Traffic management enclosure,A1058 westbound on slip,TM Incursion,,,No,No,,,,,,,,No,,No,,Incursion unintentional as result of accident,0,0,0,0,,
50062,Near Miss,Minor or low potential impact,,1/15/2018 15:30,2018,Jan,Mon,15:30,12:00,1/16/2018 9:59,Works area / safety zone access or exit point,A19 S/B,TM Incursion - Breakdown,,,No,No,,,,,,,,No,,No,,Incursion due to breakdown,0,0,0,0,,
50428,Near Miss,Minor or low potential impact,,1/25/2018 15:00,2018,Jan,Thu,15:00,12:00,1/26/2018 13:31,Outside works area - adjacent environment,Corner of Silverlink (Northwest Corner) - McDonalds. Top of grass embankment.,Member of public taking photographs.,,,No,No,,,,,,,,No,,No,,"Fell, slipped, or tripped on same level",0,0,0,0,,
51005,Personal illness or injury ,No Lost Time Injury,Contractor,2/14/2018 10:30,2018,Feb,Wed,10:30,6:00,2/15/2018 7:48,Traffic management enclosure,A19 north of Silverlink roundabout central reserve (area 7),Pile breaking van reversing through works area,,,Yes,Yes,Hit a pedestrian,Reversing,Contractor,Clear,Slippery,Uphill,100%,No,,Yes,Van,Hit by a moving vehicle or plant,0,0,0,0,2/14/2018,
51305,Near Miss,Minor or low potential impact,,2/21/2018 11:00,2018,Feb,Wed,11:00,6:00,2/27/2018 9:13,Within works area / safety zone (adjacent to a Live carriageway),A19 Northbound verge,Topsoil strip,,,No,No,,,,,,,,No,,No,,Service strike other cables or pipelines,0,0,0,0,,
51353,Near Miss,Minor or low potential impact,,2/6/2018 21:10,2018,Feb,Tue,21:10,18:00,2/28/2018 14:59,Outside works area / safety zone (adjacent to a Live carriageway),,TM Incursion ,,,No,No,,,,,,,,No,,No,,Incursion due to breakdown,0,0,0,0,,
51354,Near Miss,Minor or low potential impact,,2/27/2018 13:35,2018,Feb,Tue,13:35,12:00,2/28/2018 15:12,Outside works area / safety zone (adjacent to a Live carriageway),,TM Incursion ,,,No,No,,,,,,,,No,,No,,Incursion due to breakdown,0,0,0,0,,
51683,Near Miss,Minor or low potential impact,,3/10/2018 15:45,2018,Mar,Sat,15:45,12:00,3/12/2018 11:10,"Off Network e.g. Local Authority Road, Footpath, Marine",,Breakdown,,,No,No,,,,,,,,No,,No,,Incursion due to breakdown,0,0,0,0,,
51902,Near Miss,Minor or low potential impact,,3/17/2018 15:03,2018,Mar,Sat,15:03,12:00,3/20/2018 9:57,Within works area / safety zone (adjacent to a Live carriageway),,Breakdown ,,,No,No,,,,,,,,No,,No,,Incursion due to breakdown,0,0,0,0,,
52077,Near Miss,Minor or low potential impact,,3/21/2018 17:55,2018,Mar,Wed,17:55,12:00,3/26/2018 10:52,Works area / safety zone access or exit point,,Breakdown ,,,No,No,,,,,,,,No,,No,,Incursion due to breakdown,0,0,0,0,,
52564,Personal illness or injury ,No Lost Time Injury,Contractor,4/13/2018 12:00,2018,Apr,Fri,12:00,12:00,4/19/2018 8:24,Within works area / safety zone (adjacent to a Live carriageway),A19 northbound area 3c above Middle Engine Lane overbridge,Attaching pecker to 8 t excavator ,Back/Spine,Strain / sprain,No,No,,,,,,,,No,,No,,Injured while handling lifting or carrying,0,0,0,0,4/13/2018,
52684,Near Miss,Minor or low potential impact,,4/23/2018 13:30,2018,Apr,Mon,13:30,12:00,4/25/2018 14:49,,,Van 1 collided into Car 1 that was in lane 1 queuing to come off A193 exit slip,,,No,No,,,,,,,,No,,No,,Incursion unintentional as result of accident,0,0,0,0,,
52685,Near Miss,Minor or low potential impact,,4/23/2018 14:10,2018,Apr,Mon,14:10,12:00,4/25/2018 15:03,,,Car 2 collided into car 1 in live lane 1 while queuing to leave A193 exit slip,,,No,No,,,,,,,,No,,No,,Incursion unintentional as result of accident,0,0,0,0,,
52796,Near Miss,Minor or low potential impact,,4/25/2018 17:20,2018,Apr,Wed,17:20,12:00,5/2/2018 14:30,Works area / safety zone access or exit point,,TM Incursion ,,,No,No,,,,,,,,No,,No,,Incursion due to breakdown,0,0,0,0,,
52931,Near Miss,Minor or low potential impact,,5/6/2018 12:45,2018,May,Sun,12:45,12:00,5/10/2018 9:32,"Off Network e.g. Local Authority Road, Footpath, Marine",,TM Incursion ,,,No,No,,,,,,,,No,,No,,Incursion unintentional as result of accident,0,0,0,0,,
53017,Near Miss,High Potential Riddor chance avoidance,,5/11/2018 21:00,2018,May,Fri,21:00,18:00,5/14/2018 16:30,Traffic management enclosure,,Installation of steel parapet ,,,No,No,,,,,,,,No,,No,,Fell from a height,0,0,0,0,,
48363,Near Miss,,,12/16/2017 6:43,2017,Dec,Sat,6:43,6:00,12/16/2017 11:45,Carriageway B,424/7B M1 ERA ,Breakdown ,,,No,No,,,,,,,,No,,No,,"Asset, vehicle or plant failure, damage, or unsafe condition",0,0,0,0,,
48606,Near Miss,,,12/27/2017 16:10,2017,Dec,Wed,16:10,12:00,12/27/2017 17:25,Carriageway B,221/0,Live lane breakdown within the ALR section of the M1,,,Yes,No,,,,,,,,No,,No,,Hit by a moving vehicle or plant,0,0,0,0,,
46651,Near Miss,,,11/24/2017 11:00,2017,Nov,Fri,11:00,6:00,11/24/2017 12:01,Carriageway B,Marker Post 262/9B,"Attending an RTC, RTC had been cleared and me and my colleague were bringing in ETM",,,No,No,,,,,,,,No,,No,,"Asset, vehicle or plant failure, damage, or unsafe condition",0,0,0,0,,
44216,Infrastructure asset,Service Strike,,10/2/2017 22:20,2017,Oct,Mon,22:20,18:00,10/2/2017 22:20,Within works area / safety zone (adjacent to a Live carriageway),"Chobham Lane, Non highway side of boundary fence ",Excavation was being carried out at Chobham Lane (MP38/4 B-track) for safety barrier posts to be installed.,,,No,No,,,,,,,,No,,No,,Service strike electricity,0,0,0,0,,
45928,Personal illness or injury ,1 to 3 Day Injury,Contractor,10/26/2017 2:30,2017,Oct,Thu,2:30,0:00,10/27/2017 13:00,,Chobham lane,Breaking out an existing footpath edging kerbs using an air breaker.,Back/Spine,Strain / sprain,No,No,,,,,,,,No,,No,,Injured while handling lifting or carrying,0,0,0,3,,
46967,Near Miss,,,12/2/2017 22:29,2017,Dec,Sat,22:29,18:00,12/4/2017 1:01,Carriageway A,M3 Junc 3,BDV live lane,,,No,No,,,,,,,,No,,No,,Procedural - On Road,0,0,0,0,,
50064,Near Miss,Minor or low potential impact,,1/13/2018 3:00,2018,Jan,Sat,3:00,0:00,1/16/2018 10:50,Within works area / safety zone (adjacent to a Live carriageway),MP84/2 B- Carriageway of M25,Removal of traffic management closure,,,Yes,No,Car struck while parked,,,Clear,,,100%,Yes,Police,No,Car,Collision with fixed or stationary object or material,0,0,0,0,,
46129,Personal illness or injury ,1 to 3 Day Injury,Contractor,10/31/2017 3:30,2017,Oct,Tue,3:30,0:00,10/31/2017 3:40,Within works area / safety zone (adjacent to a Live carriageway),M4 WB MP 62/7 - Between J11 /10,"The IP was working on a trial hole operation, breaking ground with an insulated shovel in order to prepare spoil for the vacuum excavator to collect",,Bruising,No,No,,,,,,,,No,,No,,Injured while handling lifting or carrying,0,0,2,2,11/3/2017,
46542,Personal illness or injury ,No Lost Time Injury,Employee,11/20/2017 14:30,2017,Nov,Mon,14:30,12:00,11/21/2017 10:10,"Off Network e.g. Local Authority Road, Footpath, Marine",Thames Bray East,Installation of temporary works trench boxes,Neck/Shoulder,Bruising,No,No,,,,,,,,No,,No,,Injured while handling lifting or carrying,0,0,0,0,11/20/2017,
52135,Near Miss,Minor or low potential impact,,3/22/2018 1:45,2018,Mar,Thu,1:45,0:00,3/28/2018 13:51,Within works area / safety zone (adjacent to a Live carriageway),J11 Offslip westbound,N/A - Incursion,,,Yes,No,,,,,,,,No,,No,Van,Incursion unintentional - confused or follow in,0,0,0,0,,
52137,Near Miss,Minor or low potential impact,,3/22/2018 3:25,2018,Mar,Thu,3:25,0:00,3/28/2018 14:02,Within works area / safety zone (adjacent to a Live carriageway),M4 J11 offslip westbound,N/A - Incursion,,,Yes,No,,,,,,,,No,,No,Car,Incursion unintentional - confused or follow in,0,0,0,0,,
52428,Near Miss,Minor or low potential impact,,4/6/2018 11:04,2018,Apr,Fri,11:04,6:00,4/13/2018 8:04,Within works area / safety zone (adjacent to a Live carriageway),Between 58/7 and 68/5 WB closure,N/A,,,No,No,,,,,,,,No,,No,,Incursion unintentional - confused or follow in,0,0,0,0,,
52677,Personal illness or injury ,No Lost Time Injury,Contractor,4/21/2018 23:00,2018,Apr,Sat,23:00,18:00,4/25/2018 13:43,Works area / safety zone access or exit point,,Compound operations,Finger/Thumb,Cut / laceration,No,No,,,,,,,,No,,No,,Injured while handling lifting or carrying,0,0,0,0,4/22/2018,
50933,Infrastructure asset,"Property, vehicle, plant damage",,2/10/2018 0:30,2018,Feb,Sat,0:30,0:00,2/12/2018 11:19,Carriageway B,M23 B Track (North Bound) Marker Post 37/0,TM crew where reinstating the taper after a taper strike,,,Yes,Yes,Car struck while parked,Reversing,Contractor,Dark,Dry,Level,,No,,Yes,Van,Hit by a moving vehicle or plant,0,0,0,0,,
52015,Near Miss,Minor or low potential impact,,3/22/2018 23:05,2018,Mar,Thu,23:05,18:00,3/23/2018 12:16,Traffic management enclosure,,Road survey works,,,No,No,,,,,,,,No,,No,,Incursion to seek information or benefit,0,0,0,0,,
52410,Near Miss,Minor or low potential impact,,4/11/2018 22:35,2018,Apr,Wed,22:35,18:00,4/12/2018 12:36,Traffic management enclosure,,Work crew were accessing working area,,,No,No,,,,,,,,No,,No,,Incursion to seek information or benefit,0,0,0,0,,
52595,Near Miss,Minor or low potential impact,,4/19/2018 23:18,2018,Apr,Thu,23:18,18:00,4/20/2018 16:46,Within works area / safety zone (adjacent to a Live carriageway),,Survey works,,,No,No,,,,,,,,No,,No,,Live Carriageway Crossing,0,0,0,0,,
52675,Near Miss,Minor or low potential impact,,4/24/2018 23:12,2018,Apr,Tue,23:12,18:00,4/25/2018 12:59,Within works area / safety zone (adjacent to a Live carriageway),,Survey operations,,,No,No,,,,,,,,No,,No,,Incursion unintentional - confused or follow in,0,0,0,0,,
52680,Near Miss,Minor or low potential impact,,4/25/2018 2:15,2018,Apr,Wed,2:15,0:00,4/25/2018 14:29,Within works area / safety zone (adjacent to a Live carriageway),,Survey works,,,No,No,,,,,,,,No,,No,,Incursion to seek information or benefit,0,0,0,0,,
52682,Near Miss,Minor or low potential impact,,4/25/2018 3:00,2018,Apr,Wed,3:00,0:00,4/25/2018 14:37,,,Survey works,,,No,No,,,,,,,,No,,No,,Live Carriageway Working,0,0,0,0,,
52683,Near Miss,Minor or low potential impact,,4/25/2018 3:15,2018,Apr,Wed,3:15,0:00,4/25/2018 14:44,,,Survey works,,,No,No,,,,,,,,No,,No,,Incursion unintentional - confused or follow in,0,0,0,0,,
52843,Near Miss,Minor or low potential impact,,5/4/2018 0:53,2018,May,Fri,0:53,0:00,5/4/2018 12:41,Within works area / safety zone (adjacent to a Live carriageway),,Survey works,,,No,No,,,,,,,,No,,No,,Incursion to seek information or benefit,0,0,0,0,,
52971,Near Miss,Minor or low potential impact,,5/1/2018 23:15,2018,May,Tue,23:15,18:00,5/11/2018 13:07,,,Survey works,,,No,No,,,,,,,,No,,No,,Incursion to seek information or benefit,0,0,0,0,,
52972,Near Miss,Minor or low potential impact,,5/2/2018 1:20,2018,May,Wed,1:20,0:00,5/11/2018 13:08,,,Survey works,,,No,No,,,,,,,,No,,No,,Incursion to seek information or benefit,0,0,0,0,,
52973,Near Miss,Minor or low potential impact,,5/11/2018 0:30,2018,May,Fri,0:30,0:00,5/11/2018 13:10,,,Survey works,,,No,No,,,,,,,,No,,No,,"Asset, vehicle or plant failure, damage, or unsafe condition",0,0,0,0,,
52093,Near Miss,Minor or low potential impact,,3/22/2018 1:30,2018,Mar,Thu,1:30,0:00,3/26/2018 15:24,Carriageway A,,Survey works for CCTV,,,No,No,,,,,,,,No,,No,,Incursion to seek information or benefit,0,0,0,0,,
52798,Personal illness or injury ,No Lost Time Injury,Employee,4/30/2018 14:00,2018,Apr,Mon,14:00,12:00,5/2/2018 15:20,Carriageway B,,Surveying Cross Carriageway Ducts via manholes,Back/Spine,Musculoskeletal,No,No,,,,,,,,No,,No,,Injured while handling lifting or carrying,0,0,0,0,4/30/2018,
50622,Near Miss,Minor or low potential impact,,1/27/2018 12:58,2018,Jan,Sat,12:58,12:00,2/1/2018 10:08,Office area,Office Area - Epsom,Review of documents o the A2B2E RIP Programme,,,No,No,,,,,,,,No,,No,,Unplanned Event disrupting business continuity,0,0,0,0,,
52968,Near Miss,Minor or low potential impact,,5/9/2018 18:03,2018,May,Wed,18:03,18:00,5/11/2018 12:14,Office area,,This was a risk assessment for a survey to be carried out on A2B2E Site,,,No,No,,,,,,,,No,,No,,Unplanned Event disrupting business continuity,0,0,0,0,,
46974,Near Miss,Minor or low potential impact,,11/24/2017 15:40,2017,Nov,Fri,15:40,12:00,12/4/2017 11:59,,"LTC Ground Investigation North Bank Work area, Goshems Farm, Essex",Ground Investigation works,,,Yes,Yes,Struck parked car or tree,Reversing,Contractor,Clear,Slippery,Level,100%,No,,No,Van,Collision with fixed or stationary object or material,0,0,0,0,,
46979,Near Miss,Minor or low potential impact,,10/30/2017 9:30,2017,Oct,Mon,9:30,6:00,12/4/2017 12:26,"Off Network e.g. Local Authority Road, Footpath, Marine","Lower Higham Road, Higham, Kent",Tractor being driven on public road,,,Yes,Yes,,Straight,,Clear,Dry,Curve,100%,No,,No,,"Asset, vehicle or plant failure, damage, or unsafe condition",0,0,0,0,,
46980,Near Miss,Minor or low potential impact,,11/16/2017 9:30,2017,Nov,Thu,9:30,6:00,12/4/2017 12:35,,"Lower Thames Crossing Ground Investigation North Bank work area, Goshems Farm, near Tilbury, Essex",Rotary coring borehole,,,No,No,,,,,,,,No,,No,,Injured while handling lifting or carrying,0,0,0,0,,
50377,Personal illness or injury ,No Lost Time Injury,Contractor,1/23/2018 15:30,2018,Jan,Tue,15:30,12:00,1/25/2018 9:50,,Site Compound,Getting into vehicle following completion of task (rectifying flat tyre on telehandler),Finger/Thumb,"Bruising, Cut / laceration",Yes,Yes,Single-car accident,Parked,Employee,Clear,Slippery,Level,100%,No,,Yes,Van,Injured while handling lifting or carrying,0,0,0,0,,
44098,Personal illness or injury ,No Lost Time Injury,Contractor,10/11/2017 9:30,2017,Oct,Wed,9:30,6:00,10/11/2017 9:40,Carriageway B,Cab site ,Survey of cabinet sites ,Chest/Stomach,Bruising,No,No,,,,,,,,No,,No,,"Fell, slipped, or tripped on same level",0,0,0,0,10/11/2017,
45914,Near Miss,Minor or low potential impact,,11/1/2017 22:30,2017,Nov,Wed,22:30,18:00,11/3/2017 7:15,Carriageway A,M60 A between J9 and Junction 10.,A site engineer escorting 3 concrete wagons through a closure from J8 to J10 of the M60.,,,No,No,,,,,,,,No,,No,,Live Carriageway Crossing,0,0,0,0,,
45968,Personal illness or injury ,No Lost Time Injury,Employee,11/4/2017 7:30,2017,Nov,Sat,7:30,6:00,11/4/2017 11:30,Outside works area - adjacent environment,MSM Technology Stores ,Loading stores ,Finger/Thumb,Bruising,No,No,,,,,,,,No,,No,,Intentional illegal access to site,0,0,0,0,,
46076,Infrastructure asset,"Property, vehicle, plant damage",,11/8/2017 2:00,2017,Nov,Wed,2:00,0:00,11/8/2017 2:05,Carriageway A,21/9 M60 A track,Removal of temporary barrier ,,,Yes,Yes,Hit structure/building or asset,Straight,,Dark,Dry,Straight,Non,No,,Yes,Truck,Collision with fixed or stationary object or material,0,0,0,0,,
46890,Near Miss,Minor or low potential impact,,11/30/2017 11:25,2017,Nov,Thu,11:25,6:00,12/1/2017 6:17,Carriageway B,Lane 4,Live lane breakdown ,,,No,No,,,,,,,,No,,No,,"Fell, slipped, or tripped on same level",0,0,0,0,,
46894,Near Miss,Minor or low potential impact,,11/30/2017 0:18,2017,Nov,Thu,0:18,0:00,12/1/2017 6:51,Carriageway Slip Rd J,A580 Link to M60 A,Slip road closure,,,No,No,,,,,,,,No,,No,,Incursion to seek information or benefit,0,0,0,0,,
50990,Personal illness or injury ,Riddor - Specified Injury,Employee,2/14/2018 9:30,2018,Feb,Wed,9:30,6:00,2/14/2018 14:57,Within works area / safety zone (adjacent to a Live carriageway),"MSM, M62 Section 3 CR ",Walk through to establish location's of trial holes ,Upper arm including elbow,Fracture,No,No,,,,,,,,No,,No,,"Fell, slipped, or tripped on same level",0,0,14,16,3/5/2018,
51306,Infrastructure asset,Service Strike,,2/26/2018 15:00,2018,Feb,Mon,15:00,12:00,2/27/2018 9:31,Carriageway B,Junction 18 M60 ,Driving in VRS Posts ,,,No,No,,,,,,,,No,,No,,Service strike electricity,0,0,0,0,,