Event ID,Event Type ,Event Subtype,Type of Person,Date/Time of Event,Year,Month,Day of the Week,Time,Time interval (6 hours),Date/Time Reported,Location,Specific Location (include RCC Log no if relevant),Details of actual job being done at the time,Part of Body Affected,Injury Type,Was there a vehicle involved in this event?,Work related,Accident Type,Vehicle Motion,Who was Hit,Weather/Visibility,Surface Condition,Roadbed Grade,Lighting Conditions,Was A Police Report Filed?,Name of Law Enforcement Agency,Preventable,Type,Kind of Event,Expected Lost Workdays (Total),Actual Lost Workdays (Total),Expected Restricted Workdays (Total),Actual Restricted Workdays (Total),Return To Work Date,Sign Off 1
52115,Near Miss,High Potential non-Riddor chance avoidance,,3/26/2018 23:00,2018,Mar,Mon,23:00,18:00,3/27/2018 15:01,Carriageway B,Junction 14 M60,Driving in to closure ,,,No,No,,,,,,,,No,,No,,Procedural - On Road,0,0,0,0,,
52975,Infrastructure asset,Service Strike,,5/10/2018 13:00,2018,May,Thu,13:00,12:00,5/11/2018 14:05,Carriageway Slip Rd J,M60 Junction 18 A track on slip behind varioguard in verge behind vario guard ,The activity being carried out at the time of the incident was driving posts in for VRS however the damage was not noted till 2 months later ,,,No,No,,,,,,,,No,,No,,Service strike electricity,0,0,0,0,,
44178,Near Miss,Minor or low potential impact,,10/12/2017 12:18,2017,Oct,Thu,12:18,12:00,10/12/2017 18:16,Traffic management enclosure,A14,Routine Maintenance,,,Yes,No,,,,,,,,No,,No,,Incursion to seek information or benefit,0,0,0,0,,
44219,Near Miss,Minor or low potential impact,,10/7/2017 19:00,2017,Oct,Sat,19:00,18:00,10/10/2017 9:00,Carriageway A,Incident reported to be on main carriageway near Cambridge Services. Assumed to be eastbound carriageway.,Incident involved member of the public travelling on A14 on motorcycle.,,,Yes,No,,Straight,,Dark,,,,No,N/a,No,Motor Bike,"Asset, vehicle or plant failure, damage, or unsafe condition",0,0,0,0,,
44403,Near Miss,High Potential Riddor chance avoidance,,10/17/2017 15:00,2017,Oct,Tue,15:00,12:00,10/17/2017 15:30,Works area / safety zone access or exit point,"A1 SB, EXIT LAYBY CH 13800",A14 Improvement Scheme - SB Layby closed for earthworks (widening scheme),,,Yes,No,,Turning,,Clear,Dry,Level,100%,No,,No,Car,Incursion to seek information or benefit,0,0,0,0,,
45788,Near Miss,,,10/18/2017 16:20,2017,Oct,Wed,16:20,12:00,10/30/2017 15:55,Traffic management enclosure,"A14 west bound, before the Cambridge Cem access",Delivering Excavator for work to begin,,,No,No,,,,,,,,No,,No,,Live Carriageway Crossing,0,0,0,0,,
46052,Infrastructure asset,Service Strike,,11/1/2017 15:00,2017,Nov,Wed,15:00,12:00,11/1/2017 15:30,Within works area / safety zone (adjacent to a Live carriageway),Northbound A1 near Woolley Road Ch 14805,Directional Driilling - Pulling 4 No. plastic ducts through the ,,,No,No,,,,,,,,No,,No,,Service strike water,0,0,0,0,,
46151,Near Miss,High Potential Riddor intervention by person,,11/8/2017 23:25,2017,Nov,Wed,23:25,18:00,11/9/2017 15:47,,Section 5 - Junction 33 Exit Slip A14 East Bound,Carrying out trial holes within Section 5,,,Yes,No,,Straight,,Dark,Dry,Level,100%,No,,No,Car,Incursion to seek information or benefit,0,0,0,0,,
46232,Near Miss,Minor or low potential impact,,11/12/2017 5:52,2017,Nov,Sun,5:52,0:00,11/12/2017 8:42,Carriageway A,A1 SB push taper and Alconbury SB entry slip at m/p location 5/6 + 50,Traffic Management,,,Yes,No,,,,,,,,No,,No,Truck,Collision with fixed or stationary object or material,0,0,0,0,,
46307,Near Miss,Minor or low potential impact,,11/6/2017 9:10,2017,Nov,Mon,9:10,6:00,11/7/2017 17:00,Works area / safety zone access or exit point,,Excavating to install gas pipe sleeves,,,No,No,,,,,,,,No,,No,,"Asset, vehicle or plant failure, damage, or unsafe condition",0,0,0,0,,
46436,Infrastructure asset,"Property, vehicle, plant damage",,11/18/2017 2:00,2017,Nov,Sat,2:00,0:00,11/20/2017 12:48,Outside works area - adjacent environment,Buckden roundabout,None - Not work related,,,Yes,No,,,,,,,,No,,No,,Collision with fixed or stationary object or material,0,0,0,0,,
46535,Infrastructure asset,,,11/16/2017 12:30,2017,Nov,Thu,12:30,12:00,11/16/2017 12:31,,BN 03 slip road tie in,Installation of drainage,,,No,No,,,,,,,,No,,No,,Service strike water,0,0,0,0,,
46725,Personal illness or injury ,1 to 3 Day Injury,Contractor,11/22/2017 20:50,2017,Nov,Wed,20:50,18:00,11/22/2017 20:54,Within works area / safety zone (adjacent to a Live carriageway),Bailey Bridge crossing the A14,Slinger Signaller ,Ankle/Foot,Crush,No,No,,,,,,,,No,,No,,"Fell, slipped, or tripped on same level",0,0,0,0,,
46881,Near Miss,Minor or low potential impact,,11/27/2017 18:11,2017,Nov,Mon,18:11,18:00,11/30/2017 17:29,Carriageway A,A14 Eastbound Between Junction 27-28,MOP Hit the vario guard,,,No,No,,,,,,,,No,,No,,Incursion unintentional - confused or follow in,0,0,0,0,,
47012,Near Miss,Minor or low potential impact,,12/2/2017 19:26,2017,Dec,Sat,19:26,18:00,12/5/2017 15:06,Within works area / safety zone (adjacent to a Live carriageway),,No works were being carried out at the time of the incursion.,,,Yes,No,,,,,,,,Yes,,No,Car,Incursion to seek information or benefit,0,0,0,0,,
47027,Personal illness or injury ,Riddor - Specified Injury,Contractor,11/30/2017 23:30,2017,Nov,Thu,23:30,18:00,12/6/2017 8:40,Traffic management enclosure,Grass verge / embankment - Chainage 16830 (A1 Carriageway North Bound) (Full road closure),Vegitation clearence with remote controlled Robocut mulcher - grass verge / embankment,Leg,Fracture,No,No,,,,,,,,No,,No,,Hit by a moving or falling object,0,0,42,0,1/8/2018,
48325,Near Miss,High Potential Riddor intervention by person,,12/13/2017 10:38,2017,Dec,Wed,10:38,6:00,12/15/2017 10:43,Traffic management enclosure, A1 Northbound Market post 2/0 at the facing wall of the northbound crossover leading to the contraflow ,See narrative,,,No,No,,,,,,,,No,,No,,Incursion to seek information or benefit,0,0,0,0,,
48337,Near Miss,High Potential Riddor intervention by person,,12/14/2017 0:18,2017,Dec,Thu,0:18,0:00,12/15/2017 11:35,Carriageway A,A14 Eastbound between junctions 31 & 33,Closure,,,No,No,,,,,,,,No,,No,,Incursion to seek information or benefit,0,0,0,0,,
48386,Near Miss,,,12/14/2017 13:30,2017,Dec,Thu,13:30,12:00,12/18/2017 9:31,"Off Network e.g. Local Authority Road, Footpath, Marine","B1040 St Ives road, travelling towards Bedford",Driving home from site,,,Yes,Yes,Single-car accident,Straight,,Clear,Dry,Straight,100%,No,,No,Car,Hit by a moving or falling object,0,0,0,0,,
48436,Personal illness or injury ,,Employee,12/18/2017 16:05,2017,Dec,Mon,16:05,12:00,12/19/2017 11:48,Carriageway A,BLACK CAT ROUNDABOUT - SOUTHBOUND A1 TO WESTBOUND A421,Driving home from work,Neck/Shoulder,Strain / sprain,Yes,No,Struck another car,Straight,Member Of Public,Dark,Dry,Curve,100%,Yes,,No,Car,Hit by a moving vehicle or plant,0,0,0,0,,
48475,Personal illness or injury ,4 to 7 Day Injury,Contractor,12/13/2017 14:45,2017,Dec,Wed,14:45,12:00,12/19/2017 18:38,Works area / safety zone access or exit point,Section 1 - TEA5 Archaeological Work area ,Working as a labourer - loading / unloading soil - pushing a wheelbarrow,Ankle/Foot,"Bruising, Strain / sprain",No,No,,,,,,,,No,,No,,Hit by a moving or falling object,7,0,7,7,12/21/2017,
48814,Near Miss,High Potential Riddor chance avoidance,,1/4/2018 17:15,2018,Jan,Thu,17:15,12:00,1/5/2018 14:53,,A14 West Bound Junction 31,"Due to a TRC between 3 MOP vehicles, on the slip road, Diversion needed for the Police to investigate the incident, during this diversion 3 MOP entered the closure instead of following the diversion.",,,No,No,,,,,,,,No,,No,,Incursion unintentional as result of accident,0,0,0,0,,
48868,Near Miss,Minor or low potential impact,,1/6/2018 6:23,2018,Jan,Sat,6:23,6:00,1/8/2018 11:31,Outside works area / safety zone (adjacent to a Live carriageway),A14 westbound J29 entry slip M/P 91/3,MOP vehicle Reg LX16 VLV crashed into temporary barriers ,,,No,No,,,,,,,,No,,No,,Incursion unintentional as result of accident,0,0,0,0,,
48912,Near Miss,High Potential non-Riddor intervention by person,,1/8/2018 23:59,2018,Jan,Mon,23:59,18:00,1/9/2018 13:57,Carriageway A,Vehicle heading North on the A1 South Bound Carriageway 97/5,No work activity during this time.,,,No,No,,,,,,,,No,,No,,Incursion unintentional - confused or follow in,0,0,0,0,,
49012,Near Miss,Minor or low potential impact,,1/12/2018 10:56,2018,Jan,Fri,10:56,6:00,1/12/2018 12:54,Carriageway A,A1 NB m/p 5/3 Prior to Alconbury NB exit slip,No work activity - Hard shoulder / hatched area controlled by barrier guard. Nobody within the area.,,,Yes,No,,,,,,,,No,,No,Car,Incursion to seek information or benefit,0,0,0,0,,
50012,Near Miss,Minor or low potential impact,,1/9/2018 14:33,2018,Jan,Tue,14:33,12:00,1/13/2018 14:52,Within works area / safety zone (adjacent to a Live carriageway),BN21 Section 4B,Ground Investigation for Pile Mat,,,No,No,,,,,,,,No,,No,,Service strike other cables or pipelines,0,0,0,0,,
50636,Personal illness or injury ,No Lost Time Injury,Contractor,1/15/2018 12:20,2018,Jan,Mon,12:20,12:00,2/1/2018 12:58,Works area / safety zone access or exit point,Land opposite Hill Farm Cottages,Setting up water Pump,Back/Spine,Strain / sprain,No,No,,,,,,,,No,,No,,Hit by a moving or falling object,0,0,0,0,1/15/2018,
50638,Infrastructure asset,Service Strike,,1/19/2018 13:00,2018,Jan,Fri,13:00,12:00,2/1/2018 13:16,Works area / safety zone access or exit point,Section 4A Friesland Farm,BT  Contractor installing new BT Duct as part of the utilities diversion work ,,,No,No,,,,,,,,No,,No,,Service strike water,0,0,0,0,,
50678,Personal illness or injury ,No Lost Time Injury,Employee,1/23/2018 14:00,2018,Jan,Tue,14:00,12:00,2/2/2018 13:00,Office area,"Churchill Training room, A14 Office Swavsey",Pre planned demonstration,Hand,,No,No,,,,,,,,No,,No,,Injured while handling lifting or carrying,0,0,0,0,1/23/2018,
50679,Near Miss,Minor or low potential impact,,1/24/2018 16:30,2018,Jan,Wed,16:30,12:00,2/2/2018 13:16,Works area / safety zone access or exit point,"Buckingham way Business Park, Swavsey ",Cadent Gas contractor undertaking directional drilling.,,,No,No,,,,,,,,No,,No,,Service strike other cables or pipelines,0,0,0,0,,
50680,Personal illness or injury ,No Lost Time Injury,Contractor,1/25/2018 11:45,2018,Jan,Thu,11:45,6:00,2/2/2018 13:29,Works area / safety zone access or exit point,Fence post on the a14 project between marker post 86-3 and 86-5,Installing post with a post knocker,Head,Abrasion,No,No,,,,,,,,No,,No,,Injured while handling lifting or carrying,0,0,0,0,1/25/2018,
50750,Infrastructure asset,"Property, vehicle, plant damage",,2/3/2018 20:30,2018,Feb,Sat,20:30,18:00,2/6/2018 11:48,Traffic management enclosure,M11 Southbound MP90/9,Traffic Management,,,No,No,,,,,,,,No,,No,,Hit by a moving vehicle or plant,0,0,0,0,,
50755,Near Miss,Minor or low potential impact,,1/31/2018 13:00,2018,Jan,Wed,13:00,12:00,2/6/2018 12:02,Within works area / safety zone (adjacent to a Live carriageway),Work area between Lolworth and Cambridge services,BT contractor installing cable into their ducts found the ducts to be blocked,,,No,No,,,,,,,,No,,No,,Service strike other cables or pipelines,0,0,0,0,,
50756,Near Miss,Minor or low potential impact,,1/31/2018 13:00,2018,Jan,Wed,13:00,12:00,2/6/2018 12:16,Outside works area / safety zone (adjacent to a Live carriageway),Utility area between lolworth and Cambridge services,BT installing cable into their own laid ducts,,,No,No,,,,,,,,No,,No,,Service strike other cables or pipelines,0,0,0,0,,
50814,Near Miss,Minor or low potential impact,,1/31/2018 14:00,2018,Jan,Wed,14:00,12:00,2/8/2018 12:59,Within works area / safety zone (adjacent to a Live carriageway),BT cable run BT05,Installing cables into ducts,,,No,No,,,,,,,,No,,No,,Service strike other cables or pipelines,0,0,0,0,,
51130,Near Miss,High Potential non-Riddor intervention by person,,2/15/2018 14:45,2018,Feb,Thu,14:45,12:00,2/20/2018 14:51,Works area / safety zone access or exit point,Section 4 Culvert 123,Installing new culvert,,,No,No,,,,,,,,No,,No,,"Structure, trench, or scaffold collapse",0,0,0,0,,
51351,Personal illness or injury ,1 to 3 Day Injury,Contractor,2/12/2018 14:10,2018,Feb,Mon,14:10,12:00,2/28/2018 14:38,Works area / safety zone access or exit point,Targeted Excavation Area 16 (BN05 Area) ,Archaeological Excavations ,Leg,Other,No,No,,,,,,,,No,,No,,"Fell, slipped, or tripped on same level",0,0,1,1,2/14/2018,
51582,Personal illness or injury ,No Lost Time Injury,Contractor,2/12/2018 7:00,2018,Feb,Mon,7:00,6:00,3/8/2018 9:27,Car Park,Swavsey Office walkway from the office to the south carpark ,Security gurard checking the office,Neck/Shoulder,,No,No,,,,,,,,No,,No,,"Fell, slipped, or tripped on same level",0,0,0,0,2/12/2018,
51608,Personal illness or injury ,No Lost Time Injury,Contractor,2/12/2018 10:50,2018,Feb,Mon,10:50,6:00,3/8/2018 16:17,Office area,Swavseey canteen /welfare building,Opening the door to exit the building,Hand,Bruising,No,No,,,,,,,,No,,No,,Hit by a moving or falling object,0,0,0,0,2/12/2018,
51638,Infrastructure asset,Service Strike,,3/7/2018 1:00,2018,Mar,Wed,1:00,0:00,3/9/2018 16:36,Within works area / safety zone (adjacent to a Live carriageway),Section 5: East Bound A14 _ CH53+800-55+100,Vegetation clearance on grass verge,,,No,No,,,,,,,,No,,No,,Service strike other cables or pipelines,0,0,0,0,,
51765,Personal illness or injury ,No Lost Time Injury,Contractor,3/12/2018 13:50,2018,Mar,Mon,13:50,12:00,3/15/2018 11:47,Outside works area / safety zone (adjacent to a Live carriageway),A14 between west bound within the narrow lanes between Giirton and Barhill,Driving back to the office compound,"Chest/Stomach, Head",Bruising,Yes,Yes,Struck another car,Straight,Member Of Public,Clear,Dry,Straight,100%,No,,No,Truck,Hit by a moving vehicle or plant,0,0,0,0,,
51819,Near Miss,Minor or low potential impact,,3/14/2018 21:25,2018,Mar,Wed,21:25,18:00,3/16/2018 14:52,Traffic management enclosure,A14 East Bound at Milton interchange slip roadJ32,Temp road closure for overnight works,,,No,No,,,,,,,,No,,No,,Incursion to seek information or benefit,0,0,0,0,,
51822,Personal illness or injury ,No Lost Time Injury,Contractor,2/21/2018 16:15,2018,Feb,Wed,16:15,12:00,3/16/2018 15:04,Within works area / safety zone (adjacent to a Live carriageway),Barhill New temp access road,Installing setting out pins into the ground,Finger/Thumb,Cut / laceration,No,No,,,,,,,,No,,No,,"Fell, slipped, or tripped on same level",0,0,0,0,,
51823,Near Miss,Minor or low potential impact,,2/22/2018 10:00,2018,Feb,Thu,10:00,6:00,3/16/2018 15:15,Within works area / safety zone (adjacent to a Live carriageway),Boxworth Road Swavsey services junction,Digging trial holes,,,No,No,,,,,,,,No,,No,,Service strike other cables or pipelines,0,0,0,0,,
51824,Personal illness or injury ,No Lost Time Injury,Contractor,2/26/2018 15:10,2018,Feb,Mon,15:10,12:00,3/16/2018 15:24,Toilets,Swavsey Ladies toilets,Cleaning toilets,Leg,Bruising,No,No,,,,,,,,No,,No,,"Fell, slipped, or tripped on same level",0,0,0,0,,
52089,Near Miss,High Potential non-Riddor intervention by person,,3/25/2018 11:30,2018,Mar,Sun,11:30,6:00,3/26/2018 13:01,Within works area / safety zone (adjacent to a Live carriageway),A14 Section 1 Alconbury Compound - PE28 4HA,No significant work being undertaken - Member of public drove through security access route onto works.,,,Yes,No,,Straight,,Clear,Dry,Level,100%,No,,No,Car,Incursion unintentional - confused or follow in,0,0,0,0,,
52248,Near Miss,Minor or low potential impact,,4/4/2018 7:58,2018,Apr,Wed,7:58,6:00,4/4/2018 12:39,Carriageway A,A1 S/B Between Alconbury and Brampton hut,None,,,Yes,No,Debris or other non-accident damage,Straight,,Clear,Dry,,100%,No,,No,Car,Incursion unintentional as result of accident,0,0,0,0,,
52385,Personal illness or injury ,1 to 3 Day Injury,Contractor,4/9/2018 8:45,2018,Apr,Mon,8:45,6:00,4/12/2018 10:35,Car Park,4x4 car park section 3 Ermine Street,Exiting the road sweeper vehicle from the passenger side,Head,"Concussion, Cut / laceration",No,No,,,,,,,,No,,No,,Fell from a height,0,0,0,0,,
52631,Near Miss,Minor or low potential impact,,4/21/2018 21:15,2018,Apr,Sat,21:15,18:00,4/23/2018 12:40,Traffic management enclosure,A14 East Bound between J32-J34,Traffic Management closure - Site Clearance,,,Yes,No,,Straight,,Dark,Dry,,Darkness (lit),No,,No,Van,Incursion to seek information or benefit,0,0,0,0,,
52844,Near Miss,Minor or low potential impact,,4/10/2018 11:00,2018,Apr,Tue,11:00,6:00,5/4/2018 12:55,Outside works area / safety zone (adjacent to a Live carriageway),"Robins Lane, Barhill, Cambridge",Auger bore under Robins Lane,,,No,No,,,,,,,,No,,No,,Service strike water,0,0,0,0,,
52845,Near Miss,Minor or low potential impact,,4/19/2018 12:00,2018,Apr,Thu,12:00,12:00,5/4/2018 13:28,Outside works area / safety zone (adjacent to a Live carriageway),Land outside the Future building adjacent to the path of the new road,Ground works and drainage ditch excavation,,,No,No,,,,,,,,No,,No,,Service strike electricity,0,0,0,0,,
50434,Personal illness or injury ,No Lost Time Injury,Employee,1/24/2018 15:45,2018,Jan,Wed,15:45,12:00,1/26/2018 16:14,Carriageway not normally trafficked (e.g. chevron area),Maintenance Footpath A1 N/B J65 between 954/1A and 954/2A.  ,Walkover survey of electrical cabinet sites ,"Leg, Neck/Shoulder","Bruising, Other",No,No,,,,,,,,No,,No,,"Fell, slipped, or tripped on same level",0,0,0,0,,
44193,Near Miss,Minor or low potential impact,,10/5/2017 12:45,2017,Oct,Thu,12:45,12:00,10/6/2017 7:46,Carriageway A,"M6 North Bound Verge, Works exit AN27, MP284/7",A Sub-contractors grab wagon had been delivering materials along the North bound verge between Junctions 18 and 19.,,,Yes,No,Hit structure/building or asset,Turning,,Clear,Dry,Level,100%,No,,No,Truck,Incursion to seek information or benefit,0,0,0,0,,
44201,Near Miss,Minor or low potential impact,,10/4/2017 8:20,2017,Oct,Wed,8:20,6:00,10/5/2017 11:00,Within works area / safety zone (adjacent to a Live carriageway),M6 between M6 J18 and M6 J19 (LM942) This field is required ,Major Project,,,Yes,No,,,,,,,,No,,No,Car,Incursion due to breakdown,0,0,0,0,,
44203,Near Miss,Minor or low potential impact,,10/4/2017 4:15,2017,Oct,Wed,4:15,0:00,10/4/2017 14:15,Within works area / safety zone (adjacent to a Live carriageway),M6 between M6 J17 and M6 J16 (LM939),Major Project,,,Yes,No,,,,,,,,No,,No,Car,Incursion due to breakdown,0,0,0,0,,
44208,Near Miss,High Potential non-Riddor chance avoidance,,10/3/2017 9:20,2017,Oct,Tue,9:20,6:00,10/3/2017 16:15,Works area / safety zone access or exit point,M6 Southbound Chainage 5700 between Junctions 19 and 18 This field is required ,Banks man activities,,,Yes,Yes,Hit a pedestrian,Turning,Employee,Clear,,,,No,,Yes,Fork Lift Truck,Hit by a moving vehicle or plant,0,0,0,0,,
44209,Near Miss,Minor or low potential impact,,10/4/2017 14:30,2017,Oct,Wed,14:30,12:00,10/16/2017 14:30,,,N/A,,,No,No,,,,,,,,No,,No,,Incursion to seek information or benefit,0,0,0,0,,
44215,Near Miss,Minor or low potential impact,,10/5/2017 12:48,2017,Oct,Thu,12:48,12:00,10/16/2017 15:18,Within works area / safety zone (adjacent to a Live carriageway),MP - 274/0 S/B,N/A,,,No,No,,,,,,,,No,,No,,Incursion to seek information or benefit,0,0,0,0,,
44217,Near Miss,Minor or low potential impact,,10/5/2017 14:53,2017,Oct,Thu,14:53,12:00,10/16/2017 15:30,,,N/A,,,No,No,,,,,,,,No,,No,,Incursion due to breakdown,0,0,0,0,,
44218,Near Miss,Minor or low potential impact,,10/2/2017 14:06,2017,Oct,Mon,14:06,12:00,10/2/2017 16:02,Works area / safety zone access or exit point,M6 between M6 J18 and M6 J17 (LM941) ,Major Project,,,Yes,No,,,,,,,,No,,No,Car,Incursion due to breakdown,0,0,0,0,,
44220,Near Miss,Minor or low potential impact,,10/5/2017 14:53,2017,Oct,Thu,14:53,12:00,10/16/2017 15:30,,,N/A,,,No,No,,,,,,,,No,,No,,Incursion due to breakdown,0,0,0,0,,
44222,Near Miss,Minor or low potential impact,,10/5/2017 16:14,2017,Oct,Thu,16:14,12:00,10/16/2017 15:30,,MP - 285/5 S/B,N/A,,,No,No,,,,,,,,No,,No,,Incursion due to breakdown,0,0,0,0,,
44226,Near Miss,Minor or low potential impact,,10/5/2017 22:53,2017,Oct,Thu,22:53,18:00,10/16/2017 16:00,,MP - 262/2 N/B,N/A ,,,No,No,,,,,,,,No,,No,,Incursion unintentional - confused or follow in,0,0,0,0,,
44227,Near Miss,Minor or low potential impact,,10/2/2017 6:50,2017,Oct,Mon,6:50,6:00,10/2/2017 12:41,Works area / safety zone access or exit point,M6 between M6 J19 and M6 J18 (LM943) This field is required,Routine Work,,,Yes,No,,,,,,,,No,,No,Car,Incursion due to breakdown,0,0,0,0,,
44229,Near Miss,Minor or low potential impact,,10/6/2017 3:47,2017,Oct,Fri,3:47,0:00,10/16/2017 16:02,,MP - 265/8 N/B,N/A,,,No,No,,,,,,,,No,,No,,Incursion due to breakdown,0,0,0,0,,
44230,Near Miss,Minor or low potential impact,,10/1/2017 13:00,2017,Oct,Sun,13:00,12:00,10/2/2017 9:00,Within works area / safety zone (adjacent to a Live carriageway),,Major Project,,,Yes,No,,,,,,,,No,,No,Car,Incursion due to breakdown,0,0,0,0,,
44232,Near Miss,Minor or low potential impact,,10/1/2017 9:18,2017,Oct,Sun,9:18,6:00,10/1/2017 12:18,Traffic management enclosure,M6 between M6 J18 and M6 J19 (LM942) This field is required,Major Project,,,Yes,No,,,,,,,,No,,No,Car,Incursion due to breakdown,0,0,0,0,,
44244,Near Miss,Minor or low potential impact,,10/6/2017 9:44,2017,Oct,Fri,9:44,6:00,10/17/2017 9:14,,MP - 267/9 - S/B,N/A,,,No,No,,,,,,,,No,,No,,Incursion unintentional - confused or follow in,0,0,0,0,,
44247,Near Miss,Minor or low potential impact,,10/6/2017 10:37,2017,Oct,Fri,10:37,6:00,10/17/2017 9:20,,,N/A,,,No,No,,,,,,,,No,,No,,Incursion unintentional - confused or follow in,0,0,0,0,,
44250,Near Miss,Minor or low potential impact,,10/6/2017 13:54,2017,Oct,Fri,13:54,12:00,10/17/2017 9:40,,,N/A,,,No,No,,,,,,,,No,,No,,Incursion due to breakdown,0,0,0,0,,
44252,Near Miss,Minor or low potential impact,,10/6/2017 16:03,2017,Oct,Fri,16:03,12:00,10/17/2017 9:45,,,N/A,,,No,No,,,,,,,,No,,No,,Incursion due to breakdown,0,0,0,0,,
44254,Near Miss,Minor or low potential impact,,10/7/2017 0:57,2017,Oct,Sat,0:57,0:00,10/17/2017 10:02,,,N/A,,,No,No,,,,,,,,No,,No,,Incursion unintentional - confused or follow in,0,0,0,0,,
44261,Near Miss,Minor or low potential impact,,10/7/2017 8:22,2017,Oct,Sat,8:22,6:00,10/17/2017 10:20,,MP - 284/7 - N/B,N/B,,,No,No,,,,,,,,No,,No,,Incursion due to breakdown,0,0,0,0,,
44266,Near Miss,Minor or low potential impact,,10/7/2017 10:41,2017,Oct,Sat,10:41,6:00,10/17/2017 10:30,,MP - 264/0 - N/B,N/A,,,No,No,,,,,,,,No,,No,,Incursion to seek information or benefit,0,0,0,0,,
44269,Near Miss,Minor or low potential impact,,10/7/2017 17:30,2017,Oct,Sat,17:30,12:00,10/17/2017 10:40,,MP - 271/5 - N/B,N/A,,,No,No,,,,,,,,No,,No,,Incursion due to breakdown,0,0,0,0,,
44279,Near Miss,Minor or low potential impact,,10/8/2017 9:40,2017,Oct,Sun,9:40,6:00,10/17/2017 12:19,,MP - 266/5 - N/B,N/B,,,No,No,,,,,,,,No,,No,,Incursion due to breakdown,0,0,0,0,,
44281,Near Miss,Minor or low potential impact,,10/7/2017 11:18,2017,Oct,Sat,11:18,6:00,10/17/2017 12:18,,MP - 274/1 - S/B,N/B,,,No,No,,,,,,,,No,,No,,Incursion due to breakdown,0,0,0,0,,
44283,Near Miss,Minor or low potential impact,,10/8/2017 13:47,2017,Oct,Sun,13:47,12:00,10/17/2017 12:30,,MP - 271/4 - N/B,N/A,,,No,No,,,,,,,,No,,No,,Incursion due to breakdown,0,0,0,0,,
44284,Near Miss,Minor or low potential impact,,10/8/2017 21:05,2017,Oct,Sun,21:05,18:00,10/17/2017 12:39,,MP - 284/5 - N/B,N/A,,,No,No,,,,,,,,No,,No,,Incursion due to breakdown,0,0,0,0,,
44286,Near Miss,Minor or low potential impact,,10/10/2017 7:33,2017,Oct,Tue,7:33,6:00,10/17/2017 12:56,,MP - 269/1 - S/B,N/A,,,No,No,,,,,,,,No,,No,,Incursion to seek information or benefit,0,0,0,0,,
44292,Near Miss,Minor or low potential impact,,10/10/2017 7:44,2017,Oct,Tue,7:44,6:00,10/17/2017 13:25,,MP - 284/7 - N/B,N/A,,,No,No,,,,,,,,No,,No,,Incursion due to breakdown,0,0,0,0,,
44294,Near Miss,Minor or low potential impact,,10/10/2017 9:40,2017,Oct,Tue,9:40,6:00,10/17/2017 14:19,,MP - 283/7 - S/B,N/A,,,No,No,,,,,,,,No,,No,,Incursion due to breakdown,0,0,0,0,,
44296,Near Miss,Minor or low potential impact,,10/10/2017 10:22,2017,Oct,Tue,10:22,6:00,10/17/2017 14:27,,MP - 271/1 - S/B,N/A,,,No,No,,,,,,,,No,,No,,Incursion due to breakdown,0,0,0,0,,