Event ID,Event Type ,Event Subtype,Type of Person,Date/Time of Event,Year,Month,Day of the Week,Time,Time interval (6 hours),Date/Time Reported,Location,Specific Location (include RCC Log no if relevant),Details of actual job being done at the time,Part of Body Affected,Injury Type,Was there a vehicle involved in this event?,Work related,Accident Type,Vehicle Motion,Who was Hit,Weather/Visibility,Surface Condition,Roadbed Grade,Lighting Conditions,Was A Police Report Filed?,Name of Law Enforcement Agency,Preventable,Type,Kind of Event,Expected Lost Workdays (Total),Actual Lost Workdays (Total),Expected Restricted Workdays (Total),Actual Restricted Workdays (Total),Return To Work Date,Sign Off 1
44299,Near Miss,Minor or low potential impact,,10/10/2017 14:03,2017,Oct,Tue,14:03,12:00,10/17/2017 14:28,,MP - 282/5 - N/B,N/B,,,No,No,,,,,,,,No,,No,,Incursion due to breakdown,0,0,0,0,,
44300,Near Miss,Minor or low potential impact,,10/10/2017 14:24,2017,Oct,Tue,14:24,12:00,10/17/2017 15:00,,MP - 274/0 - S/B,N/A,,,No,No,,,,,,,,No,,No,,Incursion due to breakdown,0,0,0,0,,
44301,Near Miss,Minor or low potential impact,,10/10/2017 18:00,2017,Oct,Tue,18:00,18:00,10/17/2017 15:08,,MP - 270/5 - S/B,N/A,,,No,No,,,,,,,,No,,No,,Incursion due to breakdown,0,0,0,0,,
44302,Near Miss,Minor or low potential impact,,10/11/2017 7:52,2017,Oct,Wed,7:52,6:00,10/17/2017 15:17,,MP - 280/7 - N/B,N/A,,,No,No,,,,,,,,No,,No,,Incursion due to breakdown,0,0,0,0,,
44305,Near Miss,Minor or low potential impact,,10/11/2017 10:24,2017,Oct,Wed,10:24,6:00,10/17/2017 15:25,,MP - 289/5 - S/B,N/A,,,No,No,,,,,,,,No,,No,,Incursion unintentional - confused or follow in,0,0,0,0,,
44306,Near Miss,Minor or low potential impact,,10/11/2017 12:37,2017,Oct,Wed,12:37,12:00,10/17/2017 15:54,,MP - 283/7 - S/B,N/A,,,No,No,,,,,,,,No,,No,,Incursion due to breakdown,0,0,0,0,,
44307,Near Miss,Minor or low potential impact,,10/11/2017 12:48,2017,Oct,Wed,12:48,12:00,10/17/2017 16:04,,MP - 274/8 - S/B,N/A,,,No,No,,,,,,,,No,,No,,Incursion unintentional - confused or follow in,0,0,0,0,,
44326,Near Miss,Minor or low potential impact,,10/11/2017 19:00,2017,Oct,Wed,19:00,18:00,10/18/2017 11:06,,MP - 282/4 - N/B,N/A,,,No,No,,,,,,,,No,,No,,Incursion due to breakdown,0,0,0,0,,
44328,Near Miss,Minor or low potential impact,,10/12/2017 2:40,2017,Oct,Thu,2:40,0:00,10/18/2017 11:45,,MP - 261/4 - N/B,N/A,,,No,No,,,,,,,,No,,No,,Incursion due to breakdown,0,0,0,0,,
44329,Near Miss,Minor or low potential impact,,10/12/2017 6:00,2017,Oct,Thu,6:00,6:00,10/18/2017 11:58,Carriageway B,MP - 283/7,N/A,,,No,No,,,,,,,,No,,No,,Incursion due to breakdown,0,0,0,0,,
44330,Near Miss,Minor or low potential impact,,10/12/2017 6:20,2017,Oct,Thu,6:20,6:00,10/18/2017 12:28,Carriageway B,MP - 288/0,N/A,,,No,No,,,,,,,,No,,No,,Incursion due to breakdown,0,0,0,0,,
44332,Near Miss,Minor or low potential impact,,10/13/2017 11:11,2017,Oct,Fri,11:11,6:00,10/18/2017 12:43,Carriageway B,MP - 285/5,N/A,,,No,No,,,,,,,,No,,No,,Incursion due to breakdown,0,0,0,0,,
44334,Near Miss,Minor or low potential impact,,10/13/2017 13:26,2017,Oct,Fri,13:26,12:00,10/18/2017 12:50,Carriageway A,MP - 284/3,N/A,,,No,No,,,,,,,,No,,No,,Incursion unintentional - confused or follow in,0,0,0,0,,
44335,Near Miss,Minor or low potential impact,,10/13/2017 13:48,2017,Oct,Fri,13:48,12:00,10/18/2017 13:00,Carriageway A,MP - 262/9,N/A,,,No,No,,,,,,,,No,,No,,Incursion unintentional - confused or follow in,0,0,0,0,,
44337,Near Miss,Minor or low potential impact,,10/13/2017 17:50,2017,Oct,Fri,17:50,12:00,10/18/2017 13:16,Carriageway B,MP - 275/6,N/A,,,No,No,,,,,,,,No,,No,,Incursion due to breakdown,0,0,0,0,,
44338,Near Miss,Minor or low potential impact,,10/14/2017 7:54,2017,Oct,Sat,7:54,6:00,10/18/2017 13:28,Carriageway B,MP - 282/5,N/A,,,No,No,,,,,,,,No,,No,,Incursion due to breakdown,0,0,0,0,,
44339,Near Miss,Minor or low potential impact,,10/14/2017 11:14,2017,Oct,Sat,11:14,6:00,10/18/2017 13:36,Carriageway A,MP - 266/1,N/A,,,No,No,,,,,,,,No,,No,,Incursion unintentional - confused or follow in,0,0,0,0,,
44340,Near Miss,Minor or low potential impact,,10/14/2017 11:51,2017,Oct,Sat,11:51,6:00,10/18/2017 13:47,Carriageway A,MP - 262/0,N/A,,,No,No,,,,,,,,No,,No,,Incursion due to breakdown,0,0,0,0,,
44341,Near Miss,Minor or low potential impact,,10/14/2017 16:38,2017,Oct,Sat,16:38,12:00,10/18/2017 14:25,Carriageway A,MP- 266/5,N/A,,,No,No,,,,,,,,No,,No,,Incursion due to breakdown,0,0,0,0,,
44343,Near Miss,Minor or low potential impact,,10/14/2017 16:45,2017,Oct,Sat,16:45,12:00,10/18/2017 14:30,Carriageway A,MP - 275/5,N/A,,,No,No,,,,,,,,No,,No,,Incursion due to breakdown,0,0,0,0,,
44344,Near Miss,Minor or low potential impact,,10/15/2017 13:57,2017,Oct,Sun,13:57,12:00,10/18/2017 14:40,Carriageway B,MP - 281/8,N/A,,,No,No,,,,,,,,No,,No,,Incursion due to breakdown,0,0,0,0,,
44347,Near Miss,Minor or low potential impact,,10/15/2017 14:31,2017,Oct,Sun,14:31,12:00,10/18/2017 14:46,Carriageway B,MP - 266/0,N/A,,,No,No,,,,,,,,No,,No,,Incursion due to breakdown,0,0,0,0,,
44349,Near Miss,Minor or low potential impact,,10/15/2017 15:37,2017,Oct,Sun,15:37,12:00,10/18/2017 14:53,Carriageway B,MP - 280/8,N/A,,,No,No,,,,,,,,No,,No,,Incursion unintentional - confused or follow in,0,0,0,0,,
44350,Near Miss,Minor or low potential impact,,10/15/2017 16:13,2017,Oct,Sun,16:13,12:00,10/18/2017 15:10,Carriageway B,MP - 277/5,N/A,,,No,No,,,,,,,,No,,No,,Incursion due to breakdown,0,0,0,0,,
44351,Near Miss,Minor or low potential impact,,10/16/2017 8:55,2017,Oct,Mon,8:55,6:00,10/18/2017 15:18,Carriageway A,MP - 267/6,N/A,,,No,No,,,,,,,,No,,No,,Incursion due to breakdown,0,0,0,0,,
44353,Near Miss,Minor or low potential impact,,10/16/2017 13:35,2017,Oct,Mon,13:35,12:00,10/18/2017 15:57,Carriageway A,MP - 277/8,N/A,,,No,No,,,,,,,,No,,No,,Incursion due to breakdown,0,0,0,0,,
44364,Near Miss,Minor or low potential impact,,10/16/2017 13:57,2017,Oct,Mon,13:57,12:00,10/19/2017 8:05,Carriageway A,MP - 279/4,N/A,,,No,No,,,,,,,,No,,No,,Incursion due to breakdown,0,0,0,0,,
44365,Near Miss,Minor or low potential impact,,10/16/2017 14:03,2017,Oct,Mon,14:03,12:00,10/19/2017 8:28,Carriageway B,MP - 279/7,N/A,,,No,No,,,,,,,,No,,No,,Incursion unintentional - confused or follow in,0,0,0,0,,
44366,Near Miss,Minor or low potential impact,,10/16/2017 15:06,2017,Oct,Mon,15:06,12:00,10/19/2017 8:28,Carriageway A,MP - 285/4,N/A,,,No,No,,,,,,,,No,,No,,Incursion due to breakdown,0,0,0,0,,
44368,Near Miss,Minor or low potential impact,,10/16/2017 19:57,2017,Oct,Mon,19:57,18:00,10/19/2017 8:45,Carriageway A,MP - 266/5,N/A,,,No,No,,,,,,,,No,,No,,Incursion due to breakdown,0,0,0,0,,
44370,Near Miss,Minor or low potential impact,,10/16/2017 21:03,2017,Oct,Mon,21:03,18:00,10/19/2017 9:06,Carriageway B,MP - 264/0,N/A,,,No,No,,,,,,,,No,,No,,Incursion due to breakdown,0,0,0,0,,
44371,Near Miss,Minor or low potential impact,,10/17/2017 9:50,2017,Oct,Tue,9:50,6:00,10/19/2017 9:25,Carriageway B,MP - 262/5,N/A,,,No,No,,,,,,,,No,,No,,Incursion unintentional - confused or follow in,0,0,0,0,,
44372,Near Miss,Minor or low potential impact,,10/17/2017 10:16,2017,Oct,Tue,10:16,6:00,10/19/2017 9:32,Carriageway A,MP - 266/6,N/A,,,No,No,,,,,,,,No,,No,,Incursion due to breakdown,0,0,0,0,,
44373,Near Miss,Minor or low potential impact,,10/17/2017 14:12,2017,Oct,Tue,14:12,12:00,10/19/2017 9:38,Carriageway B,MP - 271/2,N/A,,,No,No,,,,,,,,No,,No,,Incursion unintentional - confused or follow in,0,0,0,0,,
44374,Near Miss,Minor or low potential impact,,10/18/2017 10:03,2017,Oct,Wed,10:03,6:00,10/19/2017 9:58,Carriageway B,MP - 265/4,N/A,,,No,No,,,,,,,,No,,No,,Incursion due to breakdown,0,0,0,0,,
44376,Near Miss,Minor or low potential impact,,10/18/2017 10:34,2017,Oct,Wed,10:34,6:00,10/19/2017 10:05,Carriageway A,MP - 283/2,N/A,,,No,No,,,,,,,,No,,No,,Incursion due to breakdown,0,0,0,0,,
44377,Near Miss,Minor or low potential impact,,10/18/2017 12:16,2017,Oct,Wed,12:16,12:00,10/19/2017 10:11,Carriageway A,MP - 267/7,N/A,,,No,No,,,,,,,,No,,No,,Incursion due to breakdown,0,0,0,0,,
44378,Near Miss,Minor or low potential impact,,10/18/2017 18:08,2017,Oct,Wed,18:08,18:00,10/19/2017 10:16,Carriageway B,MP - 289/6,N/A,,,No,No,,,,,,,,No,,No,,Incursion unintentional - confused or follow in,0,0,0,0,,
44379,Near Miss,Minor or low potential impact,,10/18/2017 19:24,2017,Oct,Wed,19:24,18:00,10/19/2017 10:27,Carriageway A,MP - 268/2,N/A,,,No,No,,,,,,,,No,,No,,Incursion due to breakdown,0,0,0,0,,
44520,Near Miss,Minor or low potential impact,,10/19/2017 10:53,2017,Oct,Thu,10:53,6:00,10/23/2017 13:49,Carriageway B,MP - 274/4,N/A,,,No,No,,,,,,,,No,,No,,Incursion due to breakdown,0,0,0,0,,
44521,Near Miss,Minor or low potential impact,,10/19/2017 12:57,2017,Oct,Thu,12:57,12:00,10/23/2017 13:57,Carriageway A,MP - 265/7,N/A,,,No,No,,,,,,,,No,,No,,Incursion due to breakdown,0,0,0,0,,
44522,Near Miss,Minor or low potential impact,,10/19/2017 19:03,2017,Oct,Thu,19:03,18:00,10/23/2017 14:19,Carriageway B,MP - 279/7,Upgrading to smart motorways ,,,No,No,,,,,,,,No,,No,,Incursion due to breakdown,0,0,0,0,,
44535,Near Miss,Minor or low potential impact,,10/20/2017 11:40,2017,Oct,Fri,11:40,6:00,10/24/2017 8:10,Carriageway B,MP - 287/5,Upgrading to smart motorways ,,,No,No,,,,,,,,No,,No,,Incursion due to breakdown,0,0,0,0,,
44536,Near Miss,Minor or low potential impact,,10/20/2017 19:27,2017,Oct,Fri,19:27,18:00,10/24/2017 8:21,Carriageway B,MP - 262/5,Upgrading to smart motorways ,,,No,No,,,,,,,,No,,No,,Incursion due to breakdown,0,0,0,0,,
44537,Near Miss,Minor or low potential impact,,10/20/2017 19:30,2017,Oct,Fri,19:30,18:00,10/24/2017 8:27,Carriageway A,MP - 265/2,Upgrading to smart motorways ,,,No,No,,,,,,,,No,,No,,Incursion due to breakdown,0,0,0,0,,
44539,Near Miss,Minor or low potential impact,,10/21/2017 0:23,2017,Oct,Sat,0:23,0:00,10/24/2017 8:32,Carriageway A,MP - 267/9,Upgrading to smart motorways ,,,No,No,,,,,,,,No,,No,,Incursion due to breakdown,0,0,0,0,,
44540,Near Miss,Minor or low potential impact,,10/21/2017 16:20,2017,Oct,Sat,16:20,12:00,10/24/2017 8:58,Carriageway A,MP - 265/5,Upgrading to smart motorways ,,,No,No,,,,,,,,No,,No,,Incursion due to breakdown,0,0,0,0,,
44541,Near Miss,Minor or low potential impact,,10/21/2017 17:28,2017,Oct,Sat,17:28,12:00,10/24/2017 9:13,Carriageway A,MP - 262/8,Upgrading to smart motorways ,,,No,No,,,,,,,,No,,No,,Incursion due to breakdown,0,0,0,0,,
44542,Near Miss,Minor or low potential impact,,10/21/2017 23:31,2017,Oct,Sat,23:31,18:00,10/24/2017 9:22,Carriageway B,MP - 262/8,Upgrading to smart motorways,,,No,No,,,,,,,,No,,No,,Incursion due to breakdown,0,0,0,0,,
44544,Near Miss,Minor or low potential impact,,10/22/2017 1:10,2017,Oct,Sun,1:10,0:00,10/24/2017 9:38,Carriageway A,MP - 265/2,Upgrading to smart motorways ,,,No,No,,,,,,,,No,,No,,Incursion due to breakdown,0,0,0,0,,
44565,Near Miss,Minor or low potential impact,,10/23/2017 4:33,2017,Oct,Mon,4:33,0:00,10/24/2017 13:53,Carriageway B,MP - 266/8,Upgrading to smart motorways ,,,No,No,,,,,,,,No,,No,,Incursion due to breakdown,0,0,0,0,,
44566,Near Miss,Minor or low potential impact,,10/23/2017 11:21,2017,Oct,Mon,11:21,6:00,10/24/2017 14:22,Carriageway A,MP - 284/5,Upgrading to smart motorways ,,,No,No,,,,,,,,No,,No,,Incursion due to breakdown,0,0,0,0,,
44567,Near Miss,Minor or low potential impact,,10/23/2017 12:17,2017,Oct,Mon,12:17,12:00,10/24/2017 14:28,Carriageway A,MP - 269/5,Upgrading to smart motorways ,,,No,No,,,,,,,,No,,No,,Incursion unintentional - confused or follow in,0,0,0,0,,
44570,Near Miss,Minor or low potential impact,,10/23/2017 12:28,2017,Oct,Mon,12:28,12:00,10/24/2017 14:35,Carriageway A,MP - 261/9,Upgrading to smart motorways ,,,No,No,,,,,,,,No,,No,,Incursion to seek information or benefit,0,0,0,0,,
44571,Near Miss,Minor or low potential impact,,10/23/2017 12:38,2017,Oct,Mon,12:38,12:00,10/24/2017 14:59,Carriageway B,MP - 267/0,Upgrading to smart motorways ,,,No,No,,,,,,,,No,,No,,Incursion to seek information or benefit,0,0,0,0,,
44572,Near Miss,Minor or low potential impact,,10/23/2017 13:41,2017,Oct,Mon,13:41,12:00,10/24/2017 15:49,Carriageway A,MP - 261/9,Upgrading to smart motorways ,,,No,No,,,,,,,,No,,No,,Incursion to seek information or benefit,0,0,0,0,,
44573,Near Miss,Minor or low potential impact,,10/24/2017 12:40,2017,Oct,Tue,12:40,12:00,10/24/2017 12:45,Carriageway B,"Between AS7 & AS9,  J19 - J18 Southbound.",Collecting an excavator bucket from AS 7 to take to AN 10,,,No,No,,,,,,,,No,,No,,"Asset, vehicle or plant failure, damage, or unsafe condition",0,0,0,0,,
44594,Near Miss,Minor or low potential impact,,10/23/2017 14:01,2017,Oct,Mon,14:01,12:00,10/25/2017 12:39,Carriageway A,MP - 262/6,Upgrading to smart motorways ,,,No,No,,,,,,,,No,,No,,Incursion unintentional - confused or follow in,0,0,0,0,,
44597,Near Miss,Minor or low potential impact,,10/23/2017 14:26,2017,Oct,Mon,14:26,12:00,10/25/2017 12:57,Carriageway B,MP - 266/8,Upgrading to smart motorways ,,,No,No,,,,,,,,No,,No,,Incursion unintentional - confused or follow in,0,0,0,0,,
44599,Near Miss,Minor or low potential impact,,10/23/2017 14:27,2017,Oct,Mon,14:27,12:00,10/25/2017 14:05,Carriageway A,MP - 285/2,Upgrading to smart motorways ,,,No,No,,,,,,,,No,,No,,Incursion due to breakdown,0,0,0,0,,
44601,Near Miss,Minor or low potential impact,,10/23/2017 15:48,2017,Oct,Mon,15:48,12:00,10/25/2017 14:20,Carriageway B,MP - 279/7,Upgrading to smart motorways ,,,No,No,,,,,,,,No,,No,,Incursion due to breakdown,0,0,0,0,,
44603,Near Miss,Minor or low potential impact,,10/23/2017 17:05,2017,Oct,Mon,17:05,12:00,10/25/2017 14:26,Carriageway B,MP - 268/0,Upgrading to smart motorways ,,,No,No,,,,,,,,No,,No,,Incursion due to breakdown,0,0,0,0,,
44604,Near Miss,Minor or low potential impact,,10/24/2017 2:02,2017,Oct,Tue,2:02,0:00,10/25/2017 14:54,Carriageway A,MP - 274/0,Upgrading to smart motorways ,,,No,No,,,,,,,,No,,No,,Incursion due to breakdown,0,0,0,0,,
44610,Near Miss,Minor or low potential impact,,10/24/2017 7:16,2017,Oct,Tue,7:16,6:00,10/25/2017 15:50,Carriageway A,MP - 263/7,Upgrading to smart motorways ,,,No,No,,,,,,,,No,,No,,Incursion to seek information or benefit,0,0,0,0,,
44628,Near Miss,Minor or low potential impact,,10/24/2017 7:58,2017,Oct,Tue,7:58,6:00,10/26/2017 9:00,Carriageway A,MP - 263/7,Upgrading to smart motorways ,,,No,No,,,,,,,,No,,No,,Incursion due to breakdown,0,0,0,0,,
44631,Near Miss,Minor or low potential impact,,10/24/2017 10:24,2017,Oct,Tue,10:24,6:00,10/26/2017 9:43,Carriageway A,MP - 265/6,Upgrading to smart motorways ,,,No,No,,,,,,,,No,,No,,Incursion due to breakdown,0,0,0,0,,
44632,Near Miss,Minor or low potential impact,,10/24/2017 10:26,2017,Oct,Tue,10:26,6:00,10/26/2017 9:56,Carriageway B,MP - 274/6,Upgrading to smart motorways ,,,No,No,,,,,,,,No,,No,,Incursion due to breakdown,0,0,0,0,,
44633,Near Miss,Minor or low potential impact,,10/24/2017 11:05,2017,Oct,Tue,11:05,6:00,10/26/2017 10:06,Carriageway B,MP - 282/5,Upgrading to smart motorways ,,,No,No,,,,,,,,No,,No,,Incursion due to breakdown,0,0,0,0,,
44643,Near Miss,Minor or low potential impact,,10/24/2017 13:34,2017,Oct,Tue,13:34,12:00,10/26/2017 16:48,Carriageway B,MP - 282/5,Upgrading to smart motorways ,,,No,No,,,,,,,,No,,No,,Incursion due to breakdown,0,0,0,0,,
44644,Near Miss,Minor or low potential impact,,10/24/2017 13:34,2017,Oct,Tue,13:34,12:00,10/26/2017 17:00,Carriageway A,MP - 277/9,Upgrading to smart motorways ,,,No,No,,,,,,,,No,,No,,Incursion due to breakdown,0,0,0,0,,
44645,Near Miss,Minor or low potential impact,,10/24/2017 22:34,2017,Oct,Tue,22:34,18:00,10/26/2017 17:06,Carriageway B,MP - 262/2,Upgrading to smart motorways ,,,No,No,,,,,,,,No,,No,,Incursion due to breakdown,0,0,0,0,,
45769,Near Miss,Minor or low potential impact,,10/25/2017 8:31,2017,Oct,Wed,8:31,6:00,10/30/2017 12:59,Carriageway A,MP - 261/5,Upgrading to smart motorways ,,,No,No,,,,,,,,No,,No,,Incursion to seek information or benefit,0,0,0,0,,
45770,Near Miss,Minor or low potential impact,,10/25/2017 8:52,2017,Oct,Wed,8:52,6:00,10/30/2017 13:09,Carriageway B,MP - 265/2,Upgrading to smart motorways ,,,No,No,,,,,,,,No,,No,,Incursion unintentional - confused or follow in,0,0,0,0,,
45774,Near Miss,Minor or low potential impact,,10/25/2017 11:25,2017,Oct,Wed,11:25,6:00,10/30/2017 14:10,Carriageway B,MP - 287/4,Upgrading to smart motorways ,,,No,No,,,,,,,,No,,No,,Incursion unintentional - confused or follow in,0,0,0,0,,
45776,Near Miss,Minor or low potential impact,,10/25/2017 11:31,2017,Oct,Wed,11:31,6:00,10/30/2017 14:29,Carriageway A,MP - 266/1,Upgrading to smart motorways ,,,No,No,,,,,,,,No,,No,,Incursion due to breakdown,0,0,0,0,,
45777,Near Miss,Minor or low potential impact,,10/25/2017 12:41,2017,Oct,Wed,12:41,12:00,10/30/2017 14:39,Carriageway B,MP - 263/3,Upgrading to smart motorways ,,,No,No,,,,,,,,No,,No,,Incursion due to breakdown,0,0,0,0,,
45779,Near Miss,Minor or low potential impact,,10/25/2017 17:43,2017,Oct,Wed,17:43,12:00,10/30/2017 14:45,Carriageway A,MP - 277/9,Upgrading to smart motorways ,,,No,No,,,,,,,,No,,No,,Incursion due to breakdown,0,0,0,0,,
45782,Near Miss,Minor or low potential impact,,10/26/2017 10:32,2017,Oct,Thu,10:32,6:00,10/30/2017 14:58,Carriageway A,MP - 264/4,Upgrading to smart motorways ,,,No,No,,,,,,,,No,,No,,Incursion due to breakdown,0,0,0,0,,
45785,Near Miss,Minor or low potential impact,,10/26/2017 10:50,2017,Oct,Thu,10:50,6:00,10/30/2017 15:10,Carriageway A,MP - 266/7,Upgrading to smart motorways ,,,No,No,,,,,,,,No,,No,,Incursion due to breakdown,0,0,0,0,,
45786,Near Miss,Minor or low potential impact,,10/26/2017 11:57,2017,Oct,Thu,11:57,6:00,10/30/2017 15:55,Carriageway B,MP - 262/1,Upgrading to smart motorways ,,,No,No,,,,,,,,No,,No,,Incursion due to breakdown,0,0,0,0,,
45787,Near Miss,Minor or low potential impact,,10/26/2017 15:50,2017,Oct,Thu,15:50,12:00,10/30/2017 16:01,Carriageway B,MP - 265/2,Upgrading to smart motorways ,,,No,No,,,,,,,,No,,No,,Incursion due to breakdown,0,0,0,0,,
45804,Near Miss,Minor or low potential impact,,10/27/2017 10:00,2017,Oct,Fri,10:00,6:00,10/31/2017 12:49,Carriageway A,MP - 280/7,Upgrading to smart motorways ,,,No,No,,,,,,,,No,,No,,Incursion due to breakdown,0,0,0,0,,
45805,Near Miss,Minor or low potential impact,,10/27/2017 14:35,2017,Oct,Fri,14:35,12:00,10/31/2017 13:00,Carriageway B,MP - 268/9,Upgrading to smart motorways ,,,No,No,,,,,,,,No,,No,,Incursion unintentional - confused or follow in,0,0,0,0,,
45807,Near Miss,Minor or low potential impact,,10/27/2017 16:07,2017,Oct,Fri,16:07,12:00,10/31/2017 13:05,Carriageway A,MP - 271/5,Upgrading to smart motorways ,,,No,No,,,,,,,,No,,No,,Incursion due to breakdown,0,0,0,0,,
45809,Near Miss,Minor or low potential impact,,10/27/2017 17:07,2017,Oct,Fri,17:07,12:00,10/31/2017 13:15,Carriageway A,MP - 274/0,Upgrading to smart motorways ,,,No,No,,,,,,,,No,,No,,Incursion due to breakdown,0,0,0,0,,
45810,Near Miss,Minor or low potential impact,,10/27/2017 17:59,2017,Oct,Fri,17:59,12:00,10/31/2017 13:24,Carriageway B,MP - 269/0,Upgrading to smart motorways ,,,No,No,,,,,,,,No,,No,,Incursion unintentional - confused or follow in,0,0,0,0,,
45811,Near Miss,Minor or low potential impact,,10/27/2017 18:06,2017,Oct,Fri,18:06,18:00,10/31/2017 13:30,Carriageway B,MP - 290/1,Upgrading to smart motorways ,,,No,No,,,,,,,,No,,No,,Incursion unintentional - confused or follow in,0,0,0,0,,
45812,Near Miss,Minor or low potential impact,,10/27/2017 18:38,2017,Oct,Fri,18:38,18:00,10/31/2017 13:45,Carriageway B,MP - 265/0,Upgrading to smart motorways ,,,No,No,,,,,,,,No,,No,,Incursion due to breakdown,0,0,0,0,,
45814,Near Miss,Minor or low potential impact,,10/27/2017 18:38,2017,Oct,Fri,18:38,18:00,10/31/2017 14:05,Carriageway A,MP - 265/5,Upgrading to smart motorways ,,,No,No,,,,,,,,No,,No,,Incursion due to breakdown,0,0,0,0,,
45815,Near Miss,Minor or low potential impact,,10/27/2017 19:25,2017,Oct,Fri,19:25,18:00,10/31/2017 14:20,Carriageway B,MP - 276/6,Upgrading to smart motorways ,,,No,No,,,,,,,,No,,No,,Incursion due to breakdown,0,0,0,0,,
45817,Near Miss,Minor or low potential impact,,10/27/2017 21:15,2017,Oct,Fri,21:15,18:00,10/31/2017 14:26,Carriageway A,MP - 270/1,Upgrading to smart motorways ,,,No,No,,,,,,,,No,,No,,Incursion due to breakdown,0,0,0,0,,
45820,Near Miss,Minor or low potential impact,,10/28/2017 12:04,2017,Oct,Sat,12:04,12:00,10/31/2017 15:15,Carriageway B,MP - 282/5,Upgrading to smart motorways ,,,No,No,,,,,,,,No,,No,,Incursion due to breakdown,0,0,0,0,,
45821,Near Miss,Minor or low potential impact,,10/28/2017 13:58,2017,Oct,Sat,13:58,12:00,10/31/2017 15:21,Carriageway B,MP - 268/6,Upgrading to smart motorways ,,,No,No,,,,,,,,No,,No,,Incursion due to breakdown,0,0,0,0,,
45835,Near Miss,Minor or low potential impact,,10/28/2017 14:54,2017,Oct,Sat,14:54,12:00,11/1/2017 8:54,Carriageway A,MP - 284/8,Upgrading to smart motorways ,,,No,No,,,,,,,,No,,No,,Incursion due to breakdown,0,0,0,0,,
45847,Near Miss,Minor or low potential impact,,10/28/2017 17:50,2017,Oct,Sat,17:50,12:00,11/1/2017 12:49,Carriageway A,MP - 284/6,Upgrading to smart motorways ,,,No,No,,,,,,,,No,,No,,Incursion due to breakdown,0,0,0,0,,
45849,Near Miss,Minor or low potential impact,,10/28/2017 20:01,2017,Oct,Sat,20:01,18:00,11/1/2017 12:58,Carriageway A,MP - 274/0,Upgrading to smart motorways ,,,No,No,,,,,,,,No,,No,,Incursion due to breakdown,0,0,0,0,,
45851,Near Miss,Minor or low potential impact,,10/29/2017 5:42,2017,Oct,Sun,5:42,0:00,11/1/2017 13:15,Carriageway B,MP - 273/2,Upgrading to smart motorways ,,,No,No,,,,,,,,No,,No,,Incursion due to breakdown,0,0,0,0,,
45852,Near Miss,Minor or low potential impact,,10/29/2017 13:34,2017,Oct,Sun,13:34,12:00,11/1/2017 13:22,Carriageway B,MP - 281/7,Upgrading to smart motorways ,,,No,No,,,,,,,,No,,No,,Incursion due to breakdown,0,0,0,0,,
45853,Near Miss,Minor or low potential impact,,10/29/2017 17:40,2017,Oct,Sun,17:40,12:00,11/1/2017 13:33,Carriageway A,MP - 275/6,Upgrading to smart motorways ,,,No,No,,,,,,,,No,,No,,Incursion due to breakdown,0,0,0,0,,
45854,Near Miss,Minor or low potential impact,,10/30/2017 7:00,2017,Oct,Mon,7:00,6:00,11/1/2017 13:54,Carriageway B,MP - 276/5,Upgrading to smart motorways ,,,No,No,,,,,,,,No,,No,,Incursion due to breakdown,0,0,0,0,,
45855,Near Miss,Minor or low potential impact,,10/30/2017 7:15,2017,Oct,Mon,7:15,6:00,11/1/2017 14:19,Carriageway A,MP - 284/8,Upgrading to smart motorways ,,,No,No,,,,,,,,No,,No,,Incursion due to breakdown,0,0,0,0,,
45857,Near Miss,Minor or low potential impact,,10/30/2017 10:17,2017,Oct,Mon,10:17,6:00,11/1/2017 14:27,Carriageway B,MP - 281/6,Upgrading to smart motorways ,,,No,No,,,,,,,,No,,No,,Incursion due to breakdown,0,0,0,0,,
45858,Near Miss,Minor or low potential impact,,10/30/2017 15:39,2017,Oct,Mon,15:39,12:00,11/1/2017 15:09,Carriageway B,MP - 285/5,Upgrading to smart motorways ,,,No,No,,,,,,,,No,,No,,Incursion due to breakdown,0,0,0,0,,
45859,Near Miss,Minor or low potential impact,,10/31/2017 0:46,2017,Oct,Tue,0:46,0:00,11/1/2017 15:14,Carriageway A,MP - 275/0,Upgrading to smart motorways ,,,No,No,,,,,,,,No,,No,,Incursion due to breakdown,0,0,0,0,,
45860,Near Miss,Minor or low potential impact,,11/1/2017 5:44,2017,Nov,Wed,5:44,0:00,11/1/2017 5:45,Carriageway B,Between J19 - J18. MP 281/2,Unmanned operation for dewatering drainage system. The pump was shut down to conduct CCTV inspection of the drainage. The pump was restarted after the inspection was completed. ,,,No,No,,,,,,,,No,,No,,Fire,0,0,0,0,,
45861,Near Miss,Minor or low potential impact,,10/31/2017 10:01,2017,Oct,Tue,10:01,6:00,11/1/2017 15:20,Carriageway B,MP - 274/9,Upgrading to smart motorways ,,,No,No,,,,,,,,No,,No,,Incursion to seek information or benefit,0,0,0,0,,
45866,Personal illness or injury ,No Lost Time Injury,Contractor,10/30/2017 2:00,2017,Oct,Mon,2:00,0:00,10/30/2017 2:00,Carriageway A,M6 South Bound M/P 265/7,IP was the IPV driver undertaking TM works. TM had been deployed to install and inspect works access/exits and install closures along the South bound  section of the project between J16-17.,Leg,Bruising,No,No,,,,,,,,No,,No,,Fell from a height,0,0,0,0,11/2/2017,
45881,Near Miss,Minor or low potential impact,,10/31/2017 10:28,2017,Oct,Tue,10:28,6:00,11/2/2017 9:17,Carriageway B,MP - 263/0,Upgrading to smart motorways ,,,No,No,,,,,,,,No,,No,,Incursion due to breakdown,0,0,0,0,,