Event ID,Event Type ,Event Subtype,Type of Person,Date/Time of Event,Year,Month,Day of the Week,Time,Time interval (6 hours),Date/Time Reported,Location,Specific Location (include RCC Log no if relevant),Details of actual job being done at the time,Part of Body Affected,Injury Type,Was there a vehicle involved in this event?,Work related,Accident Type,Vehicle Motion,Who was Hit,Weather/Visibility,Surface Condition,Roadbed Grade,Lighting Conditions,Was A Police Report Filed?,Name of Law Enforcement Agency,Preventable,Type,Kind of Event,Expected Lost Workdays (Total),Actual Lost Workdays (Total),Expected Restricted Workdays (Total),Actual Restricted Workdays (Total),Return To Work Date,Sign Off 1
45882,Near Miss,Minor or low potential impact,,10/31/2017 14:11,2017,Oct,Tue,14:11,12:00,11/2/2017 9:27,Carriageway A,MP - 286/7,Upgrading to smart motorways ,,,No,No,,,,,,,,No,,No,,Incursion due to breakdown,0,0,0,0,,
45883,Near Miss,Minor or low potential impact,,10/31/2017 17:11,2017,Oct,Tue,17:11,12:00,11/2/2017 9:33,Carriageway A,MP - 274/0,Upgrading to smart motorways ,,,No,No,,,,,,,,No,,No,,Incursion due to breakdown,0,0,0,0,,
45901,Near Miss,Minor or low potential impact,,11/1/2017 8:12,2017,Nov,Wed,8:12,6:00,11/2/2017 13:27,Carriageway A,MP - 276/7,Upgrading to smart motorways ,,,No,No,,,,,,,,No,,No,,Incursion due to breakdown,0,0,0,0,,
45902,Near Miss,Minor or low potential impact,,11/1/2017 15:59,2017,Nov,Wed,15:59,12:00,11/2/2017 13:37,Carriageway hard shoulder,MP - 267/5,Upgrading to smart motorways ,,,No,No,,,,,,,,No,,No,,Incursion unintentional - confused or follow in,0,0,0,0,,
45903,Near Miss,Minor or low potential impact,,11/1/2017 17:24,2017,Nov,Wed,17:24,12:00,11/2/2017 13:46,Carriageway A,MP - 268/3,Upgrading to smart motorways ,,,No,No,,,,,,,,No,,No,,Incursion unintentional - confused or follow in,0,0,0,0,,
45906,Near Miss,Minor or low potential impact,,11/1/2017 19:45,2017,Nov,Wed,19:45,18:00,11/2/2017 14:49,Carriageway A,MP - 279/7,Upgrading to smart motorways ,,,No,No,,,,,,,,No,,No,,Incursion due to breakdown,0,0,0,0,,
46012,Near Miss,Minor or low potential impact,,11/2/2017 9:08,2017,Nov,Thu,9:08,6:00,11/6/2017 13:28,Carriageway B,MP - 261/7,Upgrading to smart motorways ,,,No,No,,,,,,,,No,,No,,Incursion due to breakdown,0,0,0,0,,
46018,Near Miss,Minor or low potential impact,,11/2/2017 15:16,2017,Nov,Thu,15:16,12:00,11/6/2017 14:30,Carriageway B,MP - 287/4,Upgrading to smart motorways ,,,No,No,,,,,,,,No,,No,,Incursion unintentional - confused or follow in,0,0,0,0,,
46019,Near Miss,Minor or low potential impact,,11/2/2017 17:33,2017,Nov,Thu,17:33,12:00,11/6/2017 14:47,Carriageway B,MP - 264/2,Upgrading to smart motorways ,,,No,No,,,,,,,,No,,No,,Incursion due to breakdown,0,0,0,0,,
46020,Near Miss,Minor or low potential impact,,11/2/2017 17:55,2017,Nov,Thu,17:55,12:00,11/6/2017 14:52,Carriageway B,MP - 285/5,Upgrading to smart motorways.,,,No,No,,,,,,,,No,,No,,Incursion due to breakdown,0,0,0,0,,
46021,Near Miss,Minor or low potential impact,,11/2/2017 20:00,2017,Nov,Thu,20:00,18:00,11/6/2017 14:59,Carriageway B,MP - 266/7,Upgrading to smart motorways ,,,No,No,,,,,,,,No,,No,,Incursion due to breakdown,0,0,0,0,,
46025,Near Miss,Minor or low potential impact,,11/3/2017 15:36,2017,Nov,Fri,15:36,12:00,11/6/2017 15:13,Carriageway B,MP - 279/7,Upgrading to smart motorways,,,No,No,,,,,,,,No,,No,,Incursion to seek information or benefit,0,0,0,0,,
46027,Near Miss,Minor or low potential impact,,11/3/2017 16:53,2017,Nov,Fri,16:53,12:00,11/6/2017 16:14,Carriageway A,MP - 259/7,Upgrading to smart motorways ,,,No,No,,,,,,,,No,,No,,Incursion due to breakdown,0,0,0,0,,
46030,Near Miss,Minor or low potential impact,,11/3/2017 21:16,2017,Nov,Fri,21:16,18:00,11/6/2017 16:20,Carriageway B,MP - 285/6,Upgrading to smart motorways ,,,No,No,,,,,,,,No,,No,,Incursion due to breakdown,0,0,0,0,,
46049,Near Miss,Minor or low potential impact,,11/4/2017 9:16,2017,Nov,Sat,9:16,6:00,11/7/2017 10:03,Carriageway B,MP - 283/7,Upgrading to smart motorways ,,,No,No,,,,,,,,No,,No,,Incursion due to breakdown,0,0,0,0,,
46050,Near Miss,Minor or low potential impact,,11/4/2017 13:31,2017,Nov,Sat,13:31,12:00,11/7/2017 10:07,Carriageway A,MP - 283/2,Upgrading to smart motorways ,,,No,No,,,,,,,,No,,No,,Incursion due to breakdown,0,0,0,0,,
46061,Near Miss,Minor or low potential impact,,11/4/2017 14:27,2017,Nov,Sat,14:27,12:00,11/7/2017 14:20,Carriageway A,MP - 279/4,Upgrading to smart motorways ,,,No,No,,,,,,,,No,,No,,Incursion due to breakdown,0,0,0,0,,
46062,Near Miss,Minor or low potential impact,,11/4/2017 15:34,2017,Nov,Sat,15:34,12:00,11/7/2017 14:33,Carriageway A,MP - 280/7,Upgrading to smart motorways ,,,No,No,,,,,,,,No,,No,,Incursion due to breakdown,0,0,0,0,,
46063,Near Miss,Minor or low potential impact,,11/5/2017 16:46,2017,Nov,Sun,16:46,12:00,11/7/2017 15:00,Carriageway B,MP - 274/4,Upgrading to smart motorways ,,,No,No,,,,,,,,No,,No,,Incursion due to breakdown,0,0,0,0,,
46064,Near Miss,Minor or low potential impact,,11/5/2017 17:38,2017,Nov,Sun,17:38,12:00,11/7/2017 15:07,Carriageway B,MP - 279/4,Upgrading to smart motorways ,,,No,No,,,,,,,,No,,No,,Incursion due to breakdown,0,0,0,0,,
46066,Near Miss,Minor or low potential impact,,11/6/2017 4:05,2017,Nov,Mon,4:05,0:00,11/7/2017 16:12,Carriageway B,MP - 264/0,Upgrading to smart motorways ,,,No,No,,,,,,,,No,,No,,Incursion due to breakdown,0,0,0,0,,
46098,Near Miss,Minor or low potential impact,,11/6/2017 12:35,2017,Nov,Mon,12:35,12:00,11/8/2017 12:49,Carriageway B,MP - 285/5,Upgrading to smart motorways ,,,No,No,,,,,,,,No,,No,,Incursion due to breakdown,0,0,0,0,,
46099,Near Miss,Minor or low potential impact,,11/6/2017 14:55,2017,Nov,Mon,14:55,12:00,11/8/2017 12:59,Carriageway A,MP - 264/1,Upgrading to smart motorways ,,,No,No,,,,,,,,No,,No,,Incursion due to breakdown,0,0,0,0,,
46100,Near Miss,Minor or low potential impact,,11/6/2017 16:56,2017,Nov,Mon,16:56,12:00,11/8/2017 13:09,Carriageway B,MP - 269/1,Upgrading to smart motorways ,,,No,No,,,,,,,,No,,No,,Incursion due to breakdown,0,0,0,0,,
46103,Near Miss,Minor or low potential impact,,11/6/2017 18:06,2017,Nov,Mon,18:06,18:00,11/8/2017 13:46,Carriageway A,MP - 285/2,Upgrading to smart motorways ,,,No,No,,,,,,,,No,,No,,Incursion due to breakdown,0,0,0,0,,
46107,Near Miss,Minor or low potential impact,,11/7/2017 7:05,2017,Nov,Tue,7:05,6:00,11/8/2017 13:57,Carriageway A,MP - 285/3,Upgrading to smart motorways ,,,No,No,,,,,,,,No,,No,,Incursion due to breakdown,0,0,0,0,,
46144,Near Miss,Minor or low potential impact,,11/7/2017 5:33,2017,Nov,Tue,5:33,0:00,11/9/2017 14:30,Carriageway B,MP - 285/0,Upgrading to smart motorways ,,,No,No,,,,,,,,No,,No,,Incursion due to breakdown,0,0,0,0,,
46145,Near Miss,Minor or low potential impact,,11/8/2017 7:56,2017,Nov,Wed,7:56,6:00,11/9/2017 14:39,Carriageway A,MP - 270/8,Upgrading to smart motorways ,,,No,No,,,,,,,,No,,No,,Incursion due to breakdown,0,0,0,0,,
46146,Near Miss,Minor or low potential impact,,11/8/2017 15:31,2017,Nov,Wed,15:31,12:00,11/9/2017 14:52,Carriageway A,MP - 262/0,Upgrading to smart motorways ,,,No,No,,,,,,,,No,,No,,Incursion to seek information or benefit,0,0,0,0,,
46148,Near Miss,Minor or low potential impact,,11/8/2017 16:51,2017,Nov,Wed,16:51,12:00,11/9/2017 15:01,Carriageway A,MP - 266/0,Upgrading to smart motorways ,,,No,No,,,,,,,,No,,No,,Incursion due to breakdown,0,0,0,0,,
46149,Near Miss,Minor or low potential impact,,11/8/2017 18:15,2017,Nov,Wed,18:15,18:00,11/9/2017 15:08,Carriageway A,Mp - 280/8,Upgrading to smart motorways ,,,No,No,,,,,,,,No,,No,,Incursion due to breakdown,0,0,0,0,,
46150,Near Miss,Minor or low potential impact,,11/8/2017 19:20,2017,Nov,Wed,19:20,18:00,11/9/2017 15:13,Carriageway A,MP - 274/0,Upgrading to smart motorways ,,,No,No,,,,,,,,No,,No,,Incursion due to breakdown,0,0,0,0,,
46246,Near Miss,Minor or low potential impact,,11/9/2017 6:47,2017,Nov,Thu,6:47,6:00,11/13/2017 15:03,Carriageway A,MP - 289/6,Upgrading to smart motorways ,,,No,No,,,,,,,,No,,No,,Incursion due to breakdown,0,0,0,0,,
46247,Near Miss,Minor or low potential impact,,11/9/2017 22:48,2017,Nov,Thu,22:48,18:00,11/13/2017 15:13,Carriageway B,MP - 285/6,Upgrading to smart motorways ,,,No,No,,,,,,,,No,,No,,Incursion due to breakdown,0,0,0,0,,
46248,Near Miss,Minor or low potential impact,,11/10/2017 8:07,2017,Nov,Fri,8:07,6:00,11/13/2017 15:21,Carriageway A,MP - 268/2,Upgrading to smart motorways ,,,No,No,,,,,,,,No,,No,,Incursion due to breakdown,0,0,0,0,,
46249,Near Miss,Minor or low potential impact,,11/10/2017 8:09,2017,Nov,Fri,8:09,6:00,11/13/2017 15:28,Carriageway A,MP - 273/3,Upgrading to smart motorways ,,,No,No,,,,,,,,No,,No,,Incursion due to breakdown,0,0,0,0,,
46250,Near Miss,Minor or low potential impact,,11/10/2017 15:41,2017,Nov,Fri,15:41,12:00,11/13/2017 15:53,Carriageway A,MP - 261/2,Upgrading to smart motorways ,,,No,No,,,,,,,,No,,No,,Incursion due to breakdown,0,0,0,0,,
46252,Near Miss,Minor or low potential impact,,11/10/2017 16:54,2017,Nov,Fri,16:54,12:00,11/13/2017 16:03,Carriageway A,MP - 274/0,Upgrading to smart motorways ,,,No,No,,,,,,,,No,,No,,Incursion due to breakdown,0,0,0,0,,
46255,Near Miss,Minor or low potential impact,,11/10/2017 17:55,2017,Nov,Fri,17:55,12:00,11/13/2017 16:10,Carriageway A,MP - 273/3,Upgrading to smart motorways ,,,No,No,,,,,,,,No,,No,,Incursion due to breakdown,0,0,0,0,,
46256,Near Miss,Minor or low potential impact,,11/10/2017 18:54,2017,Nov,Fri,18:54,18:00,11/13/2017 15:59,Carriageway B,MP - 283/8,Upgrading to smart motorways ,,,No,No,,,,,,,,No,,No,,Incursion due to breakdown,0,0,0,0,,
46257,Near Miss,Minor or low potential impact,,11/10/2017 20:09,2017,Nov,Fri,20:09,18:00,11/13/2017 16:30,Carriageway A,MP - 275/0,Upgrading to smart motorways ,,,No,No,,,,,,,,No,,No,,Incursion due to breakdown,0,0,0,0,,
46283,Near Miss,Minor or low potential impact,,11/11/2017 11:18,2017,Nov,Sat,11:18,6:00,11/14/2017 14:51,Carriageway A,MP - 264/2,Upgrading to smart motorways ,,,No,No,,,,,,,,No,,No,,Incursion due to breakdown,0,0,0,0,,
46284,Near Miss,Minor or low potential impact,,11/11/2017 14:36,2017,Nov,Sat,14:36,12:00,11/14/2017 14:59,Carriageway A,MP - 273/3,Upgrading to smart motorways ,,,No,No,,,,,,,,No,,No,,Incursion to seek information or benefit,0,0,0,0,,
46286,Near Miss,Minor or low potential impact,,11/11/2017 15:35,2017,Nov,Sat,15:35,12:00,11/14/2017 15:13,Carriageway B,MP - 290/3,Upgrading to smart motorways ,,,No,No,,,,,,,,No,,No,,Incursion due to breakdown,0,0,0,0,,
46287,Near Miss,Minor or low potential impact,,11/11/2017 19:08,2017,Nov,Sat,19:08,18:00,11/14/2017 15:24,Carriageway A,MP - 272/8,Upgrading to smart motorways. ,,,No,No,,,,,,,,No,,No,,Incursion due to breakdown,0,0,0,0,,
46288,Near Miss,Minor or low potential impact,,11/11/2017 19:27,2017,Nov,Sat,19:27,18:00,11/14/2017 15:40,Carriageway A,MP - 286/7,Upgrading to smart motorways ,,,No,No,,,,,,,,No,,No,,Incursion due to breakdown,0,0,0,0,,
46289,Near Miss,Minor or low potential impact,,11/11/2017 20:40,2017,Nov,Sat,20:40,18:00,11/14/2017 15:48,Carriageway B,MP - 282/9,Upgrading to smart motorways ,,,No,No,,,,,,,,No,,No,,Incursion due to breakdown,0,0,0,0,,
46291,Near Miss,Minor or low potential impact,,11/12/2017 10:51,2017,Nov,Sun,10:51,6:00,11/14/2017 16:06,Carriageway B,MP - 279/7,Upgrading to smart motorways ,,,No,No,,,,,,,,No,,No,,Incursion due to breakdown,0,0,0,0,,
46293,Near Miss,Minor or low potential impact,,11/12/2017 14:11,2017,Nov,Sun,14:11,12:00,11/14/2017 16:15,Carriageway B,MP - 283/8,Upgrading to smart motorways ,,,No,No,,,,,,,,No,,No,,Incursion to seek information or benefit,0,0,0,0,,
46312,Near Miss,Minor or low potential impact,,11/13/2017 8:58,2017,Nov,Mon,8:58,6:00,11/15/2017 13:09,Carriageway A,MP - 285/3,Upgrading to smart motorways ,,,No,No,,,,,,,,No,,No,,Incursion unintentional - confused or follow in,0,0,0,0,,
46313,Near Miss,Minor or low potential impact,,11/13/2017 12:47,2017,Nov,Mon,12:47,12:00,11/15/2017 13:16,Carriageway A,MP - 286/7,Upgrading to smart motorways ,,,No,No,,,,,,,,No,,No,,Incursion due to breakdown,0,0,0,0,,
46314,Near Miss,Minor or low potential impact,,11/13/2017 13:15,2017,Nov,Mon,13:15,12:00,11/15/2017 13:23,Carriageway A,MP - 270/2,Upgrading to smart motorways ,,,No,No,,,,,,,,No,,No,,Incursion to seek information or benefit,0,0,0,0,,
46320,Near Miss,Minor or low potential impact,,11/13/2017 16:54,2017,Nov,Mon,16:54,12:00,11/15/2017 14:17,Carriageway B,MP - 265/1,Upgrading to smart motorways ,,,No,No,,,,,,,,No,,No,,Incursion due to breakdown,0,0,0,0,,
46322,Near Miss,Minor or low potential impact,,11/13/2017 17:21,2017,Nov,Mon,17:21,12:00,11/15/2017 14:29,Carriageway B,MP - 275/7,Upgrading to smart motorways ,,,No,No,,,,,,,,No,,No,,Incursion due to breakdown,0,0,0,0,,
46323,Near Miss,Minor or low potential impact,,11/13/2017 21:30,2017,Nov,Mon,21:30,18:00,11/15/2017 14:35,Carriageway B,MP - 262/5,Upgrading to smart motorways ,,,No,No,,,,,,,,No,,No,,Incursion due to breakdown,0,0,0,0,,
46326,Near Miss,Minor or low potential impact,,11/14/2017 10:09,2017,Nov,Tue,10:09,6:00,11/15/2017 15:25,Carriageway A,MP - 262/8,Upgrading to smart motorways ,,,No,No,,,,,,,,No,,No,,Incursion due to breakdown,0,0,0,0,,
46327,Near Miss,Minor or low potential impact,,11/14/2017 10:10,2017,Nov,Tue,10:10,6:00,11/15/2017 15:32,Carriageway A,MP - 262/6,Upgrading to smart motorways ,,,No,No,,,,,,,,No,,No,,Incursion due to breakdown,0,0,0,0,,
46328,Near Miss,Minor or low potential impact,,11/14/2017 14:48,2017,Nov,Tue,14:48,12:00,11/15/2017 15:37,Carriageway A,MP - 275/4,Upgrading to smart motorways ,,,No,No,,,,,,,,No,,No,,Incursion due to breakdown,0,0,0,0,,
46329,Near Miss,Minor or low potential impact,,11/14/2017 15:14,2017,Nov,Tue,15:14,12:00,11/15/2017 15:41,Carriageway A,MP - 263/6,Upgrading to smart motorways ,,,No,No,,,,,,,,No,,No,,Incursion due to breakdown,0,0,0,0,,
46361,Near Miss,Minor or low potential impact,,11/15/2017 14:05,2017,Nov,Wed,14:05,12:00,11/16/2017 14:41,Carriageway B,MP - 263/0,Upgrading to smart motorways ,,,No,No,,,,,,,,No,,No,,Incursion due to breakdown,0,0,0,0,,
46443,Near Miss,Minor or low potential impact,,11/16/2017 7:01,2017,Nov,Thu,7:01,6:00,11/20/2017 15:03,Carriageway A,MP - 262/5,Upgrading to smart motorways ,,,No,No,,,,,,,,No,,No,,Incursion due to breakdown,0,0,0,0,,
46444,Near Miss,Minor or low potential impact,,11/16/2017 14:14,2017,Nov,Thu,14:14,12:00,11/20/2017 15:12,Carriageway A,MP - 268/6,Upgrading to smart motorways ,,,No,No,,,,,,,,No,,No,,Incursion due to breakdown,0,0,0,0,,
46453,Near Miss,Minor or low potential impact,,11/17/2017 6:30,2017,Nov,Fri,6:30,6:00,11/20/2017 15:58,Carriageway A,MP - 262/7,Upgrading to smart motorways ,,,No,No,,,,,,,,No,,No,,Incursion due to breakdown,0,0,0,0,,
46471,Personal illness or injury ,4 to 7 Day Injury,Employee,11/20/2017 10:25,2017,Nov,Mon,10:25,6:00,11/21/2017 9:16,Carriageway B,Marker Post 270/0,manual handling of equipment from a stationary trailertouch screen,Ankle/Foot,Bruising,No,No,,,,,,,,No,,No,,Hit by a moving or falling object,0,0,14,4,11/24/2017,
46476,Near Miss,Minor or low potential impact,,11/17/2017 7:37,2017,Nov,Fri,7:37,6:00,11/21/2017 9:51,Carriageway B,MP - 285/2,Upgrading to smart motorways ,,,No,No,,,,,,,,No,,No,,Incursion due to breakdown,0,0,0,0,,
46492,Near Miss,Minor or low potential impact,,11/17/2017 12:21,2017,Nov,Fri,12:21,12:00,11/21/2017 13:06,Carriageway A,MP - 261/9,Upgrading to smart motorways ,,,No,No,,,,,,,,No,,No,,Incursion due to breakdown,0,0,0,0,,
46493,Near Miss,Minor or low potential impact,,11/17/2017 13:29,2017,Nov,Fri,13:29,12:00,11/21/2017 13:21,Carriageway B,MP - 279/7,Upgrading to smart motorways ,,,No,No,,,,,,,,No,,No,,Incursion unintentional - confused or follow in,0,0,0,0,,
46495,Near Miss,Minor or low potential impact,,11/17/2017 20:52,2017,Nov,Fri,20:52,18:00,11/21/2017 13:35,Carriageway A,MP - 262/1,Upgrading to smart motorways ,,,No,No,,,,,,,,No,,No,,Incursion due to breakdown,0,0,0,0,,
46499,Near Miss,Minor or low potential impact,,11/18/2017 8:46,2017,Nov,Sat,8:46,6:00,11/21/2017 13:45,Carriageway A,MP - 267/5,Upgrading to smart motorways ,,,No,No,,,,,,,,No,,No,,Incursion due to breakdown,0,0,0,0,,
46500,Near Miss,Minor or low potential impact,,11/18/2017 10:26,2017,Nov,Sat,10:26,6:00,11/21/2017 14:00,Carriageway A,MP - 286/7,Upgrading to smart motorways ,,,No,No,,,,,,,,No,,No,,Incursion due to breakdown,0,0,0,0,,
46501,Near Miss,Minor or low potential impact,,11/18/2017 10:26,2017,Nov,Sat,10:26,6:00,11/21/2017 14:04,Carriageway A,MP - 261/4,Upgrading to smart motorways ,,,No,No,,,,,,,,No,,No,,Incursion due to breakdown,0,0,0,0,,
46503,Near Miss,Minor or low potential impact,,11/18/2017 15:41,2017,Nov,Sat,15:41,12:00,11/21/2017 14:28,Carriageway A,MP - 283/0,Upgrading to smart motorways ,,,No,No,,,,,,,,No,,No,,Incursion due to breakdown,0,0,0,0,,
46504,Near Miss,Minor or low potential impact,,11/18/2017 16:10,2017,Nov,Sat,16:10,12:00,11/21/2017 14:35,Carriageway B,MP - 261/5,Upgrading to smart motorways ,,,No,No,,,,,,,,No,,No,,Incursion due to breakdown,0,0,0,0,,
46514,Personal illness or injury ,No Lost Time Injury,Contractor,11/20/2017 16:30,2017,Nov,Mon,16:30,12:00,11/21/2017 7:00,Carriageway A,Between 272/5 and 273/5,Technology works. Fitting MCX 0164 boxes into 609 power cabinets. ,Lower arm,Cut / laceration,No,No,,,,,,,,No,,No,,Injured while handling lifting or carrying,0,0,0,0,11/21/2017,
46536,Near Miss,Minor or low potential impact,,11/19/2017 11:18,2017,Nov,Sun,11:18,6:00,11/22/2017 10:32,Carriageway A,MP - 267/7,Upgrading to smart motorways ,,,No,No,,,,,,,,No,,No,,Incursion due to breakdown,0,0,0,0,,
46537,Near Miss,Minor or low potential impact,,11/19/2017 15:45,2017,Nov,Sun,15:45,12:00,11/22/2017 10:42,Carriageway B,MP - 283/7,Upgrading to smart motorways ,,,No,No,,,,,,,,No,,No,,Incursion due to breakdown,0,0,0,0,,
46547,Near Miss,Minor or low potential impact,,11/19/2017 21:45,2017,Nov,Sun,21:45,18:00,11/22/2017 13:02,Carriageway A,MP - 260/4,Upgreading to smart motorways ,,,No,No,,,,,,,,No,,No,,Incursion due to breakdown,0,0,0,0,,
46549,Near Miss,Minor or low potential impact,,11/19/2017 21:30,2017,Nov,Sun,21:30,18:00,11/22/2017 13:10,Carriageway A,MP - 262/0,Upgrading to smart motorways ,,,No,No,,,,,,,,No,,No,,Incursion to seek information or benefit,0,0,0,0,,
46550,Near Miss,Minor or low potential impact,,11/20/2017 4:23,2017,Nov,Mon,4:23,0:00,11/22/2017 13:24,Carriageway B,MP - 268/0,Upgrading to smart motorways ,,,No,No,,,,,,,,No,,No,,Incursion due to breakdown,0,0,0,0,,
46551,Near Miss,Minor or low potential impact,,11/20/2017 6:12,2017,Nov,Mon,6:12,6:00,11/22/2017 13:28,Carriageway B,MP - 283/8,Upgrading to smart motorways ,,,No,No,,,,,,,,No,,No,,Incursion due to breakdown,0,0,0,0,,
46552,Near Miss,Minor or low potential impact,,11/20/2017 7:12,2017,Nov,Mon,7:12,6:00,11/22/2017 13:33,Carriageway A,MP - 279/3,Upgrading to smart motorways ,,,No,No,,,,,,,,No,,No,,Incursion due to breakdown,0,0,0,0,,
46554,Near Miss,Minor or low potential impact,,11/20/2017 10:08,2017,Nov,Mon,10:08,6:00,11/22/2017 13:49,Carriageway B,MP - 276/6,Upgrading to smart motorways ,,,No,No,,,,,,,,No,,No,,Incursion due to breakdown,0,0,0,0,,
46555,Near Miss,Minor or low potential impact,,11/20/2017 11:05,2017,Nov,Mon,11:05,6:00,11/22/2017 14:09,Carriageway A,MP - 286/3,Upgrading to smart motorways ,,,No,No,,,,,,,,No,,No,,Incursion due to breakdown,0,0,0,0,,
46557,Near Miss,Minor or low potential impact,,11/20/2017 13:48,2017,Nov,Mon,13:48,12:00,11/22/2017 14:16,Carriageway A,MP - 270/1,Upgrading to smart motorways ,,,No,No,,,,,,,,No,,No,,Incursion due to breakdown,0,0,0,0,,
46563,Near Miss,Minor or low potential impact,,11/21/2017 4:53,2017,Nov,Tue,4:53,0:00,11/22/2017 15:44,Carriageway A,MP - 263/3,Upgrading to smart motorways ,,,No,No,,,,,,,,No,,No,,Incursion due to breakdown,0,0,0,0,,
46564,Near Miss,Minor or low potential impact,,11/21/2017 11:52,2017,Nov,Tue,11:52,6:00,11/22/2017 15:54,Carriageway A,MP - 267/7,Upgrading to smart motorways ,,,No,No,,,,,,,,No,,No,,Incursion to seek information or benefit,0,0,0,0,,
46566,Near Miss,Minor or low potential impact,,11/21/2017 17:33,2017,Nov,Tue,17:33,12:00,11/22/2017 16:04,Carriageway B,MP - 261/8,Upgrading to smart motorways ,,,No,No,,,,,,,,No,,No,,Incursion due to breakdown,0,0,0,0,,
46583,Near Miss,Minor or low potential impact,,11/22/2017 18:21,2017,Nov,Wed,18:21,18:00,11/23/2017 10:46,Carriageway B,MP - 281/7,Upgrading to smart motorways ,,,No,No,,,,,,,,No,,No,,Incursion due to breakdown,0,0,0,0,,
46587,Near Miss,Minor or low potential impact,,11/23/2017 5:47,2017,Nov,Thu,5:47,0:00,11/23/2017 11:38,Carriageway A,MP - 272/8,Upgrading to smart motorways ,,,No,No,,,,,,,,No,,No,,Incursion due to breakdown,0,0,0,0,,
46734,Near Miss,Minor or low potential impact,,11/23/2017 8:34,2017,Nov,Thu,8:34,6:00,11/27/2017 14:28,Carriageway B,MP - 279/7,Upgrading to smart motorways ,,,No,No,,,,,,,,No,,No,,Incursion due to breakdown,0,0,0,0,,
46735,Near Miss,Minor or low potential impact,,11/23/2017 13:28,2017,Nov,Thu,13:28,12:00,11/27/2017 14:41,Carriageway A,MP - 282/3,Upgrading to smart motorways ,,,No,No,,,,,,,,No,,No,,Incursion due to breakdown,0,0,0,0,,
46736,Near Miss,Minor or low potential impact,,11/23/2017 16:42,2017,Nov,Thu,16:42,12:00,11/27/2017 14:46,Carriageway B,MP - 279/7,Upgrading to smart motorways ,,,No,No,,,,,,,,No,,No,,Incursion due to breakdown,0,0,0,0,,
46737,Near Miss,Minor or low potential impact,,11/24/2017 11:58,2017,Nov,Fri,11:58,6:00,11/27/2017 14:54,Carriageway A,MP - 262/9,Upgrading to smart motorways ,,,No,No,,,,,,,,No,,No,,Incursion due to breakdown,0,0,0,0,,
46744,Near Miss,Minor or low potential impact,,11/24/2017 11:58,2017,Nov,Fri,11:58,6:00,11/27/2017 15:15,Carriageway A,MP - 266/6,Upgrading to smart motorways ,,,No,No,,,,,,,,No,,No,,Incursion due to breakdown,0,0,0,0,,
46747,Near Miss,Minor or low potential impact,,11/24/2017 18:07,2017,Nov,Fri,18:07,18:00,11/27/2017 15:31,Carriageway B,MP - 285/6,Upgrading to smart motorways ,,,No,No,,,,,,,,No,,No,,Incursion due to breakdown,0,0,0,0,,
46750,Near Miss,Minor or low potential impact,,11/24/2017 18:27,2017,Nov,Fri,18:27,18:00,11/27/2017 15:36,Carriageway A,MP - 282/2,Upgrading to smart motorways ,,,No,No,,,,,,,,No,,No,,Incursion due to breakdown,0,0,0,0,,
46752,Near Miss,Minor or low potential impact,,11/24/2017 19:36,2017,Nov,Fri,19:36,18:00,11/27/2017 15:41,Carriageway A,MP - 284/0,Upgrading to smart motorways ,,,No,No,,,,,,,,No,,No,,Incursion due to breakdown,0,0,0,0,,
46753,Near Miss,Minor or low potential impact,,11/25/2017 9:01,2017,Nov,Sat,9:01,6:00,11/27/2017 15:59,Carriageway A,MP - 284/7,Upgrading to smart motorways ,,,No,No,,,,,,,,No,,No,,Incursion due to breakdown,0,0,0,0,,
46785,Near Miss,Minor or low potential impact,,11/25/2017 11:53,2017,Nov,Sat,11:53,6:00,11/28/2017 13:57,Carriageway A,MP - 278/3,Upgrading to smart motorways ,,,No,No,,,,,,,,No,,No,,Incursion due to breakdown,0,0,0,0,,
46786,Near Miss,Minor or low potential impact,,11/25/2017 12:50,2017,Nov,Sat,12:50,12:00,11/28/2017 14:13,Carriageway B,MP - 268/3,Upgrading to smart motorways ,,,No,No,,,,,,,,No,,No,,Incursion due to breakdown,0,0,0,0,,
46787,Near Miss,Minor or low potential impact,,11/25/2017 13:56,2017,Nov,Sat,13:56,12:00,11/28/2017 14:20,Carriageway A,MP - 271/4,Upgrading to smart motorways ,,,No,No,,,,,,,,No,,No,,Incursion due to breakdown,0,0,0,0,,
46789,Near Miss,Minor or low potential impact,,11/26/2017 12:34,2017,Nov,Sun,12:34,12:00,11/28/2017 14:35,Carriageway B,MP - 264/1,Upgrading to smart motorways ,,,No,No,,,,,,,,No,,No,,Incursion due to breakdown,0,0,0,0,,
46790,Near Miss,Minor or low potential impact,,11/26/2017 17:09,2017,Nov,Sun,17:09,12:00,11/28/2017 14:46,Carriageway A,MP - 260/4,Upgrading to smart motorways ,,,No,No,,,,,,,,No,,No,,Incursion due to breakdown,0,0,0,0,,
46791,Near Miss,Minor or low potential impact,,11/26/2017 21:30,2017,Nov,Sun,21:30,18:00,11/28/2017 14:59,Carriageway A,MP - 280/7,Upgrading to smart motorways ,,,No,No,,,,,,,,No,,No,,Incursion due to breakdown,0,0,0,0,,
46792,Near Miss,Minor or low potential impact,,11/27/2017 7:05,2017,Nov,Mon,7:05,6:00,11/28/2017 15:16,Carriageway B,MP - 279/9,Upgrading to smart motorways ,,,No,No,,,,,,,,No,,No,,Incursion due to breakdown,0,0,0,0,,
46793,Near Miss,Minor or low potential impact,,11/27/2017 19:12,2017,Nov,Mon,19:12,18:00,11/28/2017 15:23,Carriageway B,MP - 285/2,Upgrading to smart motorways ,,,No,No,,,,,,,,No,,No,,Incursion due to breakdown,0,0,0,0,,