Event ID,Event Type ,Event Subtype,Type of Person,Date/Time of Event,Year,Month,Day of the Week,Time,Time interval (6 hours),Date/Time Reported,Location,Specific Location (include RCC Log no if relevant),Details of actual job being done at the time,Part of Body Affected,Injury Type,Was there a vehicle involved in this event?,Work related,Accident Type,Vehicle Motion,Who was Hit,Weather/Visibility,Surface Condition,Roadbed Grade,Lighting Conditions,Was A Police Report Filed?,Name of Law Enforcement Agency,Preventable,Type,Kind of Event,Expected Lost Workdays (Total),Actual Lost Workdays (Total),Expected Restricted Workdays (Total),Actual Restricted Workdays (Total),Return To Work Date,Sign Off 1
46794,Near Miss,Minor or low potential impact,,11/27/2017 10:47,2017,Nov,Mon,10:47,6:00,11/28/2017 15:32,Carriageway B,MP - 267/0,Upgrading to smart motorways ,,,No,No,,,,,,,,No,,No,,Incursion due to breakdown,0,0,0,0,,
46796,Near Miss,Minor or low potential impact,,11/27/2017 13:22,2017,Nov,Mon,13:22,12:00,11/28/2017 15:42,Carriageway B,MP - 281/8,Upgrading to smart motorways ,,,No,No,,,,,,,,No,,No,,Incursion due to breakdown,0,0,0,0,,
46830,Near Miss,Minor or low potential impact,,11/27/2017 19:08,2017,Nov,Mon,19:08,18:00,11/29/2017 16:27,Carriageway A,MP - 280/0,Upgrading to smart motorways ,,,No,No,,,,,,,,No,,No,,Incursion due to breakdown,0,0,0,0,,
46837,Near Miss,Minor or low potential impact,,11/28/2017 11:30,2017,Nov,Tue,11:30,6:00,11/30/2017 9:41,Carriageway B,MP - 286/6,Upgrading to smart motorways ,,,No,No,,,,,,,,No,,No,,Incursion due to breakdown,0,0,0,0,,
46839,Near Miss,Minor or low potential impact,,11/29/2017 7:00,2017,Nov,Wed,7:00,6:00,11/30/2017 9:52,Carriageway B,MP - 286/5,Upgrading to smart motorways ,,,No,No,,,,,,,,No,,No,,Incursion due to breakdown,0,0,0,0,,
46851,Near Miss,Minor or low potential impact,,11/29/2017 14:32,2017,Nov,Wed,14:32,12:00,11/30/2017 10:33,Carriageway A,MP - 262/8,Upgrading to smart motorways ,,,No,No,,,,,,,,No,,No,,Incursion due to breakdown,0,0,0,0,,
46860,Near Miss,Minor or low potential impact,,11/29/2017 16:15,2017,Nov,Wed,16:15,12:00,11/30/2017 13:03,Carriageway A,MP - 262/8,Upgrading to smart motorways ,,,No,No,,,,,,,,No,,No,,Incursion due to breakdown,0,0,0,0,,
46861,Near Miss,Minor or low potential impact,,11/30/2017 6:31,2017,Nov,Thu,6:31,6:00,11/30/2017 13:12,Carriageway A,MP - 277/9,Upgrading to smart motorways,,,No,No,,,,,,,,No,,No,,Incursion due to breakdown,0,0,0,0,,
47007,Near Miss,Minor or low potential impact,,11/30/2017 9:23,2017,Nov,Thu,9:23,6:00,12/5/2017 13:40,Carriageway B,MP - 278/3,Upgrading to smart motorways ,,,No,No,,,,,,,,No,,No,,Incursion due to breakdown,0,0,0,0,,
47008,Near Miss,Minor or low potential impact,,11/30/2017 10:37,2017,Nov,Thu,10:37,6:00,12/5/2017 13:49,Carriageway hard shoulder,MP - 268/2,Upgrading to smart motorways ,,,No,No,,,,,,,,No,,No,,Incursion due to breakdown,0,0,0,0,,
47009,Near Miss,Minor or low potential impact,,11/30/2017 15:45,2017,Nov,Thu,15:45,12:00,12/5/2017 13:58,Carriageway A,MP - 286/0,Upgrading to smart motorways ,,,No,No,,,,,,,,No,,No,,Incursion due to breakdown,0,0,0,0,,
47010,Near Miss,Minor or low potential impact,,11/30/2017 21:00,2017,Nov,Thu,21:00,18:00,12/5/2017 14:05,Carriageway A,MP - 274/3,Upgrading to smart motorways ,,,No,No,,,,,,,,No,,No,,Incursion due to breakdown,0,0,0,0,,
47013,Near Miss,Minor or low potential impact,,12/1/2017 6:00,2017,Dec,Fri,6:00,6:00,12/5/2017 15:13,Carriageway A,MP - 286/7,Upgrading to smart motorways ,,,No,No,,,,,,,,No,,No,,Incursion due to breakdown,0,0,0,0,,
47014,Near Miss,Minor or low potential impact,,12/1/2017 19:26,2017,Dec,Fri,19:26,18:00,12/5/2017 15:23,Carriageway B,MP - 262/1,Upgrading to smart motorways ,,,No,No,,,,,,,,No,,No,,Incursion due to breakdown,0,0,0,0,,
47016,Near Miss,Minor or low potential impact,,12/1/2017 23:09,2017,Dec,Fri,23:09,18:00,12/5/2017 15:32,Carriageway B,MP - 274/4,Upgrading to smart motorways ,,,No,No,,,,,,,,No,,No,,Incursion due to breakdown,0,0,0,0,,
47017,Near Miss,Minor or low potential impact,,12/2/2017 11:23,2017,Dec,Sat,11:23,6:00,12/5/2017 15:52,Carriageway B,MP - 283/3,Upgrading to smart motorways ,,,No,No,,,,,,,,No,,No,,Incursion due to breakdown,0,0,0,0,,
47041,Near Miss,Minor or low potential impact,,12/2/2017 16:44,2017,Dec,Sat,16:44,12:00,12/6/2017 13:24,Carriageway B,MP - 265/0,Upgrading to smart motorways ,,,No,No,,,,,,,,No,,No,,Incursion due to breakdown,0,0,0,0,,
47042,Near Miss,Minor or low potential impact,,12/3/2017 2:41,2017,Dec,Sun,2:41,0:00,12/6/2017 13:29,Carriageway A,MP - 284/1,Upgrading to smart motorways ,,,No,No,,,,,,,,No,,No,,Incursion due to breakdown,0,0,0,0,,
47043,Near Miss,Minor or low potential impact,,12/3/2017 10:06,2017,Dec,Sun,10:06,6:00,12/6/2017 13:37,Carriageway B,MP - 285/5,Upgrading to smart motorways ,,,No,No,,,,,,,,No,,No,,Incursion due to breakdown,0,0,0,0,,
47044,Near Miss,Minor or low potential impact,,12/3/2017 17:55,2017,Dec,Sun,17:55,12:00,12/6/2017 13:43,Carriageway A,MP - 262/4,Upgrading to smart motorways ,,,No,No,,,,,,,,No,,No,,Incursion due to breakdown,0,0,0,0,,
47046,Near Miss,Minor or low potential impact,,12/4/2017 0:20,2017,Dec,Mon,0:20,0:00,12/6/2017 13:56,Carriageway A,MP - 266/5,Upgrading to smart motorways ,,,No,No,,,,,,,,No,,No,,Incursion due to breakdown,0,0,0,0,,
47049,Near Miss,Minor or low potential impact,,12/4/2017 10:25,2017,Dec,Mon,10:25,6:00,12/6/2017 14:06,Carriageway B,MP - 264/4,Upgrading to smart motorways ,,,No,No,,,,,,,,No,,No,,Incursion due to breakdown,0,0,0,0,,
47053,Near Miss,Minor or low potential impact,,12/4/2017 11:11,2017,Dec,Mon,11:11,6:00,12/6/2017 14:20,Carriageway A,MP - 265/0,Upgrading to smart motorways ,,,No,No,,,,,,,,No,,No,,Incursion due to breakdown,0,0,0,0,,
47054,Near Miss,Minor or low potential impact,,12/4/2017 15:11,2017,Dec,Mon,15:11,12:00,12/6/2017 14:35,Carriageway A,MP - 281/7,Upgrading to smart motorways ,,,No,No,,,,,,,,No,,No,,Incursion due to breakdown,0,0,0,0,,
47055,Near Miss,Minor or low potential impact,,12/4/2017 21:00,2017,Dec,Mon,21:00,18:00,12/6/2017 14:40,Carriageway A,MP - 285/4,Upgrading to smart motorways ,,,No,No,,,,,,,,No,,No,,Incursion due to breakdown,0,0,0,0,,
47056,Near Miss,Minor or low potential impact,,12/5/2017 7:04,2017,Dec,Tue,7:04,6:00,12/6/2017 15:29,Carriageway B,MP - 284/0,Upgrading to smart motorways ,,,No,No,,,,,,,,No,,No,,Incursion due to breakdown,0,0,0,0,,
47058,Near Miss,Minor or low potential impact,,12/5/2017 11:34,2017,Dec,Tue,11:34,6:00,12/6/2017 15:33,Carriageway A,MP - 281/6,Upgrading to smart motorways ,,,No,No,,,,,,,,No,,No,,Incursion due to breakdown,0,0,0,0,,
47059,Near Miss,Minor or low potential impact,,12/5/2017 13:28,2017,Dec,Tue,13:28,12:00,12/6/2017 15:38,Carriageway A,MP - 284/8,Upgrading to smart motorways ,,,No,No,,,,,,,,No,,No,,Incursion due to breakdown,0,0,0,0,,
47077,Near Miss,Minor or low potential impact,,12/5/2017 14:23,2017,Dec,Tue,14:23,12:00,12/7/2017 12:48,Carriageway A,MP - 261/6,Upgrading to smart motorways ,,,No,No,,,,,,,,No,,No,,Incursion due to breakdown,0,0,0,0,,
47078,Near Miss,Minor or low potential impact,,12/5/2017 18:08,2017,Dec,Tue,18:08,18:00,12/7/2017 12:52,Carriageway A,MP - 281/5,Upgrading to smart motorways ,,,No,No,,,,,,,,No,,No,,Incursion due to breakdown,0,0,0,0,,
47079,Near Miss,Minor or low potential impact,,12/5/2017 18:46,2017,Dec,Tue,18:46,18:00,12/7/2017 12:57,Carriageway A,MP - 283/1,Upgrading to smart motorways ,,,No,No,,,,,,,,No,,No,,Incursion to seek information or benefit,0,0,0,0,,
47080,Near Miss,Minor or low potential impact,,12/5/2017 20:21,2017,Dec,Tue,20:21,18:00,12/7/2017 13:01,Carriageway A,MP - 290/3,Upgrading to smart motorways ,,,No,No,,,,,,,,No,,No,,Incursion due to breakdown,0,0,0,0,,
47081,Near Miss,Minor or low potential impact,,12/6/2017 14:18,2017,Dec,Wed,14:18,12:00,12/7/2017 13:06,Carriageway A,MP - 282/6,Upgrading to smart motorways ,,,No,No,,,,,,,,No,,No,,Incursion due to breakdown,0,0,0,0,,
47082,Near Miss,Minor or low potential impact,,12/6/2017 18:19,2017,Dec,Wed,18:19,18:00,12/7/2017 13:11,Carriageway hard shoulder,MP - 280/9,Upgrading to smart motorways ,,,No,No,,,,,,,,No,,No,,Incursion due to breakdown,0,0,0,0,,
47151,Near Miss,Minor or low potential impact,,12/6/2017 18:23,2017,Dec,Wed,18:23,18:00,12/11/2017 10:56,Carriageway A,MP - 281/5,Upgrading to smart motorways ,,,No,No,,,,,,,,No,,No,,Incursion due to breakdown,0,0,0,0,,
47152,Near Miss,Minor or low potential impact,,12/7/2017 0:25,2017,Dec,Thu,0:25,0:00,12/11/2017 11:00,Carriageway B,MP - 286/6,Upgrading to smart motorways ,,,No,No,,,,,,,,No,,No,,Incursion due to breakdown,0,0,0,0,,
47171,Near Miss,Minor or low potential impact,,12/7/2017 7:00,2017,Dec,Thu,7:00,6:00,12/11/2017 13:38,Carriageway B,MP - 264/1,Upgrading to smart motorways ,,,No,No,,,,,,,,No,,No,,Incursion due to breakdown,0,0,0,0,,
47172,Near Miss,Minor or low potential impact,,12/7/2017 10:17,2017,Dec,Thu,10:17,6:00,12/11/2017 13:43,Carriageway B,MP - 269/0,Upgrading to smart motorways ,,,No,No,,,,,,,,No,,No,,Incursion due to breakdown,0,0,0,0,,
47173,Near Miss,Minor or low potential impact,,12/7/2017 11:51,2017,Dec,Thu,11:51,6:00,12/11/2017 13:48,Carriageway A,MP - 268/4,Upgrading to smart motorways ,,,No,No,,,,,,,,No,,No,,Incursion due to breakdown,0,0,0,0,,
47174,Near Miss,Minor or low potential impact,,12/7/2017 13:50,2017,Dec,Thu,13:50,12:00,12/11/2017 13:52,Carriageway B,MP - 282/9,Upgrading to smart motorways ,,,No,No,,,,,,,,No,,No,,Incursion due to breakdown,0,0,0,0,,
47175,Near Miss,Minor or low potential impact,,12/7/2017 14:54,2017,Dec,Thu,14:54,12:00,12/11/2017 13:59,Carriageway B,MP - 264/2,Upgrading to smart motorways ,,,No,No,,,,,,,,No,,No,,Incursion due to breakdown,0,0,0,0,,
47176,Near Miss,Minor or low potential impact,,12/7/2017 17:40,2017,Dec,Thu,17:40,12:00,12/11/2017 14:15,Carriageway B,MP - 286/5,Upgrading to smart motorways ,,,No,No,,,,,,,,No,,No,,Incursion due to breakdown,0,0,0,0,,
47177,Near Miss,Minor or low potential impact,,12/7/2017 23:18,2017,Dec,Thu,23:18,18:00,12/11/2017 14:23,Carriageway A,MP - 265/2,Upgrading to smart motorways ,,,No,No,,,,,,,,No,,No,,Incursion due to breakdown,0,0,0,0,,
47178,Near Miss,Minor or low potential impact,,12/8/2017 8:33,2017,Dec,Fri,8:33,6:00,12/11/2017 14:54,Carriageway A,MP - 274/2,Upgrading to smart motorways ,,,No,No,,,,,,,,No,,No,,Incursion due to breakdown,0,0,0,0,,
47180,Near Miss,Minor or low potential impact,,12/8/2017 10:01,2017,Dec,Fri,10:01,6:00,12/11/2017 14:59,Carriageway A,MP - 284/1,Upgrading to smart motorways ,,,No,No,,,,,,,,No,,No,,Incursion due to breakdown,0,0,0,0,,
47181,Near Miss,Minor or low potential impact,,12/8/2017 10:27,2017,Dec,Fri,10:27,6:00,12/11/2017 15:05,Carriageway B,MP - 262/3,Upgrading to smart motorways ,,,No,No,,,,,,,,No,,No,,Incursion due to breakdown,0,0,0,0,,
47182,Near Miss,Minor or low potential impact,,12/8/2017 11:04,2017,Dec,Fri,11:04,6:00,12/11/2017 15:19,Carriageway B,MP - 264/5,Upgrading to smart motorways ,,,No,No,,,,,,,,No,,No,,Incursion due to breakdown,0,0,0,0,,
47183,Near Miss,Minor or low potential impact,,12/8/2017 12:13,2017,Dec,Fri,12:13,12:00,12/11/2017 15:46,Carriageway A,MP - 268/2,Upgrading to smart motorways ,,,No,No,,,,,,,,No,,No,,Incursion due to breakdown,0,0,0,0,,
47184,Near Miss,Minor or low potential impact,,12/8/2017 15:04,2017,Dec,Fri,15:04,12:00,12/11/2017 15:50,Carriageway B,MP - 283/8,Upgrading to smart motorways ,,,No,No,,,,,,,,No,,No,,Incursion due to breakdown,0,0,0,0,,
47185,Near Miss,Minor or low potential impact,,12/8/2017 15:49,2017,Dec,Fri,15:49,12:00,12/11/2017 15:58,Carriageway B,MP - 278/3,Upgrading to smart motorways ,,,No,No,,,,,,,,No,,No,,Incursion due to breakdown,0,0,0,0,,
47200,Near Miss,Minor or low potential impact,,12/9/2017 13:57,2017,Dec,Sat,13:57,12:00,12/12/2017 13:04,Carriageway A,MP - 283/6,Upgrading to smart motorways ,,,No,No,,,,,,,,No,,No,,Incursion to seek information or benefit,0,0,0,0,,
47201,Near Miss,Minor or low potential impact,,12/9/2017 14:19,2017,Dec,Sat,14:19,12:00,12/12/2017 13:12,Carriageway B,MP - 287/4,Upgrading to smart motorways ,,,No,No,,,,,,,,No,,No,,Incursion due to breakdown,0,0,0,0,,
47202,Near Miss,Minor or low potential impact,,12/9/2017 16:43,2017,Dec,Sat,16:43,12:00,12/12/2017 13:17,Carriageway A,MP - 284/7,Upgrading to smart motorways ,,,No,No,,,,,,,,No,,No,,Incursion due to breakdown,0,0,0,0,,
47203,Near Miss,Minor or low potential impact,,12/9/2017 22:21,2017,Dec,Sat,22:21,18:00,12/12/2017 13:22,Carriageway B,MP - 264/1,Upgrading to smart motorways ,,,No,No,,,,,,,,No,,No,,Incursion due to breakdown,0,0,0,0,,
47205,Near Miss,Minor or low potential impact,,12/9/2017 22:35,2017,Dec,Sat,22:35,18:00,12/12/2017 13:29,Carriageway B,MP - 279/8,Upgrading to smart motorways ,,,No,No,,,,,,,,No,,No,,Incursion due to breakdown,0,0,0,0,,
47210,Near Miss,Minor or low potential impact,,12/10/2017 14:26,2017,Dec,Sun,14:26,12:00,12/12/2017 13:51,Carriageway B,MP - 261/2,Upgrading to smart motorways ,,,No,No,,,,,,,,No,,No,,Incursion due to breakdown,0,0,0,0,,
47211,Near Miss,Minor or low potential impact,,12/10/2017 19:30,2017,Dec,Sun,19:30,18:00,12/12/2017 13:58,Carriageway B,MP - 266/9,Upgrading to smart motorways ,,,No,No,,,,,,,,No,,No,,Incursion due to breakdown,0,0,0,0,,
47213,Near Miss,Minor or low potential impact,,12/10/2017 20:29,2017,Dec,Sun,20:29,18:00,12/12/2017 14:06,Carriageway B,MP - 283/6,Upgrading to smart motorways ,,,No,No,,,,,,,,No,,No,,Incursion due to breakdown,0,0,0,0,,
47215,Near Miss,Minor or low potential impact,,12/10/2017 21:35,2017,Dec,Sun,21:35,18:00,12/12/2017 14:14,Carriageway B,MP - 265/8,Upgrading to smart motorways ,,,No,No,,,,,,,,No,,No,,Incursion due to breakdown,0,0,0,0,,
47216,Near Miss,Minor or low potential impact,,12/10/2017 22:03,2017,Dec,Sun,22:03,18:00,12/12/2017 14:42,Carriageway B,MP - 264/5,Upgrading to smart motorways ,,,No,No,,,,,,,,No,,No,,Incursion due to breakdown,0,0,0,0,,
47217,Near Miss,Minor or low potential impact,,12/11/2017 6:48,2017,Dec,Mon,6:48,6:00,12/12/2017 14:47,Carriageway A,MP - 268/3,Upgrading to smart motorways ,,,No,No,,,,,,,,No,,No,,Incursion due to breakdown,0,0,0,0,,
47233,Near Miss,Minor or low potential impact,,12/11/2017 14:42,2017,Dec,Mon,14:42,12:00,12/13/2017 11:22,Carriageway A,MP - 266/5,Upgrading to smart motorways ,,,No,No,,,,,,,,No,,No,,Incursion due to breakdown,0,0,0,0,,
47235,Near Miss,Minor or low potential impact,,12/11/2017 14:43,2017,Dec,Mon,14:43,12:00,12/13/2017 11:39,Carriageway B,MP - 261/2,Upgrading to smart motorways ,,,No,No,,,,,,,,No,,No,,Incursion due to breakdown,0,0,0,0,,
47239,Near Miss,Minor or low potential impact,,12/11/2017 16:13,2017,Dec,Mon,16:13,12:00,12/13/2017 13:14,Carriageway A,MP - 263/3,Upgrading to smart motorways ,,,No,No,,,,,,,,No,,No,,Incursion unintentional as result of accident,0,0,0,0,,
47240,Near Miss,Minor or low potential impact,,12/11/2017 16:58,2017,Dec,Mon,16:58,12:00,12/13/2017 13:20,Carriageway A,MP - 268/2,Upgrading to smart motorways ,,,No,No,,,,,,,,No,,No,,Incursion unintentional as result of accident,0,0,0,0,,
47242,Near Miss,Minor or low potential impact,,12/11/2017 17:18,2017,Dec,Mon,17:18,12:00,12/13/2017 13:40,Carriageway B,MP - 261/6,Upgrading to smart motorways,,,No,No,,,,,,,,No,,No,,Incursion due to breakdown,0,0,0,0,,
47243,Near Miss,Minor or low potential impact,,12/11/2017 19:16,2017,Dec,Mon,19:16,18:00,12/13/2017 13:53,Carriageway B,MP - 264/8,Upgrading to smart motorways ,,,No,No,,,,,,,,No,,No,,Incursion due to breakdown,0,0,0,0,,
47245,Near Miss,Minor or low potential impact,,12/11/2017 23:30,2017,Dec,Mon,23:30,18:00,12/13/2017 14:10,Carriageway A,MP - 266/9,Upgrading to smart motorways ,,,No,No,,,,,,,,No,,No,,Incursion due to breakdown,0,0,0,0,,
48232,Near Miss,Minor or low potential impact,,12/12/2017 7:20,2017,Dec,Tue,7:20,6:00,12/14/2017 10:15,Carriageway A,MP - 271/3,Upgrading to smart motorways,,,No,No,,,,,,,,No,,No,,Incursion unintentional as result of accident,0,0,0,0,,
48233,Near Miss,Minor or low potential impact,,12/12/2017 14:01,2017,Dec,Tue,14:01,12:00,12/14/2017 10:22,Carriageway B,MP - 270/2,Upgrading to smart motorways ,,,No,No,,,,,,,,No,,No,,Incursion unintentional as result of accident,0,0,0,0,,
48234,Near Miss,Minor or low potential impact,,12/13/2017 19:56,2017,Dec,Wed,19:56,18:00,12/14/2017 10:33,Carriageway B,MP - 261/4,Upgrading to smart motorways ,,,No,No,,,,,,,,No,,No,,Incursion due to breakdown,0,0,0,0,,
48235,Near Miss,Minor or low potential impact,,12/13/2017 7:24,2017,Dec,Wed,7:24,6:00,12/14/2017 10:55,Carriageway B,MP - 261/6,Upgrading to smart motorways ,,,No,No,,,,,,,,No,,No,,Incursion due to breakdown,0,0,0,0,,
48251,Near Miss,Minor or low potential impact,,12/13/2017 11:27,2017,Dec,Wed,11:27,6:00,12/14/2017 13:17,Carriageway B,MP - 274/3,Upgrading to smart motorways,,,No,No,,,,,,,,No,,No,,Incursion due to breakdown,0,0,0,0,,
48252,Near Miss,Minor or low potential impact,,12/13/2017 13:35,2017,Dec,Wed,13:35,12:00,12/14/2017 13:23,Carriageway A,MP - 271/3,Upgrading to smart motorways ,,,No,No,,,,,,,,No,,No,,Incursion due to breakdown,0,0,0,0,,
48253,Near Miss,Minor or low potential impact,,12/13/2017 15:32,2017,Dec,Wed,15:32,12:00,12/14/2017 13:29,Carriageway B,MP - 261/7,Upgrading to smart motorways ,,,No,No,,,,,,,,No,,No,,Incursion due to breakdown,0,0,0,0,,
48255,Near Miss,Minor or low potential impact,,12/13/2017 16:10,2017,Dec,Wed,16:10,12:00,12/14/2017 13:37,Carriageway A,MP - 264/4,Upgrading to smart motorways ,,,No,No,,,,,,,,No,,No,,Incursion due to breakdown,0,0,0,0,,
48393,Near Miss,Minor or low potential impact,,12/13/2017 17:33,2017,Dec,Wed,17:33,12:00,12/18/2017 13:10,Carriageway B,MP - 266/0,Upgrading to smart motorways ,,,No,No,,,,,,,,No,,No,,Incursion due to breakdown,0,0,0,0,,
48394,Near Miss,Minor or low potential impact,,12/13/2017 19:05,2017,Dec,Wed,19:05,18:00,12/18/2017 13:16,Carriageway B,MP - 291/1,Upgrading to smart motorways ,,,No,No,,,,,,,,No,,No,,Incursion due to breakdown,0,0,0,0,,
48397,Near Miss,Minor or low potential impact,,12/14/2017 5:35,2017,Dec,Thu,5:35,0:00,12/18/2017 13:55,Carriageway B,MP - 286/7,Upgrading to smart motorways ,,,No,No,,,,,,,,No,,No,,Incursion due to breakdown,0,0,0,0,,
48398,Near Miss,Minor or low potential impact,,12/14/2017 7:58,2017,Dec,Thu,7:58,6:00,12/18/2017 14:08,Carriageway B,MP - 265/1,Upgrading to smart motorways ,,,No,No,,,,,,,,No,,No,,Incursion due to breakdown,0,0,0,0,,
48399,Near Miss,Minor or low potential impact,,12/14/2017 8:04,2017,Dec,Thu,8:04,6:00,12/18/2017 14:15,Carriageway A,MP - 284/1,Upgrading to smart motorways ,,,No,No,,,,,,,,No,,No,,Incursion unintentional as result of accident,0,0,0,0,,
48400,Near Miss,Minor or low potential impact,,12/14/2017 8:36,2017,Dec,Thu,8:36,6:00,12/18/2017 14:28,Carriageway B,MP - 263/3,Upgrading to smart motorways,,,No,No,,,,,,,,No,,No,,Incursion due to breakdown,0,0,0,0,,
48401,Near Miss,Minor or low potential impact,,12/14/2017 12:14,2017,Dec,Thu,12:14,12:00,12/18/2017 14:37,Carriageway A,MP - 271/4,Upgrading to smart motorways ,,,No,No,,,,,,,,No,,No,,Incursion unintentional as result of accident,0,0,0,0,,
48403,Near Miss,Minor or low potential impact,,12/14/2017 15:05,2017,Dec,Thu,15:05,12:00,12/18/2017 14:50,Carriageway B,MP - 261/8,Upgrading to smart motorways ,,,No,No,,,,,,,,No,,No,,Incursion due to breakdown,0,0,0,0,,
48404,Near Miss,Minor or low potential impact,,12/14/2017 15:56,2017,Dec,Thu,15:56,12:00,12/18/2017 14:56,Carriageway B,MP - 283/0,Upgrading to smart motorways ,,,No,No,,,,,,,,No,,No,,Incursion due to breakdown,0,0,0,0,,
48405,Near Miss,Minor or low potential impact,,12/14/2017 16:51,2017,Dec,Thu,16:51,12:00,12/18/2017 15:02,Carriageway B,MP - 283/8,Upgrading to smart motorways ,,,No,No,,,,,,,,No,,No,,Incursion to seek information or benefit,0,0,0,0,,
48406,Near Miss,Minor or low potential impact,,12/14/2017 17:54,2017,Dec,Thu,17:54,12:00,12/18/2017 15:18,Carriageway B,MP - 264/1,Upgrading to smart motorways ,,,No,No,,,,,,,,No,,No,,Incursion due to breakdown,0,0,0,0,,
48439,Near Miss,Minor or low potential impact,,12/14/2017 18:09,2017,Dec,Thu,18:09,18:00,12/19/2017 13:18,Carriageway B,MP - 266/7,Upgrading to smart motorways ,,,No,No,,,,,,,,No,,No,,Incursion due to breakdown,0,0,0,0,,
48441,Near Miss,Minor or low potential impact,,12/14/2017 18:16,2017,Dec,Thu,18:16,18:00,12/19/2017 13:22,Carriageway B,MP - 266/7,Upgrading to smart motorways ,,,No,No,,,,,,,,No,,No,,Incursion due to breakdown,0,0,0,0,,
48442,Near Miss,Minor or low potential impact,,12/14/2017 19:20,2017,Dec,Thu,19:20,18:00,12/19/2017 13:29,Carriageway B,MP - 267/5,Upgrading to smart motorways ,,,No,No,,,,,,,,No,,No,,Incursion due to breakdown,0,0,0,0,,
48443,Near Miss,Minor or low potential impact,,12/14/2017 20:57,2017,Dec,Thu,20:57,18:00,12/19/2017 13:34,Carriageway B,MP - 266/5,Upgrading to smart motorways ,,,No,No,,,,,,,,No,,No,,Incursion due to breakdown,0,0,0,0,,
48444,Near Miss,Minor or low potential impact,,12/14/2017 21:48,2017,Dec,Thu,21:48,18:00,12/19/2017 13:40,Carriageway A,MP - 285/4,Upgrading to smart motorways ,,,No,No,,,,,,,,No,,No,,Incursion due to breakdown,0,0,0,0,,
48445,Near Miss,Minor or low potential impact,,12/15/2017 4:36,2017,Dec,Fri,4:36,0:00,12/19/2017 13:45,Carriageway B,MP - 264/5,MP - 264/5,,,No,No,,,,,,,,No,,No,,Incursion due to breakdown,0,0,0,0,,
48449,Near Miss,Minor or low potential impact,,12/15/2017 9:29,2017,Dec,Fri,9:29,6:00,12/19/2017 13:55,Carriageway A,MP - 263/3,Upgrading to smart motorways,,,No,No,,,,,,,,No,,No,,Incursion due to breakdown,0,0,0,0,,
48450,Near Miss,Minor or low potential impact,,12/15/2017 11:49,2017,Dec,Fri,11:49,6:00,12/19/2017 14:00,Carriageway A,Upgrading to smart motorways ,Upgrading to smart motorways ,,,No,No,,,,,,,,No,,No,,Incursion due to breakdown,0,0,0,0,,
48451,Near Miss,Minor or low potential impact,,12/15/2017 14:20,2017,Dec,Fri,14:20,12:00,12/19/2017 14:04,Carriageway A,MP - 272/7,Upgrading to smart motorways ,,,No,No,,,,,,,,No,,No,,Incursion unintentional - confused or follow in,0,0,0,0,,
48452,Near Miss,Minor or low potential impact,,12/15/2017 14:50,2017,Dec,Fri,14:50,12:00,12/19/2017 14:08,Carriageway B,MP - 286/0,Upgrading to smart motorways ,,,No,No,,,,,,,,No,,No,,Incursion due to breakdown,0,0,0,0,,
48453,Near Miss,Minor or low potential impact,,12/15/2017 15:36,2017,Dec,Fri,15:36,12:00,12/19/2017 14:13,Carriageway A,MP - 280/0,Upgrading to smart motorways ,,,No,No,,,,,,,,No,,No,,Incursion due to breakdown,0,0,0,0,,
48454,Near Miss,Minor or low potential impact,,12/15/2017 16:45,2017,Dec,Fri,16:45,12:00,12/19/2017 14:28,Carriageway A,MP - 262/5,Upgrading to smart motorways ,,,No,No,,,,,,,,No,,No,,Incursion due to breakdown,0,0,0,0,,
48455,Near Miss,Minor or low potential impact,,12/15/2017 23:03,2017,Dec,Fri,23:03,18:00,12/19/2017 14:35,Carriageway B,MP - 266/5,Upgrading to smart motorways ,,,No,No,,,,,,,,No,,No,,Incursion due to breakdown,0,0,0,0,,
48456,Near Miss,Minor or low potential impact,,12/15/2017 23:42,2017,Dec,Fri,23:42,18:00,12/19/2017 14:42,Carriageway B,MP - 278/5,Upgrading to smart motorways ,,,No,No,,,,,,,,No,,No,,Incursion due to breakdown,0,0,0,0,,
48457,Near Miss,Minor or low potential impact,,12/16/2017 0:16,2017,Dec,Sat,0:16,0:00,12/19/2017 14:49,Carriageway B,MP - 268/2,Upgrading to smart motorways ,,,No,No,,,,,,,,No,,No,,Incursion unintentional as result of accident,0,0,0,0,,
48458,Near Miss,Minor or low potential impact,,12/16/2017 1:21,2017,Dec,Sat,1:21,0:00,12/19/2017 14:54,Carriageway A,MP - 281/4,Upgrading to smart motorways ,,,No,No,,,,,,,,No,,No,,Incursion due to breakdown,0,0,0,0,,
48460,Near Miss,Minor or low potential impact,,12/16/2017 10:36,2017,Dec,Sat,10:36,6:00,12/19/2017 15:20,Carriageway B,MP - 274/4,Upgrading to smart motorways ,,,No,No,,,,,,,,No,,No,,Incursion unintentional - confused or follow in,0,0,0,0,,
48461,Near Miss,Minor or low potential impact,,12/16/2017 10:54,2017,Dec,Sat,10:54,6:00,12/19/2017 15:25,Carriageway B,MP - 287/3,Upgrading to smart motorways ,,,No,No,,,,,,,,No,,No,,Incursion due to breakdown,0,0,0,0,,
48462,Near Miss,Minor or low potential impact,,12/16/2017 15:54,2017,Dec,Sat,15:54,12:00,12/19/2017 15:30,Carriageway A,MP - 262/5,Upgrading to smart motorways ,,,No,No,,,,,,,,No,,No,,Incursion due to breakdown,0,0,0,0,,