Event ID,Event Type ,Event Subtype,Type of Person,Date/Time of Event,Year,Month,Day of the Week,Time,Time interval (6 hours),Date/Time Reported,Location,Specific Location (include RCC Log no if relevant),Details of actual job being done at the time,Part of Body Affected,Injury Type,Was there a vehicle involved in this event?,Work related,Accident Type,Vehicle Motion,Who was Hit,Weather/Visibility,Surface Condition,Roadbed Grade,Lighting Conditions,Was A Police Report Filed?,Name of Law Enforcement Agency,Preventable,Type,Kind of Event,Expected Lost Workdays (Total),Actual Lost Workdays (Total),Expected Restricted Workdays (Total),Actual Restricted Workdays (Total),Return To Work Date,Sign Off 1
48463,Near Miss,Minor or low potential impact,,12/16/2017 18:36,2017,Dec,Sat,18:36,18:00,12/19/2017 15:36,Carriageway A,MP - 287/5,Upgrading to smart motorways ,,,No,No,,,,,,,,No,,No,,Incursion due to breakdown,0,0,0,0,,
48464,Near Miss,Minor or low potential impact,,12/17/2017 0:54,2017,Dec,Sun,0:54,0:00,12/19/2017 15:42,Carriageway B,MP - 274/2,Upgrading to smart motorways ,,,No,No,,,,,,,,No,,No,,Incursion due to breakdown,0,0,0,0,,
48489,Near Miss,Minor or low potential impact,,12/17/2017 8:50,2017,Dec,Sun,8:50,6:00,12/20/2017 9:20,Carriageway A,MP - 267/5,Upgrading to smart motorways ,,,No,No,,,,,,,,No,,No,,Incursion due to breakdown,0,0,0,0,,
48490,Near Miss,Minor or low potential impact,,12/17/2017 10:16,2017,Dec,Sun,10:16,6:00,12/20/2017 9:26,Carriageway B,MP - 265/9,Upgrading to smart motorways ,,,No,No,,,,,,,,No,,No,,Incursion due to breakdown,0,0,0,0,,
48491,Near Miss,Minor or low potential impact,,12/17/2017 11:17,2017,Dec,Sun,11:17,6:00,12/20/2017 9:30,Carriageway A,MP - 286/8,Upgrading to smart motorways ,,,No,No,,,,,,,,No,,No,,Incursion due to breakdown,0,0,0,0,,
48492,Near Miss,Minor or low potential impact,,12/17/2017 13:06,2017,Dec,Sun,13:06,12:00,12/20/2017 9:40,Carriageway A,MP - 286/7,Upgrading to smart motorways ,,,No,No,,,,,,,,No,,No,,Incursion due to breakdown,0,0,0,0,,
48494,Near Miss,Minor or low potential impact,,12/18/2017 7:30,2017,Dec,Mon,7:30,6:00,12/20/2017 9:56,Carriageway A,MP - 282/6,Upgrading to smart motorways ,,,No,No,,,,,,,,No,,No,,Incursion due to breakdown,0,0,0,0,,
48495,Near Miss,Minor or low potential impact,,12/18/2017 12:10,2017,Dec,Mon,12:10,12:00,12/20/2017 10:01,Carriageway B,MP - 278/3,Upgrading to smart motorways ,,,No,No,,,,,,,,No,,No,,Incursion due to breakdown,0,0,0,0,,
48496,Near Miss,Minor or low potential impact,,12/18/2017 14:46,2017,Dec,Mon,14:46,12:00,12/20/2017 10:07,Carriageway B,MP - 261/6,Upgrading to smart motorways ,,,No,No,,,,,,,,No,,No,,Incursion due to breakdown,0,0,0,0,,
48497,Near Miss,Minor or low potential impact,,12/18/2017 16:58,2017,Dec,Mon,16:58,12:00,12/20/2017 10:13,Carriageway B,MP - 270/2,Upgrading to smart motorways ,,,No,No,,,,,,,,No,,No,,Incursion unintentional as result of accident,0,0,0,0,,
48499,Near Miss,Minor or low potential impact,,12/18/2017 17:52,2017,Dec,Mon,17:52,12:00,12/20/2017 10:18,Carriageway B,MP - 274/4,Upgrading to smart motorways ,,,No,No,,,,,,,,No,,No,,Incursion due to breakdown,0,0,0,0,,
48505,Near Miss,Minor or low potential impact,,12/19/2017 12:53,2017,Dec,Tue,12:53,12:00,12/20/2017 11:27,Carriageway A,MP - 278/4,Upgrading to smart motorways ,,,No,No,,,,,,,,No,,No,,Incursion due to breakdown,0,0,0,0,,
48506,Near Miss,Minor or low potential impact,,12/19/2017 13:12,2017,Dec,Tue,13:12,12:00,12/20/2017 11:31,Carriageway B,MP - 269/5,Upgrading to smart motorways ,,,No,No,,,,,,,,No,,No,,Incursion due to breakdown,0,0,0,0,,
48507,Near Miss,Minor or low potential impact,,12/19/2017 13:34,2017,Dec,Tue,13:34,12:00,12/20/2017 11:37,Carriageway B,MP - 264/1,Upgrading to smart motorways ,,,No,No,,,,,,,,No,,No,,Incursion due to breakdown,0,0,0,0,,
48508,Near Miss,Minor or low potential impact,,12/19/2017 14:27,2017,Dec,Tue,14:27,12:00,12/20/2017 11:43,Carriageway B,MP - 261/3,Upgrading to smart motorways ,,,No,No,,,,,,,,No,,No,,Incursion unintentional as result of accident,0,0,0,0,,
48511,Near Miss,Minor or low potential impact,,12/19/2017 14:31,2017,Dec,Tue,14:31,12:00,12/20/2017 12:35,Carriageway A,MP - 284/8,Upgrading to smart motorways,,,No,No,,,,,,,,No,,No,,Incursion due to breakdown,0,0,0,0,,
48512,Near Miss,Minor or low potential impact,,12/19/2017 15:00,2017,Dec,Tue,15:00,12:00,12/20/2017 12:43,Carriageway A,MP - 260/4,Upgrading to smart motorways ,,,No,No,,,,,,,,No,,No,,Incursion due to breakdown,0,0,0,0,,
48513,Near Miss,Minor or low potential impact,,12/19/2017 15:15,2017,Dec,Tue,15:15,12:00,12/20/2017 12:50,Carriageway B,MP - 285/6,Upgrading to smart motorways ,,,No,No,,,,,,,,No,,No,,Incursion due to breakdown,0,0,0,0,,
48514,Near Miss,Minor or low potential impact,,12/19/2017 16:11,2017,Dec,Tue,16:11,12:00,12/20/2017 12:55,Carriageway B,Upgrading to smart motorways ,Upgrading to smart motorways ,,,No,No,,,,,,,,No,,No,,Incursion due to breakdown,0,0,0,0,,
48515,Near Miss,Minor or low potential impact,,12/19/2017 20:31,2017,Dec,Tue,20:31,18:00,12/20/2017 13:00,Carriageway A,MP - 263/5,Upgrading to smart motorways ,,,No,No,,,,,,,,No,,No,,Incursion due to breakdown,0,0,0,0,,
48516,Near Miss,Minor or low potential impact,,12/19/2017 22:53,2017,Dec,Tue,22:53,18:00,12/20/2017 13:08,Carriageway A,MP - 284/7,Upgrading to smart motorways ,,,No,No,,,,,,,,No,,No,,Incursion due to breakdown,0,0,0,0,,
48517,Near Miss,Minor or low potential impact,,12/19/2017 22:54,2017,Dec,Tue,22:54,18:00,12/20/2017 13:12,Carriageway A,MP - 274/1,Upgrading to smart motorways ,,,No,No,,,,,,,,No,,No,,Incursion due to breakdown,0,0,0,0,,
48529,Near Miss,Minor or low potential impact,,12/20/2017 8:22,2017,Dec,Wed,8:22,6:00,12/21/2017 8:00,Carriageway A,MP - 285/3,Upgrading to smart motorways ,,,No,No,,,,,,,,No,,No,,Incursion due to breakdown,0,0,0,0,,
48530,Near Miss,Minor or low potential impact,,12/20/2017 8:56,2017,Dec,Wed,8:56,6:00,12/21/2017 8:07,Carriageway A,MP - 283/0,Upgrading to smart motorways ,,,No,No,,,,,,,,No,,No,,Incursion due to breakdown,0,0,0,0,,
48532,Near Miss,Minor or low potential impact,,12/20/2017 13:25,2017,Dec,Wed,13:25,12:00,12/21/2017 8:12,Carriageway B,MP - 275/3,Upgrading to smart motorways,,,No,No,,,,,,,,No,,No,,Incursion due to breakdown,0,0,0,0,,
48533,Near Miss,Minor or low potential impact,,12/20/2017 15:24,2017,Dec,Wed,15:24,12:00,12/21/2017 8:16,Carriageway A,MP - 270/6,Upgrading to smart motorways ,,,No,No,,,,,,,,No,,No,,Incursion due to breakdown,0,0,0,0,,
48535,Near Miss,Minor or low potential impact,,12/20/2017 21:11,2017,Dec,Wed,21:11,18:00,12/21/2017 8:20,Carriageway B,MP - 284/7,Upgrading to smart motorways ,,,No,No,,,,,,,,No,,No,,Incursion due to breakdown,0,0,0,0,,
48536,Near Miss,Minor or low potential impact,,12/20/2017 21:28,2017,Dec,Wed,21:28,18:00,12/21/2017 8:26,Carriageway A,MP - 281/8,Upgrading to smart motorways ,,,No,No,,,,,,,,No,,No,,Incursion due to breakdown,0,0,0,0,,
48537,Near Miss,Minor or low potential impact,,12/20/2017 21:45,2017,Dec,Wed,21:45,18:00,12/21/2017 8:32,Carriageway B,MP - 274/1,Upgrading to smart motorways ,,,No,No,,,,,,,,No,,No,,Incursion unintentional as result of accident,0,0,0,0,,
48538,Near Miss,Minor or low potential impact,,12/20/2017 21:53,2017,Dec,Wed,21:53,18:00,12/21/2017 8:40,Carriageway B,MP - 283/2,Upgrading to smart motorways.,,,No,No,,,,,,,,No,,No,,Incursion due to breakdown,0,0,0,0,,
48691,Near Miss,Minor or low potential impact,,12/21/2017 6:45,2017,Dec,Thu,6:45,6:00,1/3/2018 12:34,Carriageway A,MP - 265/8,Upgrading to smart motorways ,,,No,No,,,,,,,,No,,No,,Incursion due to breakdown,0,0,0,0,,
48692,Near Miss,Minor or low potential impact,,12/21/2017 9:45,2017,Dec,Thu,9:45,6:00,1/3/2018 12:40,Carriageway A,MP - 279/2,Upgrading to smart motorways ,,,No,No,,,,,,,,No,,No,,Incursion due to breakdown,0,0,0,0,,
48693,Near Miss,Minor or low potential impact,,12/21/2017 10:50,2017,Dec,Thu,10:50,6:00,1/3/2018 12:44,Carriageway A,MP - 264/4,Upgrading to smart motorways ,,,No,No,,,,,,,,No,,No,,Incursion due to breakdown,0,0,0,0,,
48695,Near Miss,Minor or low potential impact,,12/21/2017 11:11,2017,Dec,Thu,11:11,6:00,1/3/2018 12:48,Carriageway A,MP - 284/7,Upgrading to smart motorways ,,,No,No,,,,,,,,No,,No,,Incursion due to breakdown,0,0,0,0,,
48696,Near Miss,Minor or low potential impact,,12/21/2017 12:49,2017,Dec,Thu,12:49,12:00,1/3/2018 13:00,Carriageway A,MP - 281/9,Upgrading to smart motorways ,,,No,No,,,,,,,,No,,No,,Incursion to seek information or benefit,0,0,0,0,,
48699,Near Miss,Minor or low potential impact,,12/21/2017 17:52,2017,Dec,Thu,17:52,12:00,1/3/2018 14:02,Carriageway A,MP - 280/4,Upgrading to smart motorways ,,,No,No,,,,,,,,No,,No,,Incursion due to breakdown,0,0,0,0,,
48700,Near Miss,Minor or low potential impact,,12/21/2017 18:17,2017,Dec,Thu,18:17,18:00,1/3/2018 14:06,Carriageway A,MP - 279/1,Upgrading to smart motorways ,,,No,No,,,,,,,,No,,No,,Incursion to seek information or benefit,0,0,0,0,,
48701,Near Miss,Minor or low potential impact,,12/22/2017 12:44,2017,Dec,Fri,12:44,12:00,1/3/2018 14:14,Carriageway A,MP - 282/2,Upgrading to smart motorways ,,,No,No,,,,,,,,No,,No,,Incursion to seek information or benefit,0,0,0,0,,
48702,Near Miss,Minor or low potential impact,,12/22/2017 13:29,2017,Dec,Fri,13:29,12:00,1/3/2018 14:21,Carriageway B,MP - 276/7,Upgrading to smart motorways ,,,No,No,,,,,,,,No,,No,,Incursion unintentional as result of accident,0,0,0,0,,
48703,Near Miss,Minor or low potential impact,,12/22/2017 15:13,2017,Dec,Fri,15:13,12:00,1/3/2018 14:39,Carriageway A,MP - 265/4,Upgrading to smart motorways ,,,No,No,,,,,,,,No,,No,,Incursion to seek information or benefit,0,0,0,0,,
48705,Near Miss,Minor or low potential impact,,12/22/2017 15:35,2017,Dec,Fri,15:35,12:00,1/3/2018 14:44,Carriageway B,MP - 266/0,Upgrading to smart motorways,,,No,No,,,,,,,,No,,No,,Incursion due to breakdown,0,0,0,0,,
48706,Near Miss,Minor or low potential impact,,12/22/2017 18:10,2017,Dec,Fri,18:10,18:00,1/3/2018 14:50,Carriageway B,MP - 265/1,Upgrading to smart motorways ,,,No,No,,,,,,,,No,,No,,Incursion unintentional as result of accident,0,0,0,0,,
48707,Near Miss,Minor or low potential impact,,12/22/2017 11:20,2017,Dec,Fri,11:20,6:00,1/3/2018 14:57,Carriageway A,MP - 282/4 TO MP - 284/7,Upgrading to smart motorways ,,,No,No,,,,,,,,No,,No,,Incursion to seek information or benefit,0,0,0,0,,
48708,Near Miss,Minor or low potential impact,,12/23/2017 7:27,2017,Dec,Sat,7:27,6:00,1/3/2018 15:06,Carriageway A,MP - 284/8,Upgrading to smart motorways ,,,No,No,,,,,,,,No,,No,,Incursion due to breakdown,0,0,0,0,,
48709,Near Miss,Minor or low potential impact,,12/23/2017 11:40,2017,Dec,Sat,11:40,6:00,1/3/2018 15:17,Carriageway B,MP - 274/1,Upgrading to smart motorways ,,,No,No,,,,,,,,No,,No,,Incursion due to breakdown,0,0,0,0,,
48710,Near Miss,Minor or low potential impact,,12/23/2017 12:48,2017,Dec,Sat,12:48,12:00,1/3/2018 15:22,Carriageway A,MP - 283/6,Upgrading to smart motorways ,,,No,No,,,,,,,,No,,No,,Incursion due to breakdown,0,0,0,0,,
48711,Near Miss,Minor or low potential impact,,12/23/2017 15:18,2017,Dec,Sat,15:18,12:00,1/3/2018 15:30,Carriageway B,MP - 282/9,Upgrading to smart motorways ,,,No,No,,,,,,,,No,,No,,Incursion to seek information or benefit,0,0,0,0,,
48718,Near Miss,Minor or low potential impact,,12/23/2017 20:04,2017,Dec,Sat,20:04,18:00,1/4/2018 7:57,Carriageway A,MP - 277/4,Upgrading to smart motorways ,,,No,No,,,,,,,,No,,No,,Incursion due to breakdown,0,0,0,0,,
48719,Near Miss,Minor or low potential impact,,12/23/2017 20:56,2017,Dec,Sat,20:56,18:00,1/4/2018 8:02,Carriageway A,MP - 286/3,Upgrading to smart motorways ,,,No,No,,,,,,,,No,,No,,Incursion due to breakdown,0,0,0,0,,
48720,Near Miss,Minor or low potential impact,,12/23/2017 22:20,2017,Dec,Sat,22:20,18:00,1/4/2018 8:06,Carriageway A,MP - 282/5,Upgrading to smart motorways ,,,No,No,,,,,,,,No,,No,,Incursion due to breakdown,0,0,0,0,,
48721,Near Miss,Minor or low potential impact,,12/24/2017 9:35,2017,Dec,Sun,9:35,6:00,1/4/2018 8:15,Carriageway A,MP - 282/5,Upgrading to smart motorways ,,,No,No,,,,,,,,No,,No,,Incursion to seek information or benefit,0,0,0,0,,
48722,Near Miss,Minor or low potential impact,,12/24/2017 12:52,2017,Dec,Sun,12:52,12:00,1/4/2018 8:19,Carriageway B,MP - 286/0,Upgrading to smart motorways ,,,No,No,,,,,,,,No,,No,,Incursion due to breakdown,0,0,0,0,,
48723,Near Miss,Minor or low potential impact,,12/24/2017 13:54,2017,Dec,Sun,13:54,12:00,1/4/2018 8:30,Carriageway B,MP - 274/4,Upgrading to smart motorways ,,,No,No,,,,,,,,No,,No,,Incursion due to breakdown,0,0,0,0,,
48724,Near Miss,Minor or low potential impact,,12/24/2017 19:28,2017,Dec,Sun,19:28,18:00,1/4/2018 8:42,Carriageway B,MP - 267/5,Upgrading to smart motorways ,,,No,No,,,,,,,,No,,No,,Incursion due to breakdown,0,0,0,0,,
48725,Near Miss,Minor or low potential impact,,12/25/2017 9:04,2017,Dec,Mon,9:04,6:00,1/4/2018 8:49,Carriageway A,MP - 281/9,Upgrading to smart motorways ,,,No,No,,,,,,,,No,,No,,Incursion due to breakdown,0,0,0,0,,
48726,Near Miss,Minor or low potential impact,,12/25/2017 10:31,2017,Dec,Mon,10:31,6:00,1/4/2018 8:54,Carriageway B,MP - 275/3,Upgrading to smart motorways ,,,No,No,,,,,,,,No,,No,,Incursion to seek information or benefit,0,0,0,0,,
48727,Near Miss,Minor or low potential impact,,12/25/2017 17:15,2017,Dec,Mon,17:15,12:00,1/4/2018 8:58,Carriageway B,MP - 266/0,Upgrading to smart motorways ,,,No,No,,,,,,,,No,,No,,Incursion due to breakdown,0,0,0,0,,
48728,Near Miss,Minor or low potential impact,,12/25/2017 17:27,2017,Dec,Mon,17:27,12:00,1/4/2018 10:12,Carriageway B,MP - 282/5,Upgrading to smart motorways,,,No,No,,,,,,,,No,,No,,Incursion due to breakdown,0,0,0,0,,
48730,Near Miss,Minor or low potential impact,,12/25/2017 21:15,2017,Dec,Mon,21:15,18:00,1/4/2018 10:16,Carriageway A,MP - 282/5,Upgrading to smart motorways ,,,No,No,,,,,,,,No,,No,,Incursion due to breakdown,0,0,0,0,,
48731,Near Miss,Minor or low potential impact,,12/25/2017 21:13,2017,Dec,Mon,21:13,18:00,1/4/2018 10:20,Carriageway B,MP - 274/0,Upgrading to smart motorways ,,,No,No,,,,,,,,No,,No,,Incursion due to breakdown,0,0,0,0,,
48732,Near Miss,Minor or low potential impact,,12/26/2017 6:15,2017,Dec,Tue,6:15,6:00,1/4/2018 10:24,Carriageway A,MP - 279/2,Upgrading to smart motorways ,,,No,No,,,,,,,,No,,No,,Incursion to seek information or benefit,0,0,0,0,,
48733,Near Miss,Minor or low potential impact,,12/26/2017 10:21,2017,Dec,Tue,10:21,6:00,1/4/2018 10:30,Carriageway B,MP - 279/7,Upgrading to smart motorways ,,,No,No,,,,,,,,No,,No,,Incursion due to breakdown,0,0,0,0,,
48734,Near Miss,Minor or low potential impact,,12/26/2017 11:21,2017,Dec,Tue,11:21,6:00,1/4/2018 10:45,Carriageway A,MP - 262/5,Upgrading to smart motorways ,,,No,No,,,,,,,,No,,No,,Incursion due to breakdown,0,0,0,0,,
48735,Near Miss,Minor or low potential impact,,12/26/2017 12:20,2017,Dec,Tue,12:20,12:00,1/4/2018 10:50,Carriageway B,MP - 264/5,Upgrading to smart motorways ,,,No,No,,,,,,,,No,,No,,Incursion due to breakdown,0,0,0,0,,
48736,Near Miss,Minor or low potential impact,,12/26/2017 13:13,2017,Dec,Tue,13:13,12:00,1/4/2018 10:54,Carriageway A,MP - 286/7,Upgrading to smart motorways ,,,No,No,,,,,,,,No,,No,,Incursion due to breakdown,0,0,0,0,,
48737,Near Miss,Minor or low potential impact,,12/26/2017 14:14,2017,Dec,Tue,14:14,12:00,1/4/2018 11:06,Carriageway A,MP - 266/0,Upgrading to smart motorways ,,,No,No,,,,,,,,No,,No,,Incursion to seek information or benefit,0,0,0,0,,
48738,Near Miss,Minor or low potential impact,,12/26/2017 16:21,2017,Dec,Tue,16:21,12:00,1/4/2018 11:10,Carriageway A,MP - 265/9,Upgrading to smart motorways,,,No,No,,,,,,,,No,,No,,Incursion to seek information or benefit,0,0,0,0,,
48742,Near Miss,Minor or low potential impact,,12/26/2017 17:32,2017,Dec,Tue,17:32,12:00,1/4/2018 12:53,Carriageway B,MP - 280/0,Upgrading to smart motorways ,,,No,No,,,,,,,,No,,No,,Incursion due to breakdown,0,0,0,0,,
48743,Near Miss,Minor or low potential impact,,12/26/2017 20:33,2017,Dec,Tue,20:33,18:00,1/4/2018 12:58,Carriageway A,MP - 282/5,Upgrading to smart motorways ,,,No,No,,,,,,,,No,,No,,Incursion to seek information or benefit,0,0,0,0,,
48744,Near Miss,Minor or low potential impact,,12/26/2017 20:44,2017,Dec,Tue,20:44,18:00,1/4/2018 13:02,Carriageway B,MP - 274/2,Upgrading to smart motorways ,,,No,No,,,,,,,,No,,No,,Incursion due to breakdown,0,0,0,0,,
48745,Near Miss,Minor or low potential impact,,12/26/2017 21:31,2017,Dec,Tue,21:31,18:00,1/4/2018 13:08,Carriageway A,MP - 264/0,Upgrading to smart motorways ,,,No,No,,,,,,,,No,,No,,Incursion due to breakdown,0,0,0,0,,
48747,Near Miss,Minor or low potential impact,,12/27/2017 5:04,2017,Dec,Wed,5:04,0:00,1/4/2018 13:12,Carriageway B,MP - 275/3,Upgrading to smart motorways ,,,No,No,,,,,,,,No,,No,,Incursion to seek information or benefit,0,0,0,0,,
48751,Near Miss,Minor or low potential impact,,12/27/2017 7:17,2017,Dec,Wed,7:17,6:00,1/4/2018 13:29,Carriageway A,MP - 274/3,Upgrading to smart motorways ,,,No,No,,,,,,,,No,,No,,Incursion due to breakdown,0,0,0,0,,
48752,Near Miss,Minor or low potential impact,,12/27/2017 12:20,2017,Dec,Wed,12:20,12:00,1/4/2018 13:34,Carriageway B,MP - 274/4,Upgrading to smart motorways ,,,No,No,,,,,,,,No,,No,,Incursion due to breakdown,0,0,0,0,,
48754,Near Miss,Minor or low potential impact,,12/27/2017 15:02,2017,Dec,Wed,15:02,12:00,1/4/2018 13:41,Carriageway B,MP - 266/8,Upgrading to smart motorways,,,No,No,,,,,,,,No,,No,,Incursion to seek information or benefit,0,0,0,0,,
48755,Near Miss,Minor or low potential impact,,12/27/2017 16:29,2017,Dec,Wed,16:29,12:00,1/4/2018 13:45,Carriageway B,MP - 291/0,Upgrading to smart motorways ,,,No,No,,,,,,,,No,,No,,Incursion to seek information or benefit,0,0,0,0,,
48756,Near Miss,Minor or low potential impact,,12/27/2017 22:20,2017,Dec,Wed,22:20,18:00,1/4/2018 13:50,Carriageway A,MP - 280/2,Upgrading to smart motorways ,,,No,No,,,,,,,,No,,No,,Incursion due to breakdown,0,0,0,0,,
48757,Near Miss,Minor or low potential impact,,12/28/2017 21:20,2017,Dec,Thu,21:20,18:00,1/4/2018 14:09,Carriageway B,MP - 289/6,Upgrading to smart motorways ,,,No,No,,,,,,,,No,,No,,Incursion due to breakdown,0,0,0,0,,
48758,Near Miss,Minor or low potential impact,,12/29/2017 6:30,2017,Dec,Fri,6:30,6:00,1/4/2018 14:14,Carriageway B,MP - 264/4,Upgrading to smart motorways ,,,No,No,,,,,,,,No,,No,,Incursion to seek information or benefit,0,0,0,0,,
48759,Near Miss,Minor or low potential impact,,12/29/2017 16:04,2017,Dec,Fri,16:04,12:00,1/4/2018 14:18,Carriageway A,MP - 272/7,Upgrading to smart motorways ,,,No,No,,,,,,,,No,,No,,Incursion to seek information or benefit,0,0,0,0,,
48760,Near Miss,Minor or low potential impact,,12/29/2017 17:49,2017,Dec,Fri,17:49,12:00,1/4/2018 14:23,Carriageway A,MP - 274/0,Upgrading to smart motorways ,,,No,No,,,,,,,,No,,No,,Incursion due to breakdown,0,0,0,0,,
48762,Near Miss,Minor or low potential impact,,12/30/2017 12:29,2017,Dec,Sat,12:29,12:00,1/4/2018 14:39,Carriageway B,MP - 290/3,Upgrading to smart motorways ,,,No,No,,,,,,,,No,,No,,Incursion unintentional as result of accident,0,0,0,0,,
48763,Near Miss,Minor or low potential impact,,12/30/2017 13:40,2017,Dec,Sat,13:40,12:00,1/4/2018 14:43,Carriageway A,MP - 265/9,Upgrading to smart motorways ,,,No,No,,,,,,,,No,,No,,Incursion to seek information or benefit,0,0,0,0,,
48764,Near Miss,Minor or low potential impact,,12/30/2017 17:20,2017,Dec,Sat,17:20,12:00,1/4/2018 14:47,Carriageway A,MP - 271/6,Upgrading to smart motorways ,,,No,No,,,,,,,,No,,No,,Incursion due to breakdown,0,0,0,0,,
48765,Near Miss,Minor or low potential impact,,12/30/2017 21:13,2017,Dec,Sat,21:13,18:00,1/4/2018 14:51,Carriageway A,MP - 285/0,Upgrading to smart motorways ,,,No,No,,,,,,,,No,,No,,Incursion due to breakdown,0,0,0,0,,
48766,Near Miss,Minor or low potential impact,,12/31/2017 5:39,2017,Dec,Sun,5:39,0:00,1/4/2018 14:55,Carriageway B,MP - 261/4,Upgrading to smart motorways ,,,No,No,,,,,,,,No,,No,,Incursion due to breakdown,0,0,0,0,,
48767,Near Miss,Minor or low potential impact,,12/31/2017 12:31,2017,Dec,Sun,12:31,12:00,1/4/2018 15:03,Carriageway B,MP - 277/3,Upgrading to smart motorways ,,,No,No,,,,,,,,No,,No,,Incursion due to breakdown,0,0,0,0,,
48769,Near Miss,Minor or low potential impact,,12/31/2017 13:00,2017,Dec,Sun,13:00,12:00,1/4/2018 15:26,Carriageway A,MP - 277/9,Upgrading to smart motorways ,,,No,No,,,,,,,,No,,No,,Incursion due to breakdown,0,0,0,0,,
48770,Near Miss,Minor or low potential impact,,12/31/2017 17:55,2017,Dec,Sun,17:55,12:00,1/4/2018 15:30,Carriageway B,MP - 262/2,Upgrading to smart motorways ,,,No,No,,,,,,,,No,,No,,Incursion due to breakdown,0,0,0,0,,
48776,Near Miss,Minor or low potential impact,,1/1/2018 20:43,2018,Jan,Mon,20:43,18:00,1/5/2018 7:48,Carriageway B,MP - 265/8,Upgrading to smart motorways ,,,No,No,,,,,,,,No,,No,,Incursion due to breakdown,0,0,0,0,,
48777,Near Miss,Minor or low potential impact,,1/1/2018 20:45,2018,Jan,Mon,20:45,18:00,1/5/2018 7:54,Carriageway B,MP - 265/8,Upgrading to smart motorways ,,,No,No,,,,,,,,No,,No,,Incursion due to breakdown,0,0,0,0,,
48778,Near Miss,Minor or low potential impact,,1/2/2018 5:18,2018,Jan,Tue,5:18,0:00,1/5/2018 7:59,Carriageway A,MP - 277/7,Upgrading to smart motorways ,,,No,No,,,,,,,,No,,No,,Incursion due to breakdown,0,0,0,0,,
48780,Near Miss,Minor or low potential impact,,1/2/2018 7:39,2018,Jan,Tue,7:39,6:00,1/5/2018 8:21,Carriageway A,MP - 262/4,Upgrading to smart motorways ,,,No,No,,,,,,,,No,,No,,Incursion to seek information or benefit,0,0,0,0,,
48781,Near Miss,Minor or low potential impact,,1/2/2018 8:06,2018,Jan,Tue,8:06,6:00,1/5/2018 8:28,Carriageway B,MP - 275/3,Upgrading to smart motorways ,,,No,No,,,,,,,,No,,No,,Incursion due to breakdown,0,0,0,0,,
48782,Near Miss,Minor or low potential impact,,1/2/2018 10:24,2018,Jan,Tue,10:24,6:00,1/5/2018 8:34,Carriageway B,MP - 263/9 ,Upgrading to smart motorways ,,,No,No,,,,,,,,No,,No,,Incursion due to breakdown,0,0,0,0,,
48783,Near Miss,Minor or low potential impact,,1/2/2018 11:11,2018,Jan,Tue,11:11,6:00,1/5/2018 8:41,Carriageway A,MP - 272/7,Upgrading to smart motorways ,,,No,No,,,,,,,,No,,No,,Incursion due to breakdown,0,0,0,0,,
48786,Near Miss,Minor or low potential impact,,1/2/2018 13:40,2018,Jan,Tue,13:40,12:00,1/5/2018 9:15,Carriageway A,MP - 284/7,Upgrading to smart motorways ,,,No,No,,,,,,,,No,,No,,Incursion due to breakdown,0,0,0,0,,
48787,Near Miss,Minor or low potential impact,,1/2/2018 14:14,2018,Jan,Tue,14:14,12:00,1/5/2018 9:22,Carriageway A,MP - 272/6,Upgrading to smart motorways ,,,No,No,,,,,,,,No,,No,,Incursion due to breakdown,0,0,0,0,,
48789,Near Miss,Minor or low potential impact,,1/2/2018 16:13,2018,Jan,Tue,16:13,12:00,1/5/2018 9:30,Carriageway B,MP - 267/0 ,Upgrading to smart motorways ,,,No,No,,,,,,,,No,,No,,Incursion due to breakdown,0,0,0,0,,
48790,Near Miss,Minor or low potential impact,,1/2/2018 19:39,2018,Jan,Tue,19:39,18:00,1/5/2018 9:38,Carriageway B,MP - 272/5,Upgrading to smart motorways,,,No,No,,,,,,,,No,,No,,Incursion due to breakdown,0,0,0,0,,
48791,Near Miss,Minor or low potential impact,,1/2/2018 19:57,2018,Jan,Tue,19:57,18:00,1/5/2018 9:42,Carriageway B,MP - 266/5,Upgrading to smart motorways ,,,No,No,,,,,,,,No,,No,,Incursion due to breakdown,0,0,0,0,,
48792,Near Miss,Minor or low potential impact,,1/2/2018 21:48,2018,Jan,Tue,21:48,18:00,1/5/2018 9:48,Carriageway A,MP - 264/6,Upgrading to smart motorways ,,,No,No,,,,,,,,No,,No,,Incursion due to breakdown,0,0,0,0,,
48793,Near Miss,Minor or low potential impact,,1/2/2018 22:45,2018,Jan,Tue,22:45,18:00,1/5/2018 9:52,Carriageway A,MP - 265/8,Upgrading to smart motorways ,,,No,No,,,,,,,,No,,No,,Incursion due to breakdown,0,0,0,0,,
48794,Near Miss,Minor or low potential impact,,1/3/2018 3:26,2018,Jan,Wed,3:26,0:00,1/5/2018 9:56,Carriageway B,MP - 262/1,Upgrading to smart motorways ,,,No,No,,,,,,,,No,,No,,Incursion due to breakdown,0,0,0,0,,
48795,Near Miss,Minor or low potential impact,,1/3/2018 7:48,2018,Jan,Wed,7:48,6:00,1/5/2018 10:14,Carriageway B,MP - 267/0,Upgrading to smart motorways ,,,No,No,,,,,,,,No,,No,,Incursion due to breakdown,0,0,0,0,,
48796,Near Miss,Minor or low potential impact,,1/3/2018 11:36,2018,Jan,Wed,11:36,6:00,1/5/2018 10:20,Carriageway B,MP - 266/7,Upgrading to smart motorways ,,,No,No,,,,,,,,No,,No,,Incursion due to breakdown,0,0,0,0,,