Event ID,Event Type ,Event Subtype,Type of Person,Date/Time of Event,Year,Month,Day of the Week,Time,Time interval (6 hours),Date/Time Reported,Location,Specific Location (include RCC Log no if relevant),Details of actual job being done at the time,Part of Body Affected,Injury Type,Was there a vehicle involved in this event?,Work related,Accident Type,Vehicle Motion,Who was Hit,Weather/Visibility,Surface Condition,Roadbed Grade,Lighting Conditions,Was A Police Report Filed?,Name of Law Enforcement Agency,Preventable,Type,Kind of Event,Expected Lost Workdays (Total),Actual Lost Workdays (Total),Expected Restricted Workdays (Total),Actual Restricted Workdays (Total),Return To Work Date,Sign Off 1
48797,Near Miss,Minor or low potential impact,,1/3/2018 15:26,2018,Jan,Wed,15:26,12:00,1/5/2018 10:25,Carriageway B,MP - 266/7,Upgrading to smart motorways ,,,No,No,,,,,,,,No,,No,,Incursion due to breakdown,0,0,0,0,,
48799,Near Miss,Minor or low potential impact,,1/3/2018 16:19,2018,Jan,Wed,16:19,12:00,1/5/2018 10:59,Carriageway A,MP - 279/2,Upgrading to smart motorways ,,,No,No,,,,,,,,No,,No,,Incursion due to breakdown,0,0,0,0,,
48802,Near Miss,Minor or low potential impact,,1/4/2018 11:37,2018,Jan,Thu,11:37,6:00,1/5/2018 12:22,Carriageway B,MP - 274/4,Upgrading to smart motorways ,,,No,No,,,,,,,,No,,No,,Incursion due to breakdown,0,0,0,0,,
48803,Near Miss,Minor or low potential impact,,1/4/2018 15:20,2018,Jan,Thu,15:20,12:00,1/5/2018 12:28,Carriageway B,MP - 264/1,Upgrading to smart motorways ,,,No,No,,,,,,,,No,,No,,Incursion due to breakdown,0,0,0,0,,
48804,Near Miss,Minor or low potential impact,,1/4/2018 19:00,2018,Jan,Thu,19:00,18:00,1/5/2018 12:33,Carriageway A,MP - 263/3,Upgrading to smart motorways ,,,No,No,,,,,,,,No,,No,,Incursion due to breakdown,0,0,0,0,,
48805,Near Miss,Minor or low potential impact,,1/4/2018 19:00,2018,Jan,Thu,19:00,18:00,1/5/2018 12:38,Carriageway hard shoulder,MP - 264/6,Upgrading to smart motorways ,,,No,No,,,,,,,,No,,No,,Incursion due to breakdown,0,0,0,0,,
48806,Near Miss,Minor or low potential impact,,1/4/2018 20:40,2018,Jan,Thu,20:40,18:00,1/5/2018 12:43,Carriageway B,MP - 265/1,Upgrading to smart motorways ,,,No,No,,,,,,,,No,,No,,Incursion due to breakdown,0,0,0,0,,
48807,Near Miss,Minor or low potential impact,,1/5/2018 0:27,2018,Jan,Fri,0:27,0:00,1/5/2018 12:48,Carriageway B,MP - 291/6,Upgrading to smart motorways ,,,No,No,,,,,,,,No,,No,,Incursion due to breakdown,0,0,0,0,,
48857,Near Miss,Minor or low potential impact,,1/5/2018 13:56,2018,Jan,Fri,13:56,12:00,1/8/2018 8:42,Carriageway B,MP - 275/2,Upgrading to smart motorways ,,,No,No,,,,,,,,No,,No,,Incursion due to breakdown,0,0,0,0,,
48859,Near Miss,Minor or low potential impact,,1/6/2018 1:32,2018,Jan,Sat,1:32,0:00,1/8/2018 9:00,Carriageway B,MP - 274/2,Upgrading to smart motorways ,,,No,No,,,,,,,,No,,No,,Incursion due to breakdown,0,0,0,0,,
48860,Near Miss,Minor or low potential impact,,1/6/2018 2:05,2018,Jan,Sat,2:05,0:00,1/8/2018 9:05,Carriageway A,MP - 275/6,Upgrading to smart motorways ,,,No,No,,,,,,,,No,,No,,Incursion to seek information or benefit,0,0,0,0,,
48861,Near Miss,Minor or low potential impact,,1/6/2018 14:04,2018,Jan,Sat,14:04,12:00,1/8/2018 9:19,Carriageway A,MP - 288/4,Upgrading to smart motorways ,,,No,No,,,,,,,,No,,No,,Incursion to seek information or benefit,0,0,0,0,,
48862,Near Miss,Minor or low potential impact,,1/6/2018 17:23,2018,Jan,Sat,17:23,12:00,1/8/2018 9:23,Carriageway A,MP - 266/9,Upgrading to smart motorways ,,,No,No,,,,,,,,No,,No,,Incursion due to breakdown,0,0,0,0,,
48863,Near Miss,Minor or low potential impact,,1/6/2018 19:00,2018,Jan,Sat,19:00,18:00,1/8/2018 9:27,Carriageway A,MP - 266/8,Upgrading to smart motorways ,,,No,No,,,,,,,,No,,No,,Incursion due to breakdown,0,0,0,0,,
48864,Near Miss,Minor or low potential impact,,1/6/2018 19:05,2018,Jan,Sat,19:05,18:00,1/8/2018 9:31,Carriageway A,MP - 266/5,Upgrading to smart motorways ,,,No,No,,,,,,,,No,,No,,Incursion due to breakdown,0,0,0,0,,
48865,Near Miss,Minor or low potential impact,,1/6/2018 21:16,2018,Jan,Sat,21:16,18:00,1/8/2018 9:35,Carriageway A,MP - 265/1,Upgrading to smart motorways ,,,No,No,,,,,,,,No,,No,,Incursion due to breakdown,0,0,0,0,,
48878,Near Miss,Minor or low potential impact,,1/7/2018 11:32,2018,Jan,Sun,11:32,6:00,1/8/2018 15:57,Carriageway B,MP - 264/5,Upgrading to smart motorways ,,,No,No,,,,,,,,No,,No,,Incursion due to breakdown,0,0,0,0,,
48889,Near Miss,Minor or low potential impact,,1/7/2018 12:20,2018,Jan,Sun,12:20,12:00,1/9/2018 8:38,Carriageway B,MP - 267/0,Upgrading to smart motorways ,,,No,No,,,,,,,,No,,No,,Incursion due to breakdown,0,0,0,0,,
48890,Near Miss,Minor or low potential impact,,1/7/2018 12:29,2018,Jan,Sun,12:29,12:00,1/9/2018 8:42,Carriageway B,MP - 266/0,Upgrading to smart motorways ,,,No,No,,,,,,,,No,,No,,Incursion due to breakdown,0,0,0,0,,
48891,Near Miss,Minor or low potential impact,,1/7/2018 12:45,2018,Jan,Sun,12:45,12:00,1/9/2018 8:46,Carriageway B,MP - 264/5,Upgrading to smart motorways ,,,No,No,,,,,,,,No,,No,,Incursion due to breakdown,0,0,0,0,,
48892,Near Miss,Minor or low potential impact,,1/7/2018 15:27,2018,Jan,Sun,15:27,12:00,1/9/2018 8:50,Carriageway B,MP - 266/6,Upgrading to smart motorways ,,,No,No,,,,,,,,No,,No,,Incursion due to breakdown,0,0,0,0,,
48894,Near Miss,Minor or low potential impact,,1/7/2018 15:51,2018,Jan,Sun,15:51,12:00,1/9/2018 9:04,Carriageway A,MP - 282/5,Upgrading to smart motorways ,,,No,No,,,,,,,,No,,No,,Incursion due to breakdown,0,0,0,0,,
48895,Near Miss,Minor or low potential impact,,1/7/2018 16:19,2018,Jan,Sun,16:19,12:00,1/9/2018 9:11,Carriageway B,MP - 287/5,Upgrading to smart motorways ,,,No,No,,,,,,,,No,,No,,Incursion due to breakdown,0,0,0,0,,
48896,Near Miss,Minor or low potential impact,,1/7/2018 15:27,2018,Jan,Sun,15:27,12:00,1/9/2018 9:15,Carriageway B,MP - 266/7,Upgrading to smart motorways ,,,No,No,,,,,,,,No,,No,,Incursion due to breakdown,0,0,0,0,,
48897,Near Miss,Minor or low potential impact,,1/7/2018 16:43,2018,Jan,Sun,16:43,12:00,1/9/2018 9:20,Carriageway B,MP - 266/8,Upgrading to smart motorways ,,,No,No,,,,,,,,No,,No,,Incursion due to breakdown,0,0,0,0,,
48898,Near Miss,Minor or low potential impact,,1/7/2018 16:59,2018,Jan,Sun,16:59,12:00,1/9/2018 9:29,Carriageway B,MP - 265/2,Upgrading to smart motorways ,,,No,No,,,,,,,,No,,No,,Incursion due to breakdown,0,0,0,0,,
48899,Near Miss,Minor or low potential impact,,1/7/2018 17:01,2018,Jan,Sun,17:01,12:00,1/9/2018 9:46,Carriageway A,MP - 280/8,Upgrading to smart motorways ,,,No,No,,,,,,,,No,,No,,Incursion due to breakdown,0,0,0,0,,
48900,Near Miss,Minor or low potential impact,,1/7/2018 17:09,2018,Jan,Sun,17:09,12:00,1/9/2018 10:20,Carriageway B,MP - 266/9,Upgrading to smart motorways ,,,No,No,,,,,,,,No,,No,,Incursion due to breakdown,0,0,0,0,,
48901,Near Miss,Minor or low potential impact,,1/7/2018 17:31,2018,Jan,Sun,17:31,12:00,1/9/2018 10:25,Carriageway B,MP - 266/6,Upgrading to smart motorways ,,,No,No,,,,,,,,No,,No,,Incursion due to breakdown,0,0,0,0,,
48902,Near Miss,Minor or low potential impact,,1/7/2018 17:56,2018,Jan,Sun,17:56,12:00,1/9/2018 10:30,Carriageway B,MP - 267/0,Upgrading to smart motorways ,,,No,No,,,,,,,,No,,No,,Incursion due to breakdown,0,0,0,0,,
48903,Near Miss,Minor or low potential impact,,1/7/2018 17:59,2018,Jan,Sun,17:59,12:00,1/9/2018 10:35,Carriageway B,MP - 267/0,Upgrading to smart motorways ,,,No,No,,,,,,,,No,,No,,Incursion due to breakdown,0,0,0,0,,
48904,Near Miss,Minor or low potential impact,,1/7/2018 18:39,2018,Jan,Sun,18:39,18:00,1/9/2018 10:43,Carriageway B,MP - 266/7,Upgrading to smart motorways ,,,No,No,,,,,,,,No,,No,,Incursion due to breakdown,0,0,0,0,,
48910,Near Miss,Minor or low potential impact,,1/7/2018 19:30,2018,Jan,Sun,19:30,18:00,1/9/2018 13:52,Carriageway B,MP - 273/8,Upgrading to smart motorways ,,,No,No,,,,,,,,No,,No,,Incursion due to breakdown,0,0,0,0,,
48913,Near Miss,Minor or low potential impact,,1/7/2018 20:55,2018,Jan,Sun,20:55,18:00,1/9/2018 14:01,Carriageway B,MP - 266/5,Upgrading to smart motorways ,,,No,No,,,,,,,,No,,No,,Incursion to seek information or benefit,0,0,0,0,,
48914,Near Miss,Minor or low potential impact,,1/7/2018 20:55,2018,Jan,Sun,20:55,18:00,1/9/2018 14:06,Carriageway B,MP - 266/5,Upgrading to smart motorways ,,,No,No,,,,,,,,No,,No,,Incursion to seek information or benefit,0,0,0,0,,
48915,Near Miss,Minor or low potential impact,,1/7/2018 20:55,2018,Jan,Sun,20:55,18:00,1/9/2018 14:29,Carriageway hard shoulder,MP - 266/5,Upgrading to smart motorways ,,,No,No,,,,,,,,No,,No,,Incursion due to breakdown,0,0,0,0,,
48916,Near Miss,Minor or low potential impact,,1/7/2018 22:00,2018,Jan,Sun,22:00,18:00,1/9/2018 14:35,Carriageway B,MP - 282/5,Upgrading to smart motorways ,,,No,No,,,,,,,,No,,No,,Incursion due to breakdown,0,0,0,0,,
48917,Near Miss,Minor or low potential impact,,1/7/2018 22:40,2018,Jan,Sun,22:40,18:00,1/9/2018 14:40,Carriageway B,MP - 281/8,Upgrading to smart motorways ,,,No,No,,,,,,,,No,,No,,Incursion to seek information or benefit,0,0,0,0,,
48918,Near Miss,Minor or low potential impact,,1/8/2018 9:07,2018,Jan,Mon,9:07,6:00,1/9/2018 15:47,Carriageway A,MP - 274/3,Upgrading to smart motorways ,,,No,No,,,,,,,,No,,No,,Incursion due to breakdown,0,0,0,0,,
48920,Near Miss,Minor or low potential impact,,1/8/2018 13:30,2018,Jan,Mon,13:30,12:00,1/9/2018 15:53,Carriageway B,MP - 275/3,Upgrading to smart motorways ,,,No,No,,,,,,,,No,,No,,Incursion due to breakdown,0,0,0,0,,
48944,Near Miss,Minor or low potential impact,,1/8/2018 13:53,2018,Jan,Mon,13:53,12:00,1/10/2018 13:26,Carriageway B,MP - 286/6,Upgrading to smart motorways ,,,No,No,,,,,,,,No,,No,,Incursion due to breakdown,0,0,0,0,,
48945,Near Miss,Minor or low potential impact,,1/8/2018 14:52,2018,Jan,Mon,14:52,12:00,1/10/2018 13:56,Carriageway A,MP - 274/2,Upgrading to smart motorways ,,,No,No,,,,,,,,No,,No,,Incursion due to breakdown,0,0,0,0,,
48946,Near Miss,Minor or low potential impact,,1/8/2018 16:50,2018,Jan,Mon,16:50,12:00,1/10/2018 14:00,Carriageway B,MP - 274/3,Upgrading to smart motorways ,,,No,No,,,,,,,,No,,No,,Incursion due to breakdown,0,0,0,0,,
48947,Near Miss,Minor or low potential impact,,1/8/2018 18:37,2018,Jan,Mon,18:37,18:00,1/10/2018 14:05,Carriageway B,MP - 282/5,Upgrading to smart motorways ,,,No,No,,,,,,,,No,,No,,Incursion to seek information or benefit,0,0,0,0,,
48948,Near Miss,Minor or low potential impact,,1/9/2018 0:05,2018,Jan,Tue,0:05,0:00,1/10/2018 14:10,Carriageway A,MP - 272/5,Upgrading to smart motorways ,,,No,No,,,,,,,,No,,No,,Incursion due to breakdown,0,0,0,0,,
48949,Near Miss,Minor or low potential impact,,1/9/2018 1:10,2018,Jan,Tue,1:10,0:00,1/10/2018 14:15,Carriageway A,MP - 280/4,Upgrading to smart motorways ,,,No,No,,,,,,,,No,,No,,Incursion due to breakdown,0,0,0,0,,
48950,Near Miss,Minor or low potential impact,,1/9/2018 8:03,2018,Jan,Tue,8:03,6:00,1/10/2018 14:24,Carriageway A,MP - 283/1,Upgrading to smart motorways ,,,No,No,,,,,,,,No,,No,,Incursion due to breakdown,0,0,0,0,,
48951,Near Miss,Minor or low potential impact,,1/9/2018 11:10,2018,Jan,Tue,11:10,6:00,1/10/2018 15:30,Carriageway A,MP - 280/8,Upgrading to smart motorways ,,,No,No,,,,,,,,No,,No,,Incursion due to breakdown,0,0,0,0,,
48952,Near Miss,Minor or low potential impact,,1/9/2018 13:25,2018,Jan,Tue,13:25,12:00,1/10/2018 15:36,Carriageway B,MP - 277/4,Upgrading to smart motorways ,,,No,No,,,,,,,,No,,No,,Incursion to seek information or benefit,0,0,0,0,,
48953,Near Miss,Minor or low potential impact,,1/9/2018 16:08,2018,Jan,Tue,16:08,12:00,1/10/2018 15:41,Carriageway B,MP - 266/0,Upgrading to smart motorways ,,,No,No,,,,,,,,No,,No,,Incursion due to breakdown,0,0,0,0,,
48954,Near Miss,Minor or low potential impact,,1/9/2018 18:04,2018,Jan,Tue,18:04,18:00,1/10/2018 15:47,Carriageway B,MP - 291/0,Upgrading to smart motorways ,,,No,No,,,,,,,,No,,No,,Incursion unintentional as result of accident,0,0,0,0,,
48955,Near Miss,Minor or low potential impact,,1/9/2018 20:09,2018,Jan,Tue,20:09,18:00,1/10/2018 15:51,Carriageway B,MP - 291/1,Upgrading to smart motorways ,,,No,No,,,,,,,,No,,No,,Incursion due to breakdown,0,0,0,0,,
48972,Near Miss,Minor or low potential impact,,1/10/2018 7:11,2018,Jan,Wed,7:11,6:00,1/11/2018 11:07,Carriageway B,MP - 287/4,Upgrading to smart motorways ,,,No,No,,,,,,,,No,,No,,Incursion due to breakdown,0,0,0,0,,
48975,Near Miss,Minor or low potential impact,,1/10/2018 16:26,2018,Jan,Wed,16:26,12:00,1/11/2018 11:14,Carriageway A,MP - 277/3,Upgrading to smart motorways ,,,No,No,,,,,,,,No,,No,,Incursion due to breakdown,0,0,0,0,,
48984,Near Miss,Minor or low potential impact,,1/10/2018 16:54,2018,Jan,Wed,16:54,12:00,1/11/2018 13:13,Carriageway A,MP - 276/8,Upgrading to smart motorways ,,,No,No,,,,,,,,No,,No,,Incursion to seek information or benefit,0,0,0,0,,
48985,Near Miss,Minor or low potential impact,,1/10/2018 19:09,2018,Jan,Wed,19:09,18:00,1/11/2018 13:27,Carriageway B,MP - 283/0,Upgrading to smart motorways ,,,No,No,,,,,,,,No,,No,,Incursion unintentional as result of accident,0,0,0,0,,
48987,Near Miss,Minor or low potential impact,,1/10/2018 20:42,2018,Jan,Wed,20:42,18:00,1/11/2018 13:33,Carriageway B,MP - 264/5,Upgrading to smart motorways ,,,No,No,,,,,,,,No,,No,,Incursion due to breakdown,0,0,0,0,,
48988,Personal illness or injury ,No Lost Time Injury,Contractor,1/10/2018 11:30,2018,Jan,Wed,11:30,6:00,1/11/2018 13:45,Within works area / safety zone (adjacent to a Live carriageway),Newcastle road over bridge east,Erecting scaffolding around bridge,Back/Spine,Strain / sprain,No,No,,,,,,,,No,,No,,"Fell, slipped, or tripped on same level",0,0,0,0,1/11/2018,
50040,Near Miss,Minor or low potential impact,,1/11/2018 12:09,2018,Jan,Thu,12:09,12:00,1/15/2018 12:06,Carriageway B,MP - 274/1,Upgrading to smart motorways ,,,No,No,,,,,,,,No,,No,,Incursion due to breakdown,0,0,0,0,,
50041,Near Miss,Minor or low potential impact,,1/11/2018 14:25,2018,Jan,Thu,14:25,12:00,1/15/2018 12:21,Carriageway B,MP - 271/2,Upgrading to smart motorways ,,,No,No,,,,,,,,No,,No,,Incursion due to breakdown,0,0,0,0,,
50042,Near Miss,Minor or low potential impact,,1/11/2018 17:06,2018,Jan,Thu,17:06,12:00,1/15/2018 12:27,Carriageway B,MP - 266/0,Upgrading to smart motorways ,,,No,No,,,,,,,,No,,No,,Incursion due to breakdown,0,0,0,0,,
50043,Near Miss,Minor or low potential impact,,1/11/2018 18:44,2018,Jan,Thu,18:44,18:00,1/15/2018 12:33,Carriageway B,MP - 267/0,Upgrading to smart motorways ,,,No,No,,,,,,,,No,,No,,Incursion to seek information or benefit,0,0,0,0,,
50044,Near Miss,Minor or low potential impact,,1/12/2018 6:41,2018,Jan,Fri,6:41,6:00,1/15/2018 12:39,Carriageway A,MP - 266/5,Upgrading to smart motorways ,,,No,No,,,,,,,,No,,No,,Incursion due to breakdown,0,0,0,0,,
50045,Near Miss,Minor or low potential impact,,1/12/2018 8:13,2018,Jan,Fri,8:13,6:00,1/15/2018 12:57,Carriageway B,MP - 282/8,Upgrading to smart motorways ,,,No,No,,,,,,,,No,,No,,Incursion due to breakdown,0,0,0,0,,
50046,Near Miss,Minor or low potential impact,,1/12/2018 15:30,2018,Jan,Fri,15:30,12:00,1/15/2018 13:03,Carriageway A,MP - 282/3,Upgrading to smart motorways ,,,No,No,,,,,,,,No,,No,,Incursion due to breakdown,0,0,0,0,,
50047,Near Miss,Minor or low potential impact,,1/13/2018 13:26,2018,Jan,Sat,13:26,12:00,1/15/2018 13:23,Carriageway B,MP - 267/0,Upgrading to smart motorways ,,,No,No,,,,,,,,No,,No,,Incursion due to breakdown,0,0,0,0,,
50048,Near Miss,Minor or low potential impact,,1/13/2018 15:44,2018,Jan,Sat,15:44,12:00,1/15/2018 13:29,Carriageway B,MP - 264/0 ,Upgrading to smart motorways ,,,No,No,,,,,,,,No,,No,,Incursion due to breakdown,0,0,0,0,,
50050,Near Miss,Minor or low potential impact,,1/14/2018 8:26,2018,Jan,Sun,8:26,6:00,1/15/2018 13:47,Carriageway B,MP - 286/5,Upgrading to smart motorways ,,,No,No,,,,,,,,No,,No,,Incursion due to breakdown,0,0,0,0,,
50051,Near Miss,Minor or low potential impact,,1/14/2018 8:45,2018,Jan,Sun,8:45,6:00,1/15/2018 13:53,Carriageway A,MP - 284/7,Upgrading to smart motorways ,,,No,No,,,,,,,,No,,No,,Incursion due to breakdown,0,0,0,0,,
50052,Near Miss,Minor or low potential impact,,1/14/2018 11:21,2018,Jan,Sun,11:21,6:00,1/15/2018 13:57,Carriageway A,MP - 281/8,Upgrading to smart motorways ,,,No,No,,,,,,,,No,,No,,Incursion due to breakdown,0,0,0,0,,
50053,Near Miss,Minor or low potential impact,,1/14/2018 17:24,2018,Jan,Sun,17:24,12:00,1/15/2018 14:01,Carriageway B,MP - 277/3,Upgrading to smart motorways ,,,No,No,,,,,,,,No,,No,,Incursion due to breakdown,0,0,0,0,,
50068,Near Miss,Minor or low potential impact,,1/14/2018 18:25,2018,Jan,Sun,18:25,18:00,1/16/2018 14:03,Carriageway B,MP - 263/9,Upgrading to smart motorways ,,,No,No,,,,,,,,No,,No,,Incursion due to breakdown,0,0,0,0,,
50069,Near Miss,Minor or low potential impact,,1/15/2018 3:22,2018,Jan,Mon,3:22,0:00,1/16/2018 14:07,Carriageway B,MP - 265/8,Upgrading to smart motorways ,,,No,No,,,,,,,,No,,No,,Incursion due to breakdown,0,0,0,0,,
50070,Near Miss,Minor or low potential impact,,1/15/2018 6:30,2018,Jan,Mon,6:30,6:00,1/16/2018 14:14,Carriageway A,MP - 264/5,Upgrading to smart motorways ,,,No,No,,,,,,,,No,,No,,Incursion due to breakdown,0,0,0,0,,
50071,Near Miss,Minor or low potential impact,,1/15/2018 7:14,2018,Jan,Mon,7:14,6:00,1/16/2018 14:21,Carriageway A,MP - 283/6,Upgrading to smart motorways ,,,No,No,,,,,,,,No,,No,,Incursion due to breakdown,0,0,0,0,,
50072,Near Miss,Minor or low potential impact,,1/15/2018 7:15,2018,Jan,Mon,7:15,6:00,1/16/2018 14:25,Carriageway A,MP - 282/2,Upgrading to smart motorways ,,,No,No,,,,,,,,No,,No,,Incursion due to breakdown,0,0,0,0,,
50073,Near Miss,Minor or low potential impact,,1/15/2018 11:48,2018,Jan,Mon,11:48,6:00,1/16/2018 14:44,Carriageway B,MP - 267/0,Upgrading to smart motorways ,,,No,No,,,,,,,,No,,No,,Incursion due to breakdown,0,0,0,0,,
50074,Near Miss,Minor or low potential impact,,1/15/2018 11:53,2018,Jan,Mon,11:53,6:00,1/16/2018 14:48,Carriageway B,MP - 267/0,Upgrading to smart motorways ,,,No,No,,,,,,,,No,,No,,Incursion due to breakdown,0,0,0,0,,
50075,Near Miss,Minor or low potential impact,,1/15/2018 11:54,2018,Jan,Mon,11:54,6:00,1/16/2018 14:53,Carriageway B,MP - 267/0,Upgrading to smart motorways ,,,No,No,,,,,,,,No,,No,,Incursion due to breakdown,0,0,0,0,,
50076,Near Miss,Minor or low potential impact,,1/15/2018 12:06,2018,Jan,Mon,12:06,12:00,1/16/2018 14:59,Carriageway B,MP - 267/0,Upgrading to smart motorways ,,,No,No,,,,,,,,No,,No,,Incursion due to breakdown,0,0,0,0,,
50077,Near Miss,Minor or low potential impact,,1/15/2018 13:11,2018,Jan,Mon,13:11,12:00,1/16/2018 15:12,Carriageway B,MP - 271/2,Upgrading to smart motorways ,,,No,No,,,,,,,,No,,No,,Incursion due to breakdown,0,0,0,0,,
50078,Near Miss,Minor or low potential impact,,1/15/2018 14:38,2018,Jan,Mon,14:38,12:00,1/16/2018 15:17,Carriageway B,MP - 266/8,Upgrading to smart motorways ,,,No,No,,,,,,,,No,,No,,Incursion due to breakdown,0,0,0,0,,
50079,Near Miss,Minor or low potential impact,,1/15/2018 14:47,2018,Jan,Mon,14:47,12:00,1/16/2018 15:22,Carriageway B,MP - 264/5,Upgrading to smart motorways ,,,No,No,,,,,,,,No,,No,,Incursion due to breakdown,0,0,0,0,,
50080,Near Miss,Minor or low potential impact,,1/15/2018 14:47,2018,Jan,Mon,14:47,12:00,1/16/2018 15:27,Carriageway B,MP - 265/0,Upgrading to smart motorways ,,,No,No,,,,,,,,No,,No,,Incursion due to breakdown,0,0,0,0,,
50081,Near Miss,Minor or low potential impact,,1/15/2018 15:06,2018,Jan,Mon,15:06,12:00,1/16/2018 15:32,Carriageway B,MP - 264/5,Upgrading to smart motorways ,,,No,No,,,,,,,,No,,No,,Incursion due to breakdown,0,0,0,0,,
50082,Near Miss,Minor or low potential impact,,1/15/2018 15:18,2018,Jan,Mon,15:18,12:00,1/16/2018 15:59,Carriageway B,MP - 262/1,Upgrading to smart motorways ,,,No,No,,,,,,,,No,,No,,Incursion due to breakdown,0,0,0,0,,
50083,Near Miss,Minor or low potential impact,,1/15/2018 18:13,2018,Jan,Mon,18:13,18:00,1/16/2018 16:07,Carriageway B,MP - 266/7,Upgrading to smart motorways ,,,No,No,,,,,,,,No,,No,,Incursion due to breakdown,0,0,0,0,,
50084,Near Miss,Minor or low potential impact,,1/15/2018 18:15,2018,Jan,Mon,18:15,18:00,1/16/2018 16:16,Carriageway B,MP - 263/9,Upgrading to smart motorways ,,,No,No,,,,,,,,No,,No,,Incursion due to breakdown,0,0,0,0,,
50085,Near Miss,Minor or low potential impact,,1/15/2018 19:25,2018,Jan,Mon,19:25,18:00,1/16/2018 16:20,Carriageway A,MP - 271/5,Upgrading to smart motorways ,,,No,No,,,,,,,,No,,No,,Incursion due to breakdown,0,0,0,0,,
50110,Near Miss,Minor or low potential impact,,1/15/2018 21:15,2018,Jan,Mon,21:15,18:00,1/17/2018 12:18,Carriageway B,MP - 266/7,Upgrading to smart motorways ,,,No,No,,,,,,,,No,,No,,Incursion due to breakdown,0,0,0,0,,
50111,Near Miss,Minor or low potential impact,,1/15/2018 21:35,2018,Jan,Mon,21:35,18:00,1/17/2018 12:27,Carriageway B,MP - 265/1,Upgrading to smart motorways ,,,No,No,,,,,,,,No,,No,,Incursion due to breakdown,0,0,0,0,,
50112,Near Miss,Minor or low potential impact,,1/15/2018 21:52,2018,Jan,Mon,21:52,18:00,1/17/2018 12:34,Carriageway B,MP - 264/5,Upgrading to smart motorways ,,,No,No,,,,,,,,No,,No,,Incursion due to breakdown,0,0,0,0,,
50113,Near Miss,Minor or low potential impact,,1/15/2018 23:55,2018,Jan,Mon,23:55,18:00,1/17/2018 12:44,Carriageway B,MP - 266/1,Upgrading to smart motorways ,,,No,No,,,,,,,,No,,No,,Incursion due to breakdown,0,0,0,0,,
50114,Near Miss,Minor or low potential impact,,1/16/2018 0:00,2018,Jan,Tue,0:00,0:00,1/17/2018 12:51,Carriageway B,MP - 265/8,Upgrading to smart motorways ,,,No,No,,,,,,,,No,,No,,Incursion due to breakdown,0,0,0,0,,
50115,Near Miss,Minor or low potential impact,,1/16/2018 6:10,2018,Jan,Tue,6:10,6:00,1/17/2018 12:57,Carriageway B,MP - 266/8,Upgrading to smart motorways ,,,No,No,,,,,,,,No,,No,,Incursion due to breakdown,0,0,0,0,,
50116,Near Miss,Minor or low potential impact,,1/16/2018 7:22,2018,Jan,Tue,7:22,6:00,1/17/2018 13:26,Carriageway B,MP - 269/5,Upgrading to smart motorways ,,,No,No,,,,,,,,No,,No,,Incursion to seek information or benefit,0,0,0,0,,
50117,Near Miss,Minor or low potential impact,,1/16/2018 8:24,2018,Jan,Tue,8:24,6:00,1/17/2018 13:32,Carriageway B,MP - 267/0,Upgrading to smart motorways ,,,No,No,,,,,,,,No,,No,,Incursion due to breakdown,0,0,0,0,,
50118,Near Miss,Minor or low potential impact,,1/16/2018 12:00,2018,Jan,Tue,12:00,12:00,1/17/2018 13:50,Carriageway B,MP - 277/3,Upgrading to smart motorways ,,,No,No,,,,,,,,No,,No,,Incursion unintentional as result of accident,0,0,0,0,,
50119,Near Miss,Minor or low potential impact,,1/16/2018 15:40,2018,Jan,Tue,15:40,12:00,1/17/2018 13:56,Carriageway A,MP - 279/2,Upgrading to smart motorways ,,,No,No,,,,,,,,No,,No,,Incursion due to breakdown,0,0,0,0,,
50120,Near Miss,Minor or low potential impact,,1/16/2018 21:28,2018,Jan,Tue,21:28,18:00,1/17/2018 14:03,Carriageway A,MP - 282/5,Upgrading to smart motorways ,,,No,No,,,,,,,,No,,No,,Incursion due to breakdown,0,0,0,0,,
50152,Near Miss,Minor or low potential impact,,1/17/2018 9:00,2018,Jan,Wed,9:00,6:00,1/18/2018 10:24,Carriageway A,MP - 290/0,Upgrading to smart motorways ,,,No,No,,,,,,,,No,,No,,Incursion due to breakdown,0,0,0,0,,
50153,Near Miss,Minor or low potential impact,,1/17/2018 13:23,2018,Jan,Wed,13:23,12:00,1/18/2018 10:33,Carriageway B,MP - 279/4,Upgrading to smart motorways ,,,No,No,,,,,,,,No,,No,,Incursion due to breakdown,0,0,0,0,,
50154,Near Miss,Minor or low potential impact,,1/17/2018 15:44,2018,Jan,Wed,15:44,12:00,1/18/2018 10:47,Carriageway A,MP - 264/1,Upgrading to smart motorways ,,,No,No,,,,,,,,No,,No,,Incursion due to breakdown,0,0,0,0,,
50160,Near Miss,Minor or low potential impact,,1/17/2018 17:10,2018,Jan,Wed,17:10,12:00,1/18/2018 12:41,Carriageway B,MP - 265/1,Upgrading to smart motorways ,,,No,No,,,,,,,,No,,No,,Incursion due to breakdown,0,0,0,0,,
50166,Near Miss,Minor or low potential impact,,1/17/2018 18:46,2018,Jan,Wed,18:46,18:00,1/18/2018 13:13,Carriageway B,MP - 288/0,Upgrading to smart motorways ,,,No,No,,,,,,,,No,,No,,Incursion to seek information or benefit,0,0,0,0,,
50167,Near Miss,Minor or low potential impact,,1/17/2018 20:42,2018,Jan,Wed,20:42,18:00,1/18/2018 14:32,Carriageway B,MP - 283/6,Upgrading to smart motorways ,,,No,No,,,,,,,,No,,No,,Incursion due to breakdown,0,0,0,0,,
50168,Near Miss,Minor or low potential impact,,1/18/2018 4:40,2018,Jan,Thu,4:40,0:00,1/18/2018 14:38,Carriageway B,MP - 287/2,Upgrading to smart motorways ,,,No,No,,,,,,,,No,,No,,Incursion due to breakdown,0,0,0,0,,