Event ID,Event Type ,Event Subtype,Type of Person,Date/Time of Event,Year,Month,Day of the Week,Time,Time interval (6 hours),Date/Time Reported,Location,Specific Location (include RCC Log no if relevant),Details of actual job being done at the time,Part of Body Affected,Injury Type,Was there a vehicle involved in this event?,Work related,Accident Type,Vehicle Motion,Who was Hit,Weather/Visibility,Surface Condition,Roadbed Grade,Lighting Conditions,Was A Police Report Filed?,Name of Law Enforcement Agency,Preventable,Type,Kind of Event,Expected Lost Workdays (Total),Actual Lost Workdays (Total),Expected Restricted Workdays (Total),Actual Restricted Workdays (Total),Return To Work Date,Sign Off 1
50432,Near Miss,Minor or low potential impact,,1/26/2018 11:15,2018,Jan,Fri,11:15,6:00,1/26/2018 15:16,Carriageway hard shoulder,,Breaker being fitted to 360 degree excavator,,,No,No,,,,,,,,No,,No,,"Asset, vehicle or plant failure, damage, or unsafe condition",0,0,0,0,,
50514,Personal illness or injury ,4 to 7 Day Injury,Contractor,1/29/2018 10:00,2018,Jan,Mon,10:00,6:00,1/30/2018 9:14,Carriageway hard shoulder,Slot drain north side junction 17-18,Vacuuming debris out of slot drains. ,Ankle/Foot,Strain / sprain,No,No,,,,,,,,No,,No,,"Fall, slide, or accumulation of debris or material",0,0,2,6,2/5/2018,
50665,Personal illness or injury ,No Lost Time Injury,Employee,2/1/2018 9:00,2018,Feb,Thu,9:00,6:00,2/2/2018 9:39,,"M6 North Bound, Day Green Road Over Bridge, M/P 266/9",Scabbling O/B peers,Ankle/Foot,,No,No,,,,,,,,No,,No,,"Fell, slipped, or tripped on same level",0,0,0,0,2/1/2018,
50856,Near Miss,Minor or low potential impact,,2/7/2018 15:30,2018,Feb,Wed,15:30,12:00,2/9/2018 9:02,Carriageway hard shoulder,,Slot drain excavation northbound,,,Yes,Yes,,Reversing,,Clear,Dry,Level,100%,No,,No,,"Asset, vehicle or plant failure, damage, or unsafe condition",0,0,0,0,,
51035,Personal illness or injury ,No Lost Time Injury,Contractor,2/12/2018 15:30,2018,Feb,Mon,15:30,12:00,2/16/2018 11:02,Within works area / safety zone (adjacent to a Live carriageway),,Reviewing a suspected oil leak on 360 degree excavator,Leg,Strain / sprain,No,No,,,,,,,,No,,No,,"Fell, slipped, or tripped on same level",0,0,0,0,2/13/2018,
51037,Near Miss,Minor or low potential impact,,2/13/2018 11:30,2018,Feb,Tue,11:30,6:00,2/16/2018 11:02,Within works area / safety zone (adjacent to a Live carriageway),Between junction 16-17 northbound.,No work being done within the area according to procedures. Some stored materials.,,,Yes,No,Hit structure/building or asset,Straight,,Clear,Wet,Level,100%,Yes,Police,Yes,Van,Incursion unintentional - confused or follow in,0,0,0,0,,
51039,Personal illness or injury ,No Lost Time Injury,Employee,2/15/2018 11:35,2018,Feb,Thu,11:35,6:00,2/16/2018 11:02,Within works area / safety zone (adjacent to a Live carriageway),,IP was working with shutter system stripping,Finger/Thumb,Cut / laceration,No,No,,,,,,,,No,,No,,Collision with fixed or stationary object or material,0,0,0,0,2/15/2018,
51226,Personal illness or injury ,No Lost Time Injury,Contractor,2/23/2018 10:30,2018,Feb,Fri,10:30,6:00,2/23/2018 14:34,Carriageway hard shoulder,,Constructing a trench box ,Finger/Thumb,Cut / laceration,No,No,,,,,,,,No,,No,,Hit by a moving or falling object,0,0,0,0,2/23/2018,
52133,Infrastructure asset,Riddor Dangerous Occurrence,,3/27/2018 2:00,2018,Mar,Tue,2:00,0:00,3/28/2018 12:12,Carriageway hard shoulder,(272/6) J17-18 Northbound M6,Spoil being collected by grab wagon,,,Yes,Yes,Hit structure/building or asset,Straight,,Dark,Wet,,Poor,No,,No,Truck,Service strike electricity,0,0,0,0,,
52227,Infrastructure asset,Service Strike,,3/27/2018 1:30,2018,Mar,Tue,1:30,0:00,4/3/2018 16:55,Carriageway hard shoulder,,Subcontractor installing pipe,,,No,No,,,,,,,,No,,No,,Service strike electricity,0,0,0,0,,
52353,Infrastructure asset,Service Strike,,4/10/2018 14:40,2018,Apr,Tue,14:40,12:00,4/10/2018 15:10,Carriageway hard shoulder,,Ducting installation,,,No,No,,,,,,,,No,,No,,Service strike electricity,0,0,0,0,,
52921,Personal illness or injury ,1 to 3 Day Injury,Employee,5/8/2018 8:00,2018,May,Tue,8:00,6:00,5/9/2018 14:01,Carriageway hard shoulder,M6 junction 17 north bound (below interchange),Stepping down from an excavator after re-fuelling,Ankle/Foot,,No,No,,,,,,,,No,,No,,"Fell, slipped, or tripped on same level",0,0,0,0,,
44466,Near Miss,Minor or low potential impact,,10/20/2017 15:15,2017,Oct,Fri,15:15,12:00,10/22/2017 0:20,Carriageway B,29/2,Live lane RTC,,,No,No,,,,,,,,No,,No,,Radio or Telephony Comms Failure,0,0,0,0,,
44467,Near Miss,,,10/20/2017 15:30,2017,Oct,Fri,15:30,12:00,10/22/2017 0:23,Carriageway A,25/2,RRB for WT28 to collect debris,,,No,No,,,,,,,,No,,No,,Radio or Telephony Comms Failure,0,0,0,0,,
46788,Personal illness or injury ,No Lost Time Injury,Contractor,11/28/2017 9:20,2017,Nov,Tue,9:20,6:00,11/28/2017 9:30,Carriageway hard shoulder,Junction 2,Installation of traffic management on the hardshoulder,Chest/Stomach,Bruising,No,No,,,,,,,,No,,No,,Fell from a height,0,0,0,0,11/29/2017,
52378,Near Miss,High Potential non-Riddor chance avoidance,,4/11/2018 9:57,2018,Apr,Wed,9:57,6:00,4/12/2018 7:23,Within works area / safety zone (adjacent to a Live carriageway),,Offloading of a 20 tonne tracked excavator,,,No,No,,,,,,,,No,,No,,"Asset, vehicle or plant failure, damage, or unsafe condition",0,0,0,0,,
45948,Near Miss,,,11/3/2017 16:11,2017,Nov,Fri,16:11,12:00,11/3/2017 18:35,Carriageway Slip Rd M,End of M-slip Watford Gap services live lane,At a live lane breakdown at the end of the M-slip Watford Gap services,,,No,No,,,,,,,,No,,No,,Hit by a moving vehicle or plant,0,0,0,0,,
46185,Personal illness or injury ,1 to 3 Day Injury,Contractor,11/9/2017 3:30,2017,Nov,Thu,3:30,0:00,11/10/2017 15:15,Within works area / safety zone (adjacent to a Live carriageway),Chainage 28600 South bound,Completion of catchpit CCTV survey,Ankle/Foot,Strain / sprain,No,No,,,,,,,,No,,No,,"Fell, slipped, or tripped on same level",0,0,1,1,11/13/2017,
46726,Near Miss,Minor or low potential impact,,11/27/2017 6:50,2017,Nov,Mon,6:50,6:00,11/27/2017 11:37,,ERA Bay at Marker Post 118/8 B M1,Incident 230 27/11/2017 - Vehicle broken down due to tyre blow out and stationary in ERA bay awaiting attendance of the AA.,,,No,No,,,,,,,,No,,No,,"Asset, vehicle or plant failure, damage, or unsafe condition",0,0,0,0,,
46882,Near Miss,High Potential Riddor chance avoidance,,11/30/2017 8:00,2017,Nov,Thu,8:00,6:00,11/30/2017 17:47,Outside works area / safety zone (adjacent to a Live carriageway),Lane 1 on the M1 Northbound approximately _ kilometre from jct. 18,The BDV Recovery team were carrying out a recovery of a broken-down HGV in Lane 1,,,Yes,Yes,Another car struck me,Parked,Contractor,Clear,Dry,Level,100%,No,,No,Truck,Hit by a moving vehicle or plant,0,0,0,0,,
47254,Personal illness or injury ,1 to 3 Day Injury,Employee,12/11/2017 16:49,2017,Dec,Mon,16:49,12:00,12/13/2017 18:38,Car Park,Car park walkway,Walking to car after shift,"Back/Spine, Neck/Shoulder",Strain / sprain,No,No,,,,,,,,No,,No,,"Fell, slipped, or tripped on same level",0,0,1,1,12/14/2017,
52731,Near Miss,High Potential Riddor chance avoidance,,4/27/2018 3:15,2018,Apr,Fri,3:15,0:00,4/27/2018 14:26,Carriageway A,,Snagging works on the M1 J16-18,,,Yes,No,,,,Dark,,,,No,,No,Truck,Incursion to seek information or benefit,0,0,0,0,,
50063,Near Miss,Minor or low potential impact,,1/15/2018 9:00,2018,Jan,Mon,9:00,6:00,1/16/2018 10:44,Within works area / safety zone (adjacent to a Live carriageway),Compound area for the A19 GI which is adjacent/under the A19 flyover ,Staff within cabin. Vehicles parked in compound.  ,,,No,No,,,,,,,,No,,No,,"Fall, slide, or accumulation of debris or material",0,0,0,0,,
50390,Near Miss,Minor or low potential impact,,1/18/2018 1:00,2018,Jan,Thu,1:00,0:00,1/25/2018 14:43,Within works area / safety zone (adjacent to a Live carriageway),"A19 Northbound, Nearside verge, near Billingham Beck",Positioning of Borehole Rig.,,,Yes,Yes,,Straight,,,Slippery,,Poor,No,,No,,"Asset, vehicle or plant failure, damage, or unsafe condition",0,0,0,0,,
50538,Personal illness or injury ,1 to 3 Day Injury,Contractor,1/24/2018 0:00,2018,Jan,Wed,0:00,0:00,1/30/2018 15:15,Within works area / safety zone (adjacent to a Live carriageway),"A19 Northbound Nearside Verge, north of Thorpe beck, prior to Layby N23.",Drilling boreholes.,Hand,"Bruising, Cut / laceration",No,No,,,,,,,,No,,No,,Injured while handling lifting or carrying,0,0,2,2,1/29/2018,
50648,Near Miss,Minor or low potential impact,,1/31/2018 1:00,2018,Jan,Wed,1:00,0:00,2/1/2018 13:42,Within works area / safety zone (adjacent to a Live carriageway),A19 Southbound nearside verge at layby S24 south of Thorpe Beck.,Drainage CCTV Survey,,,No,No,,,,,,,,No,,No,,"Asset, vehicle or plant failure, damage, or unsafe condition",0,0,0,0,,
52777,Near Miss,Minor or low potential impact,,3/16/2018 0:00,2018,Mar,Fri,0:00,0:00,5/1/2018 11:15,Office area,,Call about 2018/2019 budget,,,No,No,,,,,,,,No,,No,,"Asset, vehicle or plant failure, damage, or unsafe condition",0,0,0,0,,
52486,Near Miss,Minor or low potential impact,,4/11/2018 14:30,2018,Apr,Wed,14:30,12:00,4/16/2018 10:12,Works area / safety zone access or exit point,,Moving a 220 compressor,,,No,No,,,,,,,,No,,No,,"Asset, vehicle or plant failure, damage, or unsafe condition",0,0,0,0,,
52953,Near Miss,Minor or low potential impact,,5/8/2018 9:28,2018,May,Tue,9:28,6:00,5/10/2018 16:35,Within works area / safety zone (adjacent to a Live carriageway),"M621 motorway in Leeds. Wakefield Rd, Gildersome, Leeds, LS27 7HJ SE 24774 27873",Collecting a static bat detector,,,No,No,,,,,,,,No,,No,,Procedural - On Road,0,0,0,0,,
47186,Near Miss,Minor or low potential impact,,12/5/2017 17:00,2017,Dec,Tue,17:00,12:00,12/11/2017 17:17,"Off Network e.g. Local Authority Road, Footpath, Marine","Wooded copse, Friday Lane, Catherine De Barnes Lane  ",Ecology surveys of badger setts,,,No,No,,,,,,,,No,,No,,Environment - ecology,0,0,0,0,,
51870,Infrastructure asset,"Property, vehicle, plant damage",,3/16/2018 22:15,2018,Mar,Fri,22:15,18:00,3/19/2018 11:00,Carriageway A,M42 South bound marker post 17/7,"TMTii38 Asset Data Collection Tranche 5 - M40/42 Interchange.
Installing a lane 3 closure at 17/7 to 12/6 for surveying works.
",,,Yes,Yes,Another car struck me,Straight,Contractor,Dark,Wet,Level,Poor,Yes,West Midlands police,Yes,Car,Hit by a moving vehicle or plant,0,0,0,0,,
52644,Near Miss,Minor or low potential impact,,3/23/2018 11:20,2018,Mar,Fri,11:20,6:00,4/24/2018 11:18,Within works area / safety zone (adjacent to a Live carriageway),,Design,,,No,No,,,,,,,,No,,No,,Service strike gas,0,0,0,0,,
52688,Near Miss,Minor or low potential impact,,4/23/2018 15:00,2018,Apr,Mon,15:00,12:00,4/25/2018 16:29,Outside works area - adjacent environment,Field adjacent to site ,Geophysical survey ,,,No,No,,,,,,,,No,,No,,"Environment - spill, leak or uncontrolled discharge",0,0,0,0,,
50504,Near Miss,High Potential non-Riddor chance avoidance,,1/10/2018 12:30,2018,Jan,Wed,12:30,12:00,1/29/2018 17:44,Outside works area - adjacent environment,In field adjacent to carriageway ,Archaeological walkover survey ,,,Yes,No,Single-car accident,Straight,,Clear,Wet,Curve,100%,Yes,,No,Truck,Environment - heritage / archaeology,0,0,0,0,,
50835,Near Miss,High Potential non-Riddor chance avoidance,,1/25/2018 13:30,2018,Jan,Thu,13:30,12:00,2/8/2018 16:42,Outside works area - adjacent environment,,Ecology survey ,,,No,No,,,,,,,,No,,No,,Chamber or drainage collapse,0,0,0,0,,
52645,Near Miss,High Potential Riddor chance avoidance,,4/17/2018 19:50,2018,Apr,Tue,19:50,18:00,4/24/2018 11:54,Carriageway A,A421,Highways vehicle had set up TM in one of the lanes to conduct some works,,,No,No,,,,,,,,No,,No,,Live Carriageway Crossing,0,0,0,0,,
52646,Near Miss,High Potential non-Riddor chance avoidance,,4/23/2018 8:00,2018,Apr,Mon,8:00,6:00,4/24/2018 12:07,Office area,,BAU,,,No,No,,,,,,,,No,,No,,Procedural - Non HE Contractor,0,0,0,0,,
52647,Near Miss,High Potential non-Riddor chance avoidance,,4/17/2018 17:00,2018,Apr,Tue,17:00,12:00,4/24/2018 12:12,Office area,,Travel between offices,,,No,No,,,,,,,,No,,No,,"Asset, vehicle or plant failure, damage, or unsafe condition",0,0,0,0,,
52764,Near Miss,Minor or low potential impact,,3/19/2018 19:00,2018,Mar,Mon,19:00,18:00,4/30/2018 15:50,Office area,"St Marys Church, Wansford",Parish Council Meeting,,,No,No,,,,,,,,No,,No,,Accomodation issues,0,0,0,0,,
52765,Personal illness or injury ,No Lost Time Injury,Customer,4/10/2018 10:00,2018,Apr,Tue,10:00,6:00,4/30/2018 16:07,Office area,Wansford,Distressed customer (member of public) talking to Parish Councillor.,Mental/Psychological,Other,No,No,,,,,,,,No,,No,,Stress-related symptoms,0,0,0,0,,
48675,Near Miss,High Potential Riddor chance avoidance,,12/12/2017 18:00,2017,Dec,Tue,18:00,18:00,1/2/2018 11:51,Car Park,AECOM Bedford Office rooftop car park.,Leaving the office at the end of the working day.,,,No,No,,,,,,,,No,,No,,"Fell, slipped, or tripped on same level",0,0,0,0,,
50055,Near Miss,Minor or low potential impact,,12/18/2017 16:30,2017,Dec,Mon,16:30,12:00,1/15/2018 16:17,"Off Network e.g. Local Authority Road, Footpath, Marine",,Suppot to Topographical Surveyor,,,No,No,,,,,,,,No,,No,,"Fell, slipped, or tripped on same level",0,0,0,0,,
50980,Near Miss,Minor or low potential impact,,2/5/2018 15:00,2018,Feb,Mon,15:00,12:00,2/14/2018 11:12,"Off Network e.g. Local Authority Road, Footpath, Marine","Fostere Hill Road, Bedford","Walking back to AECOM Bedford Office following an all day Workshop held by HE at Manton Heights, Bedford",,,No,No,,,,,,,,No,,No,,Intimidating behaviour,0,0,0,0,,
52000,Near Miss,Minor or low potential impact,,3/16/2018 17:00,2018,Mar,Fri,17:00,12:00,3/23/2018 9:07,"Off Network e.g. Local Authority Road, Footpath, Marine",,"AECOM Subcontractor, Brunel were taking photographs of the existing landscape from agreed vantage point locations required for the photomontages.",,,Yes,Yes,Debris or other non-accident damage,,,,,,,No,,No,,"Asset, vehicle or plant failure, damage, or unsafe condition",0,0,0,0,,
52179,Personal illness or injury ,No Lost Time Injury,Employee,3/27/2018 22:30,2018,Mar,Tue,22:30,18:00,3/29/2018 17:45,"Off Network e.g. Local Authority Road, Footpath, Marine",,Night time Great Crested Newt survey.,Ankle/Foot,,No,No,,,,,,,,No,,No,,Environment - ecology,0,0,0,0,,
47214,Near Miss,High Potential Riddor chance avoidance,,12/5/2017 11:32,2017,Dec,Tue,11:32,6:00,12/12/2017 14:13,,,Ecology Surveys,,,No,No,,,,,,,,No,,No,,Environment - ecology,0,0,0,0,,
49017,Personal illness or injury ,1 to 3 Day Injury,Contractor,1/4/2018 11:00,2018,Jan,Thu,11:00,6:00,1/12/2018 17:06,Outside works area - adjacent environment,"SOUTH WESTERN SECTION, WORKING ON BATTER JUST SOUTH OF EXISTING BRIDGE",CLEARING AWAY TREE FELLING DEBRIS INVOLVING HANDLING OF TREE BRANCHES ,Eyes,Other,No,No,,,,,,,,No,,No,,Collision with fixed or stationary object or material,0,0,0,3,1/10/2018,
50619,Personal illness or injury ,No Lost Time Injury,Contractor,1/31/2018 20:15,2018,Jan,Wed,20:15,18:00,2/1/2018 9:13,Office area,Guildhall Winchester ,Public Consultation event at Guildhall ,Hand,Other,No,No,,,,,,,,No,,No,,Injured while handling lifting or carrying,0,0,0,0,1/31/2018,
46179,Environmental,Reputational damage,,10/5/2017 10:00,2017,Oct,Thu,10:00,6:00,10/5/2017 10:00,Outside works area - adjacent environment, Section from Botley Road to Windhover Roundabout on the A3024 near to the car boot area,Public consultation response,,,No,No,,,,,,,,No,,No,,Attacked by an animal,0,0,0,0,,
48230,Asset security or personal security,Verbal abuse or intimidation,,12/6/2017 17:00,2017,Dec,Wed,17:00,12:00,12/14/2017 8:49,Outside works area - adjacent environment,,Environmental Noise Monitoring,,,No,No,,,,,,,,No,,No,,Verbal abuse or insult,0,0,0,0,,
44586,Near Miss,Minor or low potential impact,,9/12/2017 10:00,2017,Sep,Tue,10:00,6:00,9/15/2017 10:00,Outside works area - adjacent environment,"M25 J25, land adjacent to Park Plaza, Great Cambridge Rd, Waltham Cross EN8 8DY, UK",Land surveys on farmland,,,No,No,,,,,,,,No,,No,,Intimidating behaviour,0,0,0,0,,
50391,Near Miss,Minor or low potential impact,,1/24/2018 16:53,2018,Jan,Wed,16:53,12:00,1/25/2018 15:59,Office area,Birmingham - The Axis Office Tower,Meeting between Atkins & Highway England,,,No,No,,,,,,,,No,,No,,Unplanned Event disrupting business continuity,0,0,0,0,,
50808,Near Miss,Minor or low potential impact,,2/8/2018 2:00,2018,Feb,Thu,2:00,0:00,2/8/2018 10:43,Carriageway Slip Rd M,M25 anticlockwise off-slip at Junction 28,Survey Work,,,No,No,,,,,,,,No,,No,,Verbal abuse or insult,0,0,0,0,,
52448,Near Miss,Minor or low potential impact,,4/13/2018 11:48,2018,Apr,Fri,11:48,6:00,4/13/2018 14:28,Office area,Epsom Office,Office Work on all RIP Projects,,,No,No,,,,,,,,No,,No,,Accomodation issues,0,0,0,0,,
52562,Near Miss,Minor or low potential impact,,4/16/2018 21:00,2018,Apr,Mon,21:00,18:00,4/19/2018 7:32,Carriageway Slip Rd J,A10 Southbound within 2-300m of the M25 Junction 25,Surveying ,,,No,No,,,,,,,,No,,No,,Live Carriageway Working,0,0,0,0,,
52565,Near Miss,Minor or low potential impact,,4/12/2018 20:46,2018,Apr,Thu,20:46,18:00,4/19/2018 8:27,Outside works area / safety zone (adjacent to a Live carriageway),A10 Lane One within TM closure around 100m North of junction with M25,Surveys,,,No,No,,,,,,,,No,,No,,"Asset, vehicle or plant failure, damage, or unsafe condition",0,0,0,0,,
52566,Near Miss,Minor or low potential impact,,4/12/2018 20:44,2018,Apr,Thu,20:44,18:00,4/19/2018 8:43,Outside works area / safety zone (adjacent to a Live carriageway),"A10 Southbound, within closures of lanes 1 and 2 north of M25 Junction 25 gyratory.",Surveys,,,No,No,,,,,,,,No,,No,,"Asset, vehicle or plant failure, damage, or unsafe condition",0,0,0,0,,
52974,Near Miss,Minor or low potential impact,,5/3/2018 9:16,2018,May,Thu,9:16,6:00,5/11/2018 13:08,Office area,Epsom Gateway,Office Duties,,,No,No,,,,,,,,No,,No,,Stress-related symptoms,0,0,0,0,,
50199,Personal illness or injury ,No Lost Time Injury,Employee,1/17/2018 23:30,2018,Jan,Wed,23:30,18:00,1/19/2018 10:22,Outside works area / safety zone (adjacent to a Live carriageway),On verge adjacent to Marker Post MP172/0,Survey work,Leg,Other,No,No,,,,,,,,No,,No,,"Fell, slipped, or tripped on same level",0,0,0,0,1/18/2018,
50392,Near Miss,Minor or low potential impact,,1/24/2018 7:00,2018,Jan,Wed,7:00,6:00,1/25/2018 16:09,Office area,Epsom - Gateway ,Walking through main corridor.,,,No,No,,,,,,,,No,,No,,"Fell, slipped, or tripped on same level",0,0,0,0,,
50621,Near Miss,Minor or low potential impact,,12/12/2017 8:40,2017,Dec,Tue,8:40,6:00,2/1/2018 9:47,Works area / safety zone access or exit point,"This is approximately 5m from the line we set-out, near to the highway boundary within Grove Farm.",Setting out of the road alignment ,,,No,No,,,,,,,,No,,No,,"Fell, slipped, or tripped on same level",0,0,0,0,,
50626,Near Miss,Minor or low potential impact,,1/31/2018 20:48,2018,Jan,Wed,20:48,18:00,2/1/2018 10:26,Works area / safety zone access or exit point,approximately 8m south of river bridge on the south west side of the northbound A12 offslip at M25 J28. Approximately 2m down bank from bank top (blue spray mark on safety barrier at this position).,Surveying the verge,,,No,No,,,,,,,,No,,No,,"Fell, slipped, or tripped on same level",0,0,0,0,,
50809,Near Miss,Minor or low potential impact,,2/8/2018 2:00,2018,Feb,Thu,2:00,0:00,2/8/2018 10:56,Carriageway Slip Rd M,M25 Junction 28 Anti-clockwise Off Slip,Surveying Work,,,No,No,,,,,,,,No,,No,,Verbal abuse or insult,0,0,0,0,,
50938,Near Miss,Minor or low potential impact,,2/9/2018 7:00,2018,Feb,Fri,7:00,6:00,2/12/2018 14:00,Carriageway Slip Rd M,M25 J28 anticlockwise off slip at the bull nose,Surveying/works,,,No,No,,,,,,,,No,,No,,Verbal abuse or insult,0,0,0,0,,
52788,Near Miss,Minor or low potential impact,,5/1/2018 16:50,2018,May,Tue,16:50,12:00,5/2/2018 8:56,Office area,Epsom - The Wells,Office Duties,,,No,No,,,,,,,,No,,No,,Unplanned Event disrupting business continuity,0,0,0,0,,
52970,Near Miss,Minor or low potential impact,,5/8/2018 9:02,2018,May,Tue,9:02,6:00,5/11/2018 13:02,Office area,Outside Epsom Gateway at front,Landscape contractor was cutting hedges,,,No,No,,,,,,,,No,,No,,"Fell, slipped, or tripped on same level",0,0,0,0,,
45862,Personal illness or injury ,Riddor > 7 Days,Contractor,10/18/2017 14:30,2017,Oct,Wed,14:30,12:00,10/19/2017 13:00,Toilets,As above,Welfare break,"Head, Leg",Bruising,No,No,,,,,,,,No,,No,,Hit by a moving vehicle or plant,0,0,32,32,12/2/2017,
46556,Personal illness or injury ,No Lost Time Injury,Visitor,11/20/2017 11:30,2017,Nov,Mon,11:30,6:00,11/20/2017 12:30,,Thrognall Farm site compound,Collecting off-hired site equipment,Ankle/Foot,Bruising,No,No,,,,,,,,No,,No,,Fell from a height,0,0,0,0,11/20/2017,
52702,Environmental,Impact on project programme / costs,,4/26/2018 11:48,2018,Apr,Thu,11:48,6:00,4/26/2018 11:48,Outside works area - adjacent environment,See attached Plan,Archaeology Surveys,,,No,No,,,,,,,,No,,No,,Environment - land contamination,0,0,0,0,,
45909,Personal illness or injury ,4 to 7 Day Injury,Contractor,10/31/2017 10:00,2017,Oct,Tue,10:00,6:00,10/31/2017 14:00,,,Operating grab wagon. ,Finger/Thumb,Cut / laceration,No,No,,,,,,,,No,,No,,Injured while handling lifting or carrying,0,0,5,5,11/6/2017,
47021,Personal illness or injury ,No Lost Time Injury,Contractor,12/4/2017 19:30,2017,Dec,Mon,19:30,18:00,12/5/2017 18:07,,,Setting up for nightshift,Neck/Shoulder,Cut / laceration,No,No,,,,,,,,No,,No,,Physical assault,0,0,0,0,,
47097,Near Miss,High Potential Riddor chance avoidance,,12/7/2017 15:35,2017,Dec,Thu,15:35,12:00,12/8/2017 10:07,,,Compacting sub-base,,,No,No,,,,,,,,No,,No,,"Asset, vehicle or plant failure, damage, or unsafe condition",0,0,0,0,,
51897,Personal illness or injury ,4 to 7 Day Injury,Contractor,3/16/2018 14:30,2018,Mar,Fri,14:30,12:00,3/20/2018 8:17,,,Gathering surplus materials in preparation for loading onto the lorry loader,Ankle/Foot,Strain / sprain,No,No,,,,,,,,No,,No,,"Fell, slipped, or tripped on same level",0,0,0,4,3/21/2018,
51992,Personal illness or injury ,Riddor > 7 Days,Contractor,3/21/2018 11:30,2018,Mar,Wed,11:30,6:00,3/22/2018 22:04,,,Slinger Signaller ,,,No,No,,,,,,,,No,,No,,Hit by a moving or falling object,0,0,0,0,4/18/2018,
51936,Near Miss,High Potential Riddor chance avoidance,,2/22/2018 12:00,2018,Feb,Thu,12:00,12:00,3/21/2018 10:51,"Off Network e.g. Local Authority Road, Footpath, Marine","Land Adj. The Old Station House
Old Kettering Road
Northamptonshire
NN14 3AL
",Digging posthole for fencing,,,No,No,,,,,,,,No,,No,,Service strike electricity,0,0,0,0,,
52352,Near Miss,Minor or low potential impact,,4/5/2018 12:00,2018,Apr,Thu,12:00,12:00,4/10/2018 8:46,"Off Network e.g. Local Authority Road, Footpath, Marine",Saxondale roundabout nr Bingham and Land East & West of A46 near Newark ,Fly grazing check,,,No,No,,,,,,,,No,,No,,Procedural - HE Contractor,0,0,0,0,,
52944,Personal illness or injury ,1 to 3 Day Injury,Employee,5/9/2018 12:38,2018,May,Wed,12:38,12:00,5/10/2018 11:51,,"4 Grange Farm Cottages, Girton, Cambridge,  CB3 0JN",Initial Property Inspection,Knee,Bruising,No,No,,,,,,,,No,,No,,Attacked by an animal,0,0,0,0,5/10/2018,
52954,Asset security or personal security,Assault,,5/10/2018 10:10,2018,May,Thu,10:10,6:00,5/10/2018 17:06,Car Park,Marley Cross Lorry Park,PE10983,,,No,No,,,,,,,,No,,No,,Attacked by an animal,0,0,0,0,,
51153,Near Miss,Minor or low potential impact,,2/7/2018 22:00,2018,Feb,Wed,22:00,18:00,2/21/2018 13:14,Carriageway hard shoulder,M4 3845 B,Camera maintenance,,,No,No,,,,,,,,No,,No,,Incursion unintentional - confused or follow in,0,0,0,0,,
51564,Near Miss,Minor or low potential impact,,2/7/2018 22:00,2018,Feb,Wed,22:00,18:00,3/7/2018 17:10,Traffic management enclosure,M1 NB Woodhall Services,Driving Into TM to attend maintenance activities,,,No,No,,,,,,,,No,,No,,Incursion unintentional - confused or follow in,0,0,0,0,,
51565,Near Miss,Minor or low potential impact,,2/28/2018 4:10,2018,Feb,Wed,4:10,0:00,3/7/2018 17:24,Carriageway A,M25 5271A J21A,Re Certification of Redflex Camera Equipment,,,No,No,,,,,,,,No,,No,,Person exposed to harmful substance,0,0,0,0,,